1.00419	0	0.004
1.0093	0.004	0.004125
1.01119	0.004125	0.00448437
1.01308	0.00448437	0.00504883
1.01497	0.00504883	0.00566772
1.01685	0.00566772	0.00645926
1.01874	0.00645926	0.00740185
1.02063	0.00740185	0.00785162
1.02252	0.00785162	0.00824517
1.02441	0.00824517	0.00858952
1.02629	0.00858952	0.00914083
1.02818	0.00914083	0.00974822
1.03007	0.00974822	0.0102797
1.03196	0.0102797	0.0108697
1.03385	0.0108697	0.011386
1.03573	0.011386	0.0118378
1.03762	0.0118378	0.012483
1.03951	0.012483	0.0130477
1.06783	0.0130477	0.0144167
1.06972	0.0144167	0.0156146
1.07161	0.0156146	0.0166628
1.07349	0.0166628	0.0177049
1.07538	0.0177049	0.0186168
1.07727	0.0186168	0.0194147
1.07916	0.0194147	0.0201129
1.08105	0.0201129	0.0204738
1.08293	0.0204738	0.0204145
1.08482	0.0204145	0.0202377
1.08671	0.0202377	0.019333
1.0886	0.019333	0.0185414
1.09049	0.0185414	0.0178487
1.09237	0.0178487	0.0174926
1.09426	0.0174926	0.017181
1.09615	0.017181	0.0169084
1.09804	0.0169084	0.0167949
1.09993	0.0167949	0.0165705
1.10277	0.0165705	0.0164992
1.11882	0.0164992	0.0161868
1.12541	0.0161868	0.0156634
1.1273	0.0156634	0.0152055
1.12919	0.0152055	0.0146798
1.13108	0.0146798	0.0138448
1.13297	0.0138448	0.0129892
1.13485	0.0129892	0.0124906
1.13674	0.0124906	0.0120543
1.13863	0.0120543	0.0116725
1.14052	0.0116725	0.0113384
1.14241	0.0113384	0.0111711
1.14429	0.0111711	0.0110247
1.14618	0.0110247	0.0111466
1.14807	0.0111466	0.0112533
1.14996	0.0112533	0.0112216
1.15185	0.0112216	0.0111939
1.15373	0.0111939	0.0111697
1.15562	0.0111697	0.0111485
1.15751	0.0111485	0.0111299
1.1594	0.0111299	0.0111137
1.16129	0.0111137	0.0112245
1.16317	0.0112245	0.0113214
1.16506	0.0113214	0.0114062
1.16695	0.0114062	0.0113555
1.16884	0.0113555	0.011311
1.17073	0.011311	0.0115221
1.17261	0.0115221	0.0117069
1.1745	0.0117069	0.0118685
1.17639	0.0118685	0.01201
1.17828	0.01201	0.0121337
1.18017	0.0121337	0.012367
1.18205	0.012367	0.0125711
1.18394	0.0125711	0.0126247
1.18583	0.0126247	0.0126716
1.18772	0.0126716	0.0127127
1.18961	0.0127127	0.0127486
1.19149	0.0127486	0.01278
1.19338	0.01278	0.0128075
1.19527	0.0128075	0.0128316
1.19716	0.0128316	0.0131026
1.19905	0.0131026	0.0134648
1.20093	0.0134648	0.0136567
1.20282	0.0136567	0.0138246
1.20471	0.0138246	0.0139715
1.2066	0.0139715	0.0141001
1.20849	0.0141001	0.0142126
1.21037	0.0142126	0.014311
1.21226	0.014311	0.0143971
1.21415	0.0143971	0.0144725
1.21604	0.0144725	0.0146634
1.21793	0.0146634	0.0147055
1.21981	0.0147055	0.0147423
1.2217	0.0147423	0.0147745
1.22359	0.0147745	0.0148027
1.22548	0.0148027	0.0148274
1.22737	0.0148274	0.0148489
1.22925	0.0148489	0.0151178
1.23114	0.0151178	0.0153531
1.23303	0.0153531	0.015559
1.23492	0.015559	0.0157391
1.23681	0.0157391	0.0158967
1.23869	0.0158967	0.0160346
1.24058	0.0160346	0.0161553
1.24247	0.0161553	0.0162609
1.24436	0.0162609	0.0163533
1.24625	0.0163533	0.0164341
1.24813	0.0164341	0.0165048
1.25002	0.0165048	0.0165667
1.25191	0.0165667	0.0166209
1.2538	0.0166209	0.0166683
1.25569	0.0166683	0.0167097
1.25757	0.0167097	0.016746
1.25946	0.016746	0.0167778
1.26135	0.0167778	0.0168056
1.26324	0.0168056	0.0170799
1.26513	0.0170799	0.0173199
1.26701	0.0173199	0.0175299
1.2689	0.0175299	0.0175887
1.27079	0.0175887	0.0177651
1.27268	0.0177651	0.0179194
1.27457	0.0179194	0.0180545
1.27645	0.0180545	0.0181727
1.27834	0.0181727	0.0182761
1.28023	0.0182761	0.0183666
1.28212	0.0183666	0.0184458
1.28401	0.0184458	0.018515
1.28589	0.018515	0.0184507
1.28778	0.0184507	0.0185193
1.28967	0.0185193	0.0185794
1.29156	0.0185794	0.018632
1.29345	0.018632	0.018678
1.29533	0.018678	0.0187182
1.29722	0.0187182	0.0187535
1.29911	0.0187535	0.0187843
1.301	0.0187843	0.0186862
1.30289	0.0186862	0.0188505
1.30477	0.0188505	0.0189942
1.30666	0.0189942	0.0192449
1.30855	0.0192449	0.0194643
1.31044	0.0194643	0.0196562
1.31233	0.0196562	0.0198242
1.31421	0.0198242	0.0199712
1.3161	0.0199712	0.0200998
1.31799	0.0200998	0.0200873
1.31988	0.0200873	0.0200764
1.32177	0.0200764	0.0201918
1.32365	0.0201918	0.0202929
1.32554	0.0202929	0.0203813
1.32743	0.0203813	0.0204586
1.32932	0.0204586	0.0205263
1.33121	0.0205263	0.0205855
1.33309	0.0205855	0.0206373
1.33498	0.0206373	0.0205576
1.33687	0.0205576	0.0204879
1.33876	0.0204879	0.0205519
1.34065	0.0205519	0.0206079
1.34253	0.0206079	0.020657
1.34442	0.020657	0.0209498
1.34631	0.0209498	0.0212061
1.3482	0.0212061	0.0214303
1.35009	0.0214303	0.0216265
1.35197	0.0216265	0.0216732
1.35386	0.0216732	0.0217141
1.35575	0.0217141	0.0217498
1.3586	0.0217498	0.0220311
1.38221	0.0220311	0.0219022
1.38408	0.0219022	0.0217894
1.3954	0.0217894	0.0210657
1.39729	0.0210657	0.0204325
1.39917	0.0204325	0.0196285
1.40106	0.0196285	0.0186749
1.40295	0.0186749	0.0177155
1.40484	0.0177155	0.0168761
1.40673	0.0168761	0.0161416
1.40861	0.0161416	0.0157489
1.4105	0.0157489	0.0154053
1.41239	0.0154053	0.0151046
1.41428	0.0151046	0.0148415
1.41617	0.0148415	0.0147363
1.41805	0.0147363	0.0146443
1.41994	0.0146443	0.0144388
1.42183	0.0144388	0.0142589
1.42372	0.0142589	0.0141016
1.42561	0.0141016	0.0139639
1.42749	0.0139639	0.0138434
1.42938	0.0138434	0.013988
1.43127	0.013988	0.0141145
1.43316	0.0141145	0.0142252
1.43505	0.0142252	0.014447
1.43693	0.014447	0.0145161
1.43882	0.0145161	0.0145766
1.44071	0.0145766	0.0146295
1.4426	0.0146295	0.0146758
1.44449	0.0146758	0.0147164
1.44637	0.0147164	0.0147518
1.44826	0.0147518	0.0147828
1.45015	0.0147828	0.01481
1.45204	0.01481	0.0149587
1.45393	0.0149587	0.0149639
1.45581	0.0149639	0.0149684
1.4577	0.0149684	0.0149724
1.45959	0.0149724	0.0152258
1.46148	0.0152258	0.0154476
1.46337	0.0154476	0.0156416
1.46525	0.0156416	0.0158114
1.46714	0.0158114	0.01596
1.46903	0.01596	0.01609
1.47092	0.01609	0.0162037
1.47281	0.0162037	0.0163033
1.47469	0.0163033	0.0163904
1.47658	0.0163904	0.0164666
1.47847	0.0164666	0.0165333
1.48036	0.0165333	0.0165916
1.48225	0.0165916	0.0166426
1.48413	0.0166426	0.0166873
1.48602	0.0166873	0.0167264
1.48791	0.0167264	0.0167606
1.4898	0.0167606	0.0167905
1.49169	0.0167905	0.0168167
1.49357	0.0168167	0.0168396
1.49546	0.0168396	0.0171097
1.49735	0.0171097	0.017346
1.49924	0.017346	0.0175527
1.50113	0.0175527	0.0177336
1.50301	0.0177336	0.0178919
1.5049	0.0178919	0.0179054
1.50679	0.0179054	0.0180422
1.50868	0.0180422	0.018162
1.51057	0.018162	0.0182667
1.51245	0.0182667	0.0183584
1.51434	0.0183584	0.0184386
1.51623	0.0184386	0.0185088
1.51812	0.0185088	0.0185702
1.52001	0.0185702	0.0186239
1.52189	0.0186239	0.0185459
1.52378	0.0185459	0.0186027
1.52567	0.0186027	0.0186523
1.52756	0.0186523	0.0186958
1.52945	0.0186958	0.0187338
1.53133	0.0187338	0.0187671
1.53322	0.0187671	0.0190462
1.53511	0.0190462	0.0192904
1.537	0.0192904	0.0193791
1.53889	0.0193791	0.0194567
1.54077	0.0194567	0.0195246
1.54266	0.0195246	0.0197091
1.54455	0.0197091	0.0198704
1.54644	0.0198704	0.0200116
1.54833	0.0200116	0.0201352
1.55021	0.0201352	0.0202433
1.5521	0.0202433	0.0203379
1.55399	0.0203379	0.0202956
1.55588	0.0202956	0.0202587
1.55777	0.0202587	0.0203513
1.55965	0.0203513	0.0204324
1.56154	0.0204324	0.0205034
1.56343	0.0205034	0.0205654
1.56532	0.0205654	0.0206198
1.56721	0.0206198	0.0206673
1.56909	0.0206673	0.0207089
1.57098	0.0207089	0.0206203
1.57287	0.0206203	0.0205427
1.57476	0.0205427	0.0205999
1.57665	0.0205999	0.0208999
1.57853	0.0208999	0.0211624
1.58042	0.0211624	0.0213921
1.58231	0.0213921	0.0215931
1.5842	0.0215931	0.021769
1.58609	0.021769	0.0219228
1.58797	0.0219228	0.0219325
1.58986	0.0219325	0.0219409
1.59175	0.0219409	0.0219483
1.59364	0.0219483	0.0220798
1.59553	0.0220798	0.0221948
1.59741	0.0221948	0.0222954
1.5993	0.0222954	0.0223835
1.60119	0.0223835	0.0224606
1.60308	0.0224606	0.022528
1.60497	0.022528	0.022462
1.60685	0.022462	0.0224043
1.60874	0.0224043	0.0223537
1.61063	0.0223537	0.0224345
1.61252	0.0224345	0.0225052
1.61441	0.0225052	0.022567
1.61629	0.022567	0.0226212
1.61818	0.0226212	0.0226685
1.62007	0.0226685	0.0227099
1.62196	0.0227099	0.0228712
1.62385	0.0228712	0.0230123
1.62573	0.0230123	0.0231358
1.62762	0.0231358	0.0232438
1.62951	0.0232438	0.0234633
1.6314	0.0234633	0.0236554
1.63329	0.0236554	0.0238235
1.63517	0.0238235	0.0239705
1.63706	0.0239705	0.0240992
1.63895	0.0240992	0.0240868
1.64084	0.0240868	0.024076
1.64273	0.024076	0.0240665
1.64461	0.0240665	0.0240582
1.6465	0.0240582	0.0241759
1.64839	0.0241759	0.0242789
1.65028	0.0242789	0.024369
1.65217	0.024369	0.0244479
1.65405	0.0244479	0.0245169
1.65594	0.0245169	0.0244523
1.65783	0.0244523	0.0243958
1.65972	0.0243958	0.0243463
1.66161	0.0243463	0.024303
1.66349	0.024303	0.0243901
1.66538	0.0243901	0.0244664
1.66727	0.0244664	0.0245331
1.66916	0.0245331	0.0245914
1.67105	0.0245914	0.0246425
1.67293	0.0246425	0.0248122
1.67482	0.0248122	0.0249607
1.67671	0.0249607	0.0250906
1.6786	0.0250906	0.0252043
1.68049	0.0252043	0.0253037
1.68237	0.0253037	0.0255158
1.68426	0.0255158	0.0257013
1.68615	0.0257013	0.0258636
1.68804	0.0258636	0.0260057
1.68993	0.0260057	0.026005
1.69181	0.026005	0.0260043
1.6937	0.0260043	0.0260038
1.69559	0.0260038	0.0260033
1.69748	0.0260033	0.0260029
1.69937	0.0260029	0.0261275
1.70125	0.0261275	0.0262366
1.70314	0.0262366	0.026332
1.70503	0.026332	0.0264155
1.70692	0.0264155	0.0263636
1.70881	0.0263636	0.0263181
1.71069	0.0263181	0.0262784
1.71258	0.0262784	0.0262436
1.71447	0.0262436	0.0262131
1.71636	0.0262131	0.0263115
1.71825	0.0263115	0.0263975
1.72013	0.0263975	0.0264729
1.72202	0.0264729	0.0265387
1.72391	0.0265387	0.0264714
1.7258	0.0264714	0.0266625
1.72769	0.0266625	0.0268297
1.72957	0.0268297	0.026976
1.73146	0.026976	0.027104
1.73335	0.027104	0.027216
1.73524	0.027216	0.027439
1.73713	0.027439	0.0276341
1.73901	0.0276341	0.0278048
1.7409	0.0278048	0.0278292
1.74279	0.0278292	0.0278506
1.74468	0.0278506	0.0278693
1.74657	0.0278693	0.0278856
1.74845	0.0278856	0.0278999
1.75034	0.0278999	0.0279124
1.75223	0.0279124	0.0280484
1.75412	0.0280484	0.0281673
1.75601	0.0281673	0.0282714
1.75789	0.0282714	0.0282375
1.75978	0.0282375	0.0282078
1.76167	0.0282078	0.0281818
1.76356	0.0281818	0.0281591
1.76545	0.0281591	0.0281392
1.76733	0.0281392	0.0281218
1.76922	0.0281218	0.0282316
1.77111	0.0282316	0.0283276
1.773	0.0283276	0.0282867
1.77489	0.0282867	0.0282508
1.77677	0.0282508	0.0282195
1.77866	0.0282195	0.028192
1.78055	0.028192	0.028168
1.78244	0.028168	0.028147
1.78433	0.028147	0.0283787
1.78621	0.0283787	0.0285813
1.7881	0.0285813	0.0288837
1.78999	0.0288837	0.0290232
1.79188	0.0290232	0.0291453
1.79377	0.0291453	0.0292521
1.79565	0.0292521	0.0293456
1.79754	0.0293456	0.0294274
1.79943	0.0294274	0.029499
1.80132	0.029499	0.0295616
1.80321	0.0295616	0.0297414
1.80509	0.0297414	0.0298987
1.80698	0.0298987	0.0299114
1.80887	0.0299114	0.0299225
1.81076	0.0299225	0.0299322
1.81265	0.0299322	0.0299406
1.81453	0.0299406	0.0299481
1.81642	0.0299481	0.0299546
1.81831	0.0299546	0.0299602
1.8202	0.0299602	0.0300902
1.82209	0.0300902	0.0302039
1.82397	0.0302039	0.0301784
1.82586	0.0301784	0.0301561
1.82775	0.0301561	0.0301366
1.82964	0.0301366	0.0301195
1.83153	0.0301195	0.0301046
1.83341	0.0301046	0.0300915
1.8353	0.0300915	0.0300801
1.83719	0.0300801	0.0301951
1.83908	0.0301951	0.0302957
1.84097	0.0302957	0.0302587
1.84285	0.0302587	0.0302264
1.84474	0.0302264	0.0304481
1.84663	0.0304481	0.0306421
1.84852	0.0306421	0.0308118
1.85041	0.0308118	0.0309603
1.85229	0.0309603	0.0310903
1.85418	0.0310903	0.031204
1.85607	0.031204	0.0314285
1.85796	0.0314285	0.0314999
1.85985	0.0314999	0.0315624
1.86173	0.0315624	0.0316171
1.86362	0.0316171	0.031665
1.86551	0.031665	0.0317069
1.8674	0.0317069	0.0317435
1.86929	0.0317435	0.0317756
1.87117	0.0317756	0.0318036
1.87306	0.0318036	0.0319532
1.87495	0.0319532	0.031959
1.87684	0.031959	0.0319641
1.87873	0.0319641	0.0319686
1.88061	0.0319686	0.0319725
1.8825	0.0319725	0.031976
1.88439	0.031976	0.031979
1.88628	0.031979	0.0319816
1.88817	0.0319816	0.0319839
1.89005	0.0319839	0.0321109
1.89194	0.0321109	0.0320971
1.89383	0.0320971	0.0320849
1.89572	0.0320849	0.0320743
1.89761	0.0320743	0.032065
1.89949	0.032065	0.0320569
1.90138	0.0320569	0.0320498
1.90327	0.0320498	0.0320436
1.90516	0.0320436	0.0320381
1.90705	0.0320381	0.0321583
1.90893	0.0321583	0.0321386
1.91082	0.0321386	0.0323712
1.91271	0.0323712	0.0325748
1.9146	0.0325748	0.032753
1.91649	0.032753	0.0329089
1.91837	0.0329089	0.0330452
1.92026	0.0330452	0.0331646
1.92215	0.0331646	0.033269
1.92404	0.033269	0.0333604
1.92593	0.0333604	0.0334403
1.92781	0.0334403	0.0335103
1.9297	0.0335103	0.0335715
1.93159	0.0335715	0.0336251
1.93348	0.0336251	0.0336719
1.93537	0.0336719	0.0337129
1.93725	0.0337129	0.0337488
1.93914	0.0337488	0.0337802
1.94103	0.0337802	0.0338077
1.94292	0.0338077	0.0338317
1.94481	0.0338317	0.0338528
1.94669	0.0338528	0.0338712
1.94858	0.0338712	0.0338873
1.95047	0.0338873	0.0339014
1.95236	0.0339014	0.0339137
1.95425	0.0339137	0.0339245
1.95613	0.0339245	0.0339339
1.95802	0.0339339	0.0339422
1.95991	0.0339422	0.0339494
1.9618	0.0339494	0.0339557
1.96369	0.0339557	0.0339613
1.96557	0.0339613	0.0339661
1.96746	0.0339661	0.0339703
1.96935	0.0339703	0.033974
1.97124	0.033974	0.0339773
1.97313	0.0339773	0.0339801
1.97501	0.0339801	0.0339826
1.9769	0.0339826	0.0339848
1.97879	0.0339848	0.0342367
1.98068	0.0342367	0.0344571
1.98257	0.0344571	0.03465
1.98445	0.03465	0.0348187
1.98634	0.0348187	0.0349664
1.98823	0.0349664	0.0350956
1.99012	0.0350956	0.0352086
1.99201	0.0352086	0.0353076
1.99389	0.0353076	0.0352691
1.99578	0.0352691	0.0353605
1.99767	0.0353605	0.0354404
1.99956	0.0354404	0.0355104
2.00145	0.0355104	0.0355716
2.00333	0.0355716	0.0356251
2.00522	0.0356251	0.035672
2.00711	0.035672	0.035713
2.009	0.035713	0.0356239
2.01089	0.0356239	0.0355459
2.01277	0.0355459	0.0356026
2.01466	0.0356026	0.0356523
2.01655	0.0356523	0.0356958
2.01844	0.0356958	0.0357338
2.02033	0.0357338	0.0357671
2.02221	0.0357671	0.0357962
2.0241	0.0357962	0.0358217
2.02599	0.0358217	0.035719
2.02788	0.035719	0.0356291
2.02977	0.0356291	0.0356754
2.03165	0.0356754	0.035716
2.03354	0.035716	0.0357515
2.03543	0.0357515	0.0357826
2.03732	0.0357826	0.0358098
2.03921	0.0358098	0.0358335
2.04109	0.0358335	0.0358543
2.04298	0.0358543	0.0357475
2.04487	0.0357475	0.0357791
2.04676	0.0357791	0.0358067
2.04865	0.0358067	0.0358309
2.05053	0.0358309	0.035852
2.05242	0.035852	0.0361205
2.05431	0.0361205	0.0363554
2.0562	0.0363554	0.036561
2.05809	0.036561	0.0367409
2.05997	0.0367409	0.0367733
2.06186	0.0367733	0.0368016
2.06375	0.0368016	0.0369514
2.06564	0.0369514	0.0370825
2.06753	0.0370825	0.0371972
2.06941	0.0371972	0.0372975
2.0713	0.0372975	0.0373853
2.07319	0.0373853	0.0374622
2.07508	0.0374622	0.0375294
2.07697	0.0375294	0.0374632
2.07885	0.0374632	0.0374053
2.08074	0.0374053	0.0374797
2.08263	0.0374797	0.0375447
2.08452	0.0375447	0.0376016
2.08641	0.0376016	0.0376514
2.08829	0.0376514	0.037695
2.09018	0.037695	0.0377331
2.09207	0.0377331	0.0380165
2.09396	0.0380165	0.0381394
2.09585	0.0381394	0.038247
2.09773	0.038247	0.0383411
2.09962	0.0383411	0.0385485
2.10151	0.0385485	0.0387299
2.10436	0.0387299	0.0390137
2.14588	0.0390137	0.039012
2.14777	0.039012	0.0391355
2.14965	0.0391355	0.0392435
2.15154	0.0392435	0.0394631
2.15343	0.0394631	0.0396552
2.15532	0.0396552	0.0398233
2.15721	0.0398233	0.0399704
2.15909	0.0399704	0.0400991
2.16098	0.0400991	0.0402117
2.16287	0.0402117	0.0403102
2.16476	0.0403102	0.0403965
2.16665	0.0403965	0.0404719
2.16853	0.0404719	0.0405379
2.17042	0.0405379	0.0403457
2.17231	0.0403457	0.0399275
2.1742	0.0399275	0.0394365
2.17609	0.0394365	0.038757
2.17797	0.038757	0.0369123
2.17986	0.0369123	0.0352983
2.18175	0.0352983	0.033886
2.18364	0.033886	0.0326503
2.18553	0.0326503	0.031694
2.18741	0.031694	0.0308572
2.1893	0.0308572	0.0301251
2.19119	0.0301251	0.0294844
2.19308	0.0294844	0.0289239
2.19497	0.0289239	0.0283084
2.19685	0.0283084	0.0277698
2.19874	0.0277698	0.0272986
2.20063	0.0272986	0.0268863
2.20252	0.0268863	0.0266505
2.20441	0.0266505	0.0264442
2.20629	0.0264442	0.0262637
2.20818	0.0262637	0.0261057
2.21007	0.0261057	0.0259675
2.21196	0.0259675	0.0257216
2.21385	0.0257216	0.0255064
2.21573	0.0255064	0.0253181
2.21762	0.0253181	0.0251533
2.21951	0.0251533	0.0251341
2.2214	0.0251341	0.0253674
2.22329	0.0253674	0.0255715
2.22517	0.0255715	0.02575
2.22706	0.02575	0.0259063
2.22895	0.0259063	0.025918
2.23084	0.025918	0.0259282
2.23273	0.0259282	0.0259372
2.23461	0.0259372	0.0259451
2.2365	0.0259451	0.0259519
2.23839	0.0259519	0.0260829
2.24028	0.0260829	0.0261976
2.24217	0.0261976	0.0262979
2.24405	0.0262979	0.0263856
2.24594	0.0263856	0.0263374
2.24783	0.0263374	0.0262952
2.24972	0.0262952	0.0262583
2.25256	0.0262583	0.0263511
2.28087	0.0263511	0.0263072
2.28276	0.0263072	0.0262688
2.28465	0.0262688	0.0262352
2.28653	0.0262352	0.0262058
2.28842	0.0262058	0.0261801
2.29031	0.0261801	0.0262825
2.2922	0.0262825	0.0263722
2.29409	0.0263722	0.0263257
2.29597	0.0263257	0.02591
2.29786	0.02591	0.0252962
2.29975	0.0252962	0.0246342
2.30164	0.0246342	0.0234299
2.30353	0.0234299	0.0223762
2.30541	0.0223762	0.0214542
2.3073	0.0214542	0.0206474
2.30919	0.0206474	0.0199415
2.31108	0.0199415	0.0194488
2.31297	0.0194488	0.0188927
2.31485	0.0188927	0.0184061
2.31674	0.0184061	0.0179803
2.31863	0.0179803	0.0176078
2.32052	0.0176078	0.0175318
2.32241	0.0175318	0.0174653
2.32429	0.0174653	0.0174072
2.32618	0.0174072	0.0173563
2.32807	0.0173563	0.0173117
2.32996	0.0173117	0.0172728
2.33185	0.0172728	0.0172387
2.33373	0.0172387	0.0172088
2.33562	0.0172088	0.0171827
2.33751	0.0171827	0.0171599
2.3394	0.0171599	0.0171399
2.34129	0.0171399	0.0171224
2.34317	0.0171224	0.0171071
2.34506	0.0171071	0.0170937
2.34695	0.0170937	0.017082
2.34884	0.017082	0.0170718
2.35073	0.0170718	0.0170628
2.35261	0.0170628	0.0170549
2.3545	0.0170549	0.0170481
2.35639	0.0170481	0.0172921
2.35828	0.0172921	0.0175056
2.36017	0.0175056	0.0176924
2.36205	0.0176924	0.0178558
2.36394	0.0178558	0.0178738
2.36583	0.0178738	0.0180146
2.36772	0.0180146	0.0181378
2.36961	0.0181378	0.0182456
2.37149	0.0182456	0.0183399
2.37338	0.0183399	0.0184224
2.37527	0.0184224	0.0184946
2.37716	0.0184946	0.0185578
2.37905	0.0185578	0.018613
2.38093	0.018613	0.0185364
2.38282	0.0185364	0.0185944
2.38471	0.0185944	0.0186451
2.3866	0.0186451	0.0186894
2.38849	0.0186894	0.0187282
2.39037	0.0187282	0.0187622
2.39226	0.0187622	0.0187919
2.39415	0.0187919	0.0190679
2.39604	0.0190679	0.0193095
2.39793	0.0193095	0.0193958
2.39981	0.0193958	0.0194713
2.4017	0.0194713	0.0196624
2.40359	0.0196624	0.0198296
2.40548	0.0198296	0.0199759
2.40737	0.0199759	0.0201039
2.40925	0.0201039	0.0202159
2.41114	0.0202159	0.0203139
2.41303	0.0203139	0.0203997
2.41492	0.0203997	0.0203497
2.41681	0.0203497	0.020306
2.41869	0.020306	0.0203928
2.42058	0.0203928	0.0204687
2.42247	0.0204687	0.0205351
2.42436	0.0205351	0.0205932
2.42625	0.0205932	0.020644
2.42813	0.020644	0.0206885
2.43002	0.0206885	0.0207275
2.43191	0.0207275	0.0206365
2.4338	0.0206365	0.020557
2.43569	0.020557	0.0206123
2.43757	0.0206123	0.0209108
2.43946	0.0209108	0.021172
2.44135	0.021172	0.0214005
2.44324	0.0214005	0.0216004
2.44513	0.0216004	0.0217753
2.44701	0.0217753	0.0219284
2.4489	0.0219284	0.0219374
2.45079	0.0219374	0.0219452
2.45268	0.0219452	0.0219521
2.45457	0.0219521	0.022083
2.45645	0.022083	0.0221977
2.45834	0.0221977	0.022298
2.48479	0.022298	0.0222607
2.49044	0.0222607	0.0221031
2.49233	0.0221031	0.0220902
2.49421	0.0220902	0.022079
2.4961	0.022079	0.0219441
2.49799	0.0219441	0.0214511
2.49988	0.0214511	0.0208947
2.50177	0.0208947	0.0201579
2.50365	0.0201579	0.0192631
2.50554	0.0192631	0.0184802
2.50743	0.0184802	0.0177952
2.50932	0.0177952	0.0171958
2.51121	0.0171958	0.0167963
2.51309	0.0167963	0.0164468
2.51498	0.0164468	0.0160159
2.51687	0.0160159	0.0156389
2.51876	0.0156389	0.0153091
2.52065	0.0153091	0.0150204
2.52253	0.0150204	0.0147679
2.52442	0.0147679	0.0145469
2.52631	0.0145469	0.0143535
2.5282	0.0143535	0.0143093
2.53009	0.0143093	0.0145207
2.53197	0.0145207	0.0145806
2.53386	0.0145806	0.014633
2.53575	0.014633	0.0146789
2.53764	0.0146789	0.014719
2.53953	0.014719	0.0147541
2.54141	0.0147541	0.0147849
2.5433	0.0147849	0.0148118
2.54519	0.0148118	0.0148353
2.54708	0.0148353	0.0149809
2.54897	0.0149809	0.0149833
2.55085	0.0149833	0.0149854
2.55274	0.0149854	0.0149872
2.55463	0.0149872	0.0149888
2.55652	0.0149888	0.0149902
2.55841	0.0149902	0.0149914
2.56029	0.0149914	0.0149925
2.56218	0.0149925	0.0152434
2.56407	0.0152434	0.015463
2.56596	0.015463	0.0156551
2.56785	0.0156551	0.0158232
2.56973	0.0158232	0.0159703
2.57162	0.0159703	0.016099
2.57351	0.016099	0.0162117
2.5754	0.0162117	0.0163102
2.57729	0.0163102	0.0163964
2.57917	0.0163964	0.0164719
2.58106	0.0164719	0.0165379
2.58295	0.0165379	0.0165957
2.58484	0.0165957	0.0166462
2.58673	0.0166462	0.0166904
2.58861	0.0166904	0.0167291
2.5905	0.0167291	0.016763
2.59239	0.016763	0.0167926
2.59428	0.0167926	0.0168185
2.59617	0.0168185	0.0170912
2.59805	0.0170912	0.0173298
2.59994	0.0173298	0.0174136
2.60183	0.0174136	0.0176119
2.60372	0.0176119	0.0177854
2.60561	0.0177854	0.0179372
2.60749	0.0179372	0.0180701
2.60938	0.0180701	0.0181863
2.61127	0.0181863	0.018288
2.61316	0.018288	0.018377
2.61505	0.018377	0.0184549
2.61693	0.0184549	0.018398
2.61882	0.018398	0.0184733
2.62071	0.0184733	0.0185391
2.6226	0.0185391	0.0185967
2.62449	0.0185967	0.0186471
2.62637	0.0186471	0.0186912
2.62826	0.0186912	0.0187298
2.63015	0.0187298	0.0187636
2.63204	0.0187636	0.0187932
2.63393	0.0187932	0.018694
2.63581	0.018694	0.0188573
2.6377	0.0188573	0.0191251
2.6613	0.0191251	0.0192345
2.66319	0.0192345	0.0194552
2.66508	0.0194552	0.0196483
2.66697	0.0196483	0.0196922
2.66885	0.0196922	0.0197307
2.67074	0.0197307	0.0198894
2.67263	0.0198894	0.0197782
2.67452	0.0197782	0.0194309
2.67641	0.0194309	0.0183771
2.67829	0.0183771	0.0175799
2.68018	0.0175799	0.0171324
2.68207	0.0171324	0.0167409
2.68396	0.0167409	0.0162733
2.68585	0.0162733	0.0158641
2.68773	0.0158641	0.0155061
2.68962	0.0155061	0.0151928
2.69151	0.0151928	0.0149187
2.6934	0.0149187	0.0146789
2.69529	0.0146789	0.014469
2.69717	0.014469	0.0144104
2.69906	0.0144104	0.0143591
2.70095	0.0143591	0.0141892
2.70284	0.0141892	0.0140406
2.70473	0.0140406	0.0139105
2.70661	0.0139105	0.0140467
2.7085	0.0140467	0.0141658
2.71039	0.0141658	0.0142701
2.71228	0.0142701	0.0143613
2.71417	0.0143613	0.0144412
2.71605	0.0144412	0.014636
2.71794	0.014636	0.0146815
2.71983	0.0146815	0.0147213
2.72172	0.0147213	0.0147562
2.72361	0.0147562	0.0147866
2.72549	0.0147866	0.0148133
2.72738	0.0148133	0.0148366
2.72927	0.0148366	0.0148571
2.73116	0.0148571	0.0148749
2.73305	0.0148749	0.0150156
2.73493	0.0150156	0.0150136
2.73682	0.0150136	0.0150119
2.73871	0.0150119	0.0152604
2.7406	0.0152604	0.0154779
2.74249	0.0154779	0.0156681
2.74437	0.0156681	0.0158346
2.74626	0.0158346	0.0159803
2.74815	0.0159803	0.0161078
2.75004	0.0161078	0.0162193
2.75193	0.0162193	0.0163169
2.75381	0.0163169	0.0164023
2.7557	0.0164023	0.016477
2.75759	0.016477	0.0165424
2.75948	0.0165424	0.0165996
2.76137	0.0165996	0.0166496
2.76325	0.0166496	0.0166934
2.76514	0.0166934	0.0167317
2.76703	0.0167317	0.0167653
2.76892	0.0167653	0.0167946
2.77081	0.0167946	0.0168203
2.77269	0.0168203	0.0170927
2.77458	0.0170927	0.0173312
2.77647	0.0173312	0.0175398
2.77836	0.0175398	0.0177223
2.78025	0.0177223	0.017882
2.78213	0.017882	0.0180218
2.78402	0.0180218	0.018144
2.78591	0.018144	0.018126
2.7878	0.018126	0.0182353
2.78969	0.0182353	0.0183309
2.79157	0.0183309	0.0184145
2.79346	0.0184145	0.0184877
2.79535	0.0184877	0.0185517
2.79724	0.0185517	0.0186078
2.79913	0.0186078	0.0186568
2.80101	0.0186568	0.0186997
2.8029	0.0186997	0.0186122
2.80479	0.0186122	0.0186607
2.80668	0.0186607	0.0187031
2.80857	0.0187031	0.0187402
2.81045	0.0187402	0.0187727
2.81234	0.0187727	0.0190511
2.81423	0.0190511	0.0192947
2.81612	0.0192947	0.0195079
2.81801	0.0195079	0.0196944
2.81989	0.0196944	0.0197326
2.82178	0.0197326	0.019766
2.82367	0.019766	0.0199203
2.82556	0.0199203	0.0200552
2.82745	0.0200552	0.0201733
2.82933	0.0201733	0.0202767
2.83122	0.0202767	0.0203671
2.83311	0.0203671	0.0204462
2.835	0.0204462	0.0203904
2.83689	0.0203904	0.0203416
2.83877	0.0203416	0.0202989
2.84066	0.0202989	0.0203865
2.84255	0.0203865	0.0204632
2.84444	0.0204632	0.0205303
2.84633	0.0205303	0.020589
2.84821	0.020589	0.0206404
2.8501	0.0206404	0.0206854
2.85199	0.0206854	0.0205997
2.85388	0.0205997	0.0207747
2.85577	0.0207747	0.0209279
2.85765	0.0209279	0.0211869
2.85954	0.0211869	0.0214135
2.86143	0.0214135	0.0216118
2.86332	0.0216118	0.0217854
2.86521	0.0217854	0.0219372
2.86709	0.0219372	0.02207
2.86898	0.02207	0.0220613
2.87087	0.0220613	0.0220536
2.87276	0.0220536	0.0220469
2.87465	0.0220469	0.0221661
2.87653	0.0221661	0.0222703
2.87842	0.0222703	0.0223615
2.88031	0.0223615	0.0224413
2.8822	0.0224413	0.0225112
2.88409	0.0225112	0.0225723
2.88597	0.0225723	0.0225007
2.88786	0.0225007	0.0224381
2.88975	0.0224381	0.0223834
2.89164	0.0223834	0.0224604
2.89353	0.0224604	0.0225279
2.89541	0.0225279	0.0225869
2.8973	0.0225869	0.0226385
2.89919	0.0226385	0.0226837
2.90108	0.0226837	0.0229733
2.90297	0.0229733	0.0231016
2.90485	0.0231016	0.0232139
2.90674	0.0232139	0.0233122
2.90863	0.0233122	0.0233981
2.91052	0.0233981	0.0235984
2.91241	0.0235984	0.0237736
2.91429	0.0237736	0.0239269
2.91618	0.0239269	0.024061
2.91807	0.024061	0.0241784
2.91996	0.0241784	0.0241561
2.92185	0.0241561	0.0241366
2.92373	0.0241366	0.0241195
2.92562	0.0241195	0.0241046
2.92751	0.0241046	0.0242165
2.9294	0.0242165	0.0243144
2.93129	0.0243144	0.0244001
2.93317	0.0244001	0.0244751
2.96149	0.0244751	0.0245407
2.96338	0.0245407	0.0245981
2.96527	0.0245981	0.0246484
2.96716	0.0246484	0.0246923
2.96905	0.0246923	0.0247308
2.97093	0.0247308	0.0246394
2.97282	0.0246394	0.0245595
2.97471	0.0245595	0.0242396
2.9766	0.0242396	0.0238346
2.97849	0.0238346	0.0232303
2.98037	0.0232303	0.0222015
2.98226	0.0222015	0.0213013
2.98415	0.0213013	0.0205137
2.98604	0.0205137	0.0199494
2.98793	0.0199494	0.0193308
2.98981	0.0193308	0.0187894
2.9917	0.0187894	0.0183157
2.99359	0.0183157	0.0179013
2.99548	0.0179013	0.0175386
2.99737	0.0175386	0.0172213
2.99925	0.0172213	0.0169436
3.00114	0.0169436	0.0167007
3.00303	0.0167007	0.0166131
3.00492	0.0166131	0.0164115
3.00681	0.0164115	0.016235
3.00869	0.016235	0.0163306
3.01058	0.0163306	0.0164143
3.01247	0.0164143	0.0164875
3.01436	0.0164875	0.0165516
3.01625	0.0165516	0.0166076
3.01813	0.0166076	0.0166567
3.02002	0.0166567	0.0166996
3.02191	0.0166996	0.0167371
3.0238	0.0167371	0.01677
3.02569	0.01677	0.0167988
3.02757	0.0167988	0.0168239
3.02946	0.0168239	0.0168459
3.03135	0.0168459	0.0168652
3.03324	0.0168652	0.016882
3.03513	0.016882	0.0168968
3.03701	0.0168968	0.0169097
3.0389	0.0169097	0.016921
3.04079	0.016921	0.0169308
3.04268	0.0169308	0.0171895
3.04457	0.0171895	0.0174158
3.04645	0.0174158	0.0176138
3.04834	0.0176138	0.0177871
3.05023	0.0177871	0.0179387
3.05212	0.0179387	0.0180714
3.05401	0.0180714	0.0181875
3.05589	0.0181875	0.018164
3.05778	0.018164	0.0182685
3.05967	0.0182685	0.0183599
3.06156	0.0183599	0.01844
3.06345	0.01844	0.01851
3.06533	0.01851	0.0185712
3.06722	0.0185712	0.0186248
3.06911	0.0186248	0.0186717
3.071	0.0186717	0.0185877
3.07289	0.0185877	0.0185143
3.07477	0.0185143	0.018575
3.07666	0.018575	0.0186281
3.07855	0.0186281	0.0186746
3.08044	0.0186746	0.0187153
3.08233	0.0187153	0.0190009
3.08421	0.0190009	0.0192508
3.0861	0.0192508	0.0194694
3.08799	0.0194694	0.0195357
3.08988	0.0195357	0.0195938
3.09177	0.0195938	0.0197695
3.09365	0.0197695	0.0199234
3.09554	0.0199234	0.0200579
3.09743	0.0200579	0.0201757
3.09932	0.0201757	0.0202787
3.10121	0.0202787	0.0203689
3.10309	0.0203689	0.0204478
3.10498	0.0204478	0.0203918
3.10687	0.0203918	0.0203428
3.10876	0.0203428	0.020425
3.11065	0.020425	0.0204969
3.11253	0.0204969	0.0205597
3.11442	0.0205597	0.0206148
3.11631	0.0206148	0.0206629
3.1182	0.0206629	0.0207051
3.12009	0.0207051	0.0207419
3.12197	0.0207419	0.0206492
3.12386	0.0206492	0.020818
3.12575	0.020818	0.0209658
3.12764	0.0209658	0.0212201
3.12953	0.0212201	0.0214426
3.13141	0.0214426	0.0216372
3.1333	0.0216372	0.0218076
3.13519	0.0218076	0.0219566
3.13708	0.0219566	0.0220871
3.13897	0.0220871	0.0220762
3.14085	0.0220762	0.0220666
3.14274	0.0220666	0.0220583
3.14463	0.0220583	0.022176
3.14652	0.022176	0.022279
3.14841	0.022279	0.0223691
3.15029	0.0223691	0.022448
3.15218	0.022448	0.022517
3.15407	0.022517	0.0225774
3.15596	0.0225774	0.0225052
3.15785	0.0225052	0.0224421
3.15973	0.0224421	0.0223868
3.16162	0.0223868	0.0224634
3.16351	0.0224634	0.0225305
3.1654	0.0225305	0.0225892
3.16729	0.0225892	0.0226405
3.16917	0.0226405	0.0226855
3.17106	0.0226855	0.0229748
3.17295	0.0229748	0.0231029
3.17484	0.0231029	0.0232151
3.17673	0.0232151	0.0233132
3.17861	0.0233132	0.023399
3.1805	0.023399	0.0235992
3.18239	0.0235992	0.0237743
3.18428	0.0237743	0.0239275
3.18617	0.0239275	0.0240615
3.18805	0.0240615	0.0241789
3.18994	0.0241789	0.0241565
3.19183	0.0241565	0.0241369
3.19372	0.0241369	0.0241198
3.19561	0.0241198	0.0241048
3.19749	0.0241048	0.0242167
3.19938	0.0242167	0.0243146
3.20127	0.0243146	0.0244003
3.20316	0.0244003	0.0244753
3.20505	0.0244753	0.0245409
3.20693	0.0245409	0.0244733
3.20882	0.0244733	0.0244141
3.21071	0.0244141	0.0243623
3.2126	0.0243623	0.024317
3.21449	0.024317	0.0244024
3.21637	0.0244024	0.0244771
3.21826	0.0244771	0.0245425
3.22015	0.0245425	0.0248497
3.22204	0.0248497	0.0251185
3.22393	0.0251185	0.0252286
3.22581	0.0252286	0.0253251
3.2277	0.0253251	0.0254094
3.22959	0.0254094	0.0254833
3.23148	0.0254833	0.0255478
3.23337	0.0255478	0.0257294
3.23525	0.0257294	0.0258882
3.23714	0.0258882	0.0260272
3.23903	0.0260272	0.0261488
3.24092	0.0261488	0.0261302
3.24281	0.0261302	0.0261139
3.24469	0.0261139	0.0260997
3.24658	0.0260997	0.0260872
3.24847	0.0260872	0.0260763
3.25036	0.0260763	0.0261918
3.25225	0.0261918	0.0262928
3.25413	0.0262928	0.0263812
3.25602	0.0263812	0.0264585
3.25791	0.0264585	0.0264012
3.2598	0.0264012	0.0263511
3.26169	0.0263511	0.0263072
3.26357	0.0263072	0.0262688
3.26546	0.0262688	0.0262352
3.26735	0.0262352	0.0263308
3.26924	0.0263308	0.0264144
3.27113	0.0264144	0.0264876
3.27301	0.0264876	0.0265517
3.2749	0.0265517	0.0267327
3.27679	0.0267327	0.0268911
3.27868	0.0268911	0.0270297
3.28057	0.0270297	0.027151
3.28245	0.027151	0.0272571
3.28434	0.0272571	0.02735
3.28623	0.02735	0.0275562
3.28812	0.0275562	0.0277367
3.29001	0.0277367	0.0278946
3.29189	0.0278946	0.0279078
3.29378	0.0279078	0.0279193
3.29567	0.0279193	0.0279294
3.29756	0.0279294	0.0279382
3.29945	0.0279382	0.027946
3.30133	0.027946	0.0279527
3.30322	0.0279527	0.0280836
3.30511	0.0280836	0.0281982
3.307	0.0281982	0.0281734
3.30889	0.0281734	0.0281517
3.31077	0.0281517	0.0281328
3.31266	0.0281328	0.0281162
3.31455	0.0281162	0.0281016
3.31644	0.0281016	0.0280889
3.31833	0.0280889	0.0280778
3.32021	0.0280778	0.0281931
3.3221	0.0281931	0.028294
3.32399	0.028294	0.0282572
3.32588	0.0282572	0.0282251
3.32872	0.0282251	0.0283219
3.35892	0.0283219	0.0282817
3.36081	0.0282817	0.0282465
3.36269	0.0282465	0.0282157
3.36458	0.0282157	0.0281887
3.36647	0.0281887	0.0281651
3.36836	0.0281651	0.0281445
3.37025	0.0281445	0.0282514
3.37213	0.0282514	0.028345
3.37402	0.028345	0.0281769
3.37591	0.0281769	0.0276548
3.3778	0.0276548	0.0269479
3.37969	0.0269479	0.0257044
3.38157	0.0257044	0.0246164
3.38346	0.0246164	0.0236643
3.38535	0.0236643	0.0228313
3.38724	0.0228313	0.0221024
3.38913	0.0221024	0.0214646
3.39101	0.0214646	0.0209065
3.3929	0.0209065	0.0204182
3.39479	0.0204182	0.0199909
3.39668	0.0199909	0.019617
3.39857	0.019617	0.0195399
3.40045	0.0195399	0.0194724
3.40234	0.0194724	0.0194134
3.40423	0.0194134	0.0193617
3.40612	0.0193617	0.0193165
3.40801	0.0193165	0.0192769
3.40989	0.0192769	0.0191173
3.41178	0.0191173	0.0191026
3.41367	0.0191026	0.0190898
3.41556	0.0190898	0.0190786
3.41745	0.0190786	0.0190688
3.42029	0.0190688	0.0191852
3.44105	0.0191852	0.019162
3.44293	0.019162	0.0190168
3.44482	0.0190168	0.0190147
3.44671	0.0190147	0.0190128
3.4486	0.0190128	0.0190112
3.45144	0.0190112	0.0190098
3.4637	0.0190098	0.0178836
3.46559	0.0178836	0.0170231
3.46748	0.0170231	0.0162703
3.46937	0.0162703	0.0156115
3.47125	0.0156115	0.014785
3.47314	0.014785	0.0139369
3.47503	0.0139369	0.0131948
3.47692	0.0131948	0.0124204
3.47881	0.0124204	0.0117429
3.48069	0.0117429	0.01115
3.48258	0.01115	0.0108813
3.48447	0.0108813	0.0106461
3.48636	0.0106461	0.0105653
3.4892	0.0105653	0.0106197
3.49957	0.0106197	0.0102922
3.50146	0.0102922	0.0101307
3.50335	0.0101307	0.0101144
3.50524	0.0101144	0.00985006
3.50713	0.00985006	0.0096188
3.50901	0.0096188	0.00941645
3.5109	0.00941645	0.00911439
3.51279	0.00911439	0.00885009
3.51468	0.00885009	0.00861883
3.51657	0.00861883	0.00841648
3.51845	0.00841648	0.00836442
3.52034	0.00836442	0.00856886
3.52223	0.00856886	0.00874776
3.52412	0.00874776	0.00890429
3.52601	0.00890429	0.00904125
3.52789	0.00904125	0.00903609
3.52978	0.00903609	0.00903158
3.53167	0.00903158	0.00902763
3.53356	0.00902763	0.00902418
3.53545	0.00902418	0.00902115
3.53733	0.00902115	0.00914351
3.53922	0.00914351	0.00925057
3.54111	0.00925057	0.00959425
3.543	0.00959425	0.00976997
3.54489	0.00976997	0.00992372
3.54677	0.00992372	0.0100583
3.54866	0.0100583	0.010176
3.55055	0.010176	0.010279
3.55244	0.010279	0.0103691
3.55433	0.0103691	0.010573
3.55621	0.010573	0.0107513
3.5581	0.0107513	0.0109074
3.55999	0.0109074	0.010919
3.56188	0.010919	0.0109291
3.56377	0.0109291	0.011188
3.56565	0.011188	0.0114145
3.56754	0.0114145	0.0116127
3.56943	0.0116127	0.0117861
3.57132	0.0117861	0.0119378
3.57321	0.0119378	0.0121956
3.57509	0.0121956	0.0124211
3.57698	0.0124211	0.0124935
3.57887	0.0124935	0.0125568
3.58076	0.0125568	0.0126122
3.58265	0.0126122	0.0126607
3.58453	0.0126607	0.0127031
3.58642	0.0127031	0.0127402
3.58831	0.0127402	0.0127727
3.5902	0.0127727	0.0129261
3.59209	0.0129261	0.0133103
3.59397	0.0133103	0.0135215
3.59586	0.0135215	0.0137064
3.59775	0.0137064	0.0138681
3.59964	0.0138681	0.0140095
3.60153	0.0140095	0.0141334
3.60341	0.0141334	0.0142417
3.6053	0.0142417	0.0143365
3.60719	0.0143365	0.0144194
3.60908	0.0144194	0.014617
3.61097	0.014617	0.0146649
3.61285	0.0146649	0.0147068
3.61474	0.0147068	0.0147434
3.61663	0.0147434	0.0147755
3.61852	0.0147755	0.0148035
3.62041	0.0148035	0.0148281
3.62229	0.0148281	0.0150996
3.62418	0.0150996	0.0153371
3.62607	0.0153371	0.015545
3.62796	0.015545	0.0157269
3.62985	0.0157269	0.015886
3.63173	0.015886	0.0160253
3.63362	0.0160253	0.0161471
3.63551	0.0161471	0.0162537
3.6374	0.0162537	0.016347
3.63929	0.016347	0.0164286
3.64117	0.0164286	0.0165
3.64306	0.0165	0.0165625
3.64495	0.0165625	0.0166172
3.64684	0.0166172	0.0166651
3.64873	0.0166651	0.0167069
3.65061	0.0167069	0.0167436
3.6525	0.0167436	0.0167756
3.65439	0.0167756	0.0168037
3.65628	0.0168037	0.0168282
3.65817	0.0168282	0.0170997
3.66005	0.0170997	0.0173372
3.66194	0.0173372	0.0174201
3.66383	0.0174201	0.0176176
3.66572	0.0176176	0.0177904
3.66761	0.0177904	0.0179416
3.66949	0.0179416	0.0180739
3.67138	0.0180739	0.0181896
3.67327	0.0181896	0.0182909
3.67516	0.0182909	0.0183796
3.67705	0.0183796	0.0184571
3.67893	0.0184571	0.0184
3.68082	0.0184	0.018475
3.68271	0.018475	0.0185406
3.6846	0.0185406	0.018598
3.68649	0.018598	0.0186483
3.68837	0.0186483	0.0186922
3.69026	0.0186922	0.0187307
3.69215	0.0187307	0.0187644
3.69404	0.0187644	0.0187938
3.69593	0.0187938	0.0189446
3.69781	0.0189446	0.0190765
3.6997	0.0190765	0.019317
3.70159	0.019317	0.0195273
3.70348	0.0195273	0.0197114
3.70537	0.0197114	0.0198725
3.70725	0.0198725	0.0200134
3.70914	0.0200134	0.0201367
3.71103	0.0201367	0.0202447
3.71292	0.0202447	0.0202141
3.71481	0.0202141	0.0201873
3.71669	0.0201873	0.0202889
3.71858	0.0202889	0.0203778
3.72047	0.0203778	0.0204556
3.72236	0.0204556	0.0205236
3.72425	0.0205236	0.0205832
3.72613	0.0205832	0.0206353
3.72802	0.0206353	0.0206809
3.72991	0.0206809	0.0205958
3.7318	0.0205958	0.0205213
3.73369	0.0205213	0.0205811
3.73557	0.0205811	0.0206335
3.73746	0.0206335	0.0206793
3.73935	0.0206793	0.0209694
3.74124	0.0209694	0.0212232
3.74313	0.0212232	0.0214453
3.74501	0.0214453	0.0216396
3.7469	0.0216396	0.0216847
3.74879	0.0216847	0.0217241
3.75068	0.0217241	0.0217586
3.75257	0.0217586	0.0219138
3.75445	0.0219138	0.0220495
3.75634	0.0220495	0.0221684
3.75823	0.0221684	0.0222723
3.76012	0.0222723	0.0223633
3.76201	0.0223633	0.0224429
3.76389	0.0224429	0.0223875
3.76578	0.0223875	0.0223391
3.76767	0.0223391	0.0222967
3.76956	0.0222967	0.0223846
3.77145	0.0223846	0.0224615
3.77333	0.0224615	0.0225288
3.77522	0.0225288	0.0225877
3.77711	0.0225877	0.0226393
3.779	0.0226393	0.0225594
3.80544	0.0225594	0.0226144
3.82148	0.0226144	0.0215376
3.82337	0.0215376	0.0205954
3.82525	0.0205954	0.019521
3.82714	0.019521	0.0185809
3.82903	0.0185809	0.0177583
3.83092	0.0177583	0.0169135
3.83281	0.0169135	0.0161743
3.83565	0.0161743	0.0159025
3.85076	0.0159025	0.0154147
3.85169	0.0154147	0.0148629
3.85357	0.0148629	0.014505
3.85546	0.014505	0.0141919
3.85735	0.0141919	0.0137929
3.85924	0.0137929	0.0133188
3.86113	0.0133188	0.0126539
3.86301	0.0126539	0.0120722
3.8649	0.0120722	0.0114382
3.86679	0.0114382	0.0108834
3.86868	0.0108834	0.010648
3.87057	0.010648	0.010442
3.87245	0.010442	0.0102617
3.87434	0.0102617	0.010229
3.87623	0.010229	0.0102004
3.87812	0.0102004	0.0101753
3.88001	0.0101753	0.0101534
3.88189	0.0101534	0.0100092
3.88378	0.0100092	0.00988308
3.88567	0.00988308	0.0097727
3.88756	0.0097727	0.00992611
3.88945	0.00992611	0.0100603
3.89133	0.0100603	0.0101778
3.89322	0.0101778	0.0104056
3.89511	0.0104056	0.0106049
3.897	0.0106049	0.0106543
3.89889	0.0106543	0.0106975
3.90077	0.0106975	0.0107353
3.90266	0.0107353	0.0107684
3.90455	0.0107684	0.0107973
3.90644	0.0107973	0.0108227
3.90833	0.0108227	0.0109698
3.91021	0.0109698	0.0110986
3.9121	0.0110986	0.0114613
3.91399	0.0114613	0.0116536
3.91588	0.0116536	0.0118219
3.91777	0.0118219	0.0119692
3.91965	0.0119692	0.012098
3.92154	0.012098	0.0122108
3.92343	0.0122108	0.0123094
3.92532	0.0123094	0.0123957
3.92721	0.0123957	0.0125963
3.92909	0.0125963	0.0127717
3.93098	0.0127717	0.0128003
3.93287	0.0128003	0.0128252
3.93476	0.0128252	0.0128471
3.93665	0.0128471	0.0128662
3.93853	0.0128662	0.0131329
3.94042	0.0131329	0.0133663
3.94231	0.0133663	0.0135705
3.9442	0.0135705	0.0137492
3.94609	0.0137492	0.0140306
3.94797	0.0140306	0.0141517
3.94986	0.0141517	0.0142578
3.95175	0.0142578	0.0143505
3.95364	0.0143505	0.0144317
3.95553	0.0144317	0.0145028
3.95741	0.0145028	0.0145649
3.9593	0.0145649	0.0146193
3.96119	0.0146193	0.0146669
3.96308	0.0146669	0.0148335
3.96497	0.0148335	0.0148543
3.96685	0.0148543	0.0148725
3.96874	0.0148725	0.0148885
3.97063	0.0148885	0.0151524
3.97252	0.0151524	0.0153834
3.97441	0.0153834	0.0155854
3.97629	0.0155854	0.0157623
3.97818	0.0157623	0.015917
3.98007	0.015917	0.0160524
3.98196	0.0160524	0.0161708
3.98385	0.0161708	0.0162745
3.98573	0.0162745	0.0163651
3.98762	0.0163651	0.0164445
3.98951	0.0164445	0.0165139
3.9914	0.0165139	0.0165747
3.99329	0.0165747	0.0166279
3.99517	0.0166279	0.0166744
3.99706	0.0166744	0.0167151
3.99895	0.0167151	0.0167507
4.01973	0.0167507	0.0167819
4.02538	0.0167819	0.0165591
4.02727	0.0165591	0.0164892
4.02916	0.0164892	0.0161781
4.03105	0.0161781	0.0157808
4.03293	0.0157808	0.0150582
4.03482	0.0150582	0.0143009
4.03671	0.0143009	0.0138883
4.0386	0.0138883	0.0135273
4.04144	0.0135273	0.0133364
4.0537	0.0133364	0.0129193
4.05559	0.0129193	0.0126794
4.05748	0.0126794	0.0124695
4.05937	0.0124695	0.0122858
4.06125	0.0122858	0.0118751
4.06314	0.0118751	0.0113907
4.06503	0.0113907	0.0109669
4.06692	0.0109669	0.010721
4.06881	0.010721	0.0105059
4.07069	0.0105059	0.0103176
4.07258	0.0103176	0.0101529
4.07447	0.0101529	0.0100088
4.07636	0.0100088	0.0100077
4.07825	0.0100077	0.0100067
4.08013	0.0100067	0.0100059
4.08202	0.0100059	0.0100052
4.08391	0.0100052	0.00987952
4.0858	0.00987952	0.00976958
4.08769	0.00976958	0.00992338
4.08957	0.00992338	0.010058
4.09146	0.010058	0.0101757
4.09335	0.0101757	0.0102787
4.09524	0.0102787	0.0104939
4.09713	0.0104939	0.0106822
4.09901	0.0106822	0.0108469
4.1009	0.0108469	0.010866
4.10279	0.010866	0.0108828
4.10468	0.0108828	0.0108974
4.10657	0.0108974	0.0109103
4.10845	0.0109103	0.0109215
4.11034	0.0109215	0.0111813
4.11223	0.0111813	0.0114086
4.11412	0.0114086	0.0117325
4.11601	0.0117325	0.012016
4.11789	0.012016	0.012139
4.11978	0.012139	0.0122466
4.12167	0.0122466	0.0123408
4.12356	0.0123408	0.0124232
4.12545	0.0124232	0.0124953
4.12733	0.0124953	0.0125584
4.12922	0.0125584	0.0126136
4.13111	0.0126136	0.0127869
4.133	0.0127869	0.0128135
4.13489	0.0128135	0.0128368
4.13677	0.0128368	0.0128572
4.13866	0.0128572	0.0131251
4.14055	0.0131251	0.0133594
4.14244	0.0133594	0.0135645
4.14433	0.0135645	0.0137439
4.14621	0.0137439	0.013901
4.1481	0.013901	0.0141633
4.14999	0.0141633	0.0142679
4.15188	0.0142679	0.0143594
4.15377	0.0143594	0.0144395
4.15565	0.0144395	0.0145096
4.15754	0.0145096	0.0145709
4.15943	0.0145709	0.0146245
4.16132	0.0146245	0.0146714
4.16321	0.0146714	0.0147125
4.16509	0.0147125	0.0148734
4.16698	0.0148734	0.0148893
4.16887	0.0148893	0.0151531
4.17076	0.0151531	0.015384
4.17265	0.015384	0.015586
4.17453	0.015586	0.0157627
4.17642	0.0157627	0.0159174
4.17831	0.0159174	0.0160527
4.1802	0.0160527	0.0161711
4.18209	0.0161711	0.0162747
4.18397	0.0162747	0.0163654
4.18586	0.0163654	0.0164447
4.18775	0.0164447	0.0165141
4.18964	0.0165141	0.0165749
4.19153	0.0165749	0.016628
4.19341	0.016628	0.0166745
4.1953	0.0166745	0.0167152
4.19719	0.0167152	0.0167508
4.19908	0.0167508	0.0167819
4.20097	0.0167819	0.0168092
4.20285	0.0168092	0.016833
4.20474	0.016833	0.0171039
4.20663	0.0171039	0.0173409
4.20852	0.0173409	0.0175483
4.21041	0.0175483	0.0177298
4.21229	0.0177298	0.0178885
4.21418	0.0178885	0.0180275
4.21607	0.0180275	0.018149
4.21796	0.018149	0.0181304
4.21985	0.0181304	0.0182391
4.22173	0.0182391	0.0183342
4.22362	0.0183342	0.0184174
4.22551	0.0184174	0.0184903
4.2274	0.0184903	0.018554
4.22929	0.018554	0.0186097
4.23117	0.0186097	0.0186585
4.23306	0.0186585	0.0187012
4.23495	0.0187012	0.0186135
4.23684	0.0186135	0.0186619
4.23873	0.0186619	0.0187041
4.24061	0.0187041	0.0187411
4.2425	0.0187411	0.0190235
4.24439	0.0190235	0.0192705
4.24628	0.0192705	0.0194867
4.24817	0.0194867	0.0196759
4.25005	0.0196759	0.0198414
4.25194	0.0198414	0.0198612
4.25383	0.0198612	0.0198786
4.25572	0.0198786	0.0200187
4.25761	0.0200187	0.0201414
4.25949	0.0201414	0.0202487
4.26138	0.0202487	0.0203426
4.26327	0.0203426	0.0204248
4.26516	0.0204248	0.0204967
4.26705	0.0204967	0.0205596
4.26893	0.0205596	0.0204897
4.27082	0.0204897	0.0204285
4.27271	0.0204285	0.0204999
4.2746	0.0204999	0.0205624
4.29914	0.0205624	0.0206171
4.30103	0.0206171	0.020665
4.30292	0.020665	0.0205818
4.30481	0.0205818	0.0205091
4.30669	0.0205091	0.0205705
4.30858	0.0205705	0.0206242
4.31047	0.0206242	0.0204211
4.31236	0.0204211	0.0199935
4.31425	0.0199935	0.0191193
4.31613	0.0191193	0.0184794
4.31802	0.0184794	0.0179195
4.31991	0.0179195	0.0173045
4.3218	0.0173045	0.0167665
4.32369	0.0167665	0.0162957
4.32557	0.0162957	0.0158837
4.32746	0.0158837	0.0155232
4.32935	0.0155232	0.0152078
4.33124	0.0152078	0.0149319
4.33313	0.0149319	0.0148154
4.33501	0.0148154	0.0149635
4.3369	0.0149635	0.014968
4.33879	0.014968	0.014972
4.34068	0.014972	0.0149755
4.34257	0.0149755	0.0149786
4.34445	0.0149786	0.0149813
4.34634	0.0149813	0.0149836
4.34823	0.0149836	0.0149856
4.35012	0.0149856	0.0149874
4.35201	0.0149874	0.015114
4.35389	0.015114	0.0150998
4.35578	0.0150998	0.0150873
4.35767	0.0150873	0.0150764
4.35956	0.0150764	0.0150668
4.36145	0.0150668	0.0150585
4.36333	0.0150585	0.0150512
4.36522	0.0150512	0.0150448
4.36711	0.0150448	0.0152892
4.369	0.0152892	0.015378
4.37089	0.015378	0.0155808
4.37277	0.0155808	0.0157582
4.37562	0.0157582	0.0160384
4.39354	0.0160384	0.0160336
4.39543	0.0160336	0.0161544
4.39732	0.0161544	0.0162601
4.39921	0.0162601	0.0163526
4.40109	0.0163526	0.0164335
4.40298	0.0164335	0.0162543
4.40487	0.0162543	0.0158475
4.40676	0.0158475	0.0152416
4.40865	0.0152416	0.0147114
4.41053	0.0147114	0.0142475
4.41242	0.0142475	0.0138415
4.41431	0.0138415	0.0136113
4.4162	0.0136113	0.0134099
4.41809	0.0134099	0.0132337
4.41997	0.0132337	0.0129545
4.42186	0.0129545	0.0127102
4.42375	0.0127102	0.0124964
4.42564	0.0124964	0.0123093
4.42753	0.0123093	0.0123957
4.42941	0.0123957	0.0124712
4.4313	0.0124712	0.0125373
4.43319	0.0125373	0.0127201
4.43508	0.0127201	0.0128801
4.43697	0.0128801	0.0128951
4.43885	0.0128951	0.0129082
4.44074	0.0129082	0.0129197
4.44263	0.0129197	0.0129297
4.44452	0.0129297	0.0129385
4.44641	0.0129385	0.0129462
4.44829	0.0129462	0.0129529
4.45018	0.0129529	0.0130838
4.45207	0.0130838	0.0131983
4.45396	0.0131983	0.0131735
4.45585	0.0131735	0.0134018
4.45773	0.0134018	0.0136016
4.45962	0.0136016	0.0137764
4.46151	0.0137764	0.0139294
4.4634	0.0139294	0.0140632
4.46529	0.0140632	0.0141803
4.46717	0.0141803	0.0142828
4.46906	0.0142828	0.0144974
4.47095	0.0144974	0.0145602
4.47284	0.0145602	0.0146152
4.47473	0.0146152	0.0146633
4.47661	0.0146633	0.0147054
4.4785	0.0147054	0.0147422
4.48039	0.0147422	0.0147744
4.48228	0.0147744	0.0148026
4.48417	0.0148026	0.0148273
4.48605	0.0148273	0.0150989
4.48794	0.0150989	0.0153365
4.48983	0.0153365	0.0155445
4.49172	0.0155445	0.0157264
4.49361	0.0157264	0.0158856
4.49549	0.0158856	0.0160249
4.49738	0.0160249	0.0161468
4.49927	0.0161468	0.0162534
4.50116	0.0162534	0.0163468
4.50305	0.0163468	0.0164284
4.50493	0.0164284	0.0164999
4.50682	0.0164999	0.0165624
4.50871	0.0165624	0.0166171
4.5106	0.0166171	0.0166649
4.51249	0.0166649	0.0167068
4.51437	0.0167068	0.0167435
4.51626	0.0167435	0.0167755
4.51815	0.0167755	0.0168036
4.52004	0.0168036	0.0168281
4.52193	0.0168281	0.0169746
4.52381	0.0169746	0.0172278
4.5257	0.0172278	0.0174493
4.52759	0.0174493	0.0176432
4.52948	0.0176432	0.0178128
4.53137	0.0178128	0.0179612
4.53325	0.0179612	0.018091
4.53514	0.018091	0.0182046
4.53703	0.0182046	0.0183041
4.53892	0.0183041	0.0182661
4.54081	0.0182661	0.0183578
4.54269	0.0183578	0.0184381
4.54458	0.0184381	0.0185083
4.54647	0.0185083	0.0185698
4.54836	0.0185698	0.0186235
4.55025	0.0186235	0.0186706
4.55213	0.0186706	0.0187118
4.55402	0.0187118	0.0187478
4.55591	0.0187478	0.0186543
4.5578	0.0186543	0.0186975
4.55969	0.0186975	0.0189853
4.56157	0.0189853	0.0192372
4.56346	0.0192372	0.0194575
4.56535	0.0194575	0.0196503
4.56724	0.0196503	0.019819
4.56913	0.019819	0.0199667
4.57101	0.0199667	0.0200958
4.5729	0.0200958	0.0200839
4.57479	0.0200839	0.0200734
4.57668	0.0200734	0.0201892
4.57952	0.0201892	0.0204155
4.60122	0.0204155	0.0203636
4.60311	0.0203636	0.0204432
4.605	0.0204432	0.0203878
4.60689	0.0203878	0.0203393
4.60877	0.0203393	0.0202969
4.61066	0.0202969	0.0203848
4.61255	0.0203848	0.0202117
4.61444	0.0202117	0.0198102
4.61633	0.0198102	0.0189589
4.61821	0.0189589	0.0183391
4.6201	0.0183391	0.0177967
4.62199	0.0177967	0.0171971
4.62388	0.0171971	0.0166725
4.62577	0.0166725	0.0162134
4.62765	0.0162134	0.0158117
4.62954	0.0158117	0.0154603
4.63143	0.0154603	0.0151527
4.63332	0.0151527	0.0151336
4.63521	0.0151336	0.0151169
4.63709	0.0151169	0.0152273
4.63898	0.0152273	0.0151989
4.64087	0.0151989	0.015174
4.64276	0.015174	0.0151523
4.64465	0.0151523	0.0151332
4.64653	0.0151332	0.0151166
4.64842	0.0151166	0.015102
4.65031	0.015102	0.0150893
4.6522	0.0150893	0.0150781
4.65409	0.0150781	0.0151933
4.65597	0.0151933	0.0151692
4.65786	0.0151692	0.015148
4.65975	0.015148	0.0151295
4.66164	0.0151295	0.0151133
4.66353	0.0151133	0.0153492
4.66541	0.0153492	0.0155555
4.6673	0.0155555	0.0157361
4.66919	0.0157361	0.0158941
4.67108	0.0158941	0.0160323
4.67297	0.0160323	0.0161533
4.67581	0.0161533	0.0163841
4.69373	0.0163841	0.0163361
4.69562	0.0163361	0.0164191
4.69751	0.0164191	0.0164917
4.6994	0.0164917	0.0165552
4.70129	0.0165552	0.0166108
4.70317	0.0166108	0.0164095
4.70506	0.0164095	0.0161083
4.70695	0.0161083	0.0154698
4.70884	0.0154698	0.014911
4.71073	0.014911	0.0144222
4.71261	0.0144222	0.0139944
4.7145	0.0139944	0.0136201
4.71639	0.0136201	0.0132926
4.71828	0.0132926	0.013131
4.72017	0.013131	0.0129896
4.72205	0.0129896	0.0128659
4.72394	0.0128659	0.0126327
4.72583	0.0126327	0.0126786
4.72772	0.0126786	0.0127188
4.72961	0.0127188	0.0127539
4.73149	0.0127539	0.0127847
4.73338	0.0127847	0.0128116
4.73527	0.0128116	0.0128351
4.73716	0.0128351	0.0129808
4.73905	0.0129808	0.0131082
4.74093	0.0131082	0.0130946
4.74282	0.0130946	0.0130828
4.74471	0.0130828	0.0130725
4.7466	0.0130725	0.0130634
4.74849	0.0130634	0.0130555
4.75037	0.0130555	0.0130485
4.75226	0.0130485	0.0132925
4.75415	0.0132925	0.0135059
4.75604	0.0135059	0.0138177
4.75793	0.0138177	0.0139655
4.75981	0.0139655	0.0140948
4.7617	0.0140948	0.0142079
4.76359	0.0142079	0.0143069
4.76548	0.0143069	0.0143936
4.76737	0.0143936	0.0144694
4.76925	0.0144694	0.0145357
4.77114	0.0145357	0.0145937
4.77303	0.0145937	0.0147695
4.77492	0.0147695	0.0147983
4.77681	0.0147983	0.0148235
4.77869	0.0148235	0.0148456
4.78058	0.0148456	0.0148649
4.78247	0.0148649	0.0148818
4.78436	0.0148818	0.0151466
4.78625	0.0151466	0.0153782
4.78813	0.0153782	0.015581
4.79002	0.015581	0.0157583
4.79191	0.0157583	0.0159135
4.7938	0.0159135	0.0160494
4.79569	0.0160494	0.0161682
4.79757	0.0161682	0.0162722
4.79946	0.0162722	0.0163631
4.80135	0.0163631	0.0164427
4.80324	0.0164427	0.0165124
4.80513	0.0165124	0.0165734
4.80701	0.0165734	0.0166267
4.8089	0.0166267	0.0166733
4.81079	0.0166733	0.0167142
4.81268	0.0167142	0.0167499
4.81457	0.0167499	0.0167812
4.81645	0.0167812	0.0168085
4.81834	0.0168085	0.0170825
4.82023	0.0170825	0.0173221
4.82212	0.0173221	0.0175319
4.82401	0.0175319	0.0177154
4.82589	0.0177154	0.017751
4.82778	0.017751	0.0179071
4.82967	0.0179071	0.0180437
4.83156	0.0180437	0.0181632
4.83345	0.0181632	0.0182678
4.83533	0.0182678	0.0183594
4.83722	0.0183594	0.0184394
4.83911	0.0184394	0.0185095
4.84196	0.0185095	0.0185708
4.86271	0.0185708	0.0186245
4.8646	0.0186245	0.0186714
4.86649	0.0186714	0.0187125
4.86837	0.0187125	0.0187484
4.88255	0.0187484	0.0176549
4.88725	0.0176549	0.016573
4.88914	0.016573	0.0156264
4.89135	0.0156264	0.0144231
4.89324	0.0144231	0.0133702
4.89513	0.0133702	0.0126989
4.89702	0.0126989	0.0121116
4.89891	0.0121116	0.0114726
4.90079	0.0114726	0.0109135
4.90268	0.0109135	0.0104243
4.90457	0.0104243	0.0099963
4.90646	0.0099963	0.00974676
4.90835	0.00974676	0.00952842
4.91023	0.00952842	0.00958736
4.91212	0.00958736	0.00963894
4.91401	0.00963894	0.00968408
4.9159	0.00968408	0.00959856
4.91779	0.00959856	0.00952374
4.91967	0.00952374	0.00945828
4.92156	0.00945828	0.00940099
4.92345	0.00940099	0.00935087
4.92534	0.00935087	0.00943201
4.92723	0.00943201	0.00950301
4.92911	0.00950301	0.00981513
4.931	0.00981513	0.0100882
4.93289	0.0100882	0.0102022
4.93478	0.0102022	0.0103019
4.93667	0.0103019	0.0103892
4.93855	0.0103892	0.0104655
4.94044	0.0104655	0.0105323
4.94233	0.0105323	0.0105908
4.94422	0.0105908	0.010767
4.94611	0.010767	0.0109211
4.94799	0.0109211	0.0109309
4.94988	0.0109309	0.0109396
4.95177	0.0109396	0.0109471
4.95366	0.0109471	0.0112037
4.95555	0.0112037	0.0114283
4.95743	0.0114283	0.0116247
4.95932	0.0116247	0.0117966
4.96121	0.0117966	0.0120721
4.9631	0.0120721	0.0123131
4.96499	0.0123131	0.0123989
4.96687	0.0123989	0.0124741
4.96876	0.0124741	0.0125398
4.97065	0.0125398	0.0125973
4.97254	0.0125973	0.0126477
4.97443	0.0126477	0.0126917
4.97631	0.0126917	0.0127302
4.9782	0.0127302	0.012889
4.98009	0.012889	0.0132778
4.98198	0.0132778	0.0134931
4.98387	0.0134931	0.0136815
4.98575	0.0136815	0.0138463
4.98764	0.0138463	0.0139905
4.98953	0.0139905	0.0141167
4.99142	0.0141167	0.0142271
4.99331	0.0142271	0.0143237
4.99519	0.0143237	0.0144082
4.99708	0.0144082	0.0146072
4.99897	0.0146072	0.0146563
5.00086	0.0146563	0.0146993
5.00275	0.0146993	0.0147369
5.00463	0.0147369	0.0147698
5.00652	0.0147698	0.0147985
5.00841	0.0147985	0.0148237
5.0103	0.0148237	0.0148458
5.01219	0.0148458	0.015115
5.01407	0.015115	0.0153507
5.01596	0.0153507	0.0155568
5.01785	0.0155568	0.0157372
5.01974	0.0157372	0.0158951
5.02163	0.0158951	0.0160332
5.02351	0.0160332	0.016154
5.0254	0.016154	0.0162598
5.02729	0.0162598	0.0163523
5.02918	0.0163523	0.0164333
5.03107	0.0164333	0.0165041
5.03295	0.0165041	0.0165661
5.03484	0.0165661	0.0166203
5.03673	0.0166203	0.0166678
5.03862	0.0166678	0.0167093
5.04051	0.0167093	0.0167457
5.04239	0.0167457	0.0167774
5.04428	0.0167774	0.0168053
5.04617	0.0168053	0.0170796
5.04806	0.0170796	0.0173197
5.04995	0.0173197	0.0174047
5.05183	0.0174047	0.0176041
5.05372	0.0176041	0.0177786
5.05561	0.0177786	0.0179313
5.0575	0.0179313	0.0180649
5.05939	0.0180649	0.0181818
5.06127	0.0181818	0.018284
5.06316	0.018284	0.0183735
5.06505	0.0183735	0.0184518
5.06694	0.0184518	0.0183954
5.06883	0.0183954	0.0184709
5.07071	0.0184709	0.0185371
5.0726	0.0185371	0.0185949
5.07449	0.0185949	0.0186456
5.07638	0.0186456	0.0186899
5.07827	0.0186899	0.0187286
5.08015	0.0187286	0.0187626
5.08204	0.0187626	0.0187922
5.08393	0.0187922	0.0186932
5.08582	0.0186932	0.0188566
5.08771	0.0188566	0.0191245
5.08959	0.0191245	0.0193589
5.09148	0.0193589	0.0195641
5.09337	0.0195641	0.0197436
5.09526	0.0197436	0.0199006
5.09715	0.0199006	0.020038
5.09903	0.020038	0.0201583
5.10092	0.0201583	0.0201385
5.10281	0.0201385	0.0201212
5.1047	0.0201212	0.020231
5.10659	0.020231	0.0203272
5.10847	0.0203272	0.0204113
5.11036	0.0204113	0.0204848
5.11225	0.0204848	0.0205492
5.11414	0.0205492	0.0206056
5.11603	0.0206056	0.0206549
5.11791	0.0206549	0.020573
5.1198	0.020573	0.0205014
5.12169	0.0205014	0.0205637
5.12358	0.0205637	0.0206183
5.12642	0.0206183	0.020791
5.14907	0.020791	0.0208171
5.15095	0.0208171	0.020715
5.15284	0.020715	0.0206256
5.15473	0.0206256	0.0206724
5.15662	0.0206724	0.0207133
5.15851	0.0207133	0.0207492
5.16039	0.0207492	0.0205305
5.16228	0.0205305	0.0200892
5.16417	0.0200892	0.0193281
5.16606	0.0193281	0.0186621
5.16795	0.0186621	0.0179543
5.16983	0.0179543	0.017335
5.17172	0.017335	0.0167931
5.17361	0.0167931	0.016319
5.1755	0.016319	0.0159041
5.17739	0.0159041	0.0155411
5.17927	0.0155411	0.0154735
5.18116	0.0154735	0.0154143
5.18305	0.0154143	0.0154875
5.18494	0.0154875	0.0154266
5.18683	0.0154266	0.0153732
5.18871	0.0153732	0.0153266
5.1906	0.0153266	0.0152858
5.19249	0.0152858	0.01525
5.19438	0.01525	0.0152188
5.19627	0.0152188	0.0151914
5.19815	0.0151914	0.0151675
5.20004	0.0151675	0.0152716
5.20193	0.0152716	0.0152376
5.20382	0.0152376	0.0152079
5.20571	0.0152079	0.0151819
5.20759	0.0151819	0.0151592
5.20948	0.0151592	0.0153893
5.21137	0.0153893	0.0155906
5.21326	0.0155906	0.0157668
5.21515	0.0157668	0.0159209
5.21703	0.0159209	0.0160558
5.21892	0.0160558	0.0161739
5.22081	0.0161739	0.0162771
5.2227	0.0162771	0.0163675
5.22459	0.0163675	0.0164465
5.22647	0.0164465	0.0165157
5.22836	0.0165157	0.0165763
5.23025	0.0165763	0.0166292
5.23214	0.0166292	0.0166756
5.23403	0.0166756	0.0167161
5.23591	0.0167161	0.0167516
5.2378	0.0167516	0.0167827
5.23969	0.0167827	0.0168098
5.24158	0.0168098	0.0168336
5.24347	0.0168336	0.0168544
5.24535	0.0168544	0.0171226
5.24724	0.0171226	0.0173573
5.24913	0.0173573	0.0175626
5.25102	0.0175626	0.0177423
5.25291	0.0177423	0.0177745
5.25479	0.0177745	0.0179277
5.25668	0.0179277	0.0180617
5.25857	0.0180617	0.018179
5.26046	0.018179	0.0182816
5.26235	0.0182816	0.0183714
5.26423	0.0183714	0.01845
5.26612	0.01845	0.0185187
5.26801	0.0185187	0.0185789
5.2699	0.0185789	0.0185065
5.27179	0.0185065	0.0185682
5.27367	0.0185682	0.0186222
5.27556	0.0186222	0.0186694
5.27745	0.0186694	0.0187107
5.27934	0.0187107	0.0187469
5.28123	0.0187469	0.0187785
5.28311	0.0187785	0.0190562
5.285	0.0190562	0.0192992
5.28689	0.0192992	0.0193868
5.28878	0.0193868	0.0194634
5.29067	0.0194634	0.0196555
5.29255	0.0196555	0.0198236
5.29444	0.0198236	0.0199706
5.29633	0.0199706	0.0200993
5.29822	0.0200993	0.0202119
5.30011	0.0202119	0.0203104
5.30199	0.0203104	0.0202716
5.30388	0.0202716	0.0202376
5.30577	0.0202376	0.0202079
5.30766	0.0202079	0.0203069
5.30955	0.0203069	0.0203936
5.31143	0.0203936	0.0204694
5.31332	0.0204694	0.0205357
5.31521	0.0205357	0.0205937
5.3171	0.0205937	0.0206445
5.31899	0.0206445	0.020564
5.32087	0.020564	0.0204935
5.32276	0.0204935	0.0205568
5.32465	0.0205568	0.0206122
5.32654	0.0206122	0.0209107
5.32843	0.0209107	0.0211718
5.33031	0.0211718	0.0214003
5.3322	0.0214003	0.0216003
5.33409	0.0216003	0.0217753
5.33598	0.0217753	0.0218034
5.33787	0.0218034	0.0218279
5.33975	0.0218279	0.0218494
5.34164	0.0218494	0.0219933
5.34353	0.0219933	0.0221191
5.34542	0.0221191	0.0222292
5.34731	0.0222292	0.0223256
5.34919	0.0223256	0.0224099
5.35108	0.0224099	0.0224836
5.35297	0.0224836	0.0224232
5.35486	0.0224232	0.0223703
5.35675	0.0223703	0.022324
5.35863	0.022324	0.0224085
5.36052	0.0224085	0.0224824
5.36241	0.0224824	0.0225471
5.3643	0.0225471	0.0226037
5.36619	0.0226037	0.0226533
5.36807	0.0226533	0.0226966
5.36996	0.0226966	0.0226095
5.37185	0.0226095	0.0227833
5.37374	0.0227833	0.0229354
5.37563	0.0229354	0.0230685
5.37751	0.0230685	0.0233099
5.3794	0.0233099	0.0235212
5.38129	0.0235212	0.023706
5.38318	0.023706	0.0238678
5.38507	0.0238678	0.0240093
5.38695	0.0240093	0.0240081
5.38884	0.0240081	0.0240071
5.39073	0.0240071	0.0240062
5.39262	0.0240062	0.0240055
5.39451	0.0240055	0.0241298
5.39639	0.0241298	0.0242386
5.39828	0.0242386	0.0243337
5.40017	0.0243337	0.024417
5.40206	0.024417	0.0244899
5.40395	0.0244899	0.0244287
5.40583	0.0244287	0.0243751
5.40772	0.0243751	0.0243282
5.40961	0.0243282	0.0242872
5.4115	0.0242872	0.0243763
5.41339	0.0243763	0.0244542
5.41527	0.0244542	0.0245225
5.41716	0.0245225	0.0245821
5.41905	0.0245821	0.0246344
5.42094	0.0246344	0.0245551
5.42283	0.0245551	0.0247357
5.42471	0.0247357	0.0248937
5.4266	0.0248937	0.025032
5.42849	0.025032	0.025153
5.43038	0.025153	0.0253839
5.43227	0.0253839	0.0255859
5.43415	0.0255859	0.0257627
5.43604	0.0257627	0.0259173
5.43793	0.0259173	0.0259277
5.43982	0.0259277	0.0259367
5.44171	0.0259367	0.0259446
5.44359	0.0259446	0.0259515
5.44548	0.0259515	0.0259576
5.44737	0.0259576	0.0260879
5.44926	0.0260879	0.0262019
5.45115	0.0262019	0.0263017
5.45303	0.0263017	0.026389
5.45492	0.026389	0.0263403
5.45681	0.0263403	0.0262978
5.4587	0.0262978	0.0262606
5.46059	0.0262606	0.026228
5.46247	0.026228	0.0261995
5.46436	0.0261995	0.0262996
5.46625	0.0262996	0.0263871
5.46814	0.0263871	0.0264637
5.47003	0.0264637	0.0265308
5.47191	0.0265308	0.0264644
5.4738	0.0264644	0.0264064
5.47569	0.0264064	0.0266056
5.47758	0.0266056	0.0267799
5.47947	0.0267799	0.0269324
5.48135	0.0269324	0.0270658
5.48324	0.0270658	0.0273076
5.48513	0.0273076	0.0275192
5.48797	0.0275192	0.0277043
5.51723	0.0277043	0.0277412
5.51911	0.0277412	0.0278986
5.521	0.0278986	0.0280363
5.52289	0.0280363	0.0280317
5.52478	0.0280317	0.0280278
5.52667	0.0280278	0.0280243
5.52855	0.0280243	0.0280212
5.53044	0.0280212	0.0280186
5.53233	0.0280186	0.0278913
5.53422	0.0278913	0.0275299
5.53611	0.0275299	0.0269636
5.53799	0.0269636	0.0255932
5.53988	0.0255932	0.024519
5.54177	0.024519	0.0235791
5.54366	0.0235791	0.0227568
5.54555	0.0227568	0.0220372
5.54743	0.0220372	0.0214075
5.54932	0.0214075	0.0208566
5.55121	0.0208566	0.0203745
5.5531	0.0203745	0.0199527
5.55499	0.0199527	0.0195836
5.55687	0.0195836	0.0192607
5.55876	0.0192607	0.0189781
5.56065	0.0189781	0.0187308
5.56254	0.0187308	0.0185145
5.56443	0.0185145	0.0183251
5.56631	0.0183251	0.0181595
5.5682	0.0181595	0.0180146
5.57009	0.0180146	0.0178877
5.57198	0.0178877	0.0179018
5.57387	0.0179018	0.0180391
5.57575	0.0180391	0.0181592
5.57764	0.0181592	0.0182643
5.57953	0.0182643	0.0183562
5.58142	0.0183562	0.0184367
5.58331	0.0184367	0.0185071
5.58519	0.0185071	0.0185687
5.58708	0.0185687	0.0186226
5.58897	0.0186226	0.0185448
5.59086	0.0185448	0.0186017
5.59275	0.0186017	0.0186515
5.59463	0.0186515	0.0186951
5.59652	0.0186951	0.0187332
5.59841	0.0187332	0.0187665
5.6003	0.0187665	0.0187957
5.60219	0.0187957	0.0188212
5.60407	0.0188212	0.0188436
5.60596	0.0188436	0.0187381
5.60785	0.0187381	0.0187709
5.60974	0.0187709	0.0190495
5.61163	0.0190495	0.0192933
5.61351	0.0192933	0.0195067
5.6154	0.0195067	0.0196933
5.61729	0.0196933	0.0198567
5.61918	0.0198567	0.0199996
5.62107	0.0199996	0.0201246
5.62295	0.0201246	0.020109
5.62484	0.020109	0.0200954
5.62673	0.0200954	0.0202085
5.62862	0.0202085	0.0203074
5.63051	0.0203074	0.020394
5.63239	0.020394	0.0204697
5.63428	0.0204697	0.020536
5.63617	0.020536	0.020594
5.63806	0.020594	0.0206448
5.63995	0.0206448	0.0205642
5.64183	0.0205642	0.0204937
5.64372	0.0204937	0.0205569
5.64561	0.0205569	0.0206123
5.6475	0.0206123	0.0206608
5.64939	0.0206608	0.0207032
5.65127	0.0207032	0.0207403
5.65316	0.0207403	0.0210228
5.65505	0.0210228	0.0212699
5.65694	0.0212699	0.0213612
5.65883	0.0213612	0.021441
5.66071	0.021441	0.0215109
5.6626	0.0215109	0.021697
5.66449	0.021697	0.0218599
5.66638	0.0218599	0.0220024
5.66827	0.0220024	0.0221271
5.67015	0.0221271	0.0222362
5.67204	0.0222362	0.0223317
5.67393	0.0223317	0.0222902
5.67582	0.0222902	0.022254
5.67771	0.022254	0.0222222
5.67959	0.0222222	0.0223194
5.68148	0.0223194	0.0224045
5.68337	0.0224045	0.0224789
5.68526	0.0224789	0.0225441
5.68715	0.0225441	0.0226011
5.68903	0.0226011	0.0226509
5.69092	0.0226509	0.0225696
5.69281	0.0225696	0.0224984
5.6947	0.0224984	0.0224361
5.69659	0.0224361	0.0225066
5.69847	0.0225066	0.0228182
5.70036	0.0228182	0.023091
5.70225	0.023091	0.0233296
5.70414	0.0233296	0.0235384
5.70603	0.0235384	0.0237211
5.70791	0.0237211	0.023756
5.7098	0.023756	0.0237865
5.71169	0.0237865	0.0238132
5.71358	0.0238132	0.0238365
5.71547	0.0238365	0.0239819
5.71735	0.0239819	0.0241092
5.71924	0.0241092	0.0242206
5.72113	0.0242206	0.024318
5.72302	0.024318	0.0244032
5.72491	0.0244032	0.0243528
5.72679	0.0243528	0.0243087
5.72868	0.0243087	0.0242701
5.73057	0.0242701	0.0242364
5.73246	0.0242364	0.0243318
5.73435	0.0243318	0.0244153
5.73623	0.0244153	0.0244884
5.73812	0.0244884	0.0245524
5.74001	0.0245524	0.0246083
5.7419	0.0246083	0.0245323
5.74379	0.0245323	0.0244657
5.74567	0.0244657	0.0244075
5.74756	0.0244075	0.0243566
5.74945	0.0243566	0.024562
5.75134	0.024562	0.0248668
5.75323	0.0248668	0.0251334
5.75511	0.0251334	0.0253667
5.757	0.0253667	0.0255709
5.75889	0.0255709	0.0256245
5.76078	0.0256245	0.0256715
5.76267	0.0256715	0.0257125
5.76455	0.0257125	0.0257485
5.76644	0.0257485	0.0257799
5.76833	0.0257799	0.0259324
5.77022	0.0259324	0.0260659
5.77211	0.0260659	0.0261826
5.77399	0.0261826	0.0261598
5.77588	0.0261598	0.0261398
5.77777	0.0261398	0.0261223
5.77966	0.0261223	0.0261071
5.78155	0.0261071	0.0260937
5.78343	0.0260937	0.026082
5.78532	0.026082	0.0261967
5.78721	0.0261967	0.0262971
5.7891	0.0262971	0.026385
5.79099	0.026385	0.0263369
5.79287	0.0263369	0.0262948
5.79476	0.0262948	0.0262579
5.79665	0.0262579	0.0262257
5.79854	0.0262257	0.0261975
5.80043	0.0261975	0.0262978
5.80231	0.0262978	0.0266356
5.8042	0.0266356	0.0269311
5.80609	0.0269311	0.0271897
5.80798	0.0271897	0.027291
5.80987	0.027291	0.0273796
5.81175	0.0273796	0.0274572
5.81364	0.0274572	0.027525
5.81553	0.027525	0.0275844
5.81742	0.0275844	0.0276363
5.81931	0.0276363	0.0278068
5.82119	0.0278068	0.027956
5.82308	0.027956	0.0280865
5.82497	0.0280865	0.0280757
5.82686	0.0280757	0.0280662
5.82875	0.0280662	0.0280579
5.83063	0.0280579	0.0280507
5.83252	0.0280507	0.0280443
5.83441	0.0280443	0.0280388
5.8363	0.0280388	0.0281589
5.83819	0.0281589	0.0282641
5.84007	0.0282641	0.0283561
5.84196	0.0283561	0.0283116
5.84385	0.0283116	0.0282726
5.84574	0.0282726	0.0282385
5.84763	0.0282385	0.0282087
5.84951	0.0282087	0.0281826
5.8514	0.0281826	0.0281598
5.85329	0.0281598	0.0282648
5.85518	0.0282648	0.0283567
5.85707	0.0283567	0.0284371
5.85895	0.0284371	0.0283825
5.86084	0.0283825	0.0285847
5.86273	0.0285847	0.0287616
5.86462	0.0287616	0.0289164
5.86651	0.0289164	0.0290518
5.86839	0.0290518	0.0291704
5.87028	0.0291704	0.0292741
5.87217	0.0292741	0.0294898
5.87406	0.0294898	0.0296786
5.87595	0.0296786	0.0297188
5.87783	0.0297188	0.0297539
5.87972	0.0297539	0.0297847
5.88161	0.0297847	0.0298116
5.8835	0.0298116	0.0298351
5.88539	0.0298351	0.0298557
5.88727	0.0298557	0.0298738
5.88916	0.0298738	0.0300146
5.89105	0.0300146	0.0301377
5.89294	0.0301377	0.0301205
5.89483	0.0301205	0.0301055
5.89671	0.0301055	0.0300923
5.8986	0.0300923	0.0300807
5.90049	0.0300807	0.0300706
5.90238	0.0300706	0.0300618
5.90427	0.0300618	0.0300541
5.90615	0.0300541	0.0301723
5.90804	0.0301723	0.0302758
5.90993	0.0302758	0.0302413
5.91182	0.0302413	0.0302111
5.91371	0.0302111	0.0301848
5.91559	0.0301848	0.0301617
5.91748	0.0301617	0.0301415
5.91937	0.0301415	0.0301238
5.92126	0.0301238	0.0303583
5.92315	0.0303583	0.0305635
5.92503	0.0305635	0.0308681
5.92692	0.0308681	0.0310096
5.92881	0.0310096	0.0311334
5.9307	0.0311334	0.0312417
5.93259	0.0312417	0.0313365
5.93447	0.0313365	0.0314194
5.93636	0.0314194	0.031492
5.93825	0.031492	0.0315555
5.94014	0.0315555	0.0316111
5.94203	0.0316111	0.0317847
5.94391	0.0317847	0.0318116
5.9458	0.0318116	0.0318351
5.94769	0.0318351	0.0318557
5.94958	0.0318557	0.0318738
5.95147	0.0318738	0.0318896
5.95335	0.0318896	0.0319034
5.95524	0.0319034	0.0319154
5.95713	0.0319154	0.031926
5.95902	0.031926	0.0320603
5.96091	0.0320603	0.0320527
5.96279	0.0320527	0.0320461
5.96468	0.0320461	0.0320404
5.96657	0.0320404	0.0320353
5.96846	0.0320353	0.0320309
5.97035	0.0320309	0.032027
5.97223	0.032027	0.0320237
5.97412	0.0320237	0.0320207
5.97601	0.0320207	0.0321431
5.9779	0.0321431	0.0321252
5.97979	0.0321252	0.0321096
5.98167	0.0321096	0.0320959
5.98356	0.0320959	0.0320839
5.98545	0.0320839	0.0320734
5.98734	0.0320734	0.0323142
5.98923	0.0323142	0.0325249
5.99111	0.0325249	0.0327093
5.993	0.0327093	0.0328707
5.99489	0.0328707	0.0330118
5.99678	0.0330118	0.0331354
5.99867	0.0331354	0.0332434
6.00055	0.0332434	0.033338
6.00244	0.033338	0.0334208
6.00433	0.0334208	0.0334932
6.00622	0.0334932	0.0335565
6.00811	0.0335565	0.0336119
6.00999	0.0336119	0.0335355
6.01188	0.0335355	0.0335935
6.01377	0.0335935	0.0336443
6.01566	0.0336443	0.0336888
6.01755	0.0336888	0.0337277
6.01943	0.0337277	0.0337617
6.02132	0.0337617	0.0337915
6.02321	0.0337915	0.0338176
6.0251	0.0338176	0.0338404
6.02699	0.0338404	0.0337353
6.02887	0.0337353	0.0337684
6.03172	0.0337684	0.0339224
6.06758	0.0339224	0.0339321
6.06947	0.0339321	0.0339406
6.07135	0.0339406	0.033948
6.07324	0.033948	0.0339545
6.07513	0.0339545	0.0339602
6.07702	0.0339602	0.0339652
6.07891	0.0339652	0.0339695
6.08079	0.0339695	0.0339733
6.08268	0.0339733	0.0339767
6.08457	0.0339767	0.0338546
6.08646	0.0338546	0.0334978
6.08835	0.0334978	0.0329355
6.09023	0.0329355	0.0323186
6.09212	0.0323186	0.0315288
6.09497	0.0315288	0.0299627
6.11572	0.0299627	0.0285923
6.11761	0.0285923	0.0273933
6.1195	0.0273933	0.0263441
6.12139	0.0263441	0.0254261
6.12327	0.0254261	0.0246229
6.12516	0.0246229	0.023795
6.12705	0.023795	0.0228206
6.12894	0.0228206	0.021718
6.13083	0.021718	0.0203783
6.13271	0.0203783	0.019206
6.1346	0.019206	0.0181802
6.13649	0.0181802	0.0172827
6.13838	0.0172827	0.0164974
6.14027	0.0164974	0.0159352
6.14215	0.0159352	0.0154433
6.14404	0.0154433	0.0150129
6.14593	0.0150129	0.0147613
6.14782	0.0147613	0.0145411
6.14971	0.0145411	0.0143485
6.15159	0.0143485	0.0141799
6.15348	0.0141799	0.0140324
6.15537	0.0140324	0.0139034
6.15726	0.0139034	0.0137905
6.15915	0.0137905	0.0138166
6.16103	0.0138166	0.0138396
6.16292	0.0138396	0.0137346
6.16481	0.0137346	0.0136428
6.1667	0.0136428	0.0135624
6.16859	0.0135624	0.0134921
6.17047	0.0134921	0.0134306
6.17236	0.0134306	0.0133768
6.17425	0.0133768	0.0135797
6.17614	0.0135797	0.0137572
6.17803	0.0137572	0.0140376
6.17991	0.0140376	0.0141579
6.1818	0.0141579	0.0142631
6.18369	0.0142631	0.0143552
6.18558	0.0143552	0.0144358
6.18747	0.0144358	0.0145064
6.18935	0.0145064	0.0145681
6.19124	0.0145681	0.0146221
6.19313	0.0146221	0.0146693
6.19502	0.0146693	0.0148356
6.19691	0.0148356	0.0148562
6.19879	0.0148562	0.0148742
6.20068	0.0148742	0.0148899
6.20257	0.0148899	0.0149037
6.20446	0.0149037	0.0151657
6.20635	0.0151657	0.015395
6.20823	0.015395	0.0155956
6.21012	0.0155956	0.0157712
6.21201	0.0157712	0.0159248
6.2139	0.0159248	0.0160592
6.21579	0.0160592	0.0161768
6.21767	0.0161768	0.0162797
6.21956	0.0162797	0.0163697
6.22145	0.0163697	0.0164485
6.22334	0.0164485	0.0165174
6.22523	0.0165174	0.0165778
6.22711	0.0165778	0.0166305
6.229	0.0166305	0.0166767
6.23089	0.0166767	0.0167171
6.23278	0.0167171	0.0167525
6.23467	0.0167525	0.0167834
6.23655	0.0167834	0.0168105
6.23844	0.0168105	0.0168342
6.24033	0.0168342	0.0171049
6.24222	0.0171049	0.0173418
6.24411	0.0173418	0.0175491
6.24599	0.0175491	0.0176054
6.24788	0.0176054	0.0176548
6.24977	0.0176548	0.0178229
6.25166	0.0178229	0.01797
6.25355	0.01797	0.0180988
6.25543	0.0180988	0.0182114
6.25732	0.0182114	0.01831
6.25921	0.01831	0.0183963
6.2611	0.0183963	0.0184717
6.26299	0.0184717	0.0184128
6.26487	0.0184128	0.0184862
6.26676	0.0184862	0.0185504
6.26865	0.0185504	0.0186066
6.27054	0.0186066	0.0186558
6.27243	0.0186558	0.0186988
6.27431	0.0186988	0.0187364
6.2762	0.0187364	0.0187694
6.27809	0.0187694	0.0190482
6.27998	0.0190482	0.0191672
6.28187	0.0191672	0.0192713
6.28375	0.0192713	0.0194874
6.28564	0.0194874	0.0196765
6.28753	0.0196765	0.0198419
6.28942	0.0198419	0.0199867
6.29131	0.0199867	0.0201133
6.29319	0.0201133	0.0202242
6.29508	0.0202242	0.0203211
6.29697	0.0203211	0.020281
6.29886	0.020281	0.0202459
6.30075	0.0202459	0.0203401
6.30263	0.0203401	0.0204226
6.30452	0.0204226	0.0204948
6.30641	0.0204948	0.0205579
6.3083	0.0205579	0.0206132
6.31019	0.0206132	0.0206616
6.31207	0.0206616	0.0207039
6.31396	0.0207039	0.0206159
6.31585	0.0206159	0.0205389
6.31774	0.0205389	0.0205965
6.31963	0.0205965	0.020647
6.32151	0.020647	0.0209411
6.3234	0.0209411	0.0211985
6.32529	0.0211985	0.0214236
6.32718	0.0214236	0.0216207
6.32907	0.0216207	0.0217931
6.33095	0.0217931	0.021819
6.33284	0.021819	0.0218416
6.33473	0.0218416	0.0218614
6.33662	0.0218614	0.0220037
6.33851	0.0220037	0.0221283
6.34039	0.0221283	0.0222372
6.34228	0.0222372	0.0223326
6.34417	0.0223326	0.022416
6.34606	0.022416	0.022489
6.34795	0.022489	0.0224279
6.34983	0.0224279	0.0223744
6.35172	0.0223744	0.0223276
6.35361	0.0223276	0.0224116
6.3555	0.0224116	0.0224852
6.35739	0.0224852	0.0225495
6.35927	0.0225495	0.0226058
6.36116	0.0226058	0.0226551
6.36305	0.0226551	0.0226982
6.36494	0.0226982	0.0226109
6.36683	0.0226109	0.0227846
6.36871	0.0227846	0.0229365
6.3706	0.0229365	0.0230694
6.37249	0.0230694	0.0233108
6.37438	0.0233108	0.0235219
6.37627	0.0235219	0.0237067
6.37815	0.0237067	0.0238683
6.38004	0.0238683	0.0240098
6.38193	0.0240098	0.0240086
6.38382	0.0240086	0.0240075
6.38571	0.0240075	0.0240066
6.38759	0.0240066	0.0240057
6.38948	0.0240057	0.02413
6.39137	0.02413	0.0242388
6.39326	0.0242388	0.0243339
6.39515	0.0243339	0.0244172
6.39703	0.0244172	0.02449
6.39892	0.02449	0.0244288
6.40081	0.0244288	0.0243752
6.4027	0.0243752	0.0243283
6.40459	0.0243283	0.0242872
6.40647	0.0242872	0.0243763
6.40836	0.0243763	0.0244543
6.41025	0.0244543	0.0245225
6.41214	0.0245225	0.0245822
6.41403	0.0245822	0.0246344
6.41591	0.0246344	0.0245551
6.4178	0.0245551	0.0247357
6.41969	0.0247357	0.0248938
6.42158	0.0248938	0.025032
6.42347	0.025032	0.025153
6.42535	0.025153	0.0253839
6.42724	0.0253839	0.0255859
6.42913	0.0255859	0.0257627
6.43102	0.0257627	0.0259173
6.43291	0.0259173	0.0259277
6.43479	0.0259277	0.0259367
6.43668	0.0259367	0.0259446
6.43857	0.0259446	0.0259515
6.44046	0.0259515	0.0259576
6.44235	0.0259576	0.0260879
6.44423	0.0260879	0.0262019
6.44612	0.0262019	0.0263017
6.44801	0.0263017	0.026389
6.4499	0.026389	0.0263403
6.45179	0.0263403	0.0262978
6.45367	0.0262978	0.0262606
6.45556	0.0262606	0.026228
6.45745	0.026228	0.0261995
6.45934	0.0261995	0.0262996
6.46123	0.0262996	0.0263871
6.46311	0.0263871	0.0264637
6.465	0.0264637	0.0265308
6.46689	0.0265308	0.0264644
6.46878	0.0264644	0.0264064
6.47067	0.0264064	0.0266056
6.47255	0.0266056	0.0267799
6.47444	0.0267799	0.0269324
6.47633	0.0269324	0.0270658
6.47822	0.0270658	0.0273076
6.48011	0.0273076	0.0275192
6.48199	0.0275192	0.0275793
6.48388	0.0275793	0.0276319
6.48577	0.0276319	0.0276779
6.48766	0.0276779	0.0277181
6.48955	0.0277181	0.0277534
6.49143	0.0277534	0.0277842
6.49332	0.0277842	0.0278112
6.49521	0.0278112	0.0279598
6.4971	0.0279598	0.0280898
6.49899	0.0280898	0.0280786
6.50087	0.0280786	0.0280688
6.50276	0.0280688	0.0280602
6.50465	0.0280602	0.0280526
6.50654	0.0280526	0.0280461
6.50843	0.0280461	0.0280403
6.51031	0.0280403	0.0281603
6.5122	0.0281603	0.0282652
6.51409	0.0282652	0.0283571
6.51598	0.0283571	0.0283124
6.51787	0.0283124	0.0282734
6.51975	0.0282734	0.0282392
6.52164	0.0282392	0.0282093
6.52353	0.0282093	0.0281831
6.52542	0.0281831	0.0281603
6.52731	0.0281603	0.0282652
6.52919	0.0282652	0.0286071
6.53108	0.0286071	0.0289062
6.53297	0.0289062	0.0290429
6.53486	0.0290429	0.0291625
6.53675	0.0291625	0.0292672
6.53863	0.0292672	0.0293588
6.54052	0.0293588	0.029439
6.54241	0.029439	0.0295091
6.5443	0.0295091	0.0295705
6.54619	0.0295705	0.0297492
6.54807	0.0297492	0.0299055
6.54996	0.0299055	0.0299173
6.55185	0.0299173	0.0299277
6.55374	0.0299277	0.0299367
6.55563	0.0299367	0.0299446
6.55751	0.0299446	0.0299515
6.5594	0.0299515	0.0299576
6.56129	0.0299576	0.0299629
6.56318	0.0299629	0.0300925
6.56507	0.0300925	0.030206
6.56695	0.030206	0.0301802
6.56884	0.0301802	0.0301577
6.57073	0.0301577	0.030138
6.57262	0.030138	0.0301207
6.57451	0.0301207	0.0301056
6.57639	0.0301056	0.0300924
6.57828	0.0300924	0.0300809
6.58017	0.0300809	0.0301958
6.58206	0.0301958	0.0302963
6.58395	0.0302963	0.0302593
6.58583	0.0302593	0.0302269
6.58772	0.0302269	0.0301985
6.58961	0.0301985	0.0304237
6.5915	0.0304237	0.0306207
6.59339	0.0306207	0.0307931
6.59527	0.0307931	0.030944
6.59716	0.030944	0.031076
6.59905	0.031076	0.0313165
6.60094	0.0313165	0.0314019
6.60283	0.0314019	0.0314767
6.60471	0.0314767	0.0315421
6.6066	0.0315421	0.0315993
6.60849	0.0315993	0.0316494
6.61038	0.0316494	0.0316932
6.61227	0.0316932	0.0317316
6.61415	0.0317316	0.0317651
6.61604	0.0317651	0.0319195
6.61793	0.0319195	0.0319296
6.61982	0.0319296	0.0319384
6.62171	0.0319384	0.0319461
6.62359	0.0319461	0.0319528
6.62548	0.0319528	0.0319587
6.62737	0.0319587	0.0319639
6.62926	0.0319639	0.0319684
6.63115	0.0319684	0.0319723
6.63303	0.0319723	0.0321008
6.63492	0.0321008	0.0320882
6.63681	0.0320882	0.0320772
6.6387	0.0320772	0.0320675
6.64059	0.0320675	0.0320591
6.64247	0.0320591	0.0320517
6.64436	0.0320517	0.0320452
6.64625	0.0320452	0.0320396
6.64814	0.0320396	0.0320346
6.65003	0.0320346	0.0321553
6.65191	0.0321553	0.0321359
6.6538	0.0321359	0.0321189
6.65569	0.0321189	0.032354
6.65758	0.032354	0.0325598
6.65947	0.0325598	0.0327398
6.66135	0.0327398	0.0328973
6.66324	0.0328973	0.0330352
6.66513	0.0330352	0.0331558
6.66702	0.0331558	0.0332613
6.66891	0.0332613	0.0333536
6.67079	0.0333536	0.0334344
6.67268	0.0334344	0.0335051
6.67457	0.0335051	0.033567
6.67646	0.033567	0.0336211
6.67835	0.0336211	0.0336685
6.68023	0.0336685	0.0337099
6.68212	0.0337099	0.0337462
6.68401	0.0337462	0.0337779
6.6859	0.0337779	0.0338057
6.68779	0.0338057	0.03383
6.68967	0.03383	0.0338512
6.69156	0.0338512	0.0338698
6.69345	0.0338698	0.0338861
6.69534	0.0338861	0.0339003
6.69723	0.0339003	0.0339128
6.69911	0.0339128	0.0339237
6.701	0.0339237	0.0339332
6.70289	0.0339332	0.0339416
6.70478	0.0339416	0.0339489
6.70667	0.0339489	0.0339553
6.70855	0.0339553	0.0339609
6.71044	0.0339609	0.0339657
6.71233	0.0339657	0.03397
6.71422	0.03397	0.0339738
6.71611	0.0339738	0.0339771
6.71799	0.0339771	0.0338549
6.71988	0.0338549	0.0338731
6.72177	0.0338731	0.0338889
6.72366	0.0338889	0.0341528
6.72555	0.0341528	0.0343837
6.72743	0.0343837	0.0345857
6.72932	0.0345857	0.0347625
6.73121	0.0347625	0.0349172
6.7331	0.0349172	0.0350526
6.73499	0.0350526	0.035046
6.73687	0.035046	0.0350402
6.73876	0.0350402	0.0351602
6.74065	0.0351602	0.0352652
6.74254	0.0352652	0.035357
6.74443	0.035357	0.0354374
6.74631	0.0354374	0.0355077
6.7482	0.0355077	0.0355693
6.75009	0.0355693	0.0356231
6.75198	0.0356231	0.0355452
6.75387	0.0355452	0.0356021
6.75575	0.0356021	0.0356518
6.75764	0.0356518	0.0356953
6.75953	0.0356953	0.0357334
6.76142	0.0357334	0.0357667
6.76331	0.0357667	0.0357959
6.76519	0.0357959	0.0358214
6.76708	0.0358214	0.0358437
6.76897	0.0358437	0.0357383
6.77086	0.0357383	0.035771
6.77275	0.035771	0.0357996
6.77463	0.0357996	0.0358247
6.77652	0.0358247	0.0358466
6.77841	0.0358466	0.0358658
6.7803	0.0358658	0.0358825
6.78219	0.0358825	0.0358972
6.78407	0.0358972	0.0359101
6.78596	0.0359101	0.0357963
6.78785	0.0357963	0.0358218
6.78974	0.0358218	0.035844
6.79163	0.035844	0.0358635
6.79351	0.0358635	0.0358806
6.7954	0.0358806	0.0358955
6.79729	0.0358955	0.0361586
6.79918	0.0361586	0.0363888
6.80107	0.0363888	0.0365902
6.80295	0.0365902	0.0366414
6.80484	0.0366414	0.0366862
6.80673	0.0366862	0.0368504
6.80862	0.0368504	0.0369941
6.81051	0.0369941	0.0371199
6.81239	0.0371199	0.0372299
6.81428	0.0372299	0.0373261
6.81617	0.0373261	0.0374104
6.81806	0.0374104	0.0374841
6.81995	0.0374841	0.0374236
6.82183	0.0374236	0.0373706
6.82372	0.0373706	0.0374493
6.82561	0.0374493	0.0375181
6.8275	0.0375181	0.0375784
6.82939	0.0375784	0.0376311
6.83127	0.0376311	0.0376772
6.83316	0.0376772	0.0377175
6.83505	0.0377175	0.0377528
6.83694	0.0377528	0.0379087
6.83883	0.0379087	0.0380451
6.84071	0.0380451	0.0381645
6.8426	0.0381645	0.0383939
6.84449	0.0383939	0.0385947
6.84638	0.0385947	0.0387704
6.84827	0.0387704	0.0389241
6.85015	0.0389241	0.0390586
6.85204	0.0390586	0.0391762
6.85393	0.0391762	0.0391542
6.85582	0.0391542	0.0391349
6.85771	0.0391349	0.0391181
6.85959	0.0391181	0.0392283
6.86148	0.0392283	0.0393248
6.86337	0.0393248	0.0394092
6.86526	0.0394092	0.039483
6.86715	0.039483	0.0395476
6.86903	0.0395476	0.0396042
6.87092	0.0396042	0.0395287
6.87281	0.0395287	0.0394626
6.8747	0.0394626	0.0394048
6.87659	0.0394048	0.0394792
6.87847	0.0394792	0.0397943
6.88036	0.0397943	0.04007
6.88225	0.04007	0.0403112
6.88414	0.0403112	0.0405223
6.88603	0.0405223	0.040707
6.88791	0.040707	0.0407437
6.8898	0.0407437	0.0407757
6.89169	0.0407757	0.0408037
6.89358	0.0408037	0.0408283
6.89547	0.0408283	0.0409747
6.89831	0.0409747	0.0412279
6.94172	0.0412279	0.0411994
6.94361	0.0411994	0.0412995
6.9455	0.0412995	0.041387
6.94739	0.041387	0.0415887
6.94927	0.0415887	0.0417651
6.95116	0.0417651	0.0420444
6.95305	0.0420444	0.0422889
6.95494	0.0422889	0.0423778
6.95683	0.0423778	0.0424556
6.95871	0.0424556	0.0425236
6.9606	0.0425236	0.0427082
6.96249	0.0427082	0.0428696
6.96438	0.0428696	0.0430109
6.96627	0.0430109	0.0431346
6.96815	0.0431346	0.0429927
6.97004	0.0429927	0.0427437
6.97193	0.0427437	0.0421507
6.97382	0.0421507	0.0415069
6.97571	0.0415069	0.0408185
6.97759	0.0408185	0.0389662
6.97948	0.0389662	0.0373454
6.98137	0.0373454	0.0360522
6.98326	0.0360522	0.0349207
6.98515	0.0349207	0.0339306
6.98703	0.0339306	0.0330643
6.98892	0.0330643	0.0321813
6.99081	0.0321813	0.0314086
6.9927	0.0314086	0.0307325
6.99459	0.0307325	0.030141
6.99647	0.030141	0.0296233
6.99836	0.0296233	0.0292954
7.00025	0.0292954	0.0290085
7.00214	0.0290085	0.0287574
7.00403	0.0287574	0.0285377
7.00591	0.0285377	0.0282205
7.0078	0.0282205	0.027943
7.00969	0.027943	0.0277001
7.01158	0.0277001	0.0277376
7.01347	0.0277376	0.0277704
7.01535	0.0277704	0.0277991
7.01724	0.0277991	0.0279492
7.01913	0.0279492	0.0280805
7.02102	0.0280805	0.0281955
7.02291	0.0281955	0.028171
7.02479	0.028171	0.0281497
7.02668	0.0281497	0.028131
7.02857	0.028131	0.0281146
7.03046	0.0281146	0.0281003
7.03235	0.0281003	0.0280877
7.03423	0.0280877	0.0282018
7.03612	0.0282018	0.0283015
7.03801	0.0283015	0.0283888
7.0399	0.0283888	0.0283402
7.04179	0.0283402	0.0282977
7.04367	0.0282977	0.0282605
7.04556	0.0282605	0.0282279
7.04745	0.0282279	0.0281994
7.04934	0.0281994	0.0281745
7.05123	0.0281745	0.0282777
7.05311	0.0282777	0.028368
7.055	0.028368	0.028447
7.05689	0.028447	0.0283911
7.05878	0.0283911	0.0283422
7.06067	0.0283422	0.0282994
7.06255	0.0282994	0.028262
7.06444	0.028262	0.0282293
7.06633	0.0282293	0.0282006
7.06822	0.0282006	0.0284255
7.07011	0.0284255	0.0287473
7.07199	0.0287473	0.0289039
7.07388	0.0289039	0.0290409
7.07577	0.0290409	0.0291608
7.07766	0.0291608	0.0292657
7.07955	0.0292657	0.0293575
7.08143	0.0293575	0.0294378
7.08332	0.0294378	0.0295081
7.08521	0.0295081	0.0295696
7.0871	0.0295696	0.0297484
7.08899	0.0297484	0.0297798
7.09087	0.0297798	0.0298073
7.09276	0.0298073	0.0298314
7.09465	0.0298314	0.0298525
7.09654	0.0298525	0.0298709
7.09938	0.0298709	0.0300121
7.13052	0.0300121	0.0298856
7.13241	0.0298856	0.0298999
7.1343	0.0298999	0.0299124
7.13619	0.0299124	0.0300483
7.13807	0.0300483	0.0301673
7.13996	0.0301673	0.0301464
7.14185	0.0301464	0.0301281
7.14374	0.0301281	0.0301121
7.14563	0.0301121	0.0299731
7.14751	0.0299731	0.0296014
7.1494	0.0296014	0.0291512
7.15129	0.0291512	0.0285073
7.15318	0.0285073	0.0273189
7.15507	0.0273189	0.0262791
7.15695	0.0262791	0.0252442
7.15884	0.0252442	0.0244637
7.16073	0.0244637	0.0237807
7.16262	0.0237807	0.0231831
7.16451	0.0231831	0.0226602
7.16639	0.0226602	0.0222027
7.16828	0.0222027	0.0218024
7.17017	0.0218024	0.0214521
7.17206	0.0214521	0.0211456
7.17395	0.0211456	0.0207524
7.17583	0.0207524	0.0205333
7.17772	0.0205333	0.0203416
7.17961	0.0203416	0.0201739
7.1815	0.0201739	0.0200272
7.18339	0.0200272	0.0198988
7.18527	0.0198988	0.0197864
7.18716	0.0197864	0.0196881
7.18905	0.0196881	0.0198521
7.19094	0.0198521	0.0198706
7.19283	0.0198706	0.0198868
7.19471	0.0198868	0.0200259
7.1966	0.0200259	0.0201477
7.19849	0.0201477	0.0202542
7.20038	0.0202542	0.0203475
7.20227	0.0203475	0.020429
7.20415	0.020429	0.0205004
7.20604	0.0205004	0.0205628
7.20793	0.0205628	0.0204925
7.20982	0.0204925	0.0204309
7.21171	0.0204309	0.0205021
7.21359	0.0205021	0.0205643
7.21548	0.0205643	0.0206188
7.21737	0.0206188	0.0206664
7.21926	0.0206664	0.0207081
7.22115	0.0207081	0.0207446
7.22303	0.0207446	0.0207765
7.22492	0.0207765	0.0206795
7.22681	0.0206795	0.0205945
7.2287	0.0205945	0.0206452
7.23059	0.0206452	0.0206896
7.23247	0.0206896	0.0209784
7.23436	0.0209784	0.0212311
7.23625	0.0212311	0.0214522
7.23814	0.0214522	0.0216457
7.24003	0.0216457	0.021815
7.24191	0.021815	0.0218381
7.2438	0.0218381	0.0218583
7.24569	0.0218583	0.021876
7.24758	0.021876	0.0220165
7.24947	0.0220165	0.0221395
7.25135	0.0221395	0.022247
7.25324	0.022247	0.0223411
7.25513	0.0223411	0.0224235
7.25702	0.0224235	0.0224956
7.25891	0.0224956	0.0224336
7.26079	0.0224336	0.0223794
7.26268	0.0223794	0.022332
7.26457	0.022332	0.0224155
7.26646	0.0224155	0.0224886
7.26835	0.0224886	0.0225525
7.27023	0.0225525	0.0226084
7.27212	0.0226084	0.0226574
7.27401	0.0226574	0.0227002
7.2759	0.0227002	0.0226127
7.27779	0.0226127	0.0227861
7.27967	0.0227861	0.0229378
7.28156	0.0229378	0.0230706
7.28345	0.0230706	0.0233118
7.28534	0.0233118	0.0235228
7.28723	0.0235228	0.0237075
7.28911	0.0237075	0.023869
7.291	0.023869	0.0240104
7.29289	0.0240104	0.0240091
7.29478	0.0240091	0.024008
7.29667	0.024008	0.024007
7.29855	0.024007	0.0240061
7.30044	0.0240061	0.0241303
7.30233	0.0241303	0.024239
7.30422	0.024239	0.0243342
7.30611	0.0243342	0.0244174
7.30799	0.0244174	0.0243652
7.30988	0.0243652	0.0243196
7.31177	0.0243196	0.0242796
7.31366	0.0242796	0.0242447
7.31555	0.0242447	0.0242141
7.31743	0.0242141	0.0243123
7.31932	0.0243123	0.0243983
7.32121	0.0243983	0.0244735
7.3231	0.0244735	0.0245393
7.32499	0.0245393	0.0244719
7.32687	0.0244719	0.0244129
7.32876	0.0244129	0.0246113
7.33065	0.0246113	0.0247849
7.33254	0.0247849	0.0249368
7.33443	0.0249368	0.0251947
7.33631	0.0251947	0.0254203
7.3382	0.0254203	0.0256178
7.34009	0.0256178	0.0257906
7.34198	0.0257906	0.0258167
7.34387	0.0258167	0.0258397
7.34575	0.0258397	0.0258597
7.34764	0.0258597	0.0258772
7.34953	0.0258772	0.0258926
7.35142	0.0258926	0.026031
7.35331	0.026031	0.0261521
7.35519	0.0261521	0.0262581
7.35708	0.0262581	0.0263508
7.35897	0.0263508	0.026307
7.36086	0.026307	0.0262686
7.36275	0.0262686	0.026235
7.36463	0.026235	0.0262057
7.39484	0.0262057	0.02618
7.39673	0.02618	0.0261575
7.39862	0.0261575	0.0261378
7.40051	0.0261378	0.0261206
7.40239	0.0261206	0.0262305
7.40428	0.0262305	0.0263267
7.40617	0.0263267	0.0264108
7.40806	0.0264108	0.0263595
7.40995	0.0263595	0.0259395
7.41183	0.0259395	0.0253221
7.41372	0.0253221	0.0246568
7.41561	0.0246568	0.0234497
7.4175	0.0234497	0.0223935
7.41939	0.0223935	0.0214693
7.42127	0.0214693	0.0206607
7.42316	0.0206607	0.0199531
7.42505	0.0199531	0.0194589
7.42694	0.0194589	0.0191516
7.42883	0.0191516	0.0188826
7.43071	0.0188826	0.0186473
7.4326	0.0186473	0.0184414
7.43449	0.0184414	0.0182612
7.43638	0.0182612	0.0181036
7.43827	0.0181036	0.0179656
7.44015	0.0179656	0.0178449
7.44204	0.0178449	0.0177393
7.44393	0.0177393	0.0176469
7.44582	0.0176469	0.017566
7.44771	0.017566	0.0174953
7.44959	0.0174953	0.0174334
7.45148	0.0174334	0.0173792
7.45337	0.0173792	0.0173318
7.45526	0.0173318	0.0172903
7.45715	0.0172903	0.017254
7.45903	0.017254	0.0172223
7.46092	0.0172223	0.0173195
7.46281	0.0173195	0.0175296
7.4647	0.0175296	0.0177134
7.46659	0.0177134	0.0178742
7.46847	0.0178742	0.0180149
7.47036	0.0180149	0.018138
7.47225	0.018138	0.0182458
7.47414	0.0182458	0.0183401
7.47603	0.0183401	0.0184226
7.47791	0.0184226	0.0183697
7.4798	0.0183697	0.0184485
7.48169	0.0184485	0.0185175
7.48358	0.0185175	0.0185778
7.48547	0.0185778	0.0186306
7.48735	0.0186306	0.0186767
7.48924	0.0186767	0.0187171
7.49113	0.0187171	0.0187525
7.49302	0.0187525	0.0187834
7.49491	0.0187834	0.0186855
7.49679	0.0186855	0.0187248
7.49868	0.0187248	0.0187592
7.50057	0.0187592	0.0190393
7.50246	0.0190393	0.0192844
7.50435	0.0192844	0.0194988
7.50623	0.0194988	0.0196865
7.50812	0.0196865	0.0198507
7.51001	0.0198507	0.0199943
7.5119	0.0199943	0.0199951
7.51379	0.0199951	0.0199957
7.51567	0.0199957	0.0201212
7.51756	0.0201212	0.0202311
7.51945	0.0202311	0.0203272
7.52134	0.0203272	0.0204113
7.52323	0.0204113	0.0204849
7.52511	0.0204849	0.0205493
7.527	0.0205493	0.0206056
7.52889	0.0206056	0.0205299
7.53078	0.0205299	0.0204637
7.53267	0.0204637	0.0205307
7.53455	0.0205307	0.0205894
7.53644	0.0205894	0.0206407
7.53833	0.0206407	0.0206856
7.54022	0.0206856	0.0207249
7.54211	0.0207249	0.0210093
7.54399	0.0210093	0.0211331
7.54588	0.0211331	0.0212415
7.54777	0.0212415	0.0213363
7.54966	0.0213363	0.0214193
7.55155	0.0214193	0.0216169
7.55343	0.0216169	0.0217897
7.55532	0.0217897	0.021941
7.55721	0.021941	0.0220734
7.5591	0.0220734	0.0221892
7.56099	0.0221892	0.0221656
7.56287	0.0221656	0.0221449
7.56476	0.0221449	0.0221268
7.56665	0.0221268	0.0222359
7.56854	0.0222359	0.0223314
7.57043	0.0223314	0.022415
7.57231	0.022415	0.0224881
7.5742	0.0224881	0.0225521
7.57609	0.0225521	0.0226081
7.57798	0.0226081	0.0225321
7.57987	0.0225321	0.0224656
7.58175	0.0224656	0.0224074
7.58364	0.0224074	0.0224815
7.58553	0.0224815	0.0225463
7.58742	0.0225463	0.022603
7.58931	0.022603	0.0229026
7.59119	0.0229026	0.0231648
7.59308	0.0231648	0.0233942
7.59497	0.0233942	0.0234699
7.59686	0.0234699	0.0235362
7.59875	0.0235362	0.0235942
7.60063	0.0235942	0.0236449
7.60252	0.0236449	0.0238143
7.60441	0.0238143	0.0239625
7.6063	0.0239625	0.0240922
7.60819	0.0240922	0.0242057
7.61007	0.0242057	0.0243049
7.61196	0.0243049	0.0242668
7.61385	0.0242668	0.0242335
7.61574	0.0242335	0.0242043
7.61763	0.0242043	0.0241788
7.61951	0.0241788	0.0242814
7.6214	0.0242814	0.0243712
7.62329	0.0243712	0.0244498
7.62518	0.0244498	0.0245186
7.62707	0.0245186	0.0245788
7.62895	0.0245788	0.0245064
7.63084	0.0245064	0.0244431
7.63273	0.0244431	0.0243877
7.63462	0.0243877	0.0243393
7.63651	0.0243393	0.0244219
7.63839	0.0244219	0.0247441
7.64028	0.0247441	0.0250261
7.64217	0.0250261	0.0252728
7.64406	0.0252728	0.0254887
7.64595	0.0254887	0.0255526
7.64783	0.0255526	0.0256086
7.64972	0.0256086	0.0256575
7.65161	0.0256575	0.0257003
7.6535	0.0257003	0.0257378
7.65539	0.0257378	0.0258955
7.65727	0.0258955	0.0260336
7.65916	0.0260336	0.0261544
7.66105	0.0261544	0.0262601
7.66294	0.0262601	0.0262276
7.66483	0.0262276	0.0261991
7.66671	0.0261991	0.0261742
7.6686	0.0261742	0.0261525
7.67049	0.0261525	0.0261334
7.67238	0.0261334	0.0262417
7.67427	0.0262417	0.0263365
7.67615	0.0263365	0.0264194
7.67804	0.0264194	0.026492
7.67993	0.026492	0.0264305
7.68182	0.0264305	0.0263767
7.68371	0.0263767	0.0263296
7.68559	0.0263296	0.0262884
7.68748	0.0262884	0.0262524
7.68937	0.0262524	0.0263458
7.69126	0.0263458	0.0264276
7.6941	0.0264276	0.0268741
7.72335	0.0268741	0.0270149
7.72524	0.0270149	0.027263
7.72713	0.027263	0.0274801
7.72902	0.0274801	0.0276701
7.73091	0.0276701	0.0277114
7.73279	0.0277114	0.0277474
7.73468	0.0277474	0.027779
7.75262	0.027779	0.0260566
7.75451	0.0260566	0.0246745
7.75639	0.0246745	0.0234652
7.75828	0.0234652	0.0224071
7.76017	0.0224071	0.0213562
7.76206	0.0213562	0.0203117
7.76395	0.0203117	0.0188977
7.76583	0.0188977	0.0179105
7.76772	0.0179105	0.0170467
7.76961	0.0170467	0.0162908
7.7715	0.0162908	0.0156295
7.77339	0.0156295	0.0150508
7.77527	0.0150508	0.0146695
7.77716	0.0146695	0.0143358
7.77905	0.0143358	0.0140438
7.78094	0.0140438	0.0136633
7.78283	0.0136633	0.0133304
7.78471	0.0133304	0.0130391
7.7866	0.0130391	0.0127842
7.78849	0.0127842	0.0128112
7.79038	0.0128112	0.0128348
7.79227	0.0128348	0.0128554
7.79415	0.0128554	0.0129985
7.79604	0.0129985	0.0131237
7.79793	0.0131237	0.0131082
7.79982	0.0131082	0.0130947
7.80171	0.0130947	0.0130829
7.80359	0.0130829	0.0130725
7.80548	0.0130725	0.0130634
7.80737	0.0130634	0.0130555
7.80926	0.0130555	0.0130486
7.81115	0.0130486	0.0131675
7.81303	0.0131675	0.0132716
7.81492	0.0132716	0.0132376
7.81681	0.0132376	0.0134579
7.8187	0.0134579	0.0136507
7.82059	0.0136507	0.0138193
7.82247	0.0138193	0.0139669
7.82436	0.0139669	0.0140961
7.82625	0.0140961	0.014209
7.82814	0.014209	0.0143079
7.83003	0.0143079	0.0145194
7.83191	0.0145194	0.0145795
7.8338	0.0145795	0.0146321
7.83569	0.0146321	0.0146781
7.83758	0.0146781	0.0147183
7.83947	0.0147183	0.0147535
7.84135	0.0147535	0.0147843
7.84324	0.0147843	0.0148113
7.84513	0.0148113	0.0148349
7.84702	0.0148349	0.0151055
7.84891	0.0151055	0.0153423
7.85079	0.0153423	0.0155495
7.85268	0.0155495	0.0157308
7.85457	0.0157308	0.0158895
7.85646	0.0158895	0.0160283
7.8593	0.0160283	0.0162748
9.0666	0.0162748	0.0398654
9.07257	0.0398654	0.0356322
9.07446	0.0356322	0.0321782
9.0776	0.0321782	0.0295309
9.07949	0.0295309	0.0267146
9.08138	0.0267146	0.0242502
9.08358	0.0242502	0.021969
9.08547	0.021969	0.0199728
9.08735	0.0199728	0.0182262
9.08924	0.0182262	0.016948
9.09113	0.016948	0.0158295
9.09302	0.0158295	0.0148508
9.09491	0.0148508	0.0138694
9.09679	0.0138694	0.0130107
9.09868	0.0130107	0.0122594
9.10057	0.0122594	0.011602
9.10246	0.011602	0.0111517
9.10435	0.0111517	0.0110078
9.10623	0.0110078	0.0108818
9.10812	0.0108818	0.0107716
9.11001	0.0107716	0.0106751
9.1119	0.0106751	0.0104657
9.11379	0.0104657	0.0102825
9.11567	0.0102825	0.0101222
9.11756	0.0101222	0.00998192
9.11945	0.00998192	0.00985918
9.12134	0.00985918	0.00987679
9.12323	0.00987679	0.00989219
9.12511	0.00989219	0.0101557
9.127	0.0101557	0.0103862
9.12889	0.0103862	0.0104629
9.13078	0.0104629	0.0105301
9.13267	0.0105301	0.0105888
9.13455	0.0105888	0.0106402
9.13644	0.0106402	0.0106852
9.13833	0.0106852	0.0107245
9.14022	0.0107245	0.010884
9.14211	0.010884	0.0110235
9.14399	0.0110235	0.0110205
9.14588	0.0110205	0.011018
9.14777	0.011018	0.0112657
9.14966	0.0112657	0.0114825
9.15155	0.0114825	0.0116722
9.15343	0.0116722	0.0118382
9.15532	0.0118382	0.0119834
9.15721	0.0119834	0.0122355
9.1591	0.0122355	0.012456
9.16099	0.012456	0.012524
9.16287	0.012524	0.0125835
9.16476	0.0125835	0.0126356
9.16665	0.0126356	0.0126811
9.16854	0.0126811	0.012721
9.17043	0.012721	0.0127559
9.17231	0.0127559	0.0127864
9.1742	0.0127864	0.0129381
9.17609	0.0129381	0.0133208
9.17798	0.0133208	0.0135307
9.17987	0.0135307	0.0137144
9.18175	0.0137144	0.0138751
9.18364	0.0138751	0.0140157
9.18553	0.0140157	0.0141387
9.18742	0.0141387	0.0142464
9.18931	0.0142464	0.0143406
9.19119	0.0143406	0.014423
9.19308	0.014423	0.0146201
9.19497	0.0146201	0.0146676
9.19686	0.0146676	0.0147092
9.19875	0.0147092	0.0147455
9.20063	0.0147455	0.0147773
9.20252	0.0147773	0.0148052
9.20441	0.0148052	0.0148295
9.2063	0.0148295	0.0151008
9.20819	0.0151008	0.0153382
9.21007	0.0153382	0.0155459
9.21196	0.0155459	0.0157277
9.21385	0.0157277	0.0158867
9.21574	0.0158867	0.0160259
9.21763	0.0160259	0.0161477
9.21951	0.0161477	0.0162542
9.2214	0.0162542	0.0163474
9.22329	0.0163474	0.016429
9.22518	0.016429	0.0165004
9.22707	0.0165004	0.0165628
9.22895	0.0165628	0.0166175
9.23084	0.0166175	0.0166653
9.23273	0.0166653	0.0167071
9.23462	0.0167071	0.0167437
9.23651	0.0167437	0.0167758
9.23839	0.0167758	0.0168038
9.24028	0.0168038	0.0168283
9.24217	0.0168283	0.0170998
9.24406	0.0170998	0.0173373
9.24595	0.0173373	0.0174201
9.24783	0.0174201	0.0176176
9.24972	0.0176176	0.0177904
9.25161	0.0177904	0.0179416
9.2535	0.0179416	0.0180739
9.25539	0.0180739	0.0181897
9.25727	0.0181897	0.018291
9.25916	0.018291	0.0183796
9.26105	0.0183796	0.0184571
9.26294	0.0184571	0.0184
9.26483	0.0184	0.018475
9.26671	0.018475	0.0185406
9.2686	0.0185406	0.018598
9.27049	0.018598	0.0186483
9.27238	0.0186483	0.0186923
9.27427	0.0186923	0.0187307
9.27615	0.0187307	0.0187644
9.27804	0.0187644	0.0187938
9.27993	0.0187938	0.0189446
9.28182	0.0189446	0.0190765
9.28371	0.0190765	0.019317
9.28559	0.019317	0.0195273
9.28748	0.0195273	0.0197114
9.28937	0.0197114	0.0198725
9.29126	0.0198725	0.0200134
9.29315	0.0200134	0.0201368
9.29599	0.0201368	0.0202447
9.31769	0.0202447	0.0202141
9.31958	0.0202141	0.0203123
9.32147	0.0203123	0.0203983
9.32335	0.0203983	0.0204735
9.32524	0.0204735	0.0205393
9.32713	0.0205393	0.0205969
9.32902	0.0205969	0.0203973
9.33091	0.0203973	0.0199726
9.33279	0.0199726	0.019101
9.33468	0.019101	0.0183384
9.33657	0.0183384	0.0176711
9.33846	0.0176711	0.0170872
9.34035	0.0170872	0.0165763
9.34223	0.0165763	0.0161293
9.34412	0.0161293	0.0158631
9.34601	0.0158631	0.0156302
9.3479	0.0156302	0.0153014
9.34979	0.0153014	0.0150138
9.35167	0.0150138	0.014762
9.35356	0.014762	0.0147918
9.35545	0.0147918	0.0148178
9.35734	0.0148178	0.0148406
9.35923	0.0148406	0.0148605
9.36111	0.0148605	0.0148779
9.363	0.0148779	0.0150182
9.36489	0.0150182	0.0150159
9.36678	0.0150159	0.0150139
9.36867	0.0150139	0.0150122
9.37055	0.0150122	0.0150107
9.37244	0.0150107	0.0150093
9.37433	0.0150093	0.0150082
9.37622	0.0150082	0.0150071
9.37811	0.0150071	0.0150063
9.37999	0.0150063	0.0150055
9.38188	0.0150055	0.0150048
9.38377	0.0150048	0.0152542
9.38566	0.0152542	0.0154724
9.38755	0.0154724	0.0156634
9.38943	0.0156634	0.0158304
9.39132	0.0158304	0.0159766
9.39321	0.0159766	0.0161046
9.3951	0.0161046	0.0162165
9.39699	0.0162165	0.0163144
9.39887	0.0163144	0.0164001
9.40076	0.0164001	0.0164751
9.40265	0.0164751	0.0165407
9.40454	0.0165407	0.0165981
9.42531	0.0165981	0.0166484
9.42719	0.0166484	0.0166923
9.42908	0.0166923	0.0167308
9.43097	0.0167308	0.0167644
9.43286	0.0167644	0.0167939
9.43475	0.0167939	0.0165696
9.43663	0.0165696	0.0161234
9.43852	0.0161234	0.015483
9.44041	0.015483	0.0149226
9.4423	0.0149226	0.0145573
9.44419	0.0145573	0.0142376
9.44607	0.0142376	0.0139579
9.44796	0.0139579	0.0135882
9.44985	0.0135882	0.0132647
9.45174	0.0132647	0.0129816
9.45363	0.0129816	0.0127339
9.45551	0.0127339	0.0125171
9.4574	0.0125171	0.0123275
9.45929	0.0123275	0.0122866
9.46118	0.0122866	0.0125007
9.46307	0.0125007	0.0126882
9.46495	0.0126882	0.0127271
9.46684	0.0127271	0.0127612
9.46873	0.0127612	0.0127911
9.47062	0.0127911	0.0128172
9.47251	0.0128172	0.01284
9.47439	0.01284	0.01286
9.47628	0.01286	0.0128775
9.47817	0.0128775	0.0130178
9.48006	0.0130178	0.0131406
9.48195	0.0131406	0.013123
9.48383	0.013123	0.0131077
9.48572	0.0131077	0.0130942
9.48761	0.0130942	0.0130824
9.4895	0.0130824	0.0133221
9.49139	0.0133221	0.0135319
9.49327	0.0135319	0.0137154
9.49516	0.0137154	0.013876
9.49705	0.013876	0.0141415
9.49894	0.0141415	0.0142488
9.50083	0.0142488	0.0143427
9.50271	0.0143427	0.0144248
9.5046	0.0144248	0.0144967
9.50649	0.0144967	0.0145596
9.50838	0.0145596	0.0146147
9.51027	0.0146147	0.0146629
9.51215	0.0146629	0.014705
9.51404	0.014705	0.0148669
9.51593	0.0148669	0.0148835
9.51782	0.0148835	0.0148981
9.51971	0.0148981	0.0151608
9.52159	0.0151608	0.0153907
9.52348	0.0153907	0.0155919
9.52537	0.0155919	0.0157679
9.52726	0.0157679	0.0159219
9.52915	0.0159219	0.0160567
9.53103	0.0160567	0.0161746
9.53292	0.0161746	0.0162778
9.53481	0.0162778	0.016368
9.5367	0.016368	0.016447
9.53859	0.016447	0.0165162
9.54047	0.0165162	0.0165766
9.54236	0.0165766	0.0166296
9.54425	0.0166296	0.0166759
9.54614	0.0166759	0.0167164
9.54803	0.0167164	0.0167518
9.54991	0.0167518	0.0167828
9.5518	0.0167828	0.01681
9.55369	0.01681	0.0168337
9.55558	0.0168337	0.0171045
9.55747	0.0171045	0.0173415
9.55935	0.0173415	0.0175488
9.56124	0.0175488	0.0177302
9.56313	0.0177302	0.0178889
9.56502	0.0178889	0.0180278
9.56691	0.0180278	0.0180243
9.56879	0.0180243	0.0181463
9.57068	0.0181463	0.018253
9.57257	0.018253	0.0183464
9.57446	0.0183464	0.0184281
9.57635	0.0184281	0.0184996
9.57823	0.0184996	0.0185621
9.58012	0.0185621	0.0186169
9.58201	0.0186169	0.0186647
9.5839	0.0186647	0.0185817
9.58579	0.0185817	0.0186339
9.58767	0.0186339	0.0186797
9.58956	0.0186797	0.0187197
9.59145	0.0187197	0.0187548
9.59334	0.0187548	0.0190354
9.59523	0.0190354	0.019281
9.59711	0.019281	0.0194959
9.599	0.0194959	0.0196839
9.60089	0.0196839	0.0197234
9.60278	0.0197234	0.019758
9.60467	0.019758	0.0199132
9.60655	0.0199132	0.0200491
9.60844	0.0200491	0.0201679
9.61033	0.0201679	0.0202719
9.61222	0.0202719	0.020363
9.61411	0.020363	0.0204426
9.61599	0.0204426	0.0203873
9.61788	0.0203873	0.0203389
9.61977	0.0203389	0.0202965
9.62166	0.0202965	0.0203844
9.62355	0.0203844	0.0204614
9.62543	0.0204614	0.0205287
9.62732	0.0205287	0.0205876
9.62921	0.0205876	0.0206392
9.6311	0.0206392	0.0206843
9.63299	0.0206843	0.0205987
9.63487	0.0205987	0.0205239
9.63676	0.0205239	0.0207084
9.63865	0.0207084	0.0209949
9.64054	0.0209949	0.0212455
9.64243	0.0212455	0.0214648
9.64431	0.0214648	0.0216567
9.6462	0.0216567	0.0218246
9.64809	0.0218246	0.0219715
9.64998	0.0219715	0.0219751
9.65187	0.0219751	0.0219782
9.65375	0.0219782	0.0219809
9.65564	0.0219809	0.0221083
9.65753	0.0221083	0.0222198
9.65942	0.0222198	0.0223173
9.66131	0.0223173	0.0224026
9.66319	0.0224026	0.0224773
9.66508	0.0224773	0.0225426
9.66697	0.0225426	0.0224748
9.66886	0.0224748	0.0224155
9.67075	0.0224155	0.0223635
9.67263	0.0223635	0.0224431
9.67452	0.0224431	0.0225127
9.67641	0.0225127	0.0225736
9.6783	0.0225736	0.0226269
9.68019	0.0226269	0.0226735
9.68207	0.0226735	0.0229644
9.68396	0.0229644	0.0230938
9.68585	0.0230938	0.0232071
9.68774	0.0232071	0.0233062
9.68963	0.0233062	0.0233929
9.69151	0.0233929	0.0235938
9.6934	0.0235938	0.0237696
9.69529	0.0237696	0.0239234
9.69718	0.0239234	0.024058
9.69907	0.024058	0.0241757
9.70095	0.0241757	0.0241537
9.70284	0.0241537	0.0241345
9.70473	0.0241345	0.0241177
9.70662	0.0241177	0.024103
9.70851	0.024103	0.0242151
9.71039	0.0242151	0.0243132
9.71228	0.0243132	0.0243991
9.71417	0.0243991	0.0244742
9.71606	0.0244742	0.0245399
9.71795	0.0245399	0.0244724
9.71983	0.0244724	0.0244134
9.72172	0.0244134	0.0243617
9.72361	0.0243617	0.0243165
9.7255	0.0243165	0.0244019
9.72739	0.0244019	0.0244767
9.72927	0.0244767	0.0245421
9.73116	0.0245421	0.0245993
9.73305	0.0245993	0.0248994
9.73494	0.0248994	0.025037
9.73683	0.025037	0.0251574
9.73871	0.0251574	0.0252627
9.7406	0.0252627	0.0253549
9.74249	0.0253549	0.0254355
9.74438	0.0254355	0.0256311
9.77364	0.0256311	0.0255522
9.77553	0.0255522	0.0256082
9.77742	0.0256082	0.0257821
9.77931	0.0257821	0.0259344
9.78119	0.0259344	0.0260676
9.78308	0.0260676	0.0261841
9.78497	0.0261841	0.0261611
9.78686	0.0261611	0.026016
9.78875	0.026016	0.025639
9.79063	0.025639	0.0251841
9.79252	0.0251841	0.0245361
9.79441	0.0245361	0.0233441
9.7963	0.0233441	0.0223011
9.79819	0.0223011	0.0213884
9.80007	0.0213884	0.0207149
9.80196	0.0207149	0.0200005
9.80385	0.0200005	0.0196255
9.80574	0.0196255	0.0192973
9.80763	0.0192973	0.0190101
9.80951	0.0190101	0.0187588
9.8114	0.0187588	0.018539
9.81329	0.018539	0.0183466
9.81518	0.0183466	0.0181783
9.81707	0.0181783	0.018031
9.81895	0.018031	0.0179021
9.82084	0.0179021	0.0177894
9.84161	0.0177894	0.0176907
9.8435	0.0176907	0.0176044
9.84539	0.0176044	0.0175288
9.84727	0.0175288	0.0174627
9.84916	0.0174627	0.0174049
9.85105	0.0174049	0.0172293
9.85294	0.0172293	0.0167006
9.85483	0.0167006	0.015738
9.85671	0.015738	0.0148958
9.8586	0.0148958	0.0144088
9.86049	0.0144088	0.0139827
9.86238	0.0139827	0.0136099
9.86427	0.0136099	0.0134086
9.86615	0.0134086	0.0132325
9.86804	0.0132325	0.0130785
9.86993	0.0130785	0.0128187
9.87277	0.0128187	0.0127163
9.88598	0.0127163	0.0125018
9.88787	0.0125018	0.0123141
9.88975	0.0123141	0.0121498
9.89164	0.0121498	0.0118811
9.89353	0.0118811	0.0113959
9.89542	0.0113959	0.0109715
9.89731	0.0109715	0.0106
9.89919	0.0106	0.010275
9.90108	0.010275	0.00999064
9.90297	0.00999064	0.00961681
9.90486	0.00961681	0.00953971
9.90675	0.00953971	0.00947224
9.90863	0.00947224	0.00941321
9.91052	0.00941321	0.00936156
9.91241	0.00936156	0.00944137
9.9143	0.00944137	0.00951119
9.91619	0.00951119	0.00957229
9.91807	0.00957229	0.00962576
9.91996	0.00962576	0.00954754
9.92185	0.00954754	0.00947909
9.92374	0.00947909	0.00966921
9.92563	0.00966921	0.00983556
9.92751	0.00983556	0.00998111
9.9294	0.00998111	0.0101085
9.93129	0.0101085	0.0103449
9.93318	0.0103449	0.0105518
9.93507	0.0105518	0.0107328
9.93695	0.0107328	0.0107662
9.93884	0.0107662	0.0107954
9.94073	0.0107954	0.010821
9.94262	0.010821	0.0108434
9.94451	0.0108434	0.010863
9.94639	0.010863	0.0108801
9.94828	0.0108801	0.0111451
9.95017	0.0111451	0.0115019
9.95206	0.0115019	0.0118142
9.95395	0.0118142	0.0119624
9.95583	0.0119624	0.0120921
9.95868	0.0120921	0.0123306
9.97283	0.0123306	0.0122893
9.97471	0.0122893	0.0123781
9.9766	0.0123781	0.0124559
9.97849	0.0124559	0.0125239
9.98038	0.0125239	0.0123334
9.98227	0.0123334	0.0120417
9.98415	0.0120417	0.0117865
9.98604	0.0117865	0.0115632
9.98793	0.0115632	0.0112428
9.98982	0.0112428	0.0109624
9.99171	0.0109624	0.0107171
9.99359	0.0107171	0.0105025
9.99548	0.0105025	0.0103147
9.99737	0.0103147	0.0104003
9.99926	0.0104003	0.0106003
10.0011	0.0106003	0.0107753
10.003	0.0107753	0.0109284
10.0049	0.0109284	0.0109373
10.0068	0.0109373	0.0109451
10.0087	0.0109451	0.010952
10.0106	0.010952	0.010958
10.0125	0.010958	0.0109633
10.0144	0.0109633	0.0109678
10.0162	0.0109678	0.0110969
10.0181	0.0110969	0.0112098
10.02	0.0112098	0.0113085
10.0219	0.0113085	0.01152
10.0238	0.01152	0.011705
10.0257	0.011705	0.0118668
10.0276	0.0118668	0.0120085
10.0295	0.0120085	0.0121324
10.0314	0.0121324	0.0122409
10.0332	0.0122409	0.0123358
10.0351	0.0123358	0.0125438
10.037	0.0125438	0.0127258
10.0389	0.0127258	0.0127601
10.0408	0.0127601	0.0127901
10.0427	0.0127901	0.0128163
10.0446	0.0128163	0.0128393
10.0465	0.0128393	0.0128594
10.0483	0.0128594	0.0131269
10.0502	0.0131269	0.0133611
10.0521	0.0133611	0.0135659
10.054	0.0135659	0.0138702
10.0559	0.0138702	0.0140114
10.0578	0.0140114	0.014135
10.0597	0.014135	0.0142431
10.0616	0.0142431	0.0143377
10.0634	0.0143377	0.0144205
10.0653	0.0144205	0.0144929
10.0672	0.0144929	0.0145563
10.0691	0.0145563	0.0146118
10.071	0.0146118	0.0147853
10.0729	0.0147853	0.0148121
10.0748	0.0148121	0.0148356
10.0767	0.0148356	0.0148562
10.0786	0.0148562	0.0148742
10.0804	0.0148742	0.0151399
10.0823	0.0151399	0.0153724
10.0842	0.0153724	0.0155758
10.0861	0.0155758	0.0157539
10.088	0.0157539	0.0157846
10.0899	0.0157846	0.0159366
10.0918	0.0159366	0.0160695
10.0937	0.0160695	0.0161858
10.0955	0.0161858	0.0162876
10.0974	0.0162876	0.0163766
10.0993	0.0163766	0.0164545
10.1012	0.0164545	0.0165227
10.1031	0.0165227	0.0165824
10.105	0.0165824	0.0166346
10.1069	0.0166346	0.0166803
10.1088	0.0166803	0.0167202
10.1106	0.0167202	0.0167552
10.1125	0.0167552	0.0167858
10.1144	0.0167858	0.0170626
10.1163	0.0170626	0.0173048
10.1182	0.0173048	0.0175167
10.1201	0.0175167	0.0177021
10.122	0.0177021	0.0177393
10.1239	0.0177393	0.0178969
10.1258	0.0178969	0.0180348
10.1276	0.0180348	0.0181554
10.1295	0.0181554	0.018261
10.1314	0.018261	0.0183534
10.1333	0.0183534	0.0184342
10.1352	0.0184342	0.0185049
10.1371	0.0185049	0.0185668
10.139	0.0185668	0.018496
10.1409	0.018496	0.018559
10.1427	0.018559	0.0186141
10.1446	0.0186141	0.0186623
10.1465	0.0186623	0.0187045
10.1484	0.0187045	0.0187415
10.1503	0.0187415	0.0187738
10.1522	0.0187738	0.0188021
10.1541	0.0188021	0.0190768
10.156	0.0190768	0.0191922
10.1578	0.0191922	0.0192932
10.1597	0.0192932	0.0195065
10.1616	0.0195065	0.0196932
10.1635	0.0196932	0.0198566
10.1654	0.0198566	0.0199995
10.1673	0.0199995	0.0201246
10.1692	0.0201246	0.020234
10.1711	0.020234	0.0203297
10.173	0.0203297	0.0202885
10.1748	0.0202885	0.0202525
10.1767	0.0202525	0.0203459
10.1786	0.0203459	0.0204277
10.1805	0.0204277	0.0204992
10.1824	0.0204992	0.0205618
10.1843	0.0205618	0.0206166
10.1862	0.0206166	0.0206645
10.1881	0.0206645	0.0207064
10.1899	0.0207064	0.0206181
10.1918	0.0206181	0.0205409
10.1937	0.0205409	0.0205983
10.1956	0.0205983	0.0208985
10.1975	0.0208985	0.0211612
10.1994	0.0211612	0.021391
10.2013	0.021391	0.0215921
10.2032	0.0215921	0.0217681
10.205	0.0217681	0.0219221
10.2069	0.0219221	0.0219318
10.2088	0.0219318	0.0219404
10.2107	0.0219404	0.0219478
10.2126	0.0219478	0.0220793
10.2145	0.0220793	0.0221944
10.2164	0.0221944	0.0222951
10.2183	0.0222951	0.0223832
10.2202	0.0223832	0.0224603
10.222	0.0224603	0.0225278
10.2239	0.0225278	0.0224618
10.2258	0.0224618	0.0224041
10.2277	0.0224041	0.0223536
10.2296	0.0223536	0.0224344
10.2315	0.0224344	0.0225051
10.2334	0.0225051	0.0225669
10.2353	0.0225669	0.0226211
10.2371	0.0226211	0.0226684
10.239	0.0226684	0.0227099
10.2409	0.0227099	0.0226211
10.2428	0.0226211	0.0227935
10.2447	0.0227935	0.0229443
10.2466	0.0229443	0.0230763
10.2485	0.0230763	0.0233167
10.2504	0.0233167	0.0235271
10.2522	0.0235271	0.0237113
10.2541	0.0237113	0.0238723
10.256	0.0238723	0.0240133
10.2579	0.0240133	0.0240116
10.2598	0.0240116	0.0240102
10.2617	0.0240102	0.0240089
10.2636	0.0240089	0.0240078
10.2655	0.0240078	0.0241318
10.2674	0.0241318	0.0242403
10.2692	0.0242403	0.0243353
10.2711	0.0243353	0.0244184
10.273	0.0244184	0.0244911
10.2749	0.0244911	0.0244297
10.2768	0.0244297	0.024376
10.2787	0.024376	0.024329
10.2806	0.024329	0.0242879
10.2825	0.0242879	0.0243769
10.2843	0.0243769	0.0244548
10.2862	0.0244548	0.0245229
10.2881	0.0245229	0.0245826
10.29	0.0245826	0.0246347
10.2919	0.0246347	0.0248054
10.2938	0.0248054	0.0249547
10.2957	0.0249547	0.0250854
10.2976	0.0250854	0.0251997
10.2994	0.0251997	0.0252997
10.3013	0.0252997	0.0255123
10.3032	0.0255123	0.0256982
10.3051	0.0256982	0.025861
10.307	0.025861	0.0260033
10.3089	0.0260033	0.0260029
10.3108	0.0260029	0.0260026
10.3127	0.0260026	0.0260022
10.3146	0.0260022	0.026002
10.3164	0.026002	0.0260017
10.3183	0.0260017	0.0261265
10.3202	0.0261265	0.0262357
10.3221	0.0262357	0.0263312
10.324	0.0263312	0.0262898
10.3259	0.0262898	0.0262536
10.3278	0.0262536	0.0262219
10.3297	0.0262219	0.0261942
10.3315	0.0261942	0.0261699
10.3334	0.0261699	0.0261486
10.3353	0.0261486	0.0262551
10.3372	0.0262551	0.0263482
10.3391	0.0263482	0.0264297
10.3419	0.0264297	0.026501
10.3702	0.026501	0.0265633
10.3721	0.0265633	0.0266179
10.374	0.0266179	0.0266657
10.3759	0.0266657	0.0265825
10.3778	0.0265825	0.0265097
10.3797	0.0265097	0.0264459
10.3816	0.0264459	0.0263902
10.3835	0.0263902	0.0263414
10.3854	0.0263414	0.0260487
10.3872	0.0260487	0.0255427
10.3891	0.0255427	0.0248498
10.391	0.0248498	0.0238686
10.3929	0.0238686	0.02301
10.3948	0.02301	0.0222588
10.3967	0.0222588	0.0216014
10.3986	0.0216014	0.0210262
10.4005	0.0210262	0.020523
10.4023	0.020523	0.0200826
10.4042	0.0200826	0.0196973
10.4061	0.0196973	0.0193601
10.408	0.0193601	0.0190651
10.4099	0.0190651	0.018807
10.4118	0.018807	0.0185811
10.4137	0.0185811	0.0183835
10.4156	0.0183835	0.0182105
10.4174	0.0182105	0.0180592
10.4193	0.0180592	0.0179268
10.4212	0.0179268	0.017811
10.4231	0.017811	0.0177096
10.425	0.0177096	0.0176209
10.4269	0.0176209	0.0176683
10.4288	0.0176683	0.0178347
10.4307	0.0178347	0.0179804
10.4326	0.0179804	0.0181078
10.4344	0.0181078	0.0182194
10.4363	0.0182194	0.0183169
10.4382	0.0183169	0.0184023
10.4401	0.0184023	0.018477
10.442	0.018477	0.0184174
10.4439	0.0184174	0.0183652
10.4458	0.0183652	0.0184446
10.4477	0.0184446	0.018514
10.4495	0.018514	0.0185748
10.4514	0.0185748	0.0186279
10.4533	0.0186279	0.0186744
10.4552	0.0186744	0.0187151
10.4571	0.0187151	0.0187507
10.459	0.0187507	0.0186569
10.4609	0.0186569	0.0186998
10.4628	0.0186998	0.0187373
10.4646	0.0187373	0.0190201
10.4665	0.0190201	0.0192676
10.4684	0.0192676	0.0194842
10.4703	0.0194842	0.0196736
10.4722	0.0196736	0.0198394
10.4741	0.0198394	0.0199845
10.476	0.0199845	0.0199864
10.4779	0.0199864	0.0199881
10.4798	0.0199881	0.0201146
10.4816	0.0201146	0.0202253
10.4835	0.0202253	0.0203221
10.4854	0.0203221	0.0204069
10.4873	0.0204069	0.020481
10.4892	0.020481	0.0205459
10.4911	0.0205459	0.0206026
10.493	0.0206026	0.0205273
10.4949	0.0205273	0.0204614
10.4967	0.0204614	0.0205287
10.4986	0.0205287	0.0205876
10.5005	0.0205876	0.0206392
10.5024	0.0206392	0.0206843
10.5043	0.0206843	0.0207237
10.5062	0.0207237	0.0207583
10.5081	0.0207583	0.0210385
10.51	0.0210385	0.0211587
10.5118	0.0211587	0.0212638
10.5137	0.0212638	0.0213559
10.5156	0.0213559	0.0215614
10.5175	0.0215614	0.0217412
10.5194	0.0217412	0.0218986
10.5213	0.0218986	0.0220362
10.5232	0.0220362	0.0221567
10.5251	0.0221567	0.0222621
10.527	0.0222621	0.0222294
10.5288	0.0222294	0.0222007
10.5307	0.0222007	0.0221756
10.5326	0.0221756	0.0222786
10.5345	0.0222786	0.0223688
10.5364	0.0223688	0.0224477
10.5383	0.0224477	0.0225167
10.5411	0.0225167	0.0227022
10.5657	0.0227022	0.0226144
10.5675	0.0226144	0.0226626
10.5694	0.0226626	0.0227048
10.5713	0.0227048	0.0227417
10.5732	0.0227417	0.022774
10.5751	0.022774	0.0228022
10.577	0.0228022	0.0225769
10.5789	0.0225769	0.0221298
10.5808	0.0221298	0.0216136
10.5826	0.0216136	0.0205369
10.5845	0.0205369	0.0195948
10.5864	0.0195948	0.0187704
10.5883	0.0187704	0.0180491
10.5902	0.0180491	0.017543
10.5921	0.017543	0.0171001
10.594	0.0171001	0.0168376
10.5959	0.0168376	0.0166079
10.5978	0.0166079	0.0164069
10.5996	0.0164069	0.016231
10.6015	0.016231	0.0160772
10.6034	0.0160772	0.0159425
10.6053	0.0159425	0.0158247
10.6072	0.0158247	0.0157216
10.6091	0.0157216	0.0157564
10.611	0.0157564	0.0156619
10.6129	0.0156619	0.0155791
10.6147	0.0155791	0.0155067
10.6166	0.0155067	0.0154434
10.6185	0.0154434	0.015388
10.6204	0.015388	0.0153395
10.6223	0.0153395	0.015297
10.6242	0.015297	0.0155099
10.6261	0.0155099	0.0156962
10.628	0.0156962	0.0158591
10.6298	0.0158591	0.0160018
10.6317	0.0160018	0.0161265
10.6336	0.0161265	0.0162357
10.6355	0.0162357	0.0163313
10.6374	0.0163313	0.0164148
10.6393	0.0164148	0.016488
10.6412	0.016488	0.016552
10.6431	0.016552	0.016608
10.645	0.016608	0.016657
10.6468	0.016657	0.0166999
10.6487	0.0166999	0.0167374
10.6506	0.0167374	0.0167702
10.6525	0.0167702	0.0167989
10.6544	0.0167989	0.0168241
10.6563	0.0168241	0.0168461
10.6582	0.0168461	0.0168653
10.6601	0.0168653	0.0171321
10.6619	0.0171321	0.0172406
10.6638	0.0172406	0.0174605
10.6657	0.0174605	0.017653
10.6676	0.017653	0.0178214
10.6695	0.0178214	0.0179687
10.6714	0.0179687	0.0180976
10.6733	0.0180976	0.0182104
10.6752	0.0182104	0.0183091
10.677	0.0183091	0.0183955
10.6789	0.0183955	0.018346
10.6808	0.018346	0.0184278
10.6827	0.0184278	0.0184993
10.6846	0.0184993	0.0185619
10.6865	0.0185619	0.0186167
10.6884	0.0186167	0.0186646
10.6903	0.0186646	0.0187065
10.6922	0.0187065	0.0187432
10.694	0.0187432	0.0187753
10.6959	0.0187753	0.0186784
10.6978	0.0186784	0.0188436
10.6997	0.0188436	0.0191131
10.7016	0.0191131	0.019349
10.7035	0.019349	0.0195554
10.7054	0.0195554	0.0197359
10.7073	0.0197359	0.019894
10.7091	0.019894	0.0200322
10.711	0.0200322	0.0201532
10.7129	0.0201532	0.020134
10.7148	0.020134	0.0201173
10.7167	0.0201173	0.0202276
10.7186	0.0202276	0.0203242
10.7205	0.0203242	0.0204086
10.7224	0.0204086	0.0204826
10.7242	0.0204826	0.0205472
10.7261	0.0205472	0.0206038
10.728	0.0206038	0.0206534
10.7299	0.0206534	0.0205717
10.7318	0.0205717	0.0205002
10.7337	0.0205002	0.0205627
10.7356	0.0205627	0.0206174
10.7375	0.0206174	0.0206652
10.7394	0.0206652	0.020707
10.7412	0.020707	0.0209937
10.7431	0.0209937	0.0212445
10.745	0.0212445	0.0214639
10.7469	0.0214639	0.0215309
10.7488	0.0215309	0.0215895
10.7507	0.0215895	0.0216409
10.7526	0.0216409	0.0218107
10.7545	0.0218107	0.0219594
10.7563	0.0219594	0.0220895
10.7582	0.0220895	0.0222033
10.7601	0.0222033	0.0223029
10.762	0.0223029	0.02239
10.7639	0.02239	0.0223413
10.7658	0.0223413	0.0222986
10.7677	0.0222986	0.0222613
10.7696	0.0222613	0.0223536
10.7714	0.0223536	0.0224344
10.7733	0.0224344	0.0225051
10.7752	0.0225051	0.022567
10.7771	0.022567	0.0226211
10.779	0.0226211	0.0226685
10.7809	0.0226685	0.0225849
10.7828	0.0225849	0.0225118
10.7847	0.0225118	0.0224478
10.7866	0.0224478	0.0226418
10.7884	0.0226418	0.0229366
10.7903	0.0229366	0.0231945
10.7922	0.0231945	0.0234202
10.7941	0.0234202	0.0236177
10.796	0.0236177	0.0236655
10.7979	0.0236655	0.0237073
10.7998	0.0237073	0.0237439
10.8017	0.0237439	0.0237759
10.8035	0.0237759	0.0238039
10.8054	0.0238039	0.0239534
10.8073	0.0239534	0.0240842
10.8092	0.0240842	0.0241987
10.8111	0.0241987	0.0242989
10.813	0.0242989	0.0242615
10.8149	0.0242615	0.0242288
10.8168	0.0242288	0.0242002
10.8186	0.0242002	0.0241752
10.8205	0.0241752	0.0242783
10.8224	0.0242783	0.0243685
10.8243	0.0243685	0.0244474
10.8262	0.0244474	0.0245165
10.8281	0.0245165	0.0245769
10.83	0.0245769	0.0245048
10.8319	0.0245048	0.0244417
10.8338	0.0244417	0.0243865
10.8356	0.0243865	0.0243382
10.8375	0.0243382	0.0245459
10.8394	0.0245459	0.0248527
10.8413	0.0248527	0.0251211
10.8432	0.0251211	0.025356
10.8451	0.025356	0.0255615
10.847	0.0255615	0.0256163
10.8489	0.0256163	0.0256642
10.8507	0.0256642	0.0257062
10.8526	0.0257062	0.0257429
10.8545	0.0257429	0.0257751
10.8564	0.0257751	0.0259282
10.8583	0.0259282	0.0260622
10.8602	0.0260622	0.0261794
10.8621	0.0261794	0.026282
10.864	0.026282	0.0262467
10.8658	0.0262467	0.0262159
10.8677	0.0262159	0.0261889
10.8696	0.0261889	0.0261653
10.8715	0.0261653	0.0261446
10.8734	0.0261446	0.0262515
10.8753	0.0262515	0.0263451
10.8772	0.0263451	0.026427
10.8791	0.026427	0.0264986
10.881	0.0264986	0.0264363
10.8828	0.0264363	0.0263817
10.8847	0.0263817	0.026334
10.8866	0.026334	0.0262923
10.8885	0.0262923	0.0262557
10.8904	0.0262557	0.0264738
10.8923	0.0264738	0.0267895
10.8942	0.0267895	0.0270658
10.8961	0.0270658	0.0273076
10.8979	0.0273076	0.0273942
10.8998	0.0273942	0.0274699
10.9017	0.0274699	0.0275362
10.9036	0.0275362	0.0275941
10.9055	0.0275941	0.0276449
10.9074	0.0276449	0.0276893
10.9093	0.0276893	0.0278531
10.9112	0.0278531	0.0279965
10.913	0.0279965	0.0281219
10.9149	0.0281219	0.0281067
10.9168	0.0281067	0.0280933
10.9187	0.0280933	0.0280817
10.9206	0.0280817	0.0280715
10.9225	0.0280715	0.0280625
10.9244	0.0280625	0.0280547
10.9263	0.0280547	0.0281729
10.9584	0.0281729	0.0281513
10.9602	0.0281513	0.0282574
10.9621	0.0282574	0.0283502
10.964	0.0283502	0.0284314
10.9659	0.0284314	0.0283775
10.9678	0.0283775	0.0283303
10.9697	0.0283303	0.028289
10.9716	0.028289	0.0282529
10.9744	0.0282529	0.0280963
10.9914	0.0280963	0.0264592
11.0008	0.0264592	0.0242768
11.0027	0.0242768	0.0223672
11.0046	0.0223672	0.0204463
11.0065	0.0204463	0.0188905
11.0084	0.0188905	0.0175292
11.0103	0.0175292	0.0165881
11.0122	0.0165881	0.0157646
11.0141	0.0157646	0.015044
11.0159	0.015044	0.0142885
11.0178	0.0142885	0.0136274
11.0197	0.0136274	0.013049
11.0216	0.013049	0.0127929
11.0235	0.0127929	0.0125688
11.0254	0.0125688	0.0123727
11.0273	0.0123727	0.0123261
11.0292	0.0123261	0.0122853
11.031	0.0122853	0.0122497
11.0329	0.0122497	0.0120934
11.0348	0.0120934	0.0119568
11.0367	0.0119568	0.0118372
11.0386	0.0118372	0.0117325
11.0405	0.0117325	0.011641
11.0424	0.011641	0.0115608
11.0443	0.0115608	0.0116157
11.0462	0.0116157	0.0119138
11.048	0.0119138	0.0121745
11.0499	0.0121745	0.0122777
11.0518	0.0122777	0.012368
11.0537	0.012368	0.012447
11.0556	0.012447	0.0125161
11.0575	0.0125161	0.0125766
11.0594	0.0125766	0.0126295
11.0613	0.0126295	0.0126758
11.0631	0.0126758	0.0128414
11.065	0.0128414	0.0129862
11.0669	0.0129862	0.0129879
11.0688	0.0129879	0.0129894
11.0707	0.0129894	0.0129907
11.0726	0.0129907	0.0132419
11.0745	0.0132419	0.0134617
11.0764	0.0134617	0.013654
11.0782	0.013654	0.0138222
11.0801	0.0138222	0.0139694
11.082	0.0139694	0.0142233
11.0839	0.0142233	0.0143203
11.0858	0.0143203	0.0144053
11.0877	0.0144053	0.0144796
11.0896	0.0144796	0.0145447
11.0915	0.0145447	0.0146016
11.0934	0.0146016	0.0146514
11.0952	0.0146514	0.014695
11.0971	0.014695	0.0147331
11.099	0.0147331	0.0148915
11.1009	0.0148915	0.014905
11.1028	0.014905	0.0149169
11.1047	0.0149169	0.0151773
11.1066	0.0151773	0.0154051
11.1085	0.0154051	0.0156045
11.1103	0.0156045	0.0157789
11.1122	0.0157789	0.0159316
11.1141	0.0159316	0.0160651
11.116	0.0160651	0.016182
11.1179	0.016182	0.0162842
11.1198	0.0162842	0.0163737
11.1217	0.0163737	0.016452
11.1236	0.016452	0.0165205
11.1254	0.0165205	0.0165804
11.1273	0.0165804	0.0166329
11.1292	0.0166329	0.0166788
11.1311	0.0166788	0.0167189
11.133	0.0167189	0.0167541
11.1349	0.0167541	0.0167848
11.1368	0.0167848	0.0168117
11.1387	0.0168117	0.0170852
11.1406	0.0170852	0.0173246
11.1424	0.0173246	0.017534
11.1443	0.017534	0.0177173
11.1462	0.0177173	0.0178776
11.1481	0.0178776	0.0180179
11.15	0.0180179	0.0180157
11.1519	0.0180157	0.0180137
11.1538	0.0180137	0.018137
11.1557	0.018137	0.0182449
11.1575	0.0182449	0.0183393
11.1594	0.0183393	0.0184218
11.1613	0.0184218	0.0184941
11.1632	0.0184941	0.0185574
11.1651	0.0185574	0.0186127
11.167	0.0186127	0.0185361
11.1689	0.0185361	0.0185941
11.1708	0.0185941	0.0186448
11.1726	0.0186448	0.0186892
11.1745	0.0186892	0.0187281
11.1764	0.0187281	0.0187621
11.1783	0.0187621	0.0190418
11.1802	0.0190418	0.0192866
11.1821	0.0192866	0.0195008
11.184	0.0195008	0.0195632
11.1859	0.0195632	0.0196178
11.1878	0.0196178	0.0197905
11.1896	0.0197905	0.0199417
11.1915	0.0199417	0.020074
11.1934	0.020074	0.0201898
11.1953	0.0201898	0.020291
11.1972	0.020291	0.0203797
11.1991	0.0203797	0.0204572
11.201	0.0204572	0.0204
11.2029	0.0204	0.02035
11.2047	0.02035	0.0204313
11.2066	0.0204313	0.0205024
11.2085	0.0205024	0.0205646
11.2104	0.0205646	0.020619
11.2123	0.020619	0.0206666
11.2142	0.0206666	0.0207083
11.2161	0.0207083	0.0207448
11.218	0.0207448	0.0206517
11.2198	0.0206517	0.0208202
11.2217	0.0208202	0.0209677
11.2236	0.0209677	0.0212217
11.2255	0.0212217	0.021444
11.2274	0.021444	0.0216385
11.2293	0.0216385	0.0218087
11.2312	0.0218087	0.0219576
11.2331	0.0219576	0.0220879
11.235	0.0220879	0.0220769
11.2368	0.0220769	0.0220673
11.2387	0.0220673	0.0220589
11.2406	0.0220589	0.0221765
11.2425	0.0221765	0.0222795
11.2444	0.0222795	0.0223695
11.2463	0.0223695	0.0224483
11.2482	0.0224483	0.0225173
11.2501	0.0225173	0.0225776
11.2519	0.0225776	0.0225054
11.2538	0.0225054	0.0224422
11.2557	0.0224422	0.022387
11.2576	0.022387	0.0224636
11.2595	0.0224636	0.0225306
11.2614	0.0225306	0.0225893
11.2633	0.0225893	0.0226406
11.2652	0.0226406	0.0226856
11.267	0.0226856	0.0229749
11.2689	0.0229749	0.023103
11.2708	0.023103	0.0232151
11.2727	0.0232151	0.0233132
11.2746	0.0233132	0.0233991
11.2765	0.0233991	0.0235992
11.2784	0.0235992	0.0237743
11.2803	0.0237743	0.0239275
11.2822	0.0239275	0.0240616
11.284	0.0240616	0.0241789
11.2859	0.0241789	0.0241565
11.2878	0.0241565	0.024137
11.2897	0.024137	0.0241198
11.2916	0.0241198	0.0241049
11.2935	0.0241049	0.0242167
11.2954	0.0242167	0.0243147
11.2973	0.0243147	0.0244003
11.2991	0.0244003	0.0244753
11.301	0.0244753	0.0245409
11.3029	0.0245409	0.0244733
11.3048	0.0244733	0.0244141
11.3067	0.0244141	0.0243623
11.3086	0.0243623	0.024317
11.3105	0.024317	0.0244024
11.3124	0.0244024	0.0244771
11.3142	0.0244771	0.0245425
11.3161	0.0245425	0.0248497
11.318	0.0248497	0.0251185
11.3199	0.0251185	0.0252286
11.3218	0.0252286	0.0253251
11.3237	0.0253251	0.0254094
11.3256	0.0254094	0.0254833
11.3275	0.0254833	0.0255478
11.3294	0.0255478	0.0257294
11.3312	0.0257294	0.0258882
11.3331	0.0258882	0.0260272
11.335	0.0260272	0.0261488
11.3369	0.0261488	0.0261302
11.3388	0.0261302	0.0261139
11.3407	0.0261139	0.0260997
11.3426	0.0260997	0.0260872
11.3445	0.0260872	0.0260763
11.3463	0.0260763	0.0261918
11.3482	0.0261918	0.0262928
11.3501	0.0262928	0.0263812
11.352	0.0263812	0.0264585
11.3539	0.0264585	0.0264012
11.3558	0.0264012	0.0263511
11.3577	0.0263511	0.0263072
11.3596	0.0263072	0.0262688
11.3614	0.0262688	0.0262352
11.3633	0.0262352	0.0263308
11.3652	0.0263308	0.0264144
11.3671	0.0264144	0.0264876
11.369	0.0264876	0.0265517
11.3709	0.0265517	0.0267327
11.3728	0.0267327	0.0268911
11.3747	0.0268911	0.0270297
11.3766	0.0270297	0.027151
11.3784	0.027151	0.0272571
11.3803	0.0272571	0.02735
11.3822	0.02735	0.0275562
11.3841	0.0275562	0.0277367
11.386	0.0277367	0.0277696
11.3879	0.0277696	0.0277984
11.3898	0.0277984	0.0278236
11.3917	0.0278236	0.0278457
11.3935	0.0278457	0.027865
11.3954	0.027865	0.0278818
11.3973	0.0278818	0.0278966
11.3992	0.0278966	0.0280345
11.4011	0.0280345	0.0281552
11.403	0.0281552	0.0281358
11.4049	0.0281358	0.0281188
11.4068	0.0281188	0.028104
11.4086	0.028104	0.028091
11.4105	0.028091	0.0280796
11.4124	0.0280796	0.0280697
11.4143	0.0280697	0.028186
11.4162	0.028186	0.0282877
11.4181	0.0282877	0.0283767
11.42	0.0283767	0.0283296
11.4219	0.0283296	0.0282884
11.4238	0.0282884	0.0282524
11.4256	0.0282524	0.0282208
11.4275	0.0282208	0.0284432
11.4294	0.0284432	0.0286378
11.4313	0.0286378	0.0288081
11.4332	0.0288081	0.0290821
11.4351	0.0290821	0.0293218
11.437	0.0293218	0.0294066
11.4389	0.0294066	0.0294808
11.4407	0.0294808	0.0295457
11.4426	0.0295457	0.0296025
11.4445	0.0296025	0.0296522
11.4464	0.0296522	0.0296956
11.4483	0.0296956	0.0297337
11.4502	0.0297337	0.029892
11.4521	0.029892	0.0300305
11.454	0.0300305	0.0300267
11.4558	0.0300267	0.0300233
11.4577	0.0300233	0.0300204
11.4596	0.0300204	0.0300179
11.4615	0.0300179	0.0300156
11.4634	0.0300156	0.0300137
11.4653	0.0300137	0.030012
11.4672	0.030012	0.0301355
11.4691	0.0301355	0.0302435
11.471	0.0302435	0.0302131
11.4728	0.0302131	0.0301865
11.4747	0.0301865	0.0301631
11.4766	0.0301631	0.0301428
11.4785	0.0301428	0.0301249
11.4804	0.0301249	0.0301093
11.4823	0.0301093	0.0300956
11.4842	0.0300956	0.0302087
11.4861	0.0302087	0.0303076
11.4879	0.0303076	0.0302691
11.4898	0.0302691	0.0304855
11.4917	0.0304855	0.0306748
11.4936	0.0306748	0.0308405
11.4955	0.0308405	0.0309854
11.4974	0.0309854	0.0311122
11.4993	0.0311122	0.0312232
11.5012	0.0312232	0.0313203
11.503	0.0313203	0.0315303
11.5049	0.0315303	0.031589
11.5068	0.031589	0.0316404
11.5087	0.0316404	0.0316853
11.5106	0.0316853	0.0317246
11.5125	0.0317246	0.0317591
11.5144	0.0317591	0.0317892
11.5163	0.0317892	0.0318155
11.5182	0.0318155	0.0318386
11.52	0.0318386	0.0319838
11.5219	0.0319838	0.0319858
11.5238	0.0319858	0.0319876
11.5257	0.0319876	0.0319891
11.5276	0.0319891	0.0319905
11.5304	0.0319905	0.0321167
11.5644	0.0321167	0.0321021
11.5663	0.0321021	0.0320893
11.5682	0.0320893	0.0320782
11.5701	0.0320782	0.0321934
11.572	0.0321934	0.0321692
11.5738	0.0321692	0.0321481
11.5757	0.0321481	0.0321296
11.5776	0.0321296	0.0321134
11.5795	0.0321134	0.0320992
11.5814	0.0320992	0.0318368
11.5833	0.0318368	0.0314822
11.5852	0.0314822	0.0309219
11.5871	0.0309219	0.0301817
11.589	0.0301817	0.028659
11.5908	0.028659	0.0274516
11.5927	0.0274516	0.0263951
11.5946	0.0263951	0.0254708
11.5965	0.0254708	0.0246619
11.5984	0.0246619	0.0239542
11.6003	0.0239542	0.0233349
11.6022	0.0233349	0.022793
11.6041	0.022793	0.0223189
11.6059	0.0223189	0.021779
11.6078	0.021779	0.0214317
11.6097	0.0214317	0.0211277
11.6116	0.0211277	0.0208617
11.6135	0.0208617	0.020629
11.6154	0.020629	0.0204254
11.6173	0.0204254	0.0202472
11.6192	0.0202472	0.0200913
11.621	0.0200913	0.0199549
11.6229	0.0199549	0.0197105
11.6248	0.0197105	0.0196217
11.6267	0.0196217	0.019544
11.6286	0.019544	0.019726
11.6305	0.019726	0.0198853
11.6324	0.0198853	0.0200246
11.6343	0.0200246	0.0201465
11.6362	0.0201465	0.0202532
11.638	0.0202532	0.0203466
11.6399	0.0203466	0.0203032
11.6418	0.0203032	0.0202653
11.6437	0.0202653	0.0203572
11.6456	0.0203572	0.0204375
11.6475	0.0204375	0.0205078
11.6494	0.0205078	0.0205693
11.6513	0.0205693	0.0206232
11.6531	0.0206232	0.0206703
11.655	0.0206703	0.0207115
11.6569	0.0207115	0.0206226
11.6588	0.0206226	0.0205447
11.6607	0.0205447	0.0206016
11.6626	0.0206016	0.0206514
11.6645	0.0206514	0.020695
11.6664	0.020695	0.0207331
11.6682	0.0207331	0.0207665
11.6701	0.0207665	0.0210457
11.672	0.0210457	0.02129
11.6739	0.02129	0.0213787
11.6758	0.0213787	0.0214564
11.6777	0.0214564	0.0215243
11.6796	0.0215243	0.0217088
11.6815	0.0217088	0.0218702
11.6834	0.0218702	0.0220114
11.6852	0.0220114	0.022135
11.6871	0.022135	0.0222431
11.689	0.0222431	0.0223377
11.6909	0.0223377	0.0222955
11.6928	0.0222955	0.0222586
11.6947	0.0222586	0.0222262
11.6966	0.0222262	0.022323
11.6985	0.022323	0.0224076
11.7003	0.0224076	0.0224816
11.7022	0.0224816	0.0225464
11.7041	0.0225464	0.0226031
11.706	0.0226031	0.0226527
11.7079	0.0226527	0.0225712
11.7098	0.0225712	0.0224998
11.7117	0.0224998	0.0224373
11.7136	0.0224373	0.0225076
11.7154	0.0225076	0.0225692
11.7173	0.0225692	0.022873
11.7192	0.022873	0.0231389
11.7211	0.0231389	0.0233715
11.723	0.0233715	0.0235751
11.7249	0.0235751	0.0236282
11.7268	0.0236282	0.0236747
11.7287	0.0236747	0.0237153
11.7306	0.0237153	0.0237509
11.7324	0.0237509	0.0239071
11.7343	0.0239071	0.0240437
11.7362	0.0240437	0.0241632
11.7381	0.0241632	0.0242678
11.74	0.0242678	0.0242343
11.7419	0.0242343	0.024205
11.7438	0.024205	0.0241794
11.7457	0.0241794	0.024157
11.7475	0.024157	0.0241374
11.7494	0.0241374	0.0242452
11.7513	0.0242452	0.0243395
11.7532	0.0243395	0.0244221
11.7551	0.0244221	0.0244943
11.757	0.0244943	0.0244325
11.7589	0.0244325	0.0243785
11.7608	0.0243785	0.0243312
11.7626	0.0243312	0.0242898
11.7645	0.0242898	0.0243785
11.7664	0.0243785	0.0247062
11.7683	0.0247062	0.0249929
11.7702	0.0249929	0.0252438
11.7721	0.0252438	0.0254634
11.774	0.0254634	0.0255304
11.7759	0.0255304	0.0255891
11.7778	0.0255891	0.0256405
11.7796	0.0256405	0.0256854
11.7815	0.0256854	0.0257247
11.7834	0.0257247	0.0258842
11.7853	0.0258842	0.0260236
11.7872	0.0260236	0.0261457
11.7891	0.0261457	0.0262525
11.791	0.0262525	0.0262209
11.7929	0.0262209	0.0261933
11.7947	0.0261933	0.0261691
11.7966	0.0261691	0.026148
11.7985	0.026148	0.0261295
11.8004	0.0261295	0.0262383
11.8023	0.0262383	0.0263335
11.8042	0.0263335	0.0264168
11.8061	0.0264168	0.0264897
11.808	0.0264897	0.0264285
11.8098	0.0264285	0.0263749
11.8117	0.0263749	0.0263281
11.8136	0.0263281	0.0262871
11.8155	0.0262871	0.0262512
11.8174	0.0262512	0.0263448
11.8193	0.0263448	0.0264267
11.8212	0.0264267	0.0267483
11.8231	0.0267483	0.0270298
11.825	0.0270298	0.0271511
11.8268	0.0271511	0.0272572
11.8287	0.0272572	0.02735
11.8306	0.02735	0.0274313
11.8325	0.0274313	0.0275024
11.8344	0.0275024	0.0275646
11.8363	0.0275646	0.027744
11.8382	0.027744	0.027901
11.8401	0.027901	0.0280384
11.8419	0.0280384	0.0280336
11.8438	0.0280336	0.0280294
11.8457	0.0280294	0.0280257
11.8476	0.0280257	0.0280225
11.8495	0.0280225	0.0280197
11.8514	0.0280197	0.0280172
11.8533	0.0280172	0.0281401
11.8552	0.0281401	0.0282476
11.857	0.0282476	0.0283416
11.8589	0.0283416	0.0282989
11.8608	0.0282989	0.0282615
11.8627	0.0282615	0.0282289
11.8646	0.0282289	0.0282002
11.8665	0.0282002	0.0281752
11.8684	0.0281752	0.0281533
11.8703	0.0281533	0.0282591
11.8722	0.0282591	0.0283518
11.874	0.0283518	0.0284328
11.8759	0.0284328	0.0283787
11.8778	0.0283787	0.0285813
11.8797	0.0285813	0.0287587
11.8816	0.0287587	0.0289138
11.8835	0.0289138	0.0290496
11.8854	0.0290496	0.0291684
11.8873	0.0291684	0.0292724
11.8891	0.0292724	0.0294883
11.891	0.0294883	0.0296773
11.8929	0.0296773	0.0297176
11.8948	0.0297176	0.0297529
11.8967	0.0297529	0.0297838
11.8986	0.0297838	0.0298108
11.9005	0.0298108	0.0298345
11.9024	0.0298345	0.0298552
11.9042	0.0298552	0.0298733
11.9061	0.0298733	0.0300141
11.908	0.0300141	0.0301373
11.9099	0.0301373	0.0301202
11.9118	0.0301202	0.0301052
11.9137	0.0301052	0.030092
11.9156	0.030092	0.0300805
11.9175	0.0300805	0.0300704
11.9194	0.0300704	0.0300616
11.9212	0.0300616	0.0300539
11.9231	0.0300539	0.0301722
11.925	0.0301722	0.0302757
11.9269	0.0302757	0.0302412
11.9288	0.0302412	0.0302111
11.9307	0.0302111	0.0301847
11.9326	0.0301847	0.0301616
11.9345	0.0301616	0.0301414
11.9363	0.0301414	0.0301237
11.9382	0.0301237	0.0301083
11.9401	0.0301083	0.0303447
11.942	0.0303447	0.0306766
11.9439	0.0306766	0.030842
11.9458	0.030842	0.0309868
11.9477	0.0309868	0.0311134
11.9496	0.0311134	0.0312243
11.9514	0.0312243	0.0313212
11.9533	0.0313212	0.0314061
11.9552	0.0314061	0.0314803
11.9571	0.0314803	0.0315453
11.959	0.0315453	0.0317271
11.9609	0.0317271	0.0317612
11.9628	0.0317612	0.0317911
11.9647	0.0317911	0.0318172
11.9666	0.0318172	0.03184
11.9684	0.03184	0.03186
11.9703	0.03186	0.0318775
11.9722	0.0318775	0.0318928
11.9741	0.0318928	0.0319062
11.976	0.0319062	0.031918
11.9779	0.031918	0.0319282
11.9798	0.0319282	0.0319372
11.9817	0.0319372	0.031945
11.9835	0.031945	0.0319519
11.9854	0.0319519	0.0319579
11.9873	0.0319579	0.0319632
11.9892	0.0319632	0.0319678
11.9911	0.0319678	0.0319718
11.993	0.0319718	0.0319753
11.9949	0.0319753	0.0319784
11.9968	0.0319784	0.0319811
11.9986	0.0319811	0.0319835
12.0005	0.0319835	0.0319855
12.0024	0.0319855	0.0319873
12.0043	0.0319873	0.0322389
12.0062	0.0322389	0.0324591
12.0081	0.0324591	0.0326517
12.01	0.0326517	0.0328202
12.0119	0.0328202	0.0329677
12.0138	0.0329677	0.0330967
12.0156	0.0330967	0.0332096
12.0175	0.0332096	0.0333084
12.0194	0.0333084	0.0333949
12.0213	0.0333949	0.0334705
12.0232	0.0334705	0.0335367
12.0251	0.0335367	0.0335946
12.027	0.0335946	0.0336453
12.0289	0.0336453	0.0336896
12.0307	0.0336896	0.0337284
12.0326	0.0337284	0.0337624
12.0345	0.0337624	0.0337921
12.0364	0.0337921	0.0338181
12.0383	0.0338181	0.0338408
12.0402	0.0338408	0.0338607
12.0421	0.0338607	0.0338781
12.044	0.0338781	0.0338934
12.0458	0.0338934	0.0339067
12.0477	0.0339067	0.0339183
12.0496	0.0339183	0.0339286
12.0515	0.0339286	0.0339375
12.0534	0.0339375	0.0339453
12.0553	0.0339453	0.0339521
12.0572	0.0339521	0.0339581
12.0591	0.0339581	0.0339634
12.061	0.0339634	0.0339679
12.0628	0.0339679	0.0339719
12.0647	0.0339719	0.0339754
12.0666	0.0339754	0.0339785
12.0685	0.0339785	0.0339812
12.0704	0.0339812	0.0339836
12.0723	0.0339836	0.0339856
12.0742	0.0339856	0.0342374
12.0761	0.0342374	0.0344577
12.0779	0.0344577	0.0345255
12.0798	0.0345255	0.0347098
12.0817	0.0347098	0.0348711
12.0836	0.0348711	0.0350122
12.0855	0.0350122	0.0351357
12.0874	0.0351357	0.0352437
12.0893	0.0352437	0.0353383
12.0912	0.0353383	0.035421
12.093	0.035421	0.0354934
12.0949	0.0354934	0.0354317
12.0968	0.0354317	0.0355027
12.0987	0.0355027	0.0355649
12.1006	0.0355649	0.0356193
12.1025	0.0356193	0.0356669
12.1044	0.0356669	0.0357085
12.1063	0.0357085	0.0357449
12.1082	0.0357449	0.0357768
12.11	0.0357768	0.0358047
12.1119	0.0358047	0.0357041
12.1138	0.0357041	0.0357411
12.1157	0.0357411	0.0357735
12.1176	0.0357735	0.0358018
12.1195	0.0358018	0.0358266
12.1214	0.0358266	0.0358482
12.1233	0.0358482	0.0358672
12.1251	0.0358672	0.0358838
12.127	0.0358838	0.0358983
12.1289	0.0358983	0.035786
12.1308	0.035786	0.0358128
12.1327	0.0358128	0.0358362
12.1346	0.0358362	0.0358567
12.1365	0.0358567	0.0358746
12.1384	0.0358746	0.0358903
12.1402	0.0358903	0.035904
12.1421	0.035904	0.035916
12.144	0.035916	0.0359265
12.1459	0.0359265	0.0360607
12.1478	0.0360607	0.0361781
12.1497	0.0361781	0.0364058
12.1516	0.0364058	0.0366051
12.1535	0.0366051	0.0367795
12.1554	0.0367795	0.036932
12.1572	0.036932	0.0370655
12.1591	0.0370655	0.0371823
12.161	0.0371823	0.0372845
12.1629	0.0372845	0.037249
12.1648	0.037249	0.0372178
12.1667	0.0372178	0.0373156
12.1686	0.0373156	0.0374012
12.1705	0.0374012	0.037476
12.1723	0.037476	0.0375415
12.1742	0.0375415	0.0375988
12.1761	0.0375988	0.037649
12.178	0.037649	0.0376928
12.1799	0.0376928	0.0376062
12.1818	0.0376062	0.0375305
12.1837	0.0375305	0.0375892
12.1856	0.0375892	0.0378905
12.1874	0.0378905	0.0381542
12.1893	0.0381542	0.0383849
12.1912	0.0383849	0.0385868
12.1931	0.0385868	0.0387635
12.195	0.0387635	0.038918
12.1969	0.038918	0.0389283
12.1988	0.0389283	0.0389372
12.2007	0.0389372	0.0389451
12.2026	0.0389451	0.0390769
12.2044	0.0390769	0.0391923
12.2063	0.0391923	0.0392933
12.2082	0.0392933	0.0393816
12.2101	0.0393816	0.0394589
12.212	0.0394589	0.0394016
12.2139	0.0394016	0.0393514
12.2158	0.0393514	0.0393074
12.2177	0.0393074	0.039269
12.2195	0.039269	0.0393604
12.2214	0.0393604	0.0394403
12.2233	0.0394403	0.0395103
12.2252	0.0395103	0.0395715
12.2271	0.0395715	0.0398751
12.229	0.0398751	0.0400157
12.2309	0.0400157	0.0401387
12.2328	0.0401387	0.0402464
12.2346	0.0402464	0.0403406
12.2365	0.0403406	0.040423
12.2384	0.040423	0.0406201
12.2403	0.0406201	0.0407926
12.2422	0.0407926	0.0409435
12.2441	0.0409435	0.0410756
12.246	0.0410756	0.0410661
12.2479	0.0410661	0.0410579
12.2498	0.0410579	0.0410506
12.2516	0.0410506	0.0410443
12.2535	0.0410443	0.0411638
12.2554	0.0411638	0.0412683
12.2573	0.0412683	0.0413598
12.2592	0.0413598	0.0414398
12.2611	0.0414398	0.0415098
12.263	0.0415098	0.0414461
12.2649	0.0414461	0.0413903
12.2667	0.0413903	0.0413415
12.2686	0.0413415	0.0412988
12.2705	0.0412988	0.0415115
12.2724	0.0415115	0.0418226
12.2743	0.0418226	0.0420947
12.2762	0.0420947	0.0423329
12.2781	0.0423329	0.0425413
12.28	0.0425413	0.0425986
12.2818	0.0425986	0.0426488
12.2837	0.0426488	0.0426927
12.2856	0.0426927	0.0427311
12.2875	0.0427311	0.0427647
12.2894	0.0427647	0.0429191
12.2913	0.0429191	0.0430542
12.2932	0.0430542	0.0431725
12.2951	0.0431725	0.0432759
12.297	0.0432759	0.0432414
12.2988	0.0432414	0.0432112
12.3007	0.0432112	0.0431848
12.3026	0.0431848	0.0431617
12.3045	0.0431617	0.0431415
12.3064	0.0431415	0.0432488
12.3083	0.0432488	0.0433427
12.3102	0.0433427	0.0434249
12.3121	0.0434249	0.0434968
12.3139	0.0434968	0.0436847
12.3158	0.0436847	0.0438491
12.3177	0.0438491	0.043993
12.3196	0.043993	0.0441188
12.3215	0.0441188	0.044229
12.3234	0.044229	0.0443254
12.3253	0.0443254	0.0445347
12.3272	0.0445347	0.0447178
12.3762	0.0447178	0.0448781
12.3781	0.0448781	0.0451434
12.38	0.0451434	0.0453754
12.3819	0.0453754	0.0454535
12.3838	0.0454535	0.0455218
12.3857	0.0455218	0.0455816
12.3876	0.0455816	0.0457589
12.3895	0.0457589	0.045914
12.3914	0.045914	0.0460498
12.3932	0.0460498	0.0461686
12.3951	0.0461686	0.0463975
12.397	0.0463975	0.0467228
12.3989	0.0467228	0.0468824
12.4008	0.0468824	0.0470221
12.4027	0.0470221	0.0470194
12.4046	0.0470194	0.046767
12.4065	0.046767	0.0464211
12.4083	0.0464211	0.0459934
12.4102	0.0459934	0.0453693
12.4121	0.0453693	0.0446981
12.414	0.0446981	0.0427358
12.4159	0.0427358	0.0408939
12.4178	0.0408939	0.0392821
12.4197	0.0392821	0.0378719
12.4216	0.0378719	0.0366379
12.4234	0.0366379	0.0355581
12.4253	0.0355581	0.0346134
12.4272	0.0346134	0.0339117
12.4291	0.0339117	0.0332977
12.431	0.0332977	0.0327605
12.4329	0.0327605	0.0321655
12.4348	0.0321655	0.0316448
12.4367	0.0316448	0.0311892
12.4386	0.0311892	0.0307905
12.4404	0.0307905	0.0304417
12.4423	0.0304417	0.0301365
12.4442	0.0301365	0.0299944
12.4461	0.0299944	0.0298701
12.448	0.0298701	0.0296364
12.4499	0.0296364	0.0294318
12.482	0.0294318	0.0292528
12.4839	0.0292528	0.0290962
12.4858	0.0290962	0.0289592
12.4876	0.0289592	0.0288393
12.4895	0.0288393	0.0287344
12.4914	0.0287344	0.0286426
12.4933	0.0286426	0.0286873
12.4952	0.0286873	0.0287264
12.4971	0.0287264	0.0285106
12.499	0.0285106	0.0279467
12.5009	0.0279467	0.0272034
12.5027	0.0272034	0.025928
12.5046	0.025928	0.024812
12.5065	0.024812	0.0238355
12.5084	0.0238355	0.022981
12.5103	0.022981	0.0222334
12.5122	0.0222334	0.0215792
12.5141	0.0215792	0.0210068
12.516	0.0210068	0.020506
12.5178	0.020506	0.0200677
12.5386	0.0200677	0.0196843
12.5405	0.0196843	0.0193487
12.5424	0.0193487	0.0190551
12.5443	0.0190551	0.0187982
12.5462	0.0187982	0.0185735
12.5481	0.0185735	0.0182518
12.5499	0.0182518	0.0175953
12.5518	0.0175953	0.0167709
12.5537	0.0167709	0.0160495
12.5556	0.0160495	0.0154183
12.5575	0.0154183	0.014866
12.5594	0.014866	0.0143828
12.5613	0.0143828	0.0140849
12.5632	0.0140849	0.0138243
12.565	0.0138243	0.0135963
12.5669	0.0135963	0.0132717
12.5688	0.0132717	0.0129878
12.5707	0.0129878	0.0129893
12.5726	0.0129893	0.0129906
12.5745	0.0129906	0.0129918
12.5764	0.0129918	0.0129928
12.5783	0.0129928	0.0129937
12.5802	0.0129937	0.0131195
12.582	0.0131195	0.0132296
12.5839	0.0132296	0.0132009
12.5858	0.0132009	0.0131758
12.5877	0.0131758	0.0131538
12.5896	0.0131538	0.0131346
12.5915	0.0131346	0.0131177
12.5934	0.0131177	0.013103
12.5953	0.013103	0.0130902
12.5971	0.0130902	0.0132039
12.599	0.0132039	0.0135534
12.6009	0.0135534	0.0137342
12.6028	0.0137342	0.0138924
12.6047	0.0138924	0.0140309
12.6066	0.0140309	0.014152
12.6085	0.014152	0.014258
12.6104	0.014258	0.0143508
12.6122	0.0143508	0.0144319
12.6141	0.0144319	0.0145029
12.616	0.0145029	0.0146901
12.6179	0.0146901	0.0147288
12.6198	0.0147288	0.0147627
12.6217	0.0147627	0.0147924
12.6236	0.0147924	0.0148183
12.6255	0.0148183	0.014841
12.6274	0.014841	0.0148609
12.6292	0.0148609	0.0151283
12.6311	0.0151283	0.0153623
12.633	0.0153623	0.015567
12.6349	0.015567	0.0157461
12.6368	0.0157461	0.0159028
12.6387	0.0159028	0.01604
12.6406	0.01604	0.01616
12.6425	0.01616	0.016265
12.6443	0.016265	0.0163569
12.6462	0.0163569	0.0164373
12.6481	0.0164373	0.0165076
12.65	0.0165076	0.0165691
12.6519	0.0165691	0.016623
12.6538	0.016623	0.0166701
12.6557	0.0166701	0.0167114
12.6576	0.0167114	0.0167474
12.6594	0.0167474	0.016779
12.6613	0.016779	0.0168066
12.6632	0.0168066	0.0168308
12.6651	0.0168308	0.017102
12.667	0.017102	0.0173392
12.6689	0.0173392	0.0174218
12.6708	0.0174218	0.0176191
12.6727	0.0176191	0.0177917
12.6746	0.0177917	0.0179427
12.6764	0.0179427	0.0180749
12.6783	0.0180749	0.0181905
12.6802	0.0181905	0.0182917
12.6821	0.0182917	0.0183802
12.684	0.0183802	0.0183327
12.6859	0.0183327	0.0182911
12.6878	0.0182911	0.0183797
12.6897	0.0183797	0.0184573
12.6915	0.0184573	0.0185251
12.6934	0.0185251	0.0185845
12.6953	0.0185845	0.0186364
12.6972	0.0186364	0.0186819
12.6991	0.0186819	0.0187216
12.701	0.0187216	0.0186314
12.7029	0.0186314	0.0188025
12.7048	0.0188025	0.0190772
12.7066	0.0190772	0.0193175
12.7085	0.0193175	0.0195278
12.7104	0.0195278	0.0197119
12.7123	0.0197119	0.0198729
12.7142	0.0198729	0.0200138
12.7161	0.0200138	0.020137
12.718	0.020137	0.0201199
12.7199	0.0201199	0.0201049
12.7218	0.0201049	0.0202168
12.7236	0.0202168	0.0203147
12.7255	0.0203147	0.0204004
12.7274	0.0204004	0.0204753
12.7293	0.0204753	0.0205409
12.7312	0.0205409	0.0205983
12.7331	0.0205983	0.0206485
12.735	0.0206485	0.0205674
12.7369	0.0205674	0.0204965
12.7387	0.0204965	0.0205594
12.7406	0.0205594	0.0206145
12.7425	0.0206145	0.0206627
12.7444	0.0206627	0.0207049
12.7463	0.0207049	0.0209918
12.7482	0.0209918	0.0212428
12.7501	0.0212428	0.0214624
12.752	0.0214624	0.0215296
12.7538	0.0215296	0.0215884
12.7557	0.0215884	0.0216399
12.7576	0.0216399	0.0218099
12.7595	0.0218099	0.0219587
12.7614	0.0219587	0.0220888
12.7633	0.0220888	0.0222027
12.7652	0.0222027	0.0223024
12.7671	0.0223024	0.0223896
12.769	0.0223896	0.0223409
12.7708	0.0223409	0.0222983
12.7727	0.0222983	0.022261
12.7746	0.022261	0.0223534
12.7765	0.0223534	0.0224342
12.7784	0.0224342	0.0225049
12.7803	0.0225049	0.0225668
12.7822	0.0225668	0.022621
12.7841	0.022621	0.0226683
12.7859	0.0226683	0.0225848
12.7878	0.0225848	0.0225117
12.7897	0.0225117	0.0224477
12.7916	0.0224477	0.0226418
12.7935	0.0226418	0.0229365
12.7954	0.0229365	0.0231945
12.7973	0.0231945	0.0234202
12.7992	0.0234202	0.0236176
12.801	0.0236176	0.0237904
12.8029	0.0237904	0.0238166
12.8058	0.0238166	0.0239646
12.8313	0.0239646	0.023969
12.8331	0.023969	0.0240979
12.835	0.0240979	0.0242106
12.8369	0.0242106	0.0241843
12.8388	0.0241843	0.0241613
12.8407	0.0241613	0.0241411
12.8426	0.0241411	0.0241235
12.8445	0.0241235	0.023983
12.8464	0.023983	0.0236102
12.8482	0.0236102	0.0230339
12.8501	0.0230339	0.0220296
12.852	0.0220296	0.0212759
12.8539	0.0212759	0.0204914
12.8558	0.0204914	0.019805
12.8577	0.019805	0.0192044
12.8596	0.0192044	0.0186788
12.8615	0.0186788	0.018219
12.8634	0.018219	0.0178166
12.8652	0.0178166	0.0174645
12.8671	0.0174645	0.0171565
12.869	0.0171565	0.0170119
12.8709	0.0170119	0.0167604
12.8728	0.0167604	0.0165404
12.8747	0.0165404	0.0163478
12.8766	0.0163478	0.0164293
12.8785	0.0164293	0.0165007
12.8803	0.0165007	0.0165631
12.8822	0.0165631	0.0166177
12.8841	0.0166177	0.0166655
12.887	0.0166655	0.0167073
12.9049	0.0167073	0.0166189
12.9068	0.0166189	0.0166665
12.9087	0.0166665	0.0167082
12.9106	0.0167082	0.0167447
12.9124	0.0167447	0.0167766
12.9143	0.0167766	0.0165545
12.9162	0.0165545	0.0161102
12.9181	0.0161102	0.0155964
12.92	0.0155964	0.0150219
12.9219	0.0150219	0.0145191
12.9238	0.0145191	0.0140792
12.9257	0.0140792	0.0136943
12.9275	0.0136943	0.0133575
12.9294	0.0133575	0.0130629
12.9313	0.0130629	0.01293
12.9332	0.01293	0.0128137
12.9351	0.0128137	0.012712
12.937	0.012712	0.012748
12.9389	0.012748	0.0127795
12.9408	0.0127795	0.0128071
12.9426	0.0128071	0.0128312
12.9445	0.0128312	0.0128523
12.9464	0.0128523	0.0128708
12.9483	0.0128708	0.0128869
12.9502	0.0128869	0.013026
12.9521	0.013026	0.0131478
12.954	0.0131478	0.0131293
12.9559	0.0131293	0.0131132
12.9578	0.0131132	0.013099
12.9596	0.013099	0.0130866
12.9615	0.0130866	0.0130758
12.9634	0.0130758	0.0130663
12.9653	0.0130663	0.013308
12.9672	0.013308	0.0135195
12.9691	0.0135195	0.0138296
12.971	0.0138296	0.0139759
12.9729	0.0139759	0.0141039
12.9747	0.0141039	0.0142159
12.9766	0.0142159	0.0143139
12.9785	0.0143139	0.0143997
12.9804	0.0143997	0.0144747
12.9823	0.0144747	0.0145404
12.9842	0.0145404	0.0145978
12.9861	0.0145978	0.0147731
12.988	0.0147731	0.0148015
12.9898	0.0148015	0.0148263
12.9917	0.0148263	0.014848
12.9936	0.014848	0.014867
12.9955	0.014867	0.0151336
12.9974	0.0151336	0.0153669
12.9993	0.0153669	0.0155711
13.0012	0.0155711	0.0157497
13.0031	0.0157497	0.015906
13.005	0.015906	0.0160427
13.0068	0.0160427	0.0161624
13.0087	0.0161624	0.0162671
13.0106	0.0162671	0.0163587
13.0125	0.0163587	0.0164389
13.0144	0.0164389	0.016509
13.0163	0.016509	0.0165704
13.0182	0.0165704	0.0166241
13.0201	0.0166241	0.0166711
13.0219	0.0166711	0.0167122
13.0238	0.0167122	0.0167482
13.0257	0.0167482	0.0167796
13.0276	0.0167796	0.0168072
13.0295	0.0168072	0.0168313
13.0314	0.0168313	0.0171024
13.0333	0.0171024	0.0173396
13.0352	0.0173396	0.0175471
13.037	0.0175471	0.0177287
13.0389	0.0177287	0.0177626
13.0408	0.0177626	0.0179173
13.0427	0.0179173	0.0180526
13.0446	0.0180526	0.0181711
13.0465	0.0181711	0.0182747
13.0484	0.0182747	0.0183653
13.0503	0.0183653	0.0184447
13.0522	0.0184447	0.0185141
13.054	0.0185141	0.0185748
13.0559	0.0185748	0.018503
13.0578	0.018503	0.0185651
13.0597	0.0185651	0.0186195
13.0616	0.0186195	0.018667
13.0635	0.018667	0.0187087
13.0654	0.0187087	0.0187451
13.0673	0.0187451	0.0187769
13.0691	0.0187769	0.0190548
13.071	0.0190548	0.019298
13.0729	0.019298	0.0193857
13.0748	0.0193857	0.0194625
13.0767	0.0194625	0.0196547
13.0786	0.0196547	0.0198229
13.0805	0.0198229	0.01997
13.0824	0.01997	0.0200987
13.0842	0.0200987	0.0202114
13.0861	0.0202114	0.02031
13.088	0.02031	0.0203962
13.0899	0.0203962	0.0203467
13.0918	0.0203467	0.0203034
13.0937	0.0203034	0.0203904
13.0956	0.0203904	0.0204666
13.0975	0.0204666	0.0205333
13.0994	0.0205333	0.0205916
13.1012	0.0205916	0.0206427
13.1031	0.0206427	0.0206873
13.105	0.0206873	0.0207264
13.1069	0.0207264	0.0206356
13.1088	0.0206356	0.0205562
13.1107	0.0205562	0.0206116
13.1126	0.0206116	0.0209102
13.1145	0.0209102	0.0211714
13.1163	0.0211714	0.0214
13.1182	0.0214	0.0216
13.1201	0.0216	0.021775
13.122	0.021775	0.0219281
13.1239	0.0219281	0.0219371
13.1258	0.0219371	0.021945
13.1277	0.021945	0.0219518
13.1296	0.0219518	0.0220829
13.1314	0.0220829	0.0221975
13.1333	0.0221975	0.0222978
13.1352	0.0222978	0.0223856
13.1371	0.0223856	0.0224624
13.139	0.0224624	0.0225296
13.1409	0.0225296	0.0224634
13.1428	0.0224634	0.0224055
13.1447	0.0224055	0.0223548
13.1466	0.0223548	0.0224354
13.1484	0.0224354	0.022506
13.1503	0.022506	0.0225678
13.1522	0.0225678	0.0226218
13.1541	0.0226218	0.0226691
13.156	0.0226691	0.0225854
13.1579	0.0225854	0.0227622
13.1598	0.0227622	0.022917
13.1617	0.022917	0.0230523
13.1635	0.0230523	0.0231708
13.1654	0.0231708	0.0233995
13.1673	0.0233995	0.0235995
13.1692	0.0235995	0.0237746
13.1711	0.0237746	0.0239278
13.173	0.0239278	0.0239368
13.1749	0.0239368	0.0239447
13.1768	0.0239447	0.0239516
13.1786	0.0239516	0.0239577
13.1805	0.0239577	0.0240879
13.1824	0.0240879	0.0242019
13.1843	0.0242019	0.0243017
13.1862	0.0243017	0.024389
13.1881	0.024389	0.0244654
13.19	0.0244654	0.0244072
13.1919	0.0244072	0.0243563
13.1938	0.0243563	0.0243118
13.1956	0.0243118	0.0242728
13.1975	0.0242728	0.0243637
13.1994	0.0243637	0.0244432
13.2013	0.0244432	0.0245128
13.2032	0.0245128	0.0245737
13.2051	0.0245737	0.024627
13.207	0.024627	0.0245486
13.2089	0.0245486	0.02473
13.2107	0.02473	0.0248888
13.2126	0.0248888	0.0250277
13.2145	0.0250277	0.0251492
13.2164	0.0251492	0.0253806
13.2183	0.0253806	0.025583
13.2202	0.025583	0.0257601
13.2221	0.0257601	0.0259151
13.224	0.0259151	0.0259257
13.2258	0.0259257	0.025935
13.2277	0.025935	0.0259431
13.2296	0.0259431	0.0259502
13.2315	0.0259502	0.0259565
13.2334	0.0259565	0.0260869
13.2353	0.0260869	0.026201
13.2372	0.026201	0.0263009
13.2391	0.0263009	0.0263883
13.241	0.0263883	0.0263398
13.2438	0.0263398	0.0264223
13.2721	0.0264223	0.0264945
13.274	0.0264945	0.0264327
13.2759	0.0264327	0.0263786
13.2778	0.0263786	0.0263313
13.2797	0.0263313	0.0262899
13.2815	0.0262899	0.0262536
13.2834	0.0262536	0.0262219
13.2853	0.0262219	0.0261942
13.2872	0.0261942	0.0259199
13.2891	0.0259199	0.0254299
13.291	0.0254299	0.0246262
13.2929	0.0246262	0.0234229
13.2948	0.0234229	0.02237
13.2966	0.02237	0.0214488
13.2985	0.0214488	0.0206427
13.3004	0.0206427	0.0199374
13.3023	0.0199374	0.0193202
13.3042	0.0193202	0.0187802
13.3061	0.0187802	0.0184326
13.308	0.0184326	0.0182536
13.3099	0.0182536	0.0180969
13.3118	0.0180969	0.0179598
13.3136	0.0179598	0.0178398
13.3155	0.0178398	0.0177348
13.3174	0.0177348	0.017643
13.3193	0.017643	0.0175626
13.3212	0.0175626	0.0174923
13.3231	0.0174923	0.0174307
13.325	0.0174307	0.0173769
13.3269	0.0173769	0.0173298
13.3287	0.0173298	0.0172886
13.3306	0.0172886	0.0172525
13.3325	0.0172525	0.0172209
13.3344	0.0172209	0.0171933
13.3363	0.0171933	0.0171691
13.3382	0.0171691	0.017148
13.3401	0.017148	0.0171295
13.342	0.0171295	0.0172383
13.3438	0.0172383	0.0174585
13.3457	0.0174585	0.0176512
13.3476	0.0176512	0.0178198
13.3693	0.0178198	0.0178423
13.3712	0.0178423	0.017987
13.3731	0.017987	0.0181137
13.375	0.0181137	0.0182244
13.3769	0.0182244	0.0181964
13.3788	0.0181964	0.0181718
13.3807	0.0181718	0.0179004
13.3826	0.0179004	0.0174128
13.3844	0.0174128	0.0166112
13.3863	0.0166112	0.0159098
13.3882	0.0159098	0.0154211
13.3901	0.0154211	0.0149934
13.392	0.0149934	0.0144943
13.3939	0.0144943	0.0140575
13.3967	0.0140575	0.0140503
13.4109	0.0140503	0.013794
13.4128	0.013794	0.0136948
13.4146	0.0136948	0.0136079
13.4165	0.0136079	0.0135319
13.4184	0.0135319	0.0132154
13.4203	0.0132154	0.0125635
13.4316	0.0125635	0.0118681
13.4335	0.0118681	0.0113846
13.4357	0.0113846	0.0108365
13.4376	0.0108365	0.0102319
13.4395	0.0102319	0.00970293
13.4414	0.00970293	0.00949007
13.4433	0.00949007	0.00930381
13.4452	0.00930381	0.00914083
13.4471	0.00914083	0.00899823
13.449	0.00899823	0.00874845
13.4508	0.00874845	0.00852989
13.4527	0.00852989	0.00833866
13.4546	0.00833866	0.00817132
13.4575	0.00817132	0.00827491
13.4669	0.00827491	0.00811554
13.4688	0.00811554	0.0079761
13.471	0.0079761	0.00772909
13.4729	0.00772909	0.00751295
13.4748	0.00751295	0.00757383
13.4767	0.00757383	0.0076271
13.4785	0.0076271	0.00767372
13.4804	0.00767372	0.0077145
13.4823	0.0077145	0.00775019
13.4842	0.00775019	0.00778141
13.4861	0.00778141	0.00780874
13.488	0.00780874	0.00770764
13.4899	0.00770764	0.00761919
13.4918	0.00761919	0.00779179
13.4936	0.00779179	0.00794282
13.4955	0.00794282	0.00807496
13.4974	0.00807496	0.00831559
13.4993	0.00831559	0.00852614
13.5012	0.00852614	0.00871037
13.5031	0.00871037	0.00887158
13.505	0.00887158	0.00888763
13.5069	0.00888763	0.00890168
13.5088	0.00890168	0.00891397
13.5106	0.00891397	0.00917472
13.5125	0.00917472	0.00940288
13.5144	0.00940288	0.00960252
13.5163	0.00960252	0.00990221
13.5182	0.00990221	0.0101644
13.521	0.0101644	0.0105189
13.5333	0.0105189	0.010579
13.5352	0.010579	0.0107566
13.5371	0.0107566	0.0109121
13.539	0.0109121	0.0107981
13.5408	0.0107981	0.0104483
13.5427	0.0104483	0.0100173
13.5446	0.0100173	0.0096401
13.5465	0.0096401	0.00956009
13.5484	0.00956009	0.00961508
13.5503	0.00961508	0.00966319
13.5522	0.00966319	0.00970529
13.5541	0.00970529	0.00974213
13.556	0.00974213	0.00964936
13.5578	0.00964936	0.00956819
13.5597	0.00956819	0.00949717
13.5616	0.00949717	0.00943502
13.5635	0.00943502	0.00938064
13.5654	0.00938064	0.00958306
13.5673	0.00958306	0.00988518
13.5692	0.00988518	0.0101495
13.5711	0.0101495	0.0103808
13.5729	0.0103808	0.0104582
13.5748	0.0104582	0.010526
13.5767	0.010526	0.0105852
13.5786	0.0105852	0.0106371
13.5805	0.0106371	0.0106824
13.5824	0.0106824	0.0107221
13.5843	0.0107221	0.0108819
13.5862	0.0108819	0.0110216
13.588	0.0110216	0.0111439
13.5899	0.0111439	0.0113759
13.5918	0.0113759	0.0115789
13.5937	0.0115789	0.0117566
13.5956	0.0117566	0.011912
13.5975	0.011912	0.012048
13.5994	0.012048	0.012167
13.6013	0.012167	0.0122711
13.6032	0.0122711	0.0124872
13.605	0.0124872	0.0126763
13.6069	0.0126763	0.0127168
13.6088	0.0127168	0.0127522
13.6107	0.0127522	0.0127832
13.6126	0.0127832	0.0128103
13.6145	0.0128103	0.012834
13.6164	0.012834	0.0131047
13.6183	0.0131047	0.0133416
13.6201	0.0133416	0.0135489
13.622	0.0135489	0.0138553
13.6239	0.0138553	0.0139984
13.6258	0.0139984	0.0141236
13.6277	0.0141236	0.0142332
13.6296	0.0142332	0.014329
13.6315	0.014329	0.0144129
13.6334	0.0144129	0.0144863
13.6352	0.0144863	0.0145505
13.6371	0.0145505	0.0146067
13.639	0.0146067	0.0147808
13.6409	0.0147808	0.0148082
13.6428	0.0148082	0.0148322
13.6447	0.0148322	0.0148532
13.6466	0.0148532	0.0148715
13.6485	0.0148715	0.0151376
13.6504	0.0151376	0.0153704
13.6522	0.0153704	0.0155741
13.6541	0.0155741	0.0157523
13.656	0.0157523	0.0159083
13.6579	0.0159083	0.0160448
13.6598	0.0160448	0.0161642
13.6617	0.0161642	0.0162686
13.6636	0.0162686	0.0163601
13.6655	0.0163601	0.01644
13.6673	0.01644	0.01651
13.6692	0.01651	0.0165713
13.6711	0.0165713	0.0166249
13.673	0.0166249	0.0166718
13.6749	0.0166718	0.0167128
13.6768	0.0167128	0.0167487
13.6787	0.0167487	0.0167801
13.6806	0.0167801	0.0168076
13.6824	0.0168076	0.0170816
13.6843	0.0170816	0.0173214
13.6862	0.0173214	0.0175313
13.6881	0.0175313	0.0177148
13.69	0.0177148	0.0178755
13.6919	0.0178755	0.0178911
13.6938	0.0178911	0.0180297
13.6957	0.0180297	0.018151
13.6976	0.018151	0.0182571
13.6994	0.0182571	0.01835
13.7013	0.01835	0.0184312
13.7032	0.0184312	0.0185023
13.7051	0.0185023	0.0185645
13.707	0.0185645	0.018494
13.7089	0.018494	0.0184322
13.7108	0.0184322	0.0185032
13.7127	0.0185032	0.0185653
13.7145	0.0185653	0.0186196
13.7164	0.0186196	0.0186672
13.7183	0.0186672	0.0187088
13.7202	0.0187088	0.0187452
13.7221	0.0187452	0.019027
13.724	0.019027	0.0191486
13.7259	0.0191486	0.0192551
13.7278	0.0192551	0.0194732
13.7296	0.0194732	0.019664
13.7315	0.019664	0.019831
13.7334	0.019831	0.0199772
13.7353	0.0199772	0.020105
13.7372	0.020105	0.0202169
13.7391	0.0202169	0.0203148
13.741	0.0203148	0.0202754
13.7429	0.0202754	0.020241
13.7448	0.020241	0.0203359
13.7466	0.0203359	0.0204189
13.7485	0.0204189	0.0204915
13.7504	0.0204915	0.0205551
13.7523	0.0205551	0.0206107
13.7542	0.0206107	0.0206594
13.7561	0.0206594	0.0207019
13.758	0.0207019	0.0206142
13.7599	0.0206142	0.0205374
13.7617	0.0205374	0.0205952
13.7636	0.0205952	0.0208958
13.7655	0.0208958	0.0211589
13.7674	0.0211589	0.021389
13.7693	0.021389	0.0215904
13.7712	0.0215904	0.0217666
13.7731	0.0217666	0.0219208
13.775	0.0219208	0.0219307
13.7768	0.0219307	0.0219393
13.7787	0.0219393	0.0219469
13.7806	0.0219469	0.0220785
13.7825	0.0220785	0.0221937
13.7844	0.0221937	0.0222945
13.7863	0.0222945	0.0223827
13.7882	0.0223827	0.0224599
13.7901	0.0224599	0.0225274
13.792	0.0225274	0.0224615
13.7938	0.0224615	0.0224038
13.7957	0.0224038	0.0223533
13.7976	0.0223533	0.0224341
13.7995	0.0224341	0.0225049
13.8014	0.0225049	0.0225668
13.8033	0.0225668	0.0226209
13.8052	0.0226209	0.0226683
13.8071	0.0226683	0.0227098
13.8089	0.0227098	0.022621
13.8108	0.022621	0.0227934
13.8127	0.0227934	0.0229442
13.8146	0.0229442	0.0230762
13.8165	0.0230762	0.0233167
13.8184	0.0233167	0.0235271
13.8203	0.0235271	0.0237112
13.8222	0.0237112	0.0238723
13.824	0.0238723	0.0240133
13.8259	0.0240133	0.0240116
13.8278	0.0240116	0.0240102
13.8297	0.0240102	0.0240089
13.8316	0.0240089	0.0240078
13.8335	0.0240078	0.0241318
13.8354	0.0241318	0.0242403
13.8373	0.0242403	0.0243353
13.8392	0.0243353	0.0244184
13.841	0.0244184	0.0244911
13.8429	0.0244911	0.0244297
13.8448	0.0244297	0.024376
13.8467	0.024376	0.024329
13.8486	0.024329	0.0242879
13.8505	0.0242879	0.0243769
13.8524	0.0243769	0.0244548
13.8543	0.0244548	0.0245229
13.8561	0.0245229	0.0245826
13.858	0.0245826	0.0246347
13.8599	0.0246347	0.0248054
13.8618	0.0248054	0.0249547
13.8637	0.0249547	0.0250854
13.8656	0.0250854	0.0251997
13.8675	0.0251997	0.0252997
13.8694	0.0252997	0.0255123
13.8712	0.0255123	0.0256982
13.8731	0.0256982	0.025861
13.875	0.025861	0.0260033
13.8769	0.0260033	0.0260029
13.8788	0.0260029	0.0260026
13.8807	0.0260026	0.0260022
13.8826	0.0260022	0.026002
13.8845	0.026002	0.0260017
13.8864	0.0260017	0.0261265
13.9166	0.0261265	0.0261107
13.9184	0.0261107	0.0260968
13.9203	0.0260968	0.0262097
13.9222	0.0262097	0.0263085
13.9241	0.0263085	0.026395
13.926	0.026395	0.0264706
13.9439	0.0264706	0.0249118
13.9458	0.0249118	0.0236728
13.9477	0.0236728	0.0225887
13.9496	0.0225887	0.0216401
13.9515	0.0216401	0.0206851
13.9534	0.0206851	0.0195995
13.9553	0.0195995	0.0183995
13.9572	0.0183995	0.0173496
13.959	0.0173496	0.0164309
13.9723	0.0164309	0.015627
13.977	0.015627	0.0142986
13.9801	0.0142986	0.0132613
13.982	0.0132613	0.0123536
13.9852	0.0123536	0.0119344
13.987	0.0119344	0.0113176
13.9889	0.0113176	0.0106529
13.9911	0.0106529	0.0100713
13.993	0.0100713	0.0095624
13.9949	0.0095624	0.0092421
13.9968	0.0092421	0.00908684
13.9987	0.00908684	0.00882598
14.0006	0.00882598	0.00859773
14.0025	0.00859773	0.00852302
14.0044	0.00852302	0.00845764
14.0062	0.00845764	0.00840043
14.0081	0.00840043	0.00835038
14.01	0.00835038	0.00855658
14.0119	0.00855658	0.00861201
14.0138	0.00861201	0.00866051
14.0157	0.00866051	0.00870294
14.0176	0.00870294	0.00874007
14.0195	0.00874007	0.00877256
14.0213	0.00877256	0.00892599
14.0232	0.00892599	0.00906024
14.0251	0.00906024	0.00917771
14.027	0.00917771	0.0092805
14.0289	0.0092805	0.00924543
14.0308	0.00924543	0.00946476
14.0327	0.00946476	0.00965666
14.0346	0.00965666	0.00982458
14.0364	0.00982458	0.0099715
14.0383	0.0099715	0.0101001
14.0402	0.0101001	0.0103376
14.0421	0.0103376	0.0105454
14.044	0.0105454	0.0107272
14.0459	0.0107272	0.0107613
14.0478	0.0107613	0.0107911
14.0497	0.0107911	0.0108172
14.0516	0.0108172	0.0108401
14.0534	0.0108401	0.0111101
14.0553	0.0111101	0.0113463
14.0572	0.0113463	0.011553
14.0591	0.011553	0.0118589
14.061	0.0118589	0.0120015
14.0629	0.0120015	0.0121263
14.0648	0.0121263	0.0122355
14.0667	0.0122355	0.0123311
14.0685	0.0123311	0.0124147
14.0704	0.0124147	0.0124879
14.0723	0.0124879	0.0125519
14.0742	0.0125519	0.0127329
14.0761	0.0127329	0.0128913
14.078	0.0128913	0.0129049
14.0799	0.0129049	0.0129168
14.0818	0.0129168	0.0131772
14.0836	0.0131772	0.013405
14.0855	0.013405	0.0136044
14.0874	0.0136044	0.0137788
14.0893	0.0137788	0.0139315
14.0912	0.0139315	0.0140651
14.0931	0.0140651	0.0143069
14.095	0.0143069	0.0143936
14.0969	0.0143936	0.0144694
14.0988	0.0144694	0.0145357
14.1006	0.0145357	0.0145937
14.1025	0.0145937	0.0146445
14.1044	0.0146445	0.0146889
14.1063	0.0146889	0.0147278
14.1082	0.0147278	0.0147618
14.1101	0.0147618	0.0149166
14.112	0.0149166	0.015177
14.1139	0.015177	0.0154049
14.1157	0.0154049	0.0156043
14.1176	0.0156043	0.0157788
14.1195	0.0157788	0.0159314
14.1214	0.0159314	0.016065
14.1233	0.016065	0.0161819
14.1252	0.0161819	0.0162841
14.1271	0.0162841	0.0163736
14.129	0.0163736	0.0164519
14.1308	0.0164519	0.0165204
14.1327	0.0165204	0.0165804
14.1346	0.0165804	0.0166328
14.1365	0.0166328	0.0166787
14.1384	0.0166787	0.0167189
14.1403	0.0167189	0.016754
14.1422	0.016754	0.0167848
14.1441	0.0167848	0.0168117
14.146	0.0168117	0.0168352
14.1478	0.0168352	0.0171058
14.1497	0.0171058	0.0173426
14.1516	0.0173426	0.0175498
14.1535	0.0175498	0.017731
14.1554	0.017731	0.0178897
14.1573	0.0178897	0.0180285
14.1592	0.0180285	0.0181499
14.1611	0.0181499	0.0182562
14.1629	0.0182562	0.0182241
14.1648	0.0182241	0.0183211
14.1667	0.0183211	0.018406
14.1686	0.018406	0.0184802
14.1705	0.0184802	0.0185452
14.1724	0.0185452	0.0186021
14.1743	0.0186021	0.0186518
14.1762	0.0186518	0.0186953
14.178	0.0186953	0.0187334
14.1799	0.0187334	0.0186417
14.1818	0.0186417	0.0186865
14.1837	0.0186865	0.0187257
14.1856	0.0187257	0.01901
14.1875	0.01901	0.0192587
14.1894	0.0192587	0.0194764
14.1913	0.0194764	0.0196668
14.1932	0.0196668	0.0198335
14.195	0.0198335	0.0199793
14.1969	0.0199793	0.0199819
14.1988	0.0199819	0.0199842
14.2007	0.0199842	0.0201111
14.2026	0.0201111	0.0202222
14.2045	0.0202222	0.0203195
14.2064	0.0203195	0.0204045
14.2083	0.0204045	0.020479
14.2101	0.020479	0.0205441
14.212	0.0205441	0.0206011
14.2139	0.0206011	0.0205259
14.2158	0.0205259	0.0204602
14.2177	0.0204602	0.0205277
14.2196	0.0205277	0.0205867
14.2215	0.0205867	0.0206384
14.2234	0.0206384	0.0206836
14.2252	0.0206836	0.0207231
14.2271	0.0207231	0.0207577
14.229	0.0207577	0.021038
14.2309	0.021038	0.0211583
14.2328	0.0211583	0.0212635
14.2347	0.0212635	0.0213555
14.2366	0.0213555	0.0215611
14.2385	0.0215611	0.021741
14.2404	0.021741	0.0218983
14.2422	0.0218983	0.0220361
14.2441	0.0220361	0.0221565
14.246	0.0221565	0.022262
14.2479	0.022262	0.0222292
14.2498	0.0222292	0.0222006
14.2517	0.0222006	0.0221755
14.2536	0.0221755	0.0222786
14.2555	0.0222786	0.0223687
14.2573	0.0223687	0.0224477
14.2592	0.0224477	0.0225167
14.2611	0.0225167	0.0225771
14.263	0.0225771	0.02263
14.2649	0.02263	0.0225512
14.2668	0.0225512	0.0224823
14.2687	0.0224823	0.022422
14.2706	0.022422	0.0224943
14.2724	0.0224943	0.0225575
14.2743	0.0225575	0.0228628
14.2762	0.0228628	0.02313
14.2781	0.02313	0.0233637
14.28	0.0233637	0.0235682
14.2819	0.0235682	0.0236222
14.2838	0.0236222	0.0236694
14.2857	0.0236694	0.0237108
14.2876	0.0237108	0.0237469
14.2894	0.0237469	0.0239035
14.2913	0.0239035	0.0240406
14.2932	0.0240406	0.0241605
14.2951	0.0241605	0.0242655
14.297	0.0242655	0.0242323
14.2989	0.0242323	0.0242032
14.3008	0.0242032	0.0241778
14.3027	0.0241778	0.0241556
14.3045	0.0241556	0.0241362
14.3064	0.0241362	0.0242441
14.3083	0.0242441	0.0243386
14.3102	0.0243386	0.0244213
14.3121	0.0244213	0.0244936
14.314	0.0244936	0.0244319
14.3159	0.0244319	0.0243779
14.3178	0.0243779	0.0243307
14.3196	0.0243307	0.0242894
14.3215	0.0242894	0.0243782
14.3234	0.0243782	0.0244559
14.3253	0.0244559	0.0247739
14.3272	0.0247739	0.0250522
14.3291	0.0250522	0.0252957
14.331	0.0252957	0.0253837
14.3329	0.0253837	0.0254607
14.3348	0.0254607	0.0255281
14.3366	0.0255281	0.0255871
14.3385	0.0255871	0.0256387
14.3404	0.0256387	0.0258089
14.3423	0.0258089	0.0259578
14.3442	0.0259578	0.0260881
14.3461	0.0260881	0.0262021
14.348	0.0262021	0.0261768
14.3499	0.0261768	0.0261547
14.3517	0.0261547	0.0261354
14.3536	0.0261354	0.0261184
14.3555	0.0261184	0.0261036
14.3574	0.0261036	0.0262157
14.3593	0.0262157	0.0263137
14.3612	0.0263137	0.0263995
14.3631	0.0263995	0.0264746
14.365	0.0264746	0.0264152
14.3668	0.0264152	0.0263633
14.3687	0.0263633	0.0263179
14.3706	0.0263179	0.0262782
14.3725	0.0262782	0.0262434
14.3744	0.0262434	0.026338
14.3763	0.026338	0.0264207
14.3782	0.0264207	0.0267431
14.3801	0.0267431	0.0270252
14.382	0.0270252	0.0271471
14.3838	0.0271471	0.0272537
14.3857	0.0272537	0.027347
14.3876	0.027347	0.0274286
14.3895	0.0274286	0.0275
14.3914	0.0275	0.0275625
14.3933	0.0275625	0.0277422
14.3952	0.0277422	0.0278994
14.3971	0.0278994	0.028037
14.3989	0.028037	0.0280324
14.4008	0.0280324	0.0280283
14.4027	0.0280283	0.0280248
14.4046	0.0280248	0.0280217
14.4065	0.0280217	0.028019
14.4084	0.028019	0.0280166
14.4103	0.0280166	0.0281395
14.4122	0.0281395	0.0282471
14.414	0.0282471	0.0283412
14.4159	0.0283412	0.0282986
14.4178	0.0282986	0.0282612
14.4197	0.0282612	0.0282286
14.4216	0.0282286	0.0282
14.4235	0.0282	0.028175
14.4254	0.028175	0.0281531
14.4273	0.0281531	0.028259
14.4292	0.028259	0.0283516
14.431	0.0283516	0.0284327
14.4329	0.0284327	0.0283786
14.4348	0.0283786	0.0283313
14.4367	0.0283313	0.0285398
14.4386	0.0285398	0.0287224
14.4405	0.0287224	0.0288821
14.4424	0.0288821	0.0290218
14.4443	0.0290218	0.0291441
14.4461	0.0291441	0.0293761
14.448	0.0293761	0.0295791
14.4499	0.0295791	0.0296317
14.4518	0.0296317	0.0296777
14.4537	0.0296777	0.029718
14.4556	0.029718	0.0297533
14.4575	0.0297533	0.0297841
14.4594	0.0297841	0.0298111
14.4612	0.0298111	0.0298347
14.4631	0.0298347	0.0299804
14.465	0.0299804	0.0301078
14.4669	0.0301078	0.0300943
14.4688	0.0300943	0.0300825
14.4707	0.0300825	0.0300722
14.4726	0.0300722	0.0300632
14.4745	0.0300632	0.0300553
14.4764	0.0300553	0.0300484
14.4782	0.0300484	0.0300423
14.4801	0.0300423	0.030162
14.482	0.030162	0.0302668
14.4839	0.0302668	0.0302334
14.4858	0.0302334	0.0302043
14.4877	0.0302043	0.0301787
14.4896	0.0301787	0.0301564
14.4915	0.0301564	0.0301368
14.4933	0.0301368	0.0301197
14.4952	0.0301197	0.0301048
14.4971	0.0301048	0.0303417
14.499	0.0303417	0.030674
14.5009	0.030674	0.0308397
14.5028	0.0308397	0.0309847
14.5047	0.0309847	0.0311117
14.5066	0.0311117	0.0312227
14.5084	0.0312227	0.0313199
14.5103	0.0313199	0.0314049
14.5122	0.0314049	0.0314793
14.5141	0.0314793	0.0315444
14.516	0.0315444	0.0317263
14.5179	0.0317263	0.0317605
14.5198	0.0317605	0.0317905
14.5217	0.0317905	0.0318166
14.5236	0.0318166	0.0318396
14.5254	0.0318396	0.0318596
14.5273	0.0318596	0.0318772
14.5292	0.0318772	0.0318925
14.5311	0.0318925	0.031906
14.533	0.031906	0.0319177
14.5689	0.0319177	0.031928
14.5708	0.031928	0.031937
14.5726	0.031937	0.0319449
14.5745	0.0319449	0.0319518
14.5764	0.0319518	0.0319578
14.5783	0.0319578	0.0319631
14.5802	0.0319631	0.0319677
14.5821	0.0319677	0.0320967
14.584	0.0320967	0.0320846
14.5859	0.0320846	0.0318241
14.5877	0.0318241	0.031346
14.5896	0.031346	0.0306778
14.5915	0.0306778	0.0299681
14.5934	0.0299681	0.0283471
14.5953	0.0283471	0.0269287
14.5972	0.0269287	0.0259376
14.5991	0.0259376	0.0250704
14.601	0.0250704	0.0241866
14.6028	0.0241866	0.0235383
14.6047	0.0235383	0.022971
14.6066	0.022971	0.0224746
14.6085	0.0224746	0.0220403
14.6104	0.0220403	0.0216602
14.6123	0.0216602	0.0213277
14.6142	0.0213277	0.0210368
14.6161	0.0210368	0.0207822
14.618	0.0207822	0.0204344
14.6198	0.0204344	0.0202551
14.6217	0.0202551	0.0200982
14.6236	0.0200982	0.0199609
14.6255	0.0199609	0.0198408
14.6274	0.0198408	0.0197357
14.6293	0.0197357	0.0196437
14.6312	0.0196437	0.0195633
14.6331	0.0195633	0.0194929
14.6349	0.0194929	0.0195563
14.6368	0.0195563	0.0196117
14.6387	0.0196117	0.0197853
14.6406	0.0197853	0.0199371
14.6425	0.0199371	0.02007
14.6444	0.02007	0.0201862
14.6463	0.0201862	0.0202879
14.6482	0.0202879	0.0203769
14.65	0.0203769	0.0204548
14.6519	0.0204548	0.020398
14.6538	0.020398	0.0203482
14.6557	0.0203482	0.0204297
14.6576	0.0204297	0.020501
14.6595	0.020501	0.0205634
14.6614	0.0205634	0.0206179
14.6633	0.0206179	0.0206657
14.6652	0.0206657	0.0207075
14.667	0.0207075	0.020744
14.6689	0.020744	0.020651
14.6708	0.020651	0.0205697
14.6727	0.0205697	0.0206235
14.6746	0.0206235	0.0206705
14.6765	0.0206705	0.0207117
14.6784	0.0207117	0.0209977
14.6803	0.0209977	0.021248
14.6821	0.021248	0.021467
14.684	0.021467	0.0216586
14.6859	0.0216586	0.0217013
14.6878	0.0217013	0.0217386
14.6897	0.0217386	0.0217713
14.6916	0.0217713	0.0219249
14.6935	0.0219249	0.0220593
14.6954	0.0220593	0.0221769
14.6972	0.0221769	0.0222798
14.6991	0.0222798	0.0223698
14.701	0.0223698	0.0224486
14.7029	0.0224486	0.0223925
14.7048	0.0223925	0.0223434
14.7067	0.0223434	0.0223005
14.7086	0.0223005	0.0223879
14.7105	0.0223879	0.0224644
14.7124	0.0224644	0.0225314
14.7142	0.0225314	0.02259
14.7161	0.02259	0.0226412
14.718	0.0226412	0.0226861
14.7199	0.0226861	0.0226003
14.7218	0.0226003	0.0225253
14.7237	0.0225253	0.0227096
14.7256	0.0227096	0.0228709
14.7275	0.0228709	0.023137
14.7293	0.023137	0.0233699
14.7312	0.0233699	0.0235737
14.7331	0.0235737	0.023752
14.735	0.023752	0.023908
14.7369	0.023908	0.0239195
14.7388	0.0239195	0.0239295
14.7407	0.0239295	0.0239383
14.7426	0.0239383	0.0239461
14.7444	0.0239461	0.0240778
14.7463	0.0240778	0.0241931
14.7482	0.0241931	0.0242939
14.7501	0.0242939	0.0243822
14.752	0.0243822	0.0244594
14.7539	0.0244594	0.024402
14.7558	0.024402	0.0243517
14.7577	0.0243517	0.0243078
14.7596	0.0243078	0.0242693
14.7614	0.0242693	0.0243606
14.7633	0.0243606	0.0244406
14.7652	0.0244406	0.0245105
14.7671	0.0245105	0.0245717
14.7954	0.0245717	0.0246252
14.8011	0.0246252	0.0244221
14.803	0.0244221	0.0242443
14.8049	0.0242443	0.0240888
14.8068	0.0240888	0.0239527
14.8086	0.0239527	0.0237086
14.8105	0.0237086	0.023245
14.8124	0.023245	0.0225894
14.8143	0.0225894	0.0217657
14.8162	0.0217657	0.02092
14.8181	0.02092	0.020305
14.82	0.020305	0.0196419
14.8219	0.0196419	0.0190616
14.8237	0.0190616	0.0185539
14.8256	0.0185539	0.0181097
14.8275	0.0181097	0.017721
14.8294	0.017721	0.0173809
14.8313	0.0173809	0.0170832
14.8332	0.0170832	0.0168228
14.8351	0.0168228	0.01672
14.837	0.01672	0.016505
14.8388	0.016505	0.0163169
14.8407	0.0163169	0.0164023
14.8426	0.0164023	0.016477
14.8445	0.016477	0.0165424
14.8464	0.0165424	0.0165996
14.8483	0.0165996	0.0166496
14.8502	0.0166496	0.0166934
14.8521	0.0166934	0.0167317
14.854	0.0167317	0.0167653
14.8558	0.0167653	0.0167946
14.8577	0.0167946	0.0168203
14.8596	0.0168203	0.0168427
14.8615	0.0168427	0.0168624
14.8643	0.0168624	0.0170046
14.8832	0.0170046	0.017004
14.8851	0.017004	0.0170035
14.887	0.0170035	0.0168781
14.8889	0.0168781	0.0168933
14.8908	0.0168933	0.0169067
14.8927	0.0169067	0.0166683
14.8945	0.0166683	0.0162098
14.8964	0.0162098	0.0155586
14.8983	0.0155586	0.0151137
14.9002	0.0151137	0.0147245
14.9021	0.0147245	0.014384
14.904	0.014384	0.013961
14.9059	0.013961	0.0135908
14.9078	0.0135908	0.013267
14.9096	0.013267	0.0129836
14.9115	0.0129836	0.0127357
14.9134	0.0127357	0.0125187
14.9153	0.0125187	0.0124539
14.9172	0.0124539	0.0123971
14.9191	0.0123971	0.0125975
14.921	0.0125975	0.0126478
14.9229	0.0126478	0.0126918
14.9248	0.0126918	0.0127303
14.9266	0.0127303	0.0127641
14.9285	0.0127641	0.0127935
14.9304	0.0127935	0.0128194
14.9323	0.0128194	0.0128419
14.9342	0.0128419	0.0129867
14.9361	0.0129867	0.0131134
14.938	0.0131134	0.0130992
14.9399	0.0130992	0.0130868
14.9417	0.0130868	0.0130759
14.9436	0.0130759	0.0130664
14.9455	0.0130664	0.0133081
14.9474	0.0133081	0.0135196
14.9493	0.0135196	0.0137047
14.9512	0.0137047	0.0138666
14.9531	0.0138666	0.0141333
14.955	0.0141333	0.0142416
14.9568	0.0142416	0.0143364
14.9587	0.0143364	0.0144193
14.9606	0.0144193	0.0144919
14.9625	0.0144919	0.0145554
14.9644	0.0145554	0.014611
14.9663	0.014611	0.0146596
14.9682	0.0146596	0.0147022
14.9701	0.0147022	0.0148644
14.972	0.0148644	0.0148814
14.9738	0.0148814	0.0148962
14.9757	0.0148962	0.0149092
14.9776	0.0149092	0.0151705
14.9795	0.0151705	0.0153992
14.9993	0.0153992	0.0154743
15.0012	0.0154743	0.015665
15.0031	0.015665	0.0158319
15.005	0.0158319	0.0158529
15.0069	0.0158529	0.0159963
15.0088	0.0159963	0.0158718
15.0107	0.0158718	0.0155128
15.0125	0.0155128	0.0146987
15.0144	0.0146987	0.0142363
15.0163	0.0142363	0.0139568
15.0182	0.0139568	0.0137122
15.0201	0.0137122	0.0134982
15.022	0.0134982	0.0131859
15.0239	0.0131859	0.0129127
15.0258	0.0129127	0.0126736
15.0276	0.0126736	0.0124644
15.0295	0.0124644	0.0122813
15.0314	0.0122813	0.0121212
15.0333	0.0121212	0.012106
15.0352	0.012106	0.0120928
15.0371	0.0120928	0.0123312
15.039	0.0123312	0.0124148
15.0409	0.0124148	0.0124879
15.0428	0.0124879	0.0125519
15.0446	0.0125519	0.0126079
15.0465	0.0126079	0.012657
15.0484	0.012657	0.0126998
15.0503	0.0126998	0.0127374
15.0522	0.0127374	0.0128952
15.0541	0.0128952	0.0130333
15.056	0.0130333	0.0130291
15.0579	0.0130291	0.0130255
15.0597	0.0130255	0.0130223
15.0616	0.0130223	0.0130195
15.0635	0.0130195	0.0130171
15.0654	0.0130171	0.0132649
15.0673	0.0132649	0.0134818
15.0692	0.0134818	0.0136716
15.0711	0.0136716	0.0139626
15.073	0.0139626	0.0140923
15.0748	0.0140923	0.0142058
15.0767	0.0142058	0.014305
15.0786	0.014305	0.0143919
15.0805	0.0143919	0.0144679
15.0824	0.0144679	0.0145344
15.0843	0.0145344	0.0145926
15.0862	0.0145926	0.0146436
15.0881	0.0146436	0.0148131
15.09	0.0148131	0.0148365
15.0918	0.0148365	0.0148569
15.0937	0.0148569	0.0148748
15.0956	0.0148748	0.0151404
15.0975	0.0151404	0.0153729
15.0994	0.0153729	0.0155763
15.1013	0.0155763	0.0157542
15.1032	0.0157542	0.01591
15.1051	0.01591	0.0160462
15.1069	0.0160462	0.0161654
15.1088	0.0161654	0.0162698
15.1107	0.0162698	0.016361
15.1126	0.016361	0.0164409
15.1145	0.0164409	0.0165108
15.1164	0.0165108	0.0165719
15.1183	0.0165719	0.0166255
15.1202	0.0166255	0.0166723
15.122	0.0166723	0.0167132
15.1239	0.0167132	0.0167491
15.1258	0.0167491	0.0167804
15.1277	0.0167804	0.0168079
15.1296	0.0168079	0.0168319
15.1315	0.0168319	0.0171029
15.1334	0.0171029	0.01734
15.1353	0.01734	0.0175475
15.1372	0.0175475	0.0177291
15.139	0.0177291	0.017888
15.1409	0.017888	0.017902
15.1428	0.017902	0.0180392
15.1447	0.0180392	0.0181593
15.1466	0.0181593	0.0182644
15.1485	0.0182644	0.0183564
15.1504	0.0183564	0.0184368
15.1523	0.0184368	0.0185072
15.1541	0.0185072	0.0185688
15.156	0.0185688	0.0186227
15.1579	0.0186227	0.0185449
15.1598	0.0185449	0.0186018
15.1617	0.0186018	0.0186515
15.1636	0.0186515	0.0186951
15.1655	0.0186951	0.0187332
15.1674	0.0187332	0.0187666
15.1692	0.0187666	0.0190457
15.1711	0.0190457	0.01929
15.173	0.01929	0.0195038
15.1749	0.0195038	0.0195658
15.1768	0.0195658	0.0196201
15.1787	0.0196201	0.0197926
15.1806	0.0197926	0.0199435
15.2042	0.0199435	0.0199506
15.2061	0.0199506	0.0200817
15.208	0.0200817	0.0200715
15.2098	0.0200715	0.0200626
15.2117	0.0200626	0.0201798
15.2136	0.0201798	0.0202823
15.2155	0.0202823	0.020122
15.2174	0.020122	0.0197317
15.2202	0.0197317	0.0190153
15.2344	0.0190153	0.0181384
15.2363	0.0181384	0.0174961
15.2382	0.0174961	0.0170591
15.24	0.0170591	0.0166767
15.2419	0.0166767	0.0159671
15.2438	0.0159671	0.0150962
15.2457	0.0150962	0.0143342
15.2476	0.0143342	0.0136674
15.2495	0.0136674	0.013084
15.2514	0.013084	0.0126985
15.2533	0.0126985	0.0123612
15.2552	0.0123612	0.012066
15.257	0.012066	0.0118078
15.2589	0.0118078	0.0114568
15.2608	0.0114568	0.0111497
15.2627	0.0111497	0.010881
15.2769	0.010881	0.0107709
15.2788	0.0107709	0.0107995
15.2806	0.0107995	0.0108246
15.2825	0.0108246	0.0107215
15.2844	0.0107215	0.0105063
15.2863	0.0105063	0.010193
15.2891	0.010193	0.0100439
15.2976	0.0100439	0.0095384
15.2995	0.0095384	0.0093461
15.3017	0.0093461	0.00905284
15.3036	0.00905284	0.00867123
15.3055	0.00867123	0.00833733
15.3074	0.00833733	0.00829516
15.3093	0.00829516	0.00825827
15.3112	0.00825827	0.00822598
15.3131	0.00822598	0.00819773
15.3149	0.00819773	0.00804802
15.3168	0.00804802	0.00791701
15.3187	0.00791701	0.00780239
15.3206	0.00780239	0.00770209
15.3225	0.00770209	0.00773933
15.3244	0.00773933	0.00802191
15.3263	0.00802191	0.00826917
15.3282	0.00826917	0.00848553
15.3301	0.00848553	0.00867483
15.3319	0.00867483	0.00871548
15.3338	0.00871548	0.00875104
15.3357	0.00875104	0.00878216
15.3376	0.00878216	0.00880939
15.3395	0.00880939	0.00883322
15.3423	0.00883322	0.00910406
15.3537	0.00910406	0.00909106
15.3555	0.00909106	0.00907967
15.3574	0.00907967	0.00906971
15.3593	0.00906971	0.008936
15.3612	0.008936	0.008819
15.3631	0.008819	0.00871662
15.365	0.00871662	0.00850205
15.3669	0.00850205	0.00831429
15.3688	0.00831429	0.00815
15.3706	0.00815	0.00800625
15.3725	0.00800625	0.00813047
15.3744	0.00813047	0.00836416
15.3763	0.00836416	0.00856864
15.3782	0.00856864	0.00874756
15.3801	0.00874756	0.00890412
15.382	0.00890412	0.0089161
15.3839	0.0089161	0.00892659
15.3857	0.00892659	0.00893576
15.3876	0.00893576	0.00894379
15.3895	0.00894379	0.00895082
15.3914	0.00895082	0.00920696
15.3933	0.00920696	0.00955609
15.3952	0.00955609	0.00986158
15.3971	0.00986158	0.0101289
15.399	0.0101289	0.0102378
15.4009	0.0102378	0.0103331
15.4027	0.0103331	0.0104164
15.4046	0.0104164	0.0104894
15.4065	0.0104894	0.0105532
15.4084	0.0105532	0.010609
15.4103	0.010609	0.0107829
15.4122	0.0107829	0.010935
15.4141	0.010935	0.0110682
15.416	0.0110682	0.0113096
15.4178	0.0113096	0.0115209
15.4197	0.0115209	0.0117058
15.4216	0.0117058	0.0118676
15.4235	0.0118676	0.0120091
15.4254	0.0120091	0.012133
15.4273	0.012133	0.0122414
15.4292	0.0122414	0.0124612
15.4311	0.0124612	0.0126536
15.4329	0.0126536	0.0126969
15.4348	0.0126969	0.0127347
15.4367	0.0127347	0.0127679
15.4386	0.0127679	0.0127969
15.4405	0.0127969	0.0128223
15.4424	0.0128223	0.0130945
15.4443	0.0130945	0.0133327
15.4462	0.0133327	0.0135411
15.4481	0.0135411	0.0138485
15.4499	0.0138485	0.0139924
15.4518	0.0139924	0.0141184
15.4537	0.0141184	0.0142286
15.4556	0.0142286	0.014325
15.4575	0.014325	0.0144094
15.4594	0.0144094	0.0144832
15.4613	0.0144832	0.0145478
15.4632	0.0145478	0.0146043
15.465	0.0146043	0.0147788
15.4669	0.0147788	0.0148064
15.4688	0.0148064	0.0148306
15.4707	0.0148306	0.0148518
15.4726	0.0148518	0.0148703
15.4745	0.0148703	0.0151365
15.4764	0.0151365	0.0153695
15.4783	0.0153695	0.0155733
15.4801	0.0155733	0.0157516
15.482	0.0157516	0.0159077
15.4839	0.0159077	0.0160442
15.4858	0.0160442	0.0161637
15.4877	0.0161637	0.0162682
15.4896	0.0162682	0.0163597
15.4915	0.0163597	0.0164397
15.4934	0.0164397	0.0165098
15.4953	0.0165098	0.016571
15.4971	0.016571	0.0166247
15.499	0.0166247	0.0166716
15.5009	0.0166716	0.0167126
15.5028	0.0167126	0.0167486
15.5047	0.0167486	0.01678
15.5066	0.01678	0.0168075
15.5085	0.0168075	0.0170815
15.5104	0.0170815	0.0173214
15.5122	0.0173214	0.0175312
15.5141	0.0175312	0.0177148
15.516	0.0177148	0.0178754
15.5179	0.0178754	0.017891
15.5198	0.017891	0.0180296
15.5217	0.0180296	0.0181509
15.5236	0.0181509	0.0182571
15.5255	0.0182571	0.0183499
15.5273	0.0183499	0.0184312
15.5292	0.0184312	0.0185023
15.5311	0.0185023	0.0185645
15.533	0.0185645	0.0186189
15.5349	0.0186189	0.0185416
15.5368	0.0185416	0.0185989
15.5387	0.0185989	0.018649
15.5406	0.018649	0.0186929
15.5425	0.0186929	0.0187313
15.5443	0.0187313	0.0187649
15.5462	0.0187649	0.0187943
15.5481	0.0187943	0.01907
15.55	0.01907	0.0193112
15.5519	0.0193112	0.0193973
15.5538	0.0193973	0.0194727
15.5557	0.0194727	0.0196636
15.5576	0.0196636	0.0198306
15.5594	0.0198306	0.0199768
15.5613	0.0199768	0.0201047
15.5632	0.0201047	0.0202166
15.5651	0.0202166	0.0203145
15.567	0.0203145	0.0202752
15.5689	0.0202752	0.0202408
15.5708	0.0202408	0.0202107
15.5727	0.0202107	0.0203094
15.5745	0.0203094	0.0203957
15.5764	0.0203957	0.0204712
15.5783	0.0204712	0.0205373
15.5802	0.0205373	0.0205952
15.5821	0.0205952	0.0206458
15.584	0.0206458	0.020565
15.5859	0.020565	0.0204944
15.5878	0.0204944	0.0205576
15.5897	0.0205576	0.0208629
15.5915	0.0208629	0.02113
15.5934	0.02113	0.0213638
15.5953	0.0213638	0.0215683
15.5972	0.0215683	0.0217473
15.5991	0.0217473	0.0219039
15.601	0.0219039	0.0219159
15.6029	0.0219159	0.0219264
15.6048	0.0219264	0.0219356
15.6066	0.0219356	0.0220686
15.6085	0.0220686	0.0221851
15.6104	0.0221851	0.0222869
15.6123	0.0222869	0.0223761
15.6142	0.0223761	0.0224541
15.6161	0.0224541	0.0225223
15.618	0.0225223	0.022457
15.6199	0.022457	0.0223999
15.6217	0.0223999	0.0223499
15.6236	0.0223499	0.0224312
15.6255	0.0224312	0.0225023
15.6274	0.0225023	0.0225645
15.6293	0.0225645	0.0226189
15.6312	0.0226189	0.0226666
15.6331	0.0226666	0.0227082
15.635	0.0227082	0.0226197
15.6369	0.0226197	0.0227922
15.6387	0.0227922	0.0229432
15.6406	0.0229432	0.0230753
15.6425	0.0230753	0.0233159
15.6444	0.0233159	0.0235264
15.6463	0.0235264	0.0237106
15.6737	0.0237106	0.0236218
15.6756	0.0236218	0.0236691
15.6774	0.0236691	0.0238354
15.6793	0.0238354	0.023981
15.6812	0.023981	0.0241084
15.6831	0.0241084	0.0242198
15.685	0.0242198	0.0241923
15.6869	0.0241923	0.0239183
15.6888	0.0239183	0.0234285
15.6907	0.0234285	0.0228749
15.6925	0.0228749	0.0218906
15.6944	0.0218906	0.0210293
15.6963	0.0210293	0.0202756
15.6982	0.0202756	0.0196161
15.7001	0.0196161	0.0191641
15.702	0.0191641	0.0186436
15.7039	0.0186436	0.0181882
15.7058	0.0181882	0.0177896
15.7077	0.0177896	0.0174409
15.7095	0.0174409	0.0171358
15.7124	0.0171358	0.0169938
15.7294	0.0169938	0.0167446
15.7313	0.0167446	0.0165265
15.7331	0.0165265	0.0163357
15.735	0.0163357	0.0162938
15.7369	0.0162938	0.016007
15.7388	0.016007	0.0155062
15.7407	0.0155062	0.0146929
15.7426	0.0146929	0.0139813
15.7445	0.0139813	0.0133586
15.7464	0.0133586	0.0129388
15.7482	0.0129388	0.0128214
15.7501	0.0128214	0.0127188
15.752	0.0127188	0.0126289
15.7539	0.0126289	0.0124253
15.7558	0.0124253	0.0122471
15.7577	0.0122471	0.0120912
15.7596	0.0120912	0.0119548
15.7615	0.0119548	0.0118355
15.7633	0.0118355	0.011731
15.7652	0.011731	0.0117647
15.7671	0.0117647	0.0117941
15.769	0.0117941	0.0118198
15.7709	0.0118198	0.0119673
15.7728	0.0119673	0.0120964
15.7747	0.0120964	0.0122094
15.7766	0.0122094	0.0123082
15.7785	0.0123082	0.0123947
15.7803	0.0123947	0.0124703
15.7822	0.0124703	0.0125365
15.7841	0.0125365	0.0127195
15.786	0.0127195	0.0128795
15.7879	0.0128795	0.0128946
15.7898	0.0128946	0.0129078
15.7917	0.0129078	0.0129193
15.7936	0.0129193	0.0129294
15.7954	0.0129294	0.0129382
15.7973	0.0129382	0.0129459
15.7992	0.0129459	0.0132027
15.8011	0.0132027	0.0134274
15.803	0.0134274	0.0136239
15.8049	0.0136239	0.0137959
15.8068	0.0137959	0.0139465
15.8087	0.0139465	0.0140781
15.8105	0.0140781	0.0141934
15.8124	0.0141934	0.0142942
15.8143	0.0142942	0.0143824
15.8162	0.0143824	0.0144596
15.8181	0.0144596	0.0146522
15.82	0.0146522	0.0146956
15.8219	0.0146956	0.0147337
15.8238	0.0147337	0.014767
15.8257	0.014767	0.0147961
15.8275	0.0147961	0.0148216
15.8294	0.0148216	0.0150939
15.8313	0.0150939	0.0153322
15.8332	0.0153322	0.0155406
15.8351	0.0155406	0.0157231
15.837	0.0157231	0.0158827
15.8389	0.0158827	0.0160223
15.8408	0.0160223	0.0161445
15.8426	0.0161445	0.0162515
15.8445	0.0162515	0.016345
15.8464	0.016345	0.0164269
15.8483	0.0164269	0.0164985
15.8502	0.0164985	0.0165612
15.8521	0.0165612	0.0166161
15.854	0.0166161	0.0166641
15.8559	0.0166641	0.0167061
15.8577	0.0167061	0.0167428
15.8596	0.0167428	0.0167749
15.8615	0.0167749	0.0168031
15.8634	0.0168031	0.0168277
15.8653	0.0168277	0.0170992
15.8672	0.0170992	0.0173368
15.8691	0.0173368	0.0175447
15.871	0.0175447	0.0176016
15.8729	0.0176016	0.0177764
15.8747	0.0177764	0.0179294
15.8766	0.0179294	0.0180632
15.8785	0.0180632	0.0181803
15.9002	0.0181803	0.0181578
15.9021	0.0181578	0.018263
15.904	0.018263	0.0183552
15.9059	0.0183552	0.0183108
15.9078	0.0183108	0.0183969
15.9097	0.0183969	0.0183473
15.9116	0.0183473	0.0180539
15.9134	0.0180539	0.0175472
15.9153	0.0175472	0.0167288
15.9172	0.0167288	0.0162627
15.9191	0.0162627	0.0159798
15.921	0.0159798	0.0156074
15.9229	0.0156074	0.0152814
15.9248	0.0152814	0.0149963
15.9267	0.0149963	0.0147467
15.9285	0.0147467	0.0145284
15.9304	0.0145284	0.0143373
15.9323	0.0143373	0.0141702
15.9342	0.0141702	0.0141489
15.9361	0.0141489	0.0141303
15.938	0.0141303	0.013989
15.9399	0.013989	0.0138654
15.9418	0.0138654	0.0137572
15.9437	0.0137572	0.0136625
15.9455	0.0136625	0.0138297
15.9474	0.0138297	0.013976
15.9493	0.013976	0.014104
15.9512	0.014104	0.014216
15.9531	0.014216	0.014439
15.955	0.014439	0.0145091
15.9569	0.0145091	0.0145705
15.9588	0.0145705	0.0146242
15.9606	0.0146242	0.0146712
15.9625	0.0146712	0.0147123
15.9644	0.0147123	0.0147482
15.9663	0.0147482	0.0147797
15.9682	0.0147797	0.0148072
15.9701	0.0148072	0.0149563
15.972	0.0149563	0.0149618
15.9739	0.0149618	0.0149666
15.9757	0.0149666	0.0152207
15.9776	0.0152207	0.0154431
15.9795	0.0154431	0.0156378
15.9814	0.0156378	0.015808
15.9833	0.015808	0.015957
15.9852	0.015957	0.0160874
15.9871	0.0160874	0.0162015
15.989	0.0162015	0.0163013
15.9909	0.0163013	0.0163886
15.9927	0.0163886	0.016465
15.9946	0.016465	0.0165319
15.9965	0.0165319	0.0165904
15.9984	0.0165904	0.0166416
16.0003	0.0166416	0.0166864
16.0022	0.0166864	0.0167256
16.0041	0.0167256	0.0167599
16.006	0.0167599	0.0167899
16.0078	0.0167899	0.0168162
16.0097	0.0168162	0.0168392
16.0116	0.0168392	0.0171093
16.0135	0.0171093	0.0173456
16.0154	0.0173456	0.0175524
16.0173	0.0175524	0.0177334
16.0192	0.0177334	0.0178917
16.0211	0.0178917	0.0180302
16.0229	0.0180302	0.0180264
16.0248	0.0180264	0.0181481
16.0267	0.0181481	0.0182546
16.0286	0.0182546	0.0183478
16.0305	0.0183478	0.0184293
16.0324	0.0184293	0.0185007
16.0343	0.0185007	0.0185631
16.0362	0.0185631	0.0186177
16.0381	0.0186177	0.0186655
16.0399	0.0186655	0.0185823
16.0418	0.0185823	0.0186345
16.0437	0.0186345	0.0186802
16.0456	0.0186802	0.0187202
16.0475	0.0187202	0.0187551
16.0701	0.0187551	0.0187858
16.072	0.0187858	0.0188125
16.0739	0.0188125	0.018711
16.0758	0.018711	0.0187471
16.0777	0.0187471	0.0187787
16.0796	0.0187787	0.0186814
16.0815	0.0186814	0.0183462
16.0834	0.0183462	0.0178029
16.0853	0.0178029	0.0172026
16.0871	0.0172026	0.0168022
16.089	0.0168022	0.016452
16.0909	0.016452	0.0160205
16.0928	0.0160205	0.0156429
16.0947	0.0156429	0.0153125
16.1117	0.0153125	0.0150235
16.1136	0.0150235	0.0147705
16.1155	0.0147705	0.0145492
16.1173	0.0145492	0.0143556
16.1192	0.0143556	0.0140611
16.1211	0.0140611	0.0133035
16.123	0.0133035	0.0126405
16.1249	0.0126405	0.0121855
16.1268	0.0121855	0.0117873
16.1287	0.0117873	0.0114389
16.1306	0.0114389	0.011134
16.1325	0.011134	0.0108673
16.1343	0.0108673	0.0107589
16.1362	0.0107589	0.010664
16.1381	0.010664	0.010581
16.14	0.010581	0.0105084
16.1419	0.0105084	0.0103198
16.1438	0.0103198	0.0101548
16.1457	0.0101548	0.0102605
16.1476	0.0102605	0.0103529
16.1494	0.0103529	0.0104338
16.1513	0.0104338	0.0105046
16.1532	0.0105046	0.0106915
16.1551	0.0106915	0.0108551
16.157	0.0108551	0.0108732
16.1589	0.0108732	0.010889
16.1608	0.010889	0.0109029
16.1627	0.0109029	0.010915
16.1645	0.010915	0.0109257
16.1664	0.0109257	0.010935
16.1683	0.010935	0.0111931
16.1702	0.0111931	0.011544
16.1721	0.011544	0.011851
16.174	0.011851	0.0119946
16.1759	0.0119946	0.0121203
16.1778	0.0121203	0.0122302
16.1797	0.0122302	0.0123264
16.1815	0.0123264	0.0124106
16.1834	0.0124106	0.0124843
16.1853	0.0124843	0.0125488
16.1872	0.0125488	0.0127302
16.1891	0.0127302	0.0128889
16.191	0.0128889	0.0129028
16.1929	0.0129028	0.0129149
16.1948	0.0129149	0.0129256
16.1966	0.0129256	0.0131849
16.1985	0.0131849	0.0134118
16.2004	0.0134118	0.0136103
16.2023	0.0136103	0.013784
16.2042	0.013784	0.013936
16.2061	0.013936	0.014194
16.208	0.014194	0.0142948
16.2099	0.0142948	0.0143829
16.2117	0.0143829	0.01446
16.2136	0.01446	0.0145275
16.2155	0.0145275	0.0145866
16.2174	0.0145866	0.0146383
16.2193	0.0146383	0.0146835
16.2212	0.0146835	0.0147231
16.2231	0.0147231	0.0148827
16.225	0.0148827	0.0148973
16.2269	0.0148973	0.0151602
16.2287	0.0151602	0.0153901
16.2306	0.0153901	0.0155914
16.2325	0.0155914	0.0157675
16.2344	0.0157675	0.0159215
16.2363	0.0159215	0.0160563
16.2382	0.0160563	0.0161743
16.2401	0.0161743	0.0162775
16.242	0.0162775	0.0163678
16.2438	0.0163678	0.0164468
16.2457	0.0164468	0.016516
16.2476	0.016516	0.0165765
16.2495	0.0165765	0.0166294
16.2514	0.0166294	0.0166757
16.2533	0.0166757	0.0167163
16.2552	0.0167163	0.0167517
16.2571	0.0167517	0.0167828
16.2589	0.0167828	0.0168099
16.2608	0.0168099	0.0168337
16.2627	0.0168337	0.0171045
16.2646	0.0171045	0.0173414
16.2665	0.0173414	0.0175487
16.2684	0.0175487	0.0177301
16.2703	0.0177301	0.0178889
16.2722	0.0178889	0.0180278
16.2741	0.0180278	0.0181493
16.2759	0.0181493	0.0181306
16.2778	0.0181306	0.0182393
16.2797	0.0182393	0.0183344
16.2816	0.0183344	0.0184176
16.2835	0.0184176	0.0184904
16.2854	0.0184904	0.0185541
16.2873	0.0185541	0.0186098
16.2892	0.0186098	0.0186586
16.291	0.0186586	0.0187013
16.2929	0.0187013	0.0186136
16.2948	0.0186136	0.0186619
16.2967	0.0186619	0.0187042
16.2986	0.0187042	0.0187412
16.3005	0.0187412	0.0190235
16.3024	0.0190235	0.0192706
16.3043	0.0192706	0.0194867
16.3061	0.0194867	0.0196759
16.308	0.0196759	0.0198414
16.3099	0.0198414	0.0198612
16.3118	0.0198612	0.0198786
16.3137	0.0198786	0.0200188
16.3156	0.0200188	0.0201414
16.3175	0.0201414	0.0202487
16.3194	0.0202487	0.0203426
16.3213	0.0203426	0.0204248
16.3231	0.0204248	0.0204967
16.325	0.0204967	0.0205596
16.3269	0.0205596	0.0204897
16.3288	0.0204897	0.0204285
16.3307	0.0204285	0.0204999
16.3326	0.0204999	0.0205624
16.3345	0.0205624	0.0206171
16.3364	0.0206171	0.020665
16.3382	0.020665	0.0207069
16.3401	0.0207069	0.0207435
16.342	0.0207435	0.0207756
16.3439	0.0207756	0.0209286
16.3458	0.0209286	0.0210625
16.3477	0.0210625	0.0211797
16.3496	0.0211797	0.0214073
16.3515	0.0214073	0.0216063
16.3533	0.0216063	0.0217806
16.3552	0.0217806	0.021933
16.3571	0.021933	0.0220664
16.359	0.0220664	0.0221831
16.3609	0.0221831	0.0221602
16.3628	0.0221602	0.0221402
16.3647	0.0221402	0.0221226
16.3666	0.0221226	0.0222323
16.3685	0.0222323	0.0223283
16.3703	0.0223283	0.0224122
16.3722	0.0224122	0.0224857
16.3741	0.0224857	0.02255
16.376	0.02255	0.0226062
16.3779	0.0226062	0.0225305
16.3798	0.0225305	0.0224642
16.3817	0.0224642	0.0224061
16.3836	0.0224061	0.0224804
16.3854	0.0224804	0.0225453
16.3873	0.0225453	0.0226022
16.3892	0.0226022	0.0229019
16.3911	0.0229019	0.0231641
16.393	0.0231641	0.0232686
16.3949	0.0232686	0.0233601
16.3968	0.0233601	0.02344
16.3987	0.02344	0.02351
16.4005	0.02351	0.0235713
16.4024	0.0235713	0.0237499
16.4043	0.0237499	0.0239061
16.4062	0.0239061	0.0240429
16.4081	0.0240429	0.0241625
16.41	0.0241625	0.0241422
16.4119	0.0241422	0.0241244
16.4138	0.0241244	0.0241089
16.4157	0.0241089	0.0240953
16.4175	0.0240953	0.0242084
16.4194	0.0242084	0.0243073
16.4213	0.0243073	0.0243939
16.4232	0.0243939	0.0244697
16.4251	0.0244697	0.0245359
16.4279	0.0245359	0.024594
16.4544	0.024594	0.0246447
16.4562	0.0246447	0.0246891
16.4581	0.0246891	0.024728
16.46	0.024728	0.024762
16.4619	0.024762	0.0246667
16.4638	0.0246667	0.0245834
16.4657	0.0245834	0.0245105
16.4676	0.0245105	0.0243217
16.4695	0.0243217	0.0239065
16.4713	0.0239065	0.0232931
16.4732	0.0232931	0.0222565
16.4751	0.0222565	0.0213494
16.477	0.0213494	0.0206808
16.4789	0.0206808	0.0199707
16.4808	0.0199707	0.0193493
16.4827	0.0193493	0.0188057
16.4846	0.0188057	0.01833
16.4865	0.01833	0.0179137
16.4883	0.0179137	0.0175495
16.4902	0.0175495	0.0172308
16.4921	0.0172308	0.016952
16.494	0.016952	0.016833
16.4959	0.016833	0.0166038
16.4987	0.0166038	0.0167784
16.5157	0.0167784	0.0165561
16.5176	0.0165561	0.0163616
16.5195	0.0163616	0.0161914
16.5214	0.0161914	0.0160424
16.5233	0.0160424	0.0157871
16.5252	0.0157871	0.0154387
16.527	0.0154387	0.0150089
16.5289	0.0150089	0.0145078
16.5308	0.0145078	0.0140693
16.5327	0.0140693	0.0136856
16.5346	0.0136856	0.0133499
16.5365	0.0133499	0.0130562
16.5384	0.0130562	0.0127992
16.5403	0.0127992	0.0126993
16.5421	0.0126993	0.0126119
16.544	0.0126119	0.0125354
16.5459	0.0125354	0.0123435
16.5478	0.0123435	0.0121755
16.5497	0.0121755	0.0122786
16.5516	0.0122786	0.0123688
16.5535	0.0123688	0.0124477
16.5554	0.0124477	0.0125167
16.5573	0.0125167	0.0125771
16.5591	0.0125771	0.012755
16.561	0.012755	0.0129106
16.5629	0.0129106	0.0129218
16.5648	0.0129218	0.0129316
16.5667	0.0129316	0.0129401
16.5686	0.0129401	0.0129476
16.5705	0.0129476	0.0129541
16.5724	0.0129541	0.0129599
16.5742	0.0129599	0.0129649
16.5761	0.0129649	0.0130943
16.578	0.0130943	0.0134575
16.5799	0.0134575	0.0136503
16.5818	0.0136503	0.013819
16.5837	0.013819	0.0139666
16.5856	0.0139666	0.0140958
16.5875	0.0140958	0.0142088
16.5893	0.0142088	0.0143077
16.5912	0.0143077	0.0143943
16.5931	0.0143943	0.01447
16.595	0.01447	0.0146612
16.5969	0.0146612	0.0147036
16.5988	0.0147036	0.0147406
16.6007	0.0147406	0.014773
16.6026	0.014773	0.0148014
16.6045	0.0148014	0.0148262
16.6063	0.0148262	0.014848
16.6082	0.014848	0.015117
16.6101	0.015117	0.0153523
16.612	0.0153523	0.0155583
16.6139	0.0155583	0.0157385
16.6158	0.0157385	0.0158962
16.6177	0.0158962	0.0160342
16.6196	0.0160342	0.0161549
16.6214	0.0161549	0.0162605
16.6233	0.0162605	0.016353
16.6252	0.016353	0.0164338
16.6271	0.0164338	0.0165046
16.629	0.0165046	0.0164415
16.6309	0.0164415	0.0165113
16.6328	0.0165113	0.0165724
16.6347	0.0165724	0.0166259
16.6365	0.0166259	0.0166726
16.6384	0.0166726	0.0167136
16.6403	0.0167136	0.0167494
16.6422	0.0167494	0.0167807
16.6441	0.0167807	0.0170581
16.646	0.0170581	0.0171758
16.6479	0.0171758	0.0174039
16.6498	0.0174039	0.0176034
16.6517	0.0176034	0.017778
16.6535	0.017778	0.0179307
16.6554	0.0179307	0.0180644
16.6573	0.0180644	0.0181813
16.6592	0.0181813	0.0182837
16.6611	0.0182837	0.0183732
16.663	0.0183732	0.0183265
16.6649	0.0183265	0.0184107
16.6668	0.0184107	0.0184844
16.6686	0.0184844	0.0185488
16.6705	0.0185488	0.0186052
16.6724	0.0186052	0.0186546
16.6743	0.0186546	0.0186978
16.6762	0.0186978	0.0187355
16.6781	0.0187355	0.0187686
16.68	0.0187686	0.0186725
16.6819	0.0186725	0.0188385
16.6837	0.0188385	0.0191086
16.6856	0.0191086	0.0193451
16.6875	0.0193451	0.0195519
16.6894	0.0195519	0.0197329
16.6913	0.0197329	0.0198913
16.6932	0.0198913	0.0200299
16.6951	0.0200299	0.0201512
16.697	0.0201512	0.0201323
16.6989	0.0201323	0.0201157
16.7007	0.0201157	0.0202263
16.7026	0.0202263	0.020323
16.7045	0.020323	0.0204076
16.7064	0.0204076	0.0204817
16.7083	0.0204817	0.0205465
16.7102	0.0205465	0.0206031
16.7121	0.0206031	0.0206528
16.714	0.0206528	0.0205712
16.7158	0.0205712	0.0204998
16.7177	0.0204998	0.0205623
16.7196	0.0205623	0.020617
16.7215	0.020617	0.0206649
16.7234	0.0206649	0.0207068
16.7253	0.0207068	0.0209934
16.7272	0.0209934	0.0212442
16.7291	0.0212442	0.0214637
16.7309	0.0214637	0.0215307
16.7328	0.0215307	0.0215894
16.7347	0.0215894	0.0216407
16.7366	0.0216407	0.0218106
16.7385	0.0218106	0.0219593
16.7404	0.0219593	0.0220894
16.7423	0.0220894	0.0222032
16.7442	0.0222032	0.0223028
16.7461	0.0223028	0.02239
16.7479	0.02239	0.0223412
16.7498	0.0223412	0.0222986
16.7517	0.0222986	0.0222612
16.7536	0.0222612	0.0223536
16.7555	0.0223536	0.0224344
16.7574	0.0224344	0.0225051
16.7593	0.0225051	0.022567
16.7612	0.022567	0.0226211
16.763	0.0226211	0.0226684
16.7649	0.0226684	0.0225849
16.7668	0.0225849	0.0225118
16.7687	0.0225118	0.0224478
16.7952	0.0224478	0.0225168
16.8084	0.0225168	0.0218272
16.8102	0.0218272	0.0212238
16.8121	0.0212238	0.0204458
16.814	0.0204458	0.0196401
16.8159	0.0196401	0.0185601
16.8178	0.0185601	0.0176151
16.8197	0.0176151	0.0167882
16.8216	0.0167882	0.0163147
16.8235	0.0163147	0.0159003
16.8253	0.0159003	0.0155378
16.8272	0.0155378	0.0152206
16.8291	0.0152206	0.015193
16.831	0.015193	0.0152939
16.8329	0.0152939	0.0152571
16.8348	0.0152571	0.015225
16.8367	0.015225	0.0151969
16.8386	0.0151969	0.0151723
16.8405	0.0151723	0.0151507
16.8423	0.0151507	0.0151319
16.8442	0.0151319	0.0151154
16.8461	0.0151154	0.015101
16.848	0.015101	0.0152134
16.8499	0.0152134	0.0151867
16.8518	0.0151867	0.0151633
16.8537	0.0151633	0.0151429
16.8556	0.0151429	0.0151251
16.8574	0.0151251	0.0151094
16.8593	0.0151094	0.0150957
16.8612	0.0150957	0.0153338
16.8631	0.0153338	0.0155421
16.865	0.0155421	0.0155993
16.8669	0.0155993	0.0157744
16.8688	0.0157744	0.0159276
16.8707	0.0159276	0.0160616
16.8725	0.0160616	0.0161789
16.8744	0.0161789	0.0162816
16.8763	0.0162816	0.0163714
16.8782	0.0163714	0.0164499
16.8801	0.0164499	0.0165187
16.882	0.0165187	0.0165789
16.8839	0.0165789	0.0166315
16.8858	0.0166315	0.0166776
16.8877	0.0166776	0.0167179
16.8895	0.0167179	0.0167531
16.8914	0.0167531	0.016784
16.8933	0.016784	0.016811
16.8952	0.016811	0.0170846
16.8971	0.0170846	0.017324
16.899	0.017324	0.0174085
16.9009	0.0174085	0.0176075
16.9028	0.0176075	0.0177815
16.9046	0.0177815	0.0179338
16.9065	0.0179338	0.0180671
16.9084	0.0180671	0.0181837
16.9103	0.0181837	0.0182858
16.9122	0.0182858	0.018375
16.9141	0.018375	0.0184532
16.916	0.0184532	0.0183965
16.9179	0.0183965	0.0184719
16.9197	0.0184719	0.018538
16.9216	0.018538	0.0185957
16.9235	0.0185957	0.0186462
16.9254	0.0186462	0.0186905
16.9273	0.0186905	0.0187292
16.9292	0.0187292	0.018763
16.9311	0.018763	0.0187926
16.933	0.0187926	0.0186936
16.9349	0.0186936	0.0188569
16.9367	0.0188569	0.0191248
16.9386	0.0191248	0.0193592
16.9405	0.0193592	0.0195643
16.9424	0.0195643	0.0197437
16.9443	0.0197437	0.0199008
16.9462	0.0199008	0.0200382
16.9481	0.0200382	0.0201584
16.95	0.0201584	0.0201386
16.9518	0.0201386	0.0201213
16.9537	0.0201213	0.0202311
16.9556	0.0202311	0.0203272
16.9575	0.0203272	0.0204113
16.9594	0.0204113	0.0204849
16.9613	0.0204849	0.0205493
16.9632	0.0205493	0.0206056
16.9651	0.0206056	0.0206549
16.9669	0.0206549	0.0205731
16.9688	0.0205731	0.0205014
16.9707	0.0205014	0.0205637
16.9726	0.0205637	0.0206183
16.9745	0.0206183	0.020666
16.9764	0.020666	0.0209577
17.0019	0.0209577	0.020963
17.0038	0.020963	0.0210926
17.0057	0.0210926	0.0212061
17.0075	0.0212061	0.0214303
17.0094	0.0214303	0.0216265
17.0113	0.0216265	0.0217982
17.0132	0.0217982	0.0218234
17.0151	0.0218234	0.0215955
17.017	0.0215955	0.0210211
17.0189	0.0210211	0.0200184
17.0208	0.0200184	0.0191411
17.0226	0.0191411	0.0183735
17.0245	0.0183735	0.0177018
17.0264	0.0177018	0.0171141
17.0283	0.0171141	0.0165998
17.0302	0.0165998	0.0162748
17.0321	0.0162748	0.0159905
17.034	0.0159905	0.0156167
17.0359	0.0156167	0.0152896
17.0377	0.0152896	0.0150034
17.0396	0.0150034	0.015003
17.0415	0.015003	0.0150026
17.0434	0.0150026	0.0150023
17.0453	0.0150023	0.015002
17.0472	0.015002	0.0150017
17.0491	0.0150017	0.0151265
17.051	0.0151265	0.0151107
17.0529	0.0151107	0.0150969
17.0547	0.0150969	0.0150848
17.0566	0.0150848	0.0150742
17.0585	0.0150742	0.0150649
17.0604	0.0150649	0.0150568
17.0623	0.0150568	0.0150497
17.0642	0.0150497	0.0150435
17.0661	0.0150435	0.015163
17.068	0.015163	0.0151427
17.0698	0.0151427	0.0153748
17.0717	0.0153748	0.015578
17.0736	0.015578	0.0157557
17.0755	0.0157557	0.0159113
17.0774	0.0159113	0.0160473
17.0793	0.0160473	0.0161664
17.0812	0.0161664	0.0162706
17.0831	0.0162706	0.0163618
17.0849	0.0163618	0.0164416
17.0868	0.0164416	0.0165114
17.0887	0.0165114	0.0165725
17.0906	0.0165725	0.0166259
17.0925	0.0166259	0.0166727
17.0944	0.0166727	0.0167136
17.0963	0.0167136	0.0167494
17.0982	0.0167494	0.0167807
17.1001	0.0167807	0.0168081
17.1019	0.0168081	0.0168321
17.1038	0.0168321	0.0168531
17.1057	0.0168531	0.0171215
17.1076	0.0171215	0.0173563
17.1095	0.0173563	0.0175617
17.1114	0.0175617	0.0177415
17.1133	0.0177415	0.0178988
17.1152	0.0178988	0.0180365
17.117	0.0180365	0.0181569
17.1189	0.0181569	0.0181373
17.1208	0.0181373	0.0182451
17.1227	0.0182451	0.0183395
17.1246	0.0183395	0.0184221
17.1265	0.0184221	0.0184943
17.1284	0.0184943	0.0185575
17.1303	0.0185575	0.0186128
17.1321	0.0186128	0.0186612
17.134	0.0186612	0.0187036
17.1359	0.0187036	0.0186156
17.1378	0.0186156	0.0186637
17.1397	0.0186637	0.0187057
17.1416	0.0187057	0.0187425
17.1444	0.0187425	0.0191497
17.1652	0.0191497	0.019131
17.1784	0.019131	0.0179896
17.1793	0.0179896	0.0168659
17.1812	0.0168659	0.0160077
17.1831	0.0160077	0.0152567
17.185	0.0152567	0.0145996
17.1869	0.0145996	0.0138997
17.1888	0.0138997	0.0132872
17.1907	0.0132872	0.0130013
17.1926	0.0130013	0.0127511
17.1945	0.0127511	0.0125322
17.1963	0.0125322	0.0123407
17.1982	0.0123407	0.0122981
17.2001	0.0122981	0.0125109
17.202	0.0125109	0.012697
17.2039	0.012697	0.0127349
17.2058	0.0127349	0.012768
17.2077	0.012768	0.012797
17.2096	0.012797	0.0128224
17.2114	0.0128224	0.0128446
17.2133	0.0128446	0.012864
17.2152	0.012864	0.012881
17.2171	0.012881	0.0130209
17.219	0.0130209	0.0130183
17.2209	0.0130183	0.013016
17.2228	0.013016	0.013014
17.2247	0.013014	0.0130122
17.2265	0.0130122	0.0130107
17.2284	0.0130107	0.0132594
17.2303	0.0132594	0.0134769
17.2322	0.0134769	0.0136673
17.2341	0.0136673	0.0139589
17.236	0.0139589	0.014089
17.2379	0.014089	0.0142029
17.2398	0.0142029	0.0143026
17.2417	0.0143026	0.0143897
17.2435	0.0143897	0.014466
17.2454	0.014466	0.0145328
17.2473	0.0145328	0.0145912
17.2492	0.0145912	0.0146423
17.2511	0.0146423	0.014812
17.253	0.014812	0.0148355
17.2549	0.0148355	0.0148561
17.2568	0.0148561	0.014874
17.2586	0.014874	0.0151398
17.2605	0.0151398	0.0153723
17.2624	0.0153723	0.0155758
17.2643	0.0155758	0.0157538
17.2662	0.0157538	0.0159096
17.2681	0.0159096	0.0160459
17.27	0.0160459	0.0161651
17.2719	0.0161651	0.0162695
17.2737	0.0162695	0.0163608
17.2756	0.0163608	0.0164407
17.2775	0.0164407	0.0165106
17.2794	0.0165106	0.0165718
17.2813	0.0165718	0.0166253
17.2832	0.0166253	0.0166722
17.2851	0.0166722	0.0167131
17.287	0.0167131	0.016749
17.2889	0.016749	0.0167804
17.2907	0.0167804	0.0168078
17.2926	0.0168078	0.0168318
17.2945	0.0168318	0.0171029
17.2964	0.0171029	0.01734
17.2983	0.01734	0.0175475
17.3002	0.0175475	0.0177291
17.3021	0.0177291	0.0178879
17.304	0.0178879	0.0179019
17.3058	0.0179019	0.0180392
17.3077	0.0180392	0.0181593
17.3096	0.0181593	0.0182644
17.3115	0.0182644	0.0183563
17.3134	0.0183563	0.0184368
17.3153	0.0184368	0.0185072
17.3172	0.0185072	0.0185688
17.3191	0.0185688	0.0186227
17.3209	0.0186227	0.0185449
17.3228	0.0185449	0.0186017
17.3247	0.0186017	0.0186515
17.3266	0.0186515	0.0186951
17.3285	0.0186951	0.0187332
17.3304	0.0187332	0.0187666
17.3323	0.0187666	0.0190457
17.3342	0.0190457	0.01929
17.3361	0.01929	0.0195038
17.3379	0.0195038	0.0195658
17.3398	0.0195658	0.0196201
17.3417	0.0196201	0.0197926
17.3436	0.0197926	0.0199435
17.3455	0.0199435	0.0200756
17.3474	0.0200756	0.0201911
17.3493	0.0201911	0.0202922
17.3512	0.0202922	0.0203807
17.353	0.0203807	0.0204581
17.3549	0.0204581	0.0204008
17.3568	0.0204008	0.0203507
17.3587	0.0203507	0.0204319
17.3606	0.0204319	0.0205029
17.3625	0.0205029	0.020565
17.3644	0.020565	0.0206194
17.3663	0.0206194	0.020667
17.3681	0.020667	0.0207086
17.37	0.0207086	0.020745
17.3719	0.020745	0.0206519
17.3738	0.0206519	0.0205704
17.3757	0.0205704	0.0207491
17.3776	0.0207491	0.0210305
17.3795	0.0210305	0.0212767
17.3814	0.0212767	0.0214921
17.3833	0.0214921	0.0216806
17.3851	0.0216806	0.0218455
17.387	0.0218455	0.0219898
17.3889	0.0219898	0.0219911
17.3908	0.0219911	0.0219922
17.3927	0.0219922	0.0219932
17.3946	0.0219932	0.022119
17.3965	0.022119	0.0222291
17.3984	0.0222291	0.0223255
17.4002	0.0223255	0.0224098
17.4021	0.0224098	0.0224836
17.404	0.0224836	0.0225481
17.4059	0.0225481	0.0224796
17.4078	0.0224796	0.0224197
17.4097	0.0224197	0.0223672
17.4116	0.0223672	0.0224463
17.4135	0.0224463	0.0225155
17.4153	0.0225155	0.0225761
17.4172	0.0225761	0.0226291
17.4191	0.0226291	0.0226754
17.421	0.0226754	0.022966
17.4229	0.022966	0.0230953
17.4248	0.0230953	0.0232083
17.4267	0.0232083	0.0233073
17.4286	0.0233073	0.0233939
17.4305	0.0233939	0.0235947
17.4323	0.0235947	0.0237703
17.4342	0.0237703	0.023924
17.4361	0.023924	0.0240585
17.438	0.0240585	0.0241762
17.4399	0.0241762	0.0241542
17.4418	0.0241542	0.0241349
17.4437	0.0241349	0.024118
17.4456	0.024118	0.0241033
17.4474	0.0241033	0.0242154
17.4493	0.0242154	0.0243135
17.4512	0.0243135	0.0243993
17.4531	0.0243993	0.0244744
17.455	0.0244744	0.0244151
17.4569	0.0244151	0.0243632
17.4588	0.0243632	0.0243178
17.4607	0.0243178	0.0242781
17.4625	0.0242781	0.0242433
17.4644	0.0242433	0.0243379
17.4663	0.0243379	0.0244207
17.4682	0.0244207	0.0244931
17.4701	0.0244931	0.0245564
17.472	0.0245564	0.0247369
17.4739	0.0247369	0.0248948
17.4758	0.0248948	0.0250329
17.4777	0.0250329	0.0251538
17.4795	0.0251538	0.0252596
17.4814	0.0252596	0.0254771
17.4833	0.0254771	0.0256675
17.4852	0.0256675	0.0258341
17.4871	0.0258341	0.0259798
17.489	0.0259798	0.0259823
17.4909	0.0259823	0.0259845
17.4928	0.0259845	0.0259865
17.4946	0.0259865	0.0259882
17.4965	0.0259882	0.0259896
17.4984	0.0259896	0.0261159
17.5003	0.0261159	0.0262264
17.5022	0.0262264	0.0263231
17.5041	0.0263231	0.0264077
17.506	0.0264077	0.0263568
17.5079	0.0263568	0.0263122
17.5097	0.0263122	0.0262732
17.5116	0.0262732	0.026239
17.5135	0.026239	0.0262091
17.5154	0.0262091	0.026308
17.5173	0.026308	0.0263945
17.5192	0.0263945	0.0264702
17.5211	0.0264702	0.0265364
17.523	0.0265364	0.0264694
17.5249	0.0264694	0.0266607
17.5267	0.0266607	0.0268281
17.5286	0.0268281	0.0269746
17.5305	0.0269746	0.0271028
17.5324	0.0271028	0.0272149
17.5343	0.0272149	0.0274381
17.5362	0.0274381	0.0276333
17.5381	0.0276333	0.0278041
17.54	0.0278041	0.0278286
17.5418	0.0278286	0.02785
17.5437	0.02785	0.0278688
17.5456	0.0278688	0.0278852
17.5475	0.0278852	0.0278995
17.5494	0.0278995	0.0279121
17.5513	0.0279121	0.0280481
17.5532	0.0280481	0.0281671
17.5551	0.0281671	0.0282712
17.5569	0.0282712	0.0282373
17.5588	0.0282373	0.0282076
17.5607	0.0282076	0.0281817
17.5626	0.0281817	0.028159
17.5645	0.028159	0.0281391
17.5664	0.0281391	0.0281217
17.5683	0.0281217	0.0282315
17.5702	0.0282315	0.0283276
17.5721	0.0283276	0.0284116
17.5739	0.0284116	0.0283602
17.5758	0.0283602	0.0283151
17.5777	0.0283151	0.0282757
17.5796	0.0282757	0.0282413
17.5815	0.0282413	0.0282111
17.5834	0.0282111	0.0284347
17.5853	0.0284347	0.0286304
17.5872	0.0286304	0.0289266
17.589	0.0289266	0.0291858
17.5909	0.0291858	0.0292875
17.5928	0.0292875	0.0293766
17.5947	0.0293766	0.0294545
17.5966	0.0294545	0.0295227
17.5985	0.0295227	0.0295824
17.6004	0.0295824	0.0296346
17.6023	0.0296346	0.0296802
17.6041	0.0296802	0.0298452
17.606	0.0298452	0.0299896
17.6079	0.0299896	0.0299909
17.6098	0.0299909	0.029992
17.6117	0.029992	0.029993
17.6136	0.029993	0.0299939
17.6155	0.0299939	0.0299946
17.6174	0.0299946	0.0299953
17.6193	0.0299953	0.0299959
17.6211	0.0299959	0.0301214
17.623	0.0301214	0.0302312
17.6249	0.0302312	0.0302023
17.6268	0.0302023	0.030177
17.6287	0.030177	0.0301549
17.6306	0.0301549	0.0301355
17.6325	0.0301355	0.0301186
17.6344	0.0301186	0.0301038
17.6362	0.0301038	0.0300908
17.6381	0.0300908	0.0302045
17.64	0.0302045	0.0303039
17.6419	0.0303039	0.0302659
17.6438	0.0302659	0.0304827
17.6457	0.0304827	0.0306723
17.6476	0.0306723	0.0308383
17.6495	0.0308383	0.0309835
17.6513	0.0309835	0.0311106
17.6532	0.0311106	0.0312217
17.6551	0.0312217	0.031319
17.657	0.031319	0.0315291
17.6589	0.0315291	0.031588
17.6608	0.031588	0.0316395
17.6627	0.0316395	0.0316846
17.6646	0.0316846	0.031724
17.6665	0.031724	0.0317585
17.6683	0.0317585	0.0317887
17.6702	0.0317887	0.0318151
17.6721	0.0318151	0.0318382
17.674	0.0318382	0.0319834
17.6759	0.0319834	0.0319855
17.6778	0.0319855	0.0319873
17.6797	0.0319873	0.0319889
17.6816	0.0319889	0.0319903
17.6834	0.0319903	0.0319915
17.6853	0.0319915	0.0319926
17.6872	0.0319926	0.0319935
17.6891	0.0319935	0.0319943
17.691	0.0319943	0.031995
17.6929	0.031995	0.0319956
17.6948	0.0319956	0.0319962
17.6967	0.0319962	0.0319967
17.6985	0.0319967	0.0319971
17.7004	0.0319971	0.0319974
17.7023	0.0319974	0.0319978
17.7042	0.0319978	0.031998
17.7061	0.031998	0.0319983
17.708	0.0319983	0.0319985
17.7099	0.0319985	0.0322487
17.7118	0.0322487	0.0324676
17.7137	0.0324676	0.0326591
17.7155	0.0326591	0.0328268
17.7174	0.0328268	0.0329734
17.7193	0.0329734	0.0331017
17.7212	0.0331017	0.033214
17.7231	0.033214	0.0333123
17.725	0.0333123	0.0333982
17.7269	0.0333982	0.0334735
17.7288	0.0334735	0.0335393
17.7306	0.0335393	0.0335969
17.7325	0.0335969	0.0336473
17.7344	0.0336473	0.0336913
17.7363	0.0336913	0.0337299
17.7382	0.0337299	0.0337637
17.7401	0.0337637	0.0337932
17.742	0.0337932	0.0338191
17.7439	0.0338191	0.0338417
17.7457	0.0338417	0.0338615
17.7476	0.0338615	0.0338788
17.7495	0.0338788	0.0338939
17.7514	0.0338939	0.0339072
17.7533	0.0339072	0.0339188
17.7552	0.0339188	0.0339289
17.793	0.0339289	0.0339378
17.8137	0.0339378	0.0328206
17.8147	0.0328206	0.031718
17.8165	0.031718	0.0307533
17.8184	0.0307533	0.0297841
17.8203	0.0297841	0.0286861
17.8222	0.0286861	0.0274753
17.8241	0.0274753	0.0261659
17.826	0.0261659	0.0248952
17.8279	0.0248952	0.0239083
17.8298	0.0239083	0.0230447
17.8317	0.0230447	0.0222892
17.8335	0.0222892	0.021878
17.8354	0.021878	0.0215183
17.8373	0.0215183	0.0212035
17.8392	0.0212035	0.020928
17.8411	0.020928	0.020687
17.843	0.020687	0.0203512
17.8449	0.0203512	0.0201823
17.8468	0.0201823	0.0200345
17.8486	0.0200345	0.0199052
17.8505	0.0199052	0.019792
17.8524	0.019792	0.019693
17.8543	0.019693	0.0196064
17.8562	0.0196064	0.0195306
17.8581	0.0195306	0.0194643
17.86	0.0194643	0.0192812
17.8619	0.0192812	0.0192461
17.8637	0.0192461	0.0192153
17.8656	0.0192153	0.0194384
17.8675	0.0194384	0.0196336
17.8694	0.0196336	0.0198044
17.8713	0.0198044	0.0199538
17.8732	0.0199538	0.0200846
17.8751	0.0200846	0.020199
17.877	0.020199	0.0201742
17.8789	0.0201742	0.0201524
17.8807	0.0201524	0.0202583
17.8826	0.0202583	0.020351
17.8845	0.020351	0.0204322
17.8864	0.0204322	0.0205031
17.8883	0.0205031	0.0205653
17.8902	0.0205653	0.0206196
17.8921	0.0206196	0.0206671
17.894	0.0206671	0.0205838
17.8958	0.0205838	0.0205108
17.8977	0.0205108	0.0205719
17.8996	0.0205719	0.0206254
17.9015	0.0206254	0.0206723
17.9034	0.0206723	0.0207132
17.9053	0.0207132	0.0207491
17.9072	0.0207491	0.0207804
17.9091	0.0207804	0.0210579
17.9109	0.0210579	0.0211756
17.9128	0.0211756	0.0212787
17.9147	0.0212787	0.0213689
17.9166	0.0213689	0.0215727
17.9185	0.0215727	0.0217512
17.9204	0.0217512	0.0219073
17.9223	0.0219073	0.0220439
17.9242	0.0220439	0.0221634
17.9261	0.0221634	0.0222679
17.9279	0.0222679	0.0222345
17.9298	0.0222345	0.0222051
17.9317	0.0222051	0.0221795
17.9336	0.0221795	0.0222821
17.9355	0.0222821	0.0223718
17.9374	0.0223718	0.0224503
17.9393	0.0224503	0.022519
17.9412	0.022519	0.0225792
17.943	0.0225792	0.0226318
17.9449	0.0226318	0.0225528
17.9468	0.0225528	0.0224837
17.9487	0.0224837	0.0224232
17.9506	0.0224232	0.0224953
17.9525	0.0224953	0.0225584
17.9544	0.0225584	0.0228636
17.9563	0.0228636	0.0231307
17.9581	0.0231307	0.0233643
17.96	0.0233643	0.0235688
17.9619	0.0235688	0.0236227
17.9638	0.0236227	0.0236698
17.9657	0.0236698	0.0237111
17.9676	0.0237111	0.0237472
17.9695	0.0237472	0.0239038
17.9714	0.0239038	0.0240408
17.9733	0.0240408	0.0241607
17.9751	0.0241607	0.0242656
17.977	0.0242656	0.0243574
17.9789	0.0243574	0.0243128
17.9808	0.0243128	0.0242737
17.9827	0.0242737	0.0242395
17.9846	0.0242395	0.0242095
17.9865	0.0242095	0.0243083
17.9884	0.0243083	0.0243948
17.9902	0.0243948	0.0244704
17.9921	0.0244704	0.0245366
17.994	0.0245366	0.0245946
17.9959	0.0245946	0.0245202
17.9978	0.0245202	0.0244552
17.9997	0.0244552	0.0243983
18.0016	0.0243983	0.0243485
18.0035	0.0243485	0.02443
18.0053	0.02443	0.0247512
18.0072	0.0247512	0.0250323
18.0091	0.0250323	0.0252783
18.011	0.0252783	0.0254935
18.0129	0.0254935	0.0255568
18.0148	0.0255568	0.0256122
18.0167	0.0256122	0.0256607
18.0186	0.0256607	0.0257031
18.0478	0.0257031	0.0254902
18.0488	0.0254902	0.0253039
18.0507	0.0253039	0.0252659
18.0525	0.0252659	0.0252327
18.0544	0.0252327	0.0253286
18.0563	0.0253286	0.0254125
18.0582	0.0254125	0.025486
18.0601	0.025486	0.0255502
18.062	0.0255502	0.0252314
18.0639	0.0252314	0.0247025
18.0658	0.0247025	0.0241147
18.0677	0.0241147	0.0229754
18.0695	0.0229754	0.0219784
18.0714	0.0219784	0.0211061
18.0733	0.0211061	0.0203429
18.0752	0.0203429	0.019675
18.0771	0.019675	0.0192156
18.079	0.0192156	0.0189387
18.0809	0.0189387	0.0186963
18.0828	0.0186963	0.0184843
18.0846	0.0184843	0.0182988
18.0865	0.0182988	0.0181364
18.0884	0.0181364	0.0179944
18.0903	0.0179944	0.0178701
18.0922	0.0178701	0.0177613
18.0941	0.0177613	0.0176661
18.096	0.0176661	0.0175829
18.0979	0.0175829	0.01751
18.0997	0.01751	0.0174463
18.1016	0.0174463	0.0173905
18.1035	0.0173905	0.0173417
18.1054	0.0173417	0.017299
18.1073	0.017299	0.0172616
18.1092	0.0172616	0.0172289
18.1111	0.0172289	0.0172003
18.113	0.0172003	0.0171752
18.1149	0.0171752	0.0174033
18.1167	0.0174033	0.0176029
18.1186	0.0176029	0.0177776
18.1205	0.0177776	0.0179304
18.1224	0.0179304	0.0180641
18.1243	0.0180641	0.0181811
18.1262	0.0181811	0.0182834
18.1281	0.0182834	0.018373
18.13	0.018373	0.0183264
18.1318	0.0183264	0.0184106
18.1337	0.0184106	0.0184843
18.1356	0.0184843	0.0185487
18.1375	0.0185487	0.0186051
18.1394	0.0186051	0.0186545
18.1413	0.0186545	0.0186977
18.1432	0.0186977	0.0187355
18.1451	0.0187355	0.0187685
18.1469	0.0187685	0.0186725
18.1488	0.0186725	0.0187134
18.1507	0.0187134	0.0187492
18.1526	0.0187492	0.0190306
18.1545	0.0190306	0.0192768
18.1564	0.0192768	0.0194922
18.1583	0.0194922	0.0196806
18.1602	0.0196806	0.0198456
18.1621	0.0198456	0.0199899
18.1639	0.0199899	0.0199911
18.1658	0.0199911	0.0199922
18.1677	0.0199922	0.0201182
18.1696	0.0201182	0.0202284
18.1715	0.0202284	0.0203249
18.1734	0.0203249	0.0204093
18.1753	0.0204093	0.0204831
18.1772	0.0204831	0.0205477
18.179	0.0205477	0.0206043
18.1809	0.0206043	0.0205287
18.1828	0.0205287	0.0204626
18.1847	0.0204626	0.0205298
18.1866	0.0205298	0.0205886
18.1885	0.0205886	0.02064
18.1904	0.02064	0.020685
18.1923	0.020685	0.0207244
18.1941	0.0207244	0.0207588
18.196	0.0207588	0.021039
18.1979	0.021039	0.0211591
18.1998	0.0211591	0.0212642
18.2017	0.0212642	0.0213562
18.2036	0.0213562	0.0215617
18.2055	0.0215617	0.0217415
18.2074	0.0217415	0.0218988
18.2093	0.0218988	0.0220364
18.2111	0.0220364	0.0221569
18.213	0.0221569	0.0222623
18.2149	0.0222623	0.0222295
18.2168	0.0222295	0.0222008
18.2187	0.0222008	0.0221757
18.2206	0.0221757	0.0222787
18.2225	0.0222787	0.0223689
18.2244	0.0223689	0.0224478
18.2262	0.0224478	0.0225168
18.2281	0.0225168	0.0225772
18.23	0.0225772	0.0226301
18.2319	0.0226301	0.0225513
18.2338	0.0225513	0.0224824
18.2357	0.0224824	0.0224221
18.2376	0.0224221	0.0224943
18.2395	0.0224943	0.0225575
18.2413	0.0225575	0.0228628
18.2432	0.0228628	0.02313
18.2451	0.02313	0.0233637
18.247	0.0233637	0.0235683
18.2489	0.0235683	0.0236222
18.2508	0.0236222	0.0236695
18.2527	0.0236695	0.0237108
18.2546	0.0237108	0.0237469
18.2565	0.0237469	0.0239036
18.2583	0.0239036	0.0240406
18.2602	0.0240406	0.0241605
18.2621	0.0241605	0.0242655
18.264	0.0242655	0.0243573
18.2659	0.0243573	0.0243126
18.2678	0.0243126	0.0242735
18.2697	0.0242735	0.0242394
18.2716	0.0242394	0.0242094
18.2734	0.0242094	0.0243083
18.2753	0.0243083	0.0243947
18.2772	0.0243947	0.0244704
18.2791	0.0244704	0.0245366
18.281	0.0245366	0.0244695
18.2829	0.0244695	0.0244108
18.2848	0.0244108	0.0243595
18.2867	0.0243595	0.0243145
18.2885	0.0243145	0.0242752
18.2904	0.0242752	0.0243658
18.2923	0.0243658	0.0246951
18.2942	0.0246951	0.0249832
18.2961	0.0249832	0.0252353
18.298	0.0252353	0.0253309
18.2999	0.0253309	0.0254145
18.3018	0.0254145	0.0254877
18.3037	0.0254877	0.0255517
18.3055	0.0255517	0.0256078
18.3074	0.0256078	0.0257818
18.3093	0.0257818	0.0259341
18.3112	0.0259341	0.0260673
18.3131	0.0260673	0.0261839
18.315	0.0261839	0.0261609
18.3169	0.0261609	0.0261408
18.3188	0.0261408	0.0261232
18.3206	0.0261232	0.0261078
18.3225	0.0261078	0.0260943
18.3244	0.0260943	0.0262075
18.3263	0.0262075	0.0263066
18.3282	0.0263066	0.0263933
18.3301	0.0263933	0.0264691
18.332	0.0264691	0.0264105
18.3339	0.0264105	0.0263592
18.3357	0.0263592	0.0263143
18.3376	0.0263143	0.026275
18.3395	0.026275	0.0262406
18.3414	0.0262406	0.0263355
18.3433	0.0263355	0.0264186
18.3452	0.0264186	0.0267413
18.3471	0.0267413	0.0270236
18.349	0.0270236	0.0271457
18.3509	0.0271457	0.0272524
18.3527	0.0272524	0.0273459
18.3546	0.0273459	0.0274277
18.3565	0.0274277	0.0274992
18.3584	0.0274992	0.0275618
18.3603	0.0275618	0.0277416
18.3622	0.0277416	0.0278989
18.3641	0.0278989	0.0280365
18.366	0.0280365	0.028032
18.3678	0.028032	0.028028
18.3697	0.028028	0.0280245
18.3716	0.0280245	0.0280214
18.3735	0.0280214	0.0280187
18.3754	0.0280187	0.0280164
18.3773	0.0280164	0.0281393
18.3792	0.0281393	0.0282469
18.3811	0.0282469	0.0283411
18.3829	0.0283411	0.0282984
18.3848	0.0282984	0.0282611
18.3867	0.0282611	0.0282285
18.3886	0.0282285	0.0281999
18.3905	0.0281999	0.0281749
18.3924	0.0281749	0.0281531
18.3943	0.0281531	0.0282589
18.3962	0.0282589	0.0283516
18.3981	0.0283516	0.0284326
18.3999	0.0284326	0.0283785
18.4018	0.0283785	0.0283312
18.4037	0.0283312	0.0285398
18.4056	0.0285398	0.0287223
18.4075	0.0287223	0.028882
18.4094	0.028882	0.0290218
18.4113	0.0290218	0.0291441
18.4132	0.0291441	0.0293761
18.415	0.0293761	0.029579
18.4169	0.029579	0.0296317
18.4188	0.0296317	0.0296777
18.4207	0.0296777	0.029718
18.4226	0.029718	0.0297532
18.4245	0.0297532	0.0297841
18.4264	0.0297841	0.0298111
18.4283	0.0298111	0.0298347
18.4301	0.0298347	0.0299804
18.432	0.0299804	0.0301078
18.4339	0.0301078	0.0300943
18.4358	0.0300943	0.0300825
18.4377	0.0300825	0.0300722
18.4396	0.0300722	0.0300632
18.4415	0.0300632	0.0300553
18.4434	0.0300553	0.0300484
18.4453	0.0300484	0.0300423
18.4471	0.0300423	0.030162
18.449	0.030162	0.0302668
18.4509	0.0302668	0.0302334
18.4528	0.0302334	0.0302043
18.4547	0.0302043	0.0301787
18.4566	0.0301787	0.0301564
18.4585	0.0301564	0.0301368
18.4604	0.0301368	0.0301197
18.4622	0.0301197	0.0301048
18.4641	0.0301048	0.0303417
18.466	0.0303417	0.030674
18.4679	0.030674	0.0308397
18.4698	0.0308397	0.0309847
18.4717	0.0309847	0.0311117
18.4736	0.0311117	0.0312227
18.4755	0.0312227	0.0313199
18.4773	0.0313199	0.0314049
18.4792	0.0314049	0.0314793
18.4811	0.0314793	0.0315444
18.483	0.0315444	0.0317263
18.4849	0.0317263	0.0317605
18.4868	0.0317605	0.0317905
18.4887	0.0317905	0.0318166
18.4906	0.0318166	0.0318396
18.4925	0.0318396	0.0318596
18.4943	0.0318596	0.0318772
18.4962	0.0318772	0.0318925
18.4981	0.0318925	0.031906
18.5	0.031906	0.0320427
18.5019	0.0320427	0.0320374
18.5038	0.0320374	0.0320327
18.5057	0.0320327	0.0320286
18.5076	0.0320286	0.032025
18.5094	0.032025	0.0320219
18.5113	0.0320219	0.0320192
18.5132	0.0320192	0.0320168
18.5151	0.0320168	0.0320147
18.517	0.0320147	0.0320128
18.5189	0.0320128	0.0320112
18.5208	0.0320112	0.0320098
18.5227	0.0320098	0.0320086
18.5245	0.0320086	0.0320075
18.5264	0.0320075	0.0320066
18.5283	0.0320066	0.0320058
18.5302	0.0320058	0.032255
18.5321	0.032255	0.0324732
18.534	0.0324732	0.032539
18.5359	0.032539	0.0327216
18.5378	0.0327216	0.0328814
18.5397	0.0328814	0.0330213
18.5415	0.0330213	0.0331436
18.5434	0.0331436	0.0332506
18.5453	0.0332506	0.0333443
18.5472	0.0333443	0.0334263
18.5491	0.0334263	0.033498
18.551	0.033498	0.0335607
18.5529	0.0335607	0.0336156
18.5548	0.0336156	0.0336637
18.5566	0.0336637	0.0337057
18.5585	0.0337057	0.0337425
18.5604	0.0337425	0.0337747
18.5623	0.0337747	0.0338029
18.5642	0.0338029	0.0338275
18.5661	0.0338275	0.0338491
18.568	0.0338491	0.0338679
18.5699	0.0338679	0.0338844
18.5717	0.0338844	0.0338989
18.5736	0.0338989	0.0339115
18.5755	0.0339115	0.0339226
18.5774	0.0339226	0.0339323
18.5793	0.0339323	0.0339407
18.5812	0.0339407	0.0339481
18.5831	0.0339481	0.0339546
18.585	0.0339546	0.0339603
18.5869	0.0339603	0.0339653
18.5887	0.0339653	0.0339696
18.5906	0.0339696	0.0339734
18.5925	0.0339734	0.0339767
18.5944	0.0339767	0.0339796
18.5963	0.0339796	0.0339822
18.5982	0.0339822	0.0342344
18.6001	0.0342344	0.0344551
18.602	0.0344551	0.0345232
18.6038	0.0345232	0.0347078
18.6057	0.0347078	0.0348693
18.6076	0.0348693	0.0350107
18.6095	0.0350107	0.0351343
18.6114	0.0351343	0.0352425
18.6133	0.0352425	0.0353372
18.6152	0.0353372	0.0354201
18.6171	0.0354201	0.0354926
18.6189	0.0354926	0.035431
18.6208	0.035431	0.0355021
18.6227	0.0355021	0.0355644
18.6246	0.0355644	0.0356188
18.6265	0.0356188	0.0356665
18.6284	0.0356665	0.0357081
18.6303	0.0357081	0.0357446
18.6322	0.0357446	0.0357766
18.6341	0.0357766	0.0358045
18.6359	0.0358045	0.0357039
18.6378	0.0357039	0.0357409
18.6397	0.0357409	0.0357733
18.6416	0.0357733	0.0358016
18.6435	0.0358016	0.0358264
18.6454	0.0358264	0.0358481
18.6473	0.0358481	0.0358671
18.6492	0.0358671	0.0358837
18.651	0.0358837	0.0358983
18.6529	0.0358983	0.035786
18.6548	0.035786	0.0358127
18.6567	0.0358127	0.0358361
18.6586	0.0358361	0.0358566
18.6605	0.0358566	0.0358745
18.6624	0.0358745	0.0358902
18.6643	0.0358902	0.0359039
18.6661	0.0359039	0.035916
18.668	0.035916	0.0359265
18.6699	0.0359265	0.0358106
18.6718	0.0358106	0.0359593
18.6737	0.0359593	0.0362144
18.6756	0.0362144	0.0364376
18.6775	0.0364376	0.0366329
18.6794	0.0366329	0.0368038
18.6813	0.0368038	0.0369533
18.6831	0.0369533	0.0370841
18.685	0.0370841	0.0371986
18.7266	0.0371986	0.0372988
18.7285	0.0372988	0.0375115
18.7303	0.0375115	0.0376975
18.7322	0.0376975	0.0378603
18.7341	0.0378603	0.0380028
18.736	0.0380028	0.0381274
18.7379	0.0381274	0.0381115
18.7398	0.0381115	0.0382226
18.7417	0.0382226	0.0383197
18.7436	0.0383197	0.0385298
18.7454	0.0385298	0.0387136
18.7473	0.0387136	0.0388744
18.7492	0.0388744	0.0387651
18.7511	0.0387651	0.0384194
18.753	0.0384194	0.037867
18.7549	0.037867	0.0372586
18.7568	0.0372586	0.0364763
18.7587	0.0364763	0.0346668
18.7605	0.0346668	0.0332084
18.7624	0.0332084	0.0319324
18.7643	0.0319324	0.0308158
18.7662	0.0308158	0.0298388
18.7681	0.0298388	0.029234
18.77	0.029234	0.0285797
18.7719	0.0285797	0.0280073
18.7738	0.0280073	0.0275064
18.7757	0.0275064	0.0270681
18.7775	0.0270681	0.0268096
18.7794	0.0268096	0.0265834
18.7813	0.0265834	0.0263854
18.7832	0.0263854	0.0262123
18.7851	0.0262123	0.0260607
18.787	0.0260607	0.0258031
18.7889	0.0258031	0.0255777
18.7908	0.0255777	0.0253805
18.7926	0.0253805	0.025208
18.7945	0.025208	0.025182
18.7964	0.025182	0.0251592
18.7983	0.0251592	0.0251393
18.8002	0.0251393	0.0251219
18.8021	0.0251219	0.0251067
18.804	0.0251067	0.0249683
18.8059	0.0249683	0.0248473
18.8077	0.0248473	0.0247414
18.8096	0.0247414	0.0246487
18.8115	0.0246487	0.0246926
18.8134	0.0246926	0.024731
18.8153	0.024731	0.0247647
18.8172	0.0247647	0.0250441
18.8191	0.0250441	0.0252886
18.821	0.0252886	0.0253775
18.8229	0.0253775	0.0254553
18.8247	0.0254553	0.0255234
18.8266	0.0255234	0.025583
18.8285	0.025583	0.0256351
18.8304	0.0256351	0.0258057
18.8323	0.0258057	0.025955
18.8342	0.025955	0.0260856
18.8361	0.0260856	0.0261999
18.838	0.0261999	0.0261749
18.8398	0.0261749	0.0261531
18.8417	0.0261531	0.0261339
18.8436	0.0261339	0.0261172
18.8455	0.0261172	0.0261025
18.8474	0.0261025	0.0262147
18.8493	0.0262147	0.0263129
18.8512	0.0263129	0.0263988
18.8531	0.0263988	0.0264739
18.8549	0.0264739	0.0264147
18.8568	0.0264147	0.0263628
18.8587	0.0263628	0.0263175
18.8606	0.0263175	0.0262778
18.8625	0.0262778	0.0262431
18.8644	0.0262431	0.0263377
18.8663	0.0263377	0.0264205
18.8682	0.0264205	0.0264929
18.8701	0.0264929	0.0265563
18.8719	0.0265563	0.0267368
18.8738	0.0267368	0.0268947
18.8757	0.0268947	0.0270328
18.8776	0.0270328	0.0271537
18.8795	0.0271537	0.0272595
18.8814	0.0272595	0.0273521
18.8833	0.0273521	0.0275581
18.8852	0.0275581	0.0277383
18.887	0.0277383	0.027896
18.8889	0.027896	0.027909
18.8908	0.027909	0.0279204
18.8927	0.0279204	0.0279303
18.8946	0.0279303	0.027939
18.8965	0.027939	0.0279467
18.8984	0.0279467	0.0279533
18.9003	0.0279533	0.0280842
18.9021	0.0280842	0.0281986
18.904	0.0281986	0.0282988
18.9059	0.0282988	0.0282615
18.9078	0.0282615	0.0282288
18.9097	0.0282288	0.0282002
18.9116	0.0282002	0.0281752
18.9135	0.0281752	0.0281533
18.9154	0.0281533	0.0281341
18.9173	0.0281341	0.0282423
18.9191	0.0282423	0.028337
18.921	0.028337	0.0284199
18.9229	0.0284199	0.0283674
18.9248	0.0283674	0.0283215
18.9267	0.0283215	0.0282813
18.9286	0.0282813	0.0284961
18.9305	0.0284961	0.0286841
18.9324	0.0286841	0.0288486
18.9342	0.0288486	0.0289925
18.9361	0.0289925	0.0292435
18.938	0.0292435	0.029463
18.9399	0.029463	0.0295302
18.9418	0.0295302	0.0295889
18.9437	0.0295889	0.0296403
18.9456	0.0296403	0.0296852
18.9475	0.0296852	0.0297246
18.9493	0.0297246	0.029759
18.9512	0.029759	0.0297891
18.9531	0.0297891	0.0299405
18.955	0.0299405	0.0300729
18.9569	0.0300729	0.0300638
18.9588	0.0300638	0.0300558
18.9607	0.0300558	0.0300489
18.9626	0.0300489	0.0300427
18.9645	0.0300427	0.0300374
18.9663	0.0300374	0.0300327
18.9682	0.0300327	0.0300286
18.9701	0.0300286	0.0301501
18.972	0.0301501	0.0302563
18.9739	0.0302563	0.0302243
18.9758	0.0302243	0.0301962
18.9777	0.0301962	0.0301717
18.9796	0.0301717	0.0301502
18.9814	0.0301502	0.0301315
18.9833	0.0301315	0.030115
18.9852	0.030115	0.0301006
18.9871	0.0301006	0.0302131
18.989	0.0302131	0.0301864
18.9909	0.0301864	0.0304131
18.9928	0.0304131	0.0306115
18.9947	0.0306115	0.0307851
18.9965	0.0307851	0.0309369
18.9984	0.0309369	0.0310698
19.0003	0.0310698	0.0311861
19.0022	0.0311861	0.0312878
19.0041	0.0312878	0.0313768
19.006	0.0313768	0.0314547
19.0079	0.0314547	0.0315229
19.0098	0.0315229	0.0315825
19.0117	0.0315825	0.0316347
19.0135	0.0316347	0.0316804
19.0154	0.0316804	0.0317203
19.0173	0.0317203	0.0317553
19.0192	0.0317553	0.0317859
19.0211	0.0317859	0.0319376
19.023	0.0319376	0.0319454
19.0249	0.0319454	0.0319523
19.0268	0.0319523	0.0319582
19.0286	0.0319582	0.0319634
19.0305	0.0319634	0.031968
19.0324	0.031968	0.031972
19.0343	0.031972	0.0319755
19.0362	0.0319755	0.0319786
19.0381	0.0319786	0.0321062
19.04	0.0321062	0.032093
19.0419	0.032093	0.0320813
19.0437	0.0320813	0.0320712
19.0456	0.0320712	0.0320623
19.0475	0.0320623	0.0320545
19.0494	0.0320545	0.0320477
19.0513	0.0320477	0.0320417
19.0532	0.0320417	0.0320365
19.0551	0.0320365	0.0322819
19.057	0.0322819	0.0324967
19.0589	0.0324967	0.0326846
19.0607	0.0326846	0.032849
19.0626	0.032849	0.0329929
19.0645	0.0329929	0.0331188
19.0664	0.0331188	0.0332289
19.0683	0.0332289	0.0333253
19.0702	0.0333253	0.0334097
19.0721	0.0334097	0.0334834
19.074	0.0334834	0.033548
19.0758	0.033548	0.0336045
19.0777	0.0336045	0.0336539
19.0796	0.0336539	0.0336972
19.0815	0.0336972	0.0337351
19.0834	0.0337351	0.0337682
19.0853	0.0337682	0.0337971
19.0872	0.0337971	0.0338225
19.0891	0.0338225	0.0338447
19.0909	0.0338447	0.0338641
19.0928	0.0338641	0.0338811
19.0947	0.0338811	0.033896
19.1325	0.033896	0.033909
19.1344	0.033909	0.0339203
19.1363	0.0339203	0.0339303
19.1381	0.0339303	0.033939
19.14	0.033939	0.0339466
19.1419	0.0339466	0.0339533
19.1438	0.0339533	0.0339591
19.1457	0.0339591	0.0339642
19.1476	0.0339642	0.0339687
19.1495	0.0339687	0.0338476
19.1514	0.0338476	0.0334917
19.1533	0.0334917	0.0329302
19.1551	0.0329302	0.0323139
19.157	0.0323139	0.0315247
19.1589	0.0315247	0.0298341
19.1608	0.0298341	0.0284798
19.1627	0.0284798	0.0272949
19.1646	0.0272949	0.026258
19.1665	0.026258	0.0253508
19.1684	0.0253508	0.0245569
19.1702	0.0245569	0.0238623
19.1721	0.0238623	0.0232545
19.174	0.0232545	0.0227227
19.1759	0.0227227	0.0221324
19.1778	0.0221324	0.0217408
19.1797	0.0217408	0.0216482
19.1816	0.0216482	0.0215672
19.1835	0.0215672	0.0214963
19.1853	0.0214963	0.0214342
19.1872	0.0214342	0.02138
19.1891	0.02138	0.0213325
19.191	0.0213325	0.0212909
19.1929	0.0212909	0.0211295
19.1948	0.0211295	0.0209884
19.1967	0.0209884	0.0209898
19.1986	0.0209898	0.0209911
19.2005	0.0209911	0.0209922
19.2023	0.0209922	0.0209932
19.2042	0.0209932	0.020994
19.2061	0.020994	0.0209948
19.208	0.0209948	0.0209954
19.2099	0.0209954	0.020871
19.2118	0.020871	0.0207621
19.2137	0.0207621	0.0207919
19.2156	0.0207919	0.0208179
19.2174	0.0208179	0.0208406
19.2193	0.0208406	0.0208606
19.2212	0.0208606	0.020878
19.2231	0.020878	0.0211432
19.225	0.0211432	0.0212503
19.2269	0.0212503	0.021344
19.2288	0.021344	0.021426
19.2307	0.021426	0.0214978
19.2325	0.0214978	0.0216856
19.2344	0.0216856	0.0218499
19.2363	0.0218499	0.0219936
19.2382	0.0219936	0.0221194
19.2401	0.0221194	0.0222295
19.242	0.0222295	0.0222008
19.2439	0.0222008	0.0221757
19.2458	0.0221757	0.0221537
19.2477	0.0221537	0.0222595
19.2495	0.0222595	0.0223521
19.2514	0.0223521	0.0224331
19.2533	0.0224331	0.0225039
19.2552	0.0225039	0.0225659
19.2571	0.0225659	0.0226202
19.259	0.0226202	0.0225427
19.2609	0.0225427	0.0224748
19.2628	0.0224748	0.0224155
19.2646	0.0224155	0.0224885
19.2665	0.0224885	0.0225525
19.2684	0.0225525	0.0228584
19.2703	0.0228584	0.0231261
19.2722	0.0231261	0.0233604
19.2741	0.0233604	0.0235653
19.276	0.0235653	0.0236196
19.2779	0.0236196	0.0236672
19.2797	0.0236672	0.0237088
19.2816	0.0237088	0.0237452
19.2835	0.0237452	0.023902
19.2854	0.023902	0.0240393
19.2873	0.0240393	0.0241594
19.2892	0.0241594	0.0242645
19.2911	0.0242645	0.0243564
19.293	0.0243564	0.0243118
19.2949	0.0243118	0.0242729
19.2977	0.0242729	0.0243638
19.3241	0.0243638	0.0244433
19.326	0.0244433	0.0245129
19.3279	0.0245129	0.0244488
19.3298	0.0244488	0.0243927
19.3317	0.0243927	0.0243436
19.3345	0.0243436	0.0244256
19.3496	0.0244256	0.0229974
19.3515	0.0229974	0.0217478
19.3534	0.0217478	0.0206543
19.3553	0.0206543	0.0196975
19.3572	0.0196975	0.0187353
19.359	0.0187353	0.0173934
19.3609	0.0173934	0.0160942
19.3628	0.0160942	0.0152074
19.3647	0.0152074	0.0144315
19.3666	0.0144315	0.0137526
19.3685	0.0137526	0.0131585
19.3704	0.0131585	0.0127637
19.3723	0.0127637	0.0124182
19.3741	0.0124182	0.0121159
19.376	0.0121159	0.0118515
19.3779	0.0118515	0.011495
19.3798	0.011495	0.0111831
19.3817	0.0111831	0.0111603
19.3836	0.0111603	0.0111402
19.3855	0.0111402	0.0111227
19.3874	0.0111227	0.0111074
19.3893	0.0111074	0.0112189
19.3911	0.0112189	0.0113166
19.393	0.0113166	0.011402
19.3949	0.011402	0.0113517
19.3968	0.0113517	0.0113078
19.3987	0.0113078	0.0112693
19.4006	0.0112693	0.0112356
19.4025	0.0112356	0.0112062
19.4044	0.0112062	0.0111804
19.4062	0.0111804	0.0114079
19.4081	0.0114079	0.0117319
19.41	0.0117319	0.0120154
19.4119	0.0120154	0.0121385
19.4138	0.0121385	0.0122462
19.4157	0.0122462	0.0123404
19.4176	0.0123404	0.0124228
19.4195	0.0124228	0.012495
19.4213	0.012495	0.0125581
19.4232	0.0125581	0.0126133
19.4251	0.0126133	0.0127867
19.427	0.0127867	0.0129383
19.4289	0.0129383	0.0129461
19.4308	0.0129461	0.0129528
19.4327	0.0129528	0.0132087
19.4346	0.0132087	0.0134326
19.4365	0.0134326	0.0136285
19.4383	0.0136285	0.0138
19.4402	0.0138	0.01395
19.4421	0.01395	0.0140812
19.444	0.0140812	0.0143211
19.4459	0.0143211	0.0144059
19.4478	0.0144059	0.0144802
19.4497	0.0144802	0.0145452
19.4516	0.0145452	0.014602
19.4534	0.014602	0.0146518
19.4553	0.0146518	0.0146953
19.4572	0.0146953	0.0147334
19.4591	0.0147334	0.0147667
19.461	0.0147667	0.0147959
19.4629	0.0147959	0.0148214
19.4648	0.0148214	0.0150937
19.4667	0.0150937	0.015332
19.4685	0.015332	0.0155405
19.4704	0.0155405	0.0157229
19.4723	0.0157229	0.0158826
19.4742	0.0158826	0.0160222
19.4761	0.0160222	0.0161445
19.478	0.0161445	0.0162514
19.4799	0.0162514	0.016345
19.4818	0.016345	0.0164269
19.4837	0.0164269	0.0164985
19.4855	0.0164985	0.0165612
19.4874	0.0165612	0.016616
19.4893	0.016616	0.016664
19.4912	0.016664	0.016706
19.4931	0.016706	0.0167428
19.495	0.0167428	0.0167749
19.4969	0.0167749	0.0168031
19.4988	0.0168031	0.0170777
19.5006	0.0170777	0.017318
19.5025	0.017318	0.0175282
19.5044	0.0175282	0.0177122
19.5063	0.0177122	0.0178732
19.5082	0.0178732	0.018014
19.5101	0.018014	0.0181373
19.512	0.0181373	0.0181201
19.5139	0.0181201	0.0182301
19.5157	0.0182301	0.0183263
19.5176	0.0183263	0.0184105
19.5195	0.0184105	0.0184842
19.5214	0.0184842	0.0185487
19.5233	0.0185487	0.0186051
19.5252	0.0186051	0.0186545
19.5271	0.0186545	0.0186977
19.529	0.0186977	0.0186105
19.5309	0.0186105	0.0186591
19.5327	0.0186591	0.0187018
19.5346	0.0187018	0.018739
19.5365	0.018739	0.0187717
19.5384	0.0187717	0.0190502
19.5403	0.0190502	0.0192939
19.5422	0.0192939	0.0195072
19.5441	0.0195072	0.0196938
19.546	0.0196938	0.0197321
19.5478	0.0197321	0.0197656
19.5714	0.0197656	0.0197949
19.5733	0.0197949	0.0199455
19.5752	0.0199455	0.0200773
19.5771	0.0200773	0.0201926
19.579	0.0201926	0.0201686
19.5809	0.0201686	0.0201475
19.5828	0.0201475	0.0200041
19.5847	0.0200041	0.0196286
19.5865	0.0196286	0.0188
19.5884	0.0188	0.018075
19.5903	0.018075	0.0174406
19.5922	0.0174406	0.0170105
19.5941	0.0170105	0.0166342
19.596	0.0166342	0.0161799
19.5979	0.0161799	0.0157824
19.5998	0.0157824	0.0154346
19.6017	0.0154346	0.0151303
19.6035	0.0151303	0.014864
19.6054	0.014864	0.014631
19.6073	0.014631	0.0144271
19.6092	0.0144271	0.0144987
19.6111	0.0144987	0.0146864
19.613	0.0146864	0.0147256
19.6149	0.0147256	0.0147599
19.6168	0.0147599	0.0147899
19.6186	0.0147899	0.0148162
19.6205	0.0148162	0.0148392
19.6224	0.0148392	0.0148593
19.6243	0.0148593	0.0148768
19.6262	0.0148768	0.0148922
19.6281	0.0148922	0.0150307
19.63	0.0150307	0.0150269
19.6319	0.0150269	0.0150235
19.6337	0.0150235	0.0150206
19.6356	0.0150206	0.015018
19.6375	0.015018	0.0150157
19.6394	0.0150157	0.0150138
19.6413	0.0150138	0.0152621
19.6432	0.0152621	0.0154793
19.6451	0.0154793	0.0156694
19.647	0.0156694	0.0158357
19.6489	0.0158357	0.0159812
19.6517	0.0159812	0.0162336
19.6696	0.0162336	0.0162044
19.6715	0.0162044	0.0163038
19.6734	0.0163038	0.0163909
19.6753	0.0163909	0.016467
19.6772	0.016467	0.0165336
19.6791	0.0165336	0.0164669
19.6809	0.0164669	0.0160336
19.6828	0.0160336	0.0154044
19.6847	0.0154044	0.0148538
19.6866	0.0148538	0.0143721
19.6885	0.0143721	0.0139506
19.6904	0.0139506	0.0135818
19.6923	0.0135818	0.013384
19.6942	0.013384	0.013211
19.6961	0.013211	0.0130597
19.6979	0.0130597	0.0128022
19.6998	0.0128022	0.0125769
19.7017	0.0125769	0.0126298
19.7036	0.0126298	0.0126761
19.7055	0.0126761	0.0127166
19.7074	0.0127166	0.012752
19.7093	0.012752	0.012783
19.7112	0.012783	0.0129351
19.713	0.0129351	0.0130682
19.7149	0.0130682	0.0130597
19.7168	0.0130597	0.0130522
19.7187	0.0130522	0.0130457
19.7206	0.0130457	0.01304
19.7225	0.01304	0.013035
19.7244	0.013035	0.0130306
19.7263	0.0130306	0.0130268
19.7281	0.0130268	0.0131484
19.73	0.0131484	0.0135049
19.7319	0.0135049	0.0136918
19.7338	0.0136918	0.0138553
19.7357	0.0138553	0.0139984
19.7376	0.0139984	0.0141236
19.7395	0.0141236	0.0142331
19.7414	0.0142331	0.014329
19.7433	0.014329	0.0144129
19.7451	0.0144129	0.0144863
19.748	0.0144863	0.0146755
19.765	0.0146755	0.014716
19.7669	0.014716	0.0147515
19.7687	0.0147515	0.0147826
19.7706	0.0147826	0.0148098
19.7725	0.0148098	0.0147085
19.7744	0.0147085	0.01437
19.7763	0.01437	0.0138237
19.7782	0.0138237	0.0133458
19.7801	0.0133458	0.0129275
19.782	0.0129275	0.0124366
19.7838	0.0124366	0.012007
19.7857	0.012007	0.0116311
19.7876	0.0116311	0.0113023
19.7895	0.0113023	0.0112645
19.7914	0.0112645	0.0112314
19.7933	0.0112314	0.0113275
19.7952	0.0113275	0.0114115
19.7971	0.0114115	0.0114851
19.7989	0.0114851	0.0114245
19.8008	0.0114245	0.0113714
19.8027	0.0113714	0.011325
19.8046	0.011325	0.0112844
19.8065	0.0112844	0.0112488
19.8084	0.0112488	0.0112177
19.8103	0.0112177	0.0113155
19.8122	0.0113155	0.0116511
19.8141	0.0116511	0.0119447
19.8159	0.0119447	0.0120766
19.8178	0.0120766	0.012192
19.8197	0.012192	0.012293
19.8216	0.012293	0.0123814
19.8235	0.0123814	0.0124587
19.8254	0.0124587	0.0125264
19.8273	0.0125264	0.0125856
19.8292	0.0125856	0.0127624
19.831	0.0127624	0.0129171
19.8329	0.0129171	0.0129274
19.8348	0.0129274	0.0129365
19.8367	0.0129365	0.0129444
19.8386	0.0129444	0.0129514
19.8405	0.0129514	0.0132075
19.8424	0.0132075	0.0134315
19.8443	0.0134315	0.0136276
19.8461	0.0136276	0.0137991
19.848	0.0137991	0.0140742
19.8499	0.0140742	0.01419
19.8518	0.01419	0.0142912
19.8537	0.0142912	0.0143798
19.8556	0.0143798	0.0144573
19.8575	0.0144573	0.0145252
19.8594	0.0145252	0.0145845
19.8613	0.0145845	0.0146365
19.8631	0.0146365	0.0146819
19.865	0.0146819	0.0148467
19.8669	0.0148467	0.0148658
19.8688	0.0148658	0.0148826
19.8707	0.0148826	0.0151473
19.8726	0.0151473	0.0153789
19.8745	0.0153789	0.0155815
19.8764	0.0155815	0.0157588
19.8782	0.0157588	0.015914
19.8801	0.015914	0.0160497
19.882	0.0160497	0.0161685
19.8839	0.0161685	0.0162724
19.8858	0.0162724	0.0163634
19.8877	0.0163634	0.016443
19.8896	0.016443	0.0165126
19.8915	0.0165126	0.0165735
19.8933	0.0165735	0.0166268
19.8952	0.0166268	0.0166735
19.8971	0.0166735	0.0167143
19.899	0.0167143	0.01675
19.9009	0.01675	0.0167813
19.9028	0.0167813	0.0168086
19.9047	0.0168086	0.0168325
19.9066	0.0168325	0.0171035
19.9085	0.0171035	0.0173405
19.9103	0.0173405	0.017548
19.9122	0.017548	0.0177295
19.9141	0.0177295	0.0178883
19.916	0.0178883	0.0180272
19.9179	0.0180272	0.0180238
19.9198	0.0180238	0.0181459
19.9217	0.0181459	0.0182526
19.9236	0.0182526	0.018346
19.9254	0.018346	0.0184278
19.9273	0.0184278	0.0184993
19.9292	0.0184993	0.0185619
19.9311	0.0185619	0.0186167
19.933	0.0186167	0.0185396
19.9349	0.0185396	0.0184721
19.9368	0.0184721	0.0185381
19.9387	0.0185381	0.0185959
19.9405	0.0185959	0.0186464
19.9424	0.0186464	0.0186906
19.9443	0.0186906	0.0189792
19.9462	0.0189792	0.0192318
19.9481	0.0192318	0.0194529
19.95	0.0194529	0.0195213
19.9519	0.0195213	0.0195811
19.9538	0.0195811	0.0197585
19.9557	0.0197585	0.0199137
19.9575	0.0199137	0.0200494
19.9594	0.0200494	0.0201683
19.9613	0.0201683	0.0202722
19.9632	0.0202722	0.0203632
19.9651	0.0203632	0.0204428
19.967	0.0204428	0.0203875
19.9689	0.0203875	0.020339
19.9708	0.020339	0.0204216
19.9726	0.0204216	0.0204939
19.9745	0.0204939	0.0205572
19.9764	0.0205572	0.0206125
19.9783	0.0206125	0.020661
19.9802	0.020661	0.0207034
19.9821	0.0207034	0.0207404
19.984	0.0207404	0.0206479
19.9859	0.0206479	0.0205669
19.9877	0.0205669	0.020746
19.9896	0.020746	0.0210278
19.9915	0.0210278	0.0212743
19.9934	0.0212743	0.02149
19.9953	0.02149	0.0216788
19.9972	0.0216788	0.0218439
19.9991	0.0218439	0.0219884
