1.00419	0	5360
1.0093	5360	5896
1.01119	5896	6432
1.01308	6432	6968
1.01497	6968	7504
1.01685	7504	8040
1.01874	8040	8576
1.02063	8576	9112
1.02252	9112	9648
1.02441	9648	10184
1.02629	10184	10720
1.02818	10720	11256
1.03007	11256	11792
1.03196	11792	12328
1.03385	12328	12864
1.03573	12864	13400
1.03762	13400	13936
1.03951	13936	14472
1.0433	14472	13936
1.05557	13936	13668
1.05652	13668	13400
1.05746	13400	13132
1.0584	13132	12864
1.05935	12864	12596
1.06029	12596	12328
1.06124	12328	12060
1.06218	12060	11792
1.06312	11792	11524
1.06407	11524	11256
1.06501	11256	10988
1.06596	10988	10720
1.0669	10720	10452
1.06783	10452	6700
1.06783	6700	6742
1.06972	6742	6784
1.07161	6784	6826
1.07349	6826	6868
1.07538	6868	6909
1.07727	6909	6950
1.07916	6950	6991
1.08105	6991	7032
1.08293	7032	7072
1.08482	7072	7112
1.08671	7112	7152
1.0886	7152	7192
1.09049	7192	7231
1.09237	7231	7270
1.09426	7270	7309
1.09615	7309	7348
1.09804	7348	7387
1.09993	7387	7425
1.10466	7425	6432
1.11128	6432	6164
1.11222	6164	5896
1.11317	5896	5092
1.11411	5092	4824
1.11506	4824	4556
1.11599	4556	4288
1.11693	4288	4020
1.11788	4020	3752
1.11882	3752	3484
1.11976	3484	2948
1.12258	2948	3045
1.12447	3045	3139
1.12668	3139	3230
1.1295	3230	3318
1.13171	3318	3404
1.1336	3404	3488
1.13549	3488	3570
1.13769	3570	3650
1.13957	3650	3728
1.14146	3728	3805
1.14366	3805	3880
1.14555	3880	3954
1.14744	3954	4026
1.14932	4026	4097
1.15121	4097	4167
1.1531	4167	4235
1.15499	4235	4302
1.15688	4302	4368
1.15876	4368	4433
1.16065	4433	4497
1.16254	4497	4560
1.16443	4560	4623
1.16632	4623	4685
1.1682	4685	4746
1.17009	4746	4806
1.17198	4806	4865
1.17387	4865	4924
1.17576	4924	4982
1.17764	4982	5039
1.17953	5039	5096
1.18142	5096	5152
1.18331	5152	5207
1.1852	5207	5262
1.18708	5262	5316
1.18897	5316	5370
1.19086	5370	5423
1.19275	5423	5475
1.19464	5475	5527
1.19652	5527	5578
1.19841	5578	5629
1.2003	5629	5680
1.20219	5680	5730
1.20408	5730	5780
1.20596	5780	5829
1.20785	5829	5878
1.20974	5878	5926
1.21163	5926	5974
1.21352	5974	6022
1.2154	6022	6069
1.21729	6069	6116
1.21918	6116	6162
1.22107	6162	6208
1.22296	6208	6254
1.22484	6254	6299
1.22673	6299	6344
1.22862	6344	6389
1.23051	6389	6433
1.2324	6433	6477
1.23428	6477	6521
1.23617	6521	6565
1.23806	6565	6608
1.23995	6608	6651
1.24184	6651	6694
1.24372	6694	6736
1.24561	6736	6778
1.2475	6778	6820
1.24939	6820	6862
1.25128	6862	6903
1.25316	6903	6944
1.25505	6944	6985
1.25694	6985	7026
1.25883	7026	7066
1.26072	7066	7106
1.2626	7106	7146
1.26449	7146	7186
1.26638	7186	7225
1.26827	7225	7264
1.27016	7264	7303
1.27204	7303	7342
1.27393	7342	7381
1.27582	7381	7419
1.27771	7419	7457
1.2796	7457	7495
1.28148	7495	7533
1.28337	7533	7571
1.28526	7571	7608
1.28715	7608	7645
1.28904	7645	7682
1.29092	7682	7719
1.29281	7719	7756
1.2947	7756	7793
1.29659	7793	7829
1.29848	7829	7865
1.30036	7865	7901
1.30225	7901	7937
1.30414	7937	7973
1.30603	7973	8009
1.30792	8009	8044
1.3098	8044	8079
1.31169	8079	8114
1.31358	8114	8149
1.31547	8149	8184
1.31736	8184	8219
1.31924	8219	8253
1.32113	8253	8287
1.32302	8287	8321
1.32491	8321	8355
1.3268	8355	8389
1.32868	8389	8423
1.33057	8423	8457
1.33246	8457	8490
1.33435	8490	8523
1.33624	8523	8556
1.33812	8556	8589
1.34001	8589	8622
1.3419	8622	8655
1.34379	8655	8688
1.34568	8688	8721
1.34756	8721	8753
1.34945	8753	8785
1.35134	8785	8817
1.35323	8817	8849
1.35512	8849	8881
1.357	8881	8913
1.35889	8913	8945
1.36364	8945	8040
1.36553	8040	7504
1.37025	7504	7236
1.37119	7236	6968
1.37213	6968	6700
1.37308	6700	6432
1.37402	6432	6164
1.37497	6164	5896
1.37591	5896	5628
1.37684	5628	5360
1.37779	5360	5092
1.37967	5092	4824
1.38062	4824	4556
1.38156	4556	3752
2.37684	3752	536
2.58698	536	1072
2.59296	1072	1340
2.59893	1340	1554
2.60491	1554	1738
2.61088	1738	1903
2.61591	1903	2053
2.62094	2053	2192
2.62597	2192	2323
2.62786	2323	2446
2.63195	2446	2563
2.63383	2563	2675
2.63792	2675	2782
2.63981	2782	2885
2.64389	2885	2984
2.64578	2984	3080
2.64892	3080	3173
2.65081	3173	3263
2.65396	3263	3351
2.65584	3351	3436
2.65773	3436	3519
2.65993	3519	3600
2.66182	3600	3679
2.66371	3679	3757
2.6659	3757	3833
2.66779	3833	3907
2.66968	3907	3980
2.67157	3980	4052
2.67346	4052	4122
2.67534	4122	4191
2.67723	4191	4259
2.67912	4259	4326
2.68101	4326	4392
2.6829	4392	4457
2.68478	4457	4521
2.68667	4521	4584
2.68856	4584	4646
2.69045	4646	4707
2.69234	4707	4768
2.69422	4768	4828
2.69611	4828	4887
2.698	4887	4945
2.69989	4945	5003
2.70178	5003	5060
2.70366	5060	5116
2.70555	5116	5172
2.70744	5172	5227
2.70933	5227	5281
2.71122	5281	5335
2.7131	5335	5388
2.71499	5388	5441
2.71688	5441	5493
2.71877	5493	5545
2.72066	5545	5596
2.72254	5596	5647
2.72443	5647	5697
2.72632	5697	5747
2.72821	5747	5796
2.7301	5796	5845
2.73198	5845	5894
2.73387	5894	5942
2.73576	5942	5990
2.73765	5990	6037
2.73954	6037	6084
2.74142	6084	6131
2.74331	6131	6177
2.7452	6177	6223
2.74709	6223	6269
2.74898	6269	6314
2.75086	6314	6359
2.75275	6359	6404
2.75464	6404	6448
2.75653	6448	6492
2.75842	6492	6536
2.7603	6536	6579
2.76219	6579	6622
2.76408	6622	6665
2.76597	6665	6708
2.76786	6708	6750
2.76974	6750	6792
2.77163	6792	6834
2.77352	6834	6876
2.77541	6876	6917
2.7773	6917	6958
2.77918	6958	6999
2.78107	6999	7040
2.78296	7040	7080
2.78485	7080	7120
2.78674	7120	7160
2.78862	7160	7200
2.79051	7200	7239
2.7924	7239	7278
2.79429	7278	7317
2.79618	7317	7356
2.79806	7356	7395
2.79995	7395	7433
2.80184	7433	7471
2.80373	7471	7509
2.80562	7509	7547
2.8075	7547	7585
2.80939	7585	7622
2.81128	7622	7659
2.81317	7659	7696
2.81506	7696	7733
2.81694	7733	7770
2.81883	7770	7806
2.82072	7806	7842
2.82261	7842	7878
2.8245	7878	7914
2.82638	7914	7950
2.82827	7950	7986
2.83016	7986	8021
2.83205	8021	8056
2.83394	8056	8091
2.83582	8091	8126
2.83771	8126	8161
2.8396	8161	8196
2.84149	8196	8231
2.84338	8231	8265
2.84526	8265	8299
2.84715	8299	8333
2.84904	8333	8367
2.85093	8367	8401
2.85282	8401	8435
2.8547	8435	8469
2.85659	8469	8502
2.85848	8502	8535
2.86037	8535	8568
2.86226	8568	8601
2.86414	8601	8634
2.86603	8634	8667
2.86792	8667	8700
2.86981	8700	8733
2.8717	8733	8765
2.87358	8765	8797
2.87547	8797	8829
2.87736	8829	8861
2.87925	8861	8893
2.88114	8893	8925
2.88302	8925	8957
2.88491	8957	8989
2.8868	8989	9020
2.88869	9020	9051
2.89058	9051	9082
2.89246	9082	9113
2.89435	9113	9144
2.89624	9144	9175
2.89813	9175	9206
2.90002	9206	9237
2.9019	9237	9268
2.90379	9268	9298
2.90568	9298	9328
2.90757	9328	9358
2.90946	9358	9388
2.91134	9388	9418
2.91323	9418	9448
2.91512	9448	9478
2.91701	9478	9508
2.9189	9508	9538
2.92078	9538	9568
2.92267	9568	9598
2.92456	9598	9627
2.92645	9627	9656
2.92834	9656	9685
2.93022	9685	9714
2.93211	9714	9743
2.934	9743	9772
2.93589	9772	9801
2.93778	9801	9830
2.93966	9830	9859
2.94155	9859	9888
2.94344	9888	9917
2.94533	9917	9945
2.94722	9945	9973
2.9491	9973	10001
2.95099	10001	10029
2.95288	10029	10057
2.95477	10057	10085
2.95666	10085	10113
2.95854	10113	10141
2.96043	10141	10169
2.96232	10169	10197
2.96421	10197	10225
2.9661	10225	10253
2.96798	10253	10281
2.96987	10281	10308
2.97176	10308	10335
2.97365	10335	10362
2.97554	10362	10389
2.97742	10389	10416
2.97931	10416	10443
2.9812	10443	10470
2.98309	10470	10497
2.98498	10497	10524
2.98686	10524	10551
2.98875	10551	10578
2.99064	10578	10605
2.99253	10605	10632
2.99442	10632	10659
2.9963	10659	10685
2.99819	10685	10711
3.00008	10711	10737
3.00197	10737	10763
3.00386	10763	10789
3.00574	10789	10815
3.00763	10815	10841
3.00952	10841	10867
3.01141	10867	10893
3.0133	10893	10919
3.01518	10919	10945
3.01707	10945	10971
3.01896	10971	10997
3.02085	10997	11023
3.02274	11023	11049
3.02462	11049	11075
3.02651	11075	11100
3.0284	11100	11125
3.03029	11125	11150
3.03218	11150	11175
3.03406	11175	11200
3.03595	11200	11225
3.03784	11225	11250
3.03973	11250	11275
3.04162	11275	11300
3.0435	11300	11325
3.04539	11325	11350
3.04728	11350	11375
3.04917	11375	11400
3.05106	11400	11425
3.05294	11425	11450
3.05483	11450	11475
3.05672	11475	11500
3.05861	11500	11524
3.0605	11524	11548
3.06238	11548	11572
3.06427	11572	11596
3.06616	11596	11620
3.06805	11620	11644
3.06994	11644	11668
3.07182	11668	11692
3.07371	11692	11716
3.0756	11716	11740
3.07749	11740	11764
3.07938	11764	11788
3.08126	11788	11812
3.08315	11812	11836
3.08504	11836	11860
3.08693	11860	11884
3.08882	11884	11908
3.0907	11908	11932
3.09259	11932	11956
3.09448	11956	11980
3.09637	11980	12003
3.09826	12003	12026
3.10014	12026	12049
3.10203	12049	12072
3.10392	12072	12095
3.10581	12095	12118
3.1077	12118	12141
3.10958	12141	12164
3.11147	12164	12187
3.11336	12187	12210
3.11525	12210	12233
3.11714	12233	12256
3.11902	12256	12279
3.12091	12279	12302
3.1228	12302	12325
3.12469	12325	12348
3.12658	12348	12371
3.12846	12371	12394
3.13035	12394	12417
3.13414	12417	11792
3.14452	11792	11524
3.14547	11524	11256
3.14641	11256	10988
3.14736	10988	10720
3.1483	10720	10452
3.14924	10452	10184
3.15019	10184	9916
3.15113	9916	9648
3.15208	9648	9380
3.15302	9380	9112
3.15396	9112	8844
3.1549	8844	5628
3.1549	5628	5679
3.15678	5679	5729
3.15867	5729	5779
3.16056	5779	5828
3.16245	5828	5877
3.16434	5877	5925
3.16622	5925	5973
3.16811	5973	6021
3.17	6021	6068
3.17189	6068	6115
3.17378	6115	6161
3.17566	6161	6207
3.17755	6207	6253
3.17944	6253	6298
3.18133	6298	6343
3.18322	6343	6388
3.1851	6388	6432
3.18699	6432	6476
3.18888	6476	6520
3.19077	6520	6564
3.19266	6564	6607
3.19454	6607	6650
3.19643	6650	6693
3.19832	6693	6735
3.20021	6735	6777
3.2021	6777	6819
3.20398	6819	6861
3.20587	6861	6902
3.20776	6902	6943
3.20965	6943	6984
3.21154	6984	7025
3.21342	7025	7065
3.21531	7065	7105
3.2172	7105	7145
3.21909	7145	7185
3.22098	7185	7224
3.22286	7224	7263
3.22475	7263	7302
3.22664	7302	7341
3.22853	7341	7380
3.23042	7380	7418
3.2323	7418	7456
3.23419	7456	7494
3.23608	7494	7532
3.23797	7532	7570
3.23986	7570	7607
3.24174	7607	7644
3.24363	7644	7681
3.24552	7681	7718
3.24741	7718	7755
3.2493	7755	7792
3.25118	7792	7828
3.25307	7828	7864
3.25496	7864	7900
3.25685	7900	7936
3.25874	7936	7972
3.26062	7972	8008
3.26251	8008	8043
3.2644	8043	8078
3.26629	8078	8113
3.26818	8113	8148
3.27006	8148	8183
3.27195	8183	8218
3.27384	8218	8252
3.27573	8252	8286
3.27762	8286	8320
3.28235	8320	7504
3.28896	7504	7236
3.2899	7236	6968
3.29084	6968	6700
3.29179	6700	6432
3.29273	6432	6164
3.29368	6164	5896
3.29462	5896	5628
3.29555	5628	3484
3.29555	3484	3566
3.29744	3566	3646
3.29933	3646	3724
3.30122	3724	3801
3.3031	3801	3876
3.30499	3876	3950
3.30719	3950	4022
3.30908	4022	4093
3.31097	4093	4163
3.31285	4163	4232
3.31474	4232	4299
3.31663	4299	4365
3.31852	4365	4430
3.32041	4430	4494
3.32229	4494	4557
3.32418	4557	4620
3.32607	4620	4682
3.32796	4682	4743
3.32985	4743	4803
3.33173	4803	4862
3.33362	4862	4921
3.33551	4921	4979
3.3374	4979	5036
3.33929	5036	5093
3.34117	5093	5149
3.34306	5149	5204
3.34495	5204	5259
3.34684	5259	5313
3.34873	5313	5367
3.35061	5367	5420
3.3525	5420	5473
3.35439	5473	5525
3.35628	5525	5576
3.35817	5576	5627
3.36005	5627	5678
3.36194	5678	5728
3.36383	5728	5778
3.36572	5778	5827
3.36761	5827	5876
3.36949	5876	5924
3.37138	5924	5972
3.37327	5972	6020
3.37516	6020	6067
3.37705	6067	6114
3.37893	6114	6160
3.38082	6160	6206
3.38271	6206	6252
3.3846	6252	6297
3.38649	6297	6342
3.38837	6342	6387
3.39026	6387	6431
3.39215	6431	6475
3.39404	6475	6519
3.39593	6519	6563
3.39781	6563	6606
3.3997	6606	6649
3.40159	6649	6692
3.40348	6692	6734
3.40537	6734	6776
3.40725	6776	6818
3.40914	6818	6860
3.41103	6860	6901
3.41292	6901	6942
3.41481	6942	6983
3.41669	6983	7024
3.41858	7024	7064
3.42047	7064	7104
3.42236	7104	7144
3.42425	7144	7184
3.42613	7184	7223
3.42802	7223	7262
3.42991	7262	7301
3.4318	7301	7340
3.43369	7340	7379
3.43557	7379	7417
3.43746	7417	7455
3.43935	7455	7493
3.44124	7493	7531
3.44313	7531	7569
3.44501	7569	7606
3.4469	7606	7643
3.44879	7643	7680
3.45068	7680	7717
3.45257	7717	7754
3.45445	7754	7791
3.45634	7791	7827
3.45823	7827	7863
3.46012	7863	7899
3.46201	7899	7935
3.46389	7935	7971
3.46578	7971	8007
3.46767	8007	8042
3.46956	8042	8077
3.47145	8077	8112
3.47333	8112	8147
3.47522	8147	8182
3.47711	8182	8217
3.479	8217	8251
3.48089	8251	8285
3.48277	8285	8319
3.48466	8319	8353
3.48655	8353	8387
3.49034	8387	7504
3.4979	7504	6700
3.49885	6700	6432
3.49979	6432	6164
3.50074	6164	5896
3.50168	5896	5628
3.50262	5628	5360
3.50356	5360	5092
3.5045	5092	4824
3.50544	4824	4556
3.50639	4556	4288
3.50733	4288	4020
3.50828	4020	3484
3.51015	3484	3566
3.51204	3566	3646
3.51393	3646	3724
3.51581	3724	3801
3.51801	3801	3876
3.5199	3876	3950
3.52179	3950	4022
3.52368	4022	4093
3.52556	4093	4163
3.52745	4163	4232
3.52934	4232	4299
3.53123	4299	4365
3.53312	4365	4430
3.535	4430	4494
3.53689	4494	4557
3.53878	4557	4620
3.54067	4620	4682
3.54256	4682	4743
3.54444	4743	4803
3.54633	4803	4862
3.54822	4862	4921
3.55011	4921	4979
3.552	4979	5036
3.55388	5036	5093
3.55577	5093	5149
3.55766	5149	5204
3.55955	5204	5259
3.56144	5259	5313
3.56332	5313	5367
3.56521	5367	5420
3.5671	5420	5473
3.56899	5473	5525
3.57088	5525	5576
3.57276	5576	5627
3.57465	5627	5678
3.57654	5678	5728
3.57843	5728	5778
3.58032	5778	5827
3.5822	5827	5876
3.58409	5876	5924
3.58598	5924	5972
3.58787	5972	6020
3.58976	6020	6067
3.59164	6067	6114
3.59353	6114	6160
3.59542	6160	6206
3.59731	6206	6252
3.5992	6252	6297
3.60108	6297	6342
3.60297	6342	6387
3.60486	6387	6431
3.60675	6431	6475
3.60864	6475	6519
3.61052	6519	6563
3.61241	6563	6606
3.6143	6606	6649
3.61619	6649	6692
3.61808	6692	6734
3.61996	6734	6776
3.62185	6776	6818
3.62374	6818	6860
3.62563	6860	6901
3.62752	6901	6942
3.6294	6942	6983
3.63129	6983	7024
3.63318	7024	7064
3.63507	7064	7104
3.63696	7104	7144
3.63884	7144	7184
3.64073	7184	7223
3.64262	7223	7262
3.64451	7262	7301
3.6464	7301	7340
3.64828	7340	7379
3.65017	7379	7417
3.65206	7417	7455
3.65395	7455	7493
3.65584	7493	7531
3.65772	7531	7569
3.65961	7569	7606
3.6615	7606	7643
3.66339	7643	7680
3.66528	7680	7717
3.67001	7717	6968
3.67567	6968	6700
3.67662	6700	6432
3.67756	6432	6164
3.67851	6164	5896
3.67945	5896	5628
3.68039	5628	5360
3.68134	5360	5092
3.68227	5092	3216
3.68227	3216	3305
3.68416	3305	3391
3.68604	3391	3475
3.68793	3475	3557
3.68982	3557	3637
3.69202	3637	3715
3.69391	3715	3792
3.6958	3792	3867
3.69799	3867	3941
3.69988	3941	4013
3.70177	4013	4084
3.70366	4084	4154
3.70555	4154	4223
3.70743	4223	4291
3.70932	4291	4357
3.71121	4357	4422
3.7131	4422	4486
3.71499	4486	4550
3.71687	4550	4613
3.71876	4613	4675
3.72065	4675	4736
3.72254	4736	4796
3.72443	4796	4855
3.72631	4855	4914
3.7282	4914	4972
3.73009	4972	5029
3.73198	5029	5086
3.73387	5086	5142
3.73575	5142	5197
3.73764	5197	5252
3.73953	5252	5306
3.74142	5306	5360
3.74331	5360	5413
3.74519	5413	5466
3.74708	5466	5518
3.74897	5518	5570
3.75086	5570	5621
3.75275	5621	5672
3.75463	5672	5722
3.75652	5722	5772
3.75841	5772	5821
3.7603	5821	5870
3.76219	5870	5918
3.76407	5918	5966
3.76596	5966	6014
3.76785	6014	6061
3.76974	6061	6108
3.77163	6108	6155
3.77351	6155	6201
3.7754	6201	6247
3.77729	6247	6292
3.77918	6292	6337
3.78107	6337	6382
3.78295	6382	6427
3.78484	6427	6471
3.78673	6471	6515
3.78862	6515	6559
3.79051	6559	6602
3.79239	6602	6645
3.79428	6645	6688
3.79617	6688	6730
3.79806	6730	6772
3.79995	6772	6814
3.80183	6814	6856
3.80372	6856	6897
3.80561	6897	6938
3.8075	6938	6979
3.80939	6979	7020
3.81127	7020	7060
3.81316	7060	7100
3.81505	7100	7140
3.81694	7140	7180
3.81883	7180	7220
3.82071	7220	7259
3.8226	7259	7298
3.82449	7298	7337
3.82638	7337	7376
3.82827	7376	7414
3.83015	7414	7452
3.83204	7452	7490
3.83393	7490	7528
3.83582	7528	7566
3.83771	7566	7603
3.83959	7603	7640
3.84148	7640	7677
3.84337	7677	7714
3.84526	7714	7751
3.84715	7751	7788
3.84903	7788	7824
3.85092	7824	7860
3.85281	7860	7896
3.8547	7896	7932
3.85659	7932	7968
3.85847	7968	8004
3.86036	8004	8039
3.86225	8039	8074
3.86414	8074	8109
3.86603	8109	8144
3.86791	8144	8179
3.8698	8179	8214
3.87169	8214	8248
3.87358	8248	8282
3.87547	8282	8316
3.87735	8316	8350
3.87924	8350	8384
3.88113	8384	8418
3.88302	8418	8452
3.88491	8452	8485
3.88679	8485	8518
3.88868	8518	8551
3.89057	8551	8584
3.89246	8584	8617
3.89435	8617	8650
3.89623	8650	8683
3.89812	8683	8716
3.90001	8716	8748
3.9019	8748	8780
3.90379	8780	8812
3.90567	8812	8844
3.90756	8844	8876
3.90945	8876	8908
3.91134	8908	8940
3.91323	8940	8972
3.91511	8972	9004
3.917	9004	9035
3.91889	9035	9066
3.92078	9066	9097
3.92267	9097	9128
3.92455	9128	9159
3.92644	9159	9190
3.92833	9190	9221
3.93022	9221	9252
3.93211	9252	9283
3.93399	9283	9313
3.93588	9313	9343
3.93777	9343	9373
3.93966	9373	9403
3.94155	9403	9433
3.94343	9433	9463
3.94532	9463	9493
3.94721	9493	9523
3.9491	9523	9553
3.95099	9553	9583
3.95287	9583	9612
3.95476	9612	9641
3.95665	9641	9670
3.95854	9670	9699
3.96043	9699	9728
3.96231	9728	9757
3.9661	9757	9112
3.97365	9112	8844
3.9746	8844	8576
3.97554	8576	8308
3.97649	8308	8040
3.97743	8040	7772
3.97837	7772	7504
3.97932	7504	7236
3.98026	7236	6968
3.98121	6968	6700
3.98214	6700	4288
3.98214	4288	4355
3.98403	4355	4420
3.98591	4420	4484
3.9878	4484	4548
3.98969	4548	4611
3.99158	4611	4673
3.99347	4673	4734
3.99535	4734	4794
3.99724	4794	4853
3.99913	4853	4912
4.00102	4912	4970
4.00291	4970	5027
4.00479	5027	5084
4.00668	5084	5140
4.00857	5140	5195
4.01046	5195	5250
4.01235	5250	5304
4.01423	5304	5358
4.01612	5358	5411
4.01801	5411	5464
4.0199	5464	5516
4.02179	5516	5568
4.02367	5568	5619
4.02556	5619	5670
4.02745	5670	5720
4.02934	5720	5770
4.03123	5770	5819
4.03311	5819	5868
4.035	5868	5916
4.03689	5916	5964
4.03878	5964	6012
4.04067	6012	6059
4.04255	6059	6106
4.04444	6106	6153
4.04633	6153	6199
4.04822	6199	6245
4.05011	6245	6291
4.05199	6291	6336
4.05388	6336	6381
4.05577	6381	6426
4.05766	6426	6470
4.05955	6470	6514
4.06143	6514	6558
4.06332	6558	6601
4.06521	6601	6644
4.0671	6644	6687
4.06899	6687	6729
4.07087	6729	6771
4.07276	6771	6813
4.07465	6813	6855
4.07654	6855	6896
4.07843	6896	6937
4.08031	6937	6978
4.0822	6978	7019
4.08409	7019	7059
4.08598	7059	7099
4.08787	7099	7139
4.08975	7139	7179
4.09164	7179	7219
4.09353	7219	7258
4.09542	7258	7297
4.09731	7297	7336
4.09919	7336	7375
4.10108	7375	7413
4.10297	7413	7451
4.10486	7451	7489
4.10675	7489	7527
4.10863	7527	7565
4.11052	7565	7602
4.11241	7602	7639
4.1143	7639	7676
4.11619	7676	7713
4.11807	7713	7750
4.11996	7750	7787
4.12185	7787	7823
4.12374	7823	7859
4.12563	7859	7895
4.12751	7895	7931
4.1294	7931	7967
4.13129	7967	8003
4.13318	8003	8038
4.13507	8038	8073
4.13695	8073	8108
4.13884	8108	8143
4.14073	8143	8178
4.14262	8178	8213
4.14451	8213	8247
4.14639	8247	8281
4.14828	8281	8315
4.15017	8315	8349
4.15206	8349	8383
4.15395	8383	8417
4.15583	8417	8451
4.15772	8451	8484
4.15961	8484	8517
4.1615	8517	8550
4.16339	8550	8583
4.16527	8583	8616
4.16716	8616	8649
4.16905	8649	8682
4.17094	8682	8715
4.17283	8715	8747
4.17471	8747	8779
4.1766	8779	8811
4.17849	8811	8843
4.18038	8843	8875
4.18227	8875	8907
4.18415	8907	8939
4.18604	8939	8971
4.18793	8971	9003
4.18982	9003	9034
4.19171	9034	9065
4.19359	9065	9096
4.19548	9096	9127
4.19737	9127	9158
4.19926	9158	9189
4.20115	9189	9220
4.20303	9220	9251
4.20492	9251	9282
4.20681	9282	9312
4.2087	9312	9342
4.21059	9342	9372
4.21247	9372	9402
4.21436	9402	9432
4.21625	9432	9462
4.21814	9462	9492
4.22003	9492	9522
4.22191	9522	9552
4.2238	9552	9582
4.22569	9582	9611
4.22758	9611	9640
4.22947	9640	9669
4.23135	9669	9698
4.23324	9698	9727
4.23513	9727	9756
4.23702	9756	9785
4.23891	9785	9814
4.24079	9814	9843
4.24268	9843	9872
4.24457	9872	9901
4.24646	9901	9930
4.24835	9930	9958
4.25023	9958	9986
4.25212	9986	10014
4.25401	10014	10042
4.2559	10042	10070
4.25779	10070	10098
4.25967	10098	10126
4.26156	10126	10154
4.26345	10154	10182
4.26534	10182	10210
4.26723	10210	10238
4.26911	10238	10266
4.271	10266	10293
4.27289	10293	10320
4.27478	10320	10347
4.27667	10347	10374
4.27855	10374	10401
4.28044	10401	10428
4.28233	10428	10455
4.28422	10455	10482
4.28611	10482	10509
4.28799	10509	10536
4.28988	10536	10563
4.29177	10563	10590
4.29366	10590	10617
4.29555	10617	10644
4.29743	10644	10670
4.29932	10670	10696
4.30121	10696	10722
4.3031	10722	10748
4.30499	10748	10774
4.30687	10774	10800
4.30876	10800	10826
4.31065	10826	10852
4.31254	10852	10878
4.31443	10878	10904
4.31631	10904	10930
4.3182	10930	10956
4.32009	10956	10982
4.32198	10982	11008
4.32387	11008	11034
4.32575	11034	11060
4.32764	11060	11085
4.32953	11085	11110
4.33142	11110	11135
4.33331	11135	11160
4.33519	11160	11185
4.33708	11185	11210
4.33897	11210	11235
4.34086	11235	11260
4.34275	11260	11285
4.34463	11285	11310
4.34652	11310	11335
4.34841	11335	11360
4.3503	11360	11385
4.35219	11385	11410
4.35407	11410	11435
4.35596	11435	11460
4.35975	11460	10720
4.36919	10720	10452
4.37013	10452	10184
4.37108	10184	9916
4.37202	9916	9648
4.37297	9648	9380
4.37391	9380	9112
4.37485	9112	8844
4.3758	8844	8576
4.37674	8576	8308
4.37769	8308	8040
4.37862	8040	5092
4.37862	5092	5148
4.38051	5148	5203
4.38239	5203	5258
4.38428	5258	5312
4.38617	5312	5366
4.38806	5366	5419
4.38995	5419	5472
4.39183	5472	5524
4.39372	5524	5576
4.39561	5576	5627
4.3975	5627	5678
4.39939	5678	5728
4.40127	5728	5778
4.40316	5778	5827
4.40505	5827	5876
4.40694	5876	5924
4.40883	5924	5972
4.41071	5972	6020
4.4126	6020	6067
4.41449	6067	6114
4.41638	6114	6160
4.41827	6160	6206
4.42015	6206	6252
4.42204	6252	6297
4.42393	6297	6342
4.42582	6342	6387
4.42771	6387	6431
4.42959	6431	6475
4.43148	6475	6519
4.43337	6519	6563
4.43526	6563	6606
4.43715	6606	6649
4.43903	6649	6692
4.44092	6692	6734
4.44281	6734	6776
4.4447	6776	6818
4.44659	6818	6860
4.45132	6860	5896
4.45604	5896	5628
4.45698	5628	5360
4.45793	5360	5092
4.45887	5092	4824
4.45981	4824	4556
4.46076	4556	4288
4.46169	4288	2680
4.46169	2680	2787
4.46358	2787	2890
4.46547	2890	2989
4.46735	2989	3085
4.4705	3085	3178
4.47238	3178	3268
4.47553	3268	3355
4.47741	3355	3440
4.4793	3440	3523
4.4815	3523	3604
4.48529	3604	2680
4.48749	2680	2412
4.48844	2412	2144
4.48939	2144	1876
4.49032	1876	1072
4.49032	1072	1340
4.49348	1340	1554
4.49945	1554	1738
4.50542	1738	1903
4.51045	1903	2053
4.51548	2053	2192
4.52052	2192	2323
4.5224	2323	2446
4.52649	2446	2563
4.52838	2563	2675
4.53246	2675	2782
4.53435	2782	2885
4.53844	2885	2984
4.54033	2984	3080
4.54347	3080	3173
4.54536	3173	3263
4.55134	3263	2680
4.5545	2680	2412
4.55544	2412	2144
4.55639	2144	1876
4.55732	1876	1072
4.55732	1072	1340
4.56047	1340	1554
4.56645	1554	1738
4.57242	1738	1903
4.57745	1903	2053
4.58248	2053	2192
4.58751	2192	2323
4.5894	2323	2446
4.59349	2446	2563
4.59538	2563	2675
4.59946	2675	2782
4.60135	2782	2885
4.60544	2885	2984
4.60732	2984	3080
4.61047	3080	3173
4.61236	3173	3263
4.6155	3263	3351
4.61739	3351	3436
4.61927	3436	3519
4.62147	3519	3600
4.62336	3600	3679
4.62525	3679	3757
4.62745	3757	3833
4.62933	3833	3907
4.63122	3907	3980
4.63311	3980	4052
4.635	4052	4122
4.63689	4122	4191
4.63877	4191	4259
4.64066	4259	4326
4.64255	4326	4392
4.64444	4392	4457
4.64633	4457	4521
4.64821	4521	4584
4.6501	4584	4646
4.65199	4646	4707
4.65388	4707	4768
4.65577	4768	4828
4.65765	4828	4887
4.65954	4887	4945
4.66143	4945	5003
4.66332	5003	5060
4.66521	5060	5116
4.66709	5116	5172
4.66898	5172	5227
4.67087	5227	5281
4.67276	5281	5335
4.67465	5335	5388
4.67653	5388	5441
4.67842	5441	5493
4.68031	5493	5545
4.6822	5545	5596
4.68409	5596	5647
4.68597	5647	5697
4.68786	5697	5747
4.68975	5747	5796
4.69164	5796	5845
4.69353	5845	5894
4.69541	5894	5942
4.6973	5942	5990
4.69919	5990	6037
4.70108	6037	6084
4.70297	6084	6131
4.70485	6131	6177
4.70674	6177	6223
4.70863	6223	6269
4.71052	6269	6314
4.71241	6314	6359
4.71429	6359	6404
4.71618	6404	6448
4.71807	6448	6492
4.71996	6492	6536
4.72185	6536	6579
4.72373	6579	6622
4.72562	6622	6665
4.72751	6665	6708
4.7294	6708	6750
4.73129	6750	6792
4.73317	6792	6834
4.73506	6834	6876
4.73695	6876	6917
4.73884	6917	6958
4.74073	6958	6999
4.74261	6999	7040
4.7445	7040	7080
4.74639	7080	7120
4.74828	7120	7160
4.75017	7160	7200
4.75205	7200	7239
4.75394	7239	7278
4.75583	7278	7317
4.75772	7317	7356
4.75961	7356	7395
4.76149	7395	7433
4.76338	7433	7471
4.76527	7471	7509
4.76716	7509	7547
4.76905	7547	7585
4.77093	7585	7622
4.77282	7622	7659
4.77471	7659	7696
4.7766	7696	7733
4.77849	7733	7770
4.78037	7770	7806
4.78226	7806	7842
4.78415	7842	7878
4.78604	7878	7914
4.78793	7914	7950
4.78981	7950	7986
4.7917	7986	8021
4.79359	8021	8056
4.79548	8056	8091
4.79737	8091	8126
4.79925	8126	8161
4.80114	8161	8196
4.80303	8196	8231
4.80492	8231	8265
4.80681	8265	8299
4.80869	8299	8333
4.81058	8333	8367
4.81247	8367	8401
4.81436	8401	8435
4.81625	8435	8469
4.81813	8469	8502
4.82002	8502	8535
4.82191	8535	8568
4.8238	8568	8601
4.82569	8601	8634
4.82757	8634	8667
4.82946	8667	8700
4.83135	8700	8733
4.83324	8733	8765
4.83513	8765	8797
4.83701	8797	8829
4.8389	8829	8861
4.84079	8861	8893
4.84268	8893	8925
4.84457	8925	8957
4.84645	8957	8989
4.84834	8989	9020
4.85023	9020	9051
4.85212	9051	9082
4.85401	9082	9113
4.85589	9113	9144
4.85778	9144	9175
4.85967	9175	9206
4.86156	9206	9237
4.86345	9237	9268
4.86533	9268	9298
4.86722	9298	9328
4.86911	9328	9358
4.8729	9358	8576
4.88045	8576	8308
4.8814	8308	8040
4.88234	8040	7772
4.88328	7772	7504
4.88423	7504	7236
4.88517	7236	6968
4.88612	6968	6700
4.88706	6700	6432
4.88799	6432	4020
4.88799	4020	4091
4.88988	4091	4161
4.89177	4161	4230
4.8965	4230	3216
4.89965	3216	2948
4.9006	2948	2680
4.90154	2680	2412
4.90247	2412	1340
4.90247	1340	1554
4.90436	1554	1738
4.90939	1738	1903
4.91442	1903	2053
4.91945	2053	2192
4.92448	2192	2323
4.92637	2323	2446
4.93046	2446	2563
4.93235	2563	2675
4.93643	2675	2782
4.93832	2782	2885
4.94241	2885	2984
4.95031	2984	2323
4.95125	2323	2502
4.95251	2502	1072
4.96038	1072	1340
4.96541	1340	1554
4.97139	1554	1738
4.97736	1738	1903
4.98239	1903	2053
4.98742	2053	2192
4.99245	2192	2323
4.99434	2323	2446
4.99843	2446	2563
5.00031	2563	2675
5.0044	2675	2782
5.00629	2782	2885
5.01037	2885	2984
5.01226	2984	3080
5.0154	3080	3173
5.01729	3173	3263
5.02044	3263	3351
5.02232	3351	3436
5.02421	3436	3519
5.02641	3519	3600
5.0283	3600	3679
5.03019	3679	3757
5.03238	3757	3833
5.03427	3833	3907
5.03616	3907	3980
5.03805	3980	4052
5.03994	4052	4122
5.04182	4122	4191
5.04371	4191	4259
5.0456	4259	4326
5.04749	4326	4392
5.04938	4392	4457
5.05126	4457	4521
5.05315	4521	4584
5.05504	4584	4646
5.05693	4646	4707
5.05882	4707	4768
5.0607	4768	4828
5.06259	4828	4887
5.06448	4887	4945
5.06637	4945	5003
5.06826	5003	5060
5.07014	5060	5116
5.07203	5116	5172
5.07392	5172	5227
5.07581	5227	5281
5.0777	5281	5335
5.07958	5335	5388
5.08147	5388	5441
5.08336	5441	5493
5.08525	5493	5545
5.08714	5545	5596
5.08902	5596	5647
5.09091	5647	5697
5.0928	5697	5747
5.09469	5747	5796
5.09658	5796	5845
5.09846	5845	5894
5.10035	5894	5942
5.10224	5942	5990
5.10413	5990	6037
5.10602	6037	6084
5.1079	6084	6131
5.10979	6131	6177
5.11168	6177	6223
5.11357	6223	6269
5.11546	6269	6314
5.11734	6314	6359
5.11923	6359	6404
5.12112	6404	6448
5.12301	6448	6492
5.1249	6492	6536
5.12678	6536	6579
5.12867	6579	6622
5.13056	6622	6665
5.13245	6665	6708
5.13434	6708	6750
5.13622	6750	6792
5.13811	6792	6834
5.14	6834	6876
5.14189	6876	6917
5.14378	6917	6958
5.14566	6958	6999
5.1504	6999	6432
5.15702	6432	6164
5.15796	6164	5360
5.15891	5360	5092
5.15985	5092	4824
5.16079	4824	4556
5.16172	4556	4288
5.16267	4288	4020
5.16361	4020	3752
5.16456	3752	3484
5.1655	3484	2948
5.16738	2948	3045
5.16926	3045	3139
5.17148	3139	3230
5.17429	3230	3318
5.17651	3318	3404
5.17839	3404	3488
5.18028	3488	3570
5.18248	3570	3650
5.18437	3650	3728
5.18626	3728	3805
5.18845	3805	3880
5.19319	3880	3216
5.19634	3216	2948
5.19729	2948	2680
5.19823	2680	2412
5.19916	2412	1340
5.19916	1340	1554
5.20105	1554	1738
5.20608	1738	1903
5.21111	1903	2053
5.21614	2053	2192
5.22117	2192	2323
5.22306	2323	2446
5.22715	2446	2563
5.22903	2563	2675
5.23312	2675	2782
5.23501	2782	2885
5.23909	2885	2984
5.24098	2984	3080
5.24412	3080	3173
5.24601	3173	3263
5.24916	3263	3351
5.25104	3351	3436
5.25293	3436	3519
5.25513	3519	3600
5.25702	3600	3679
5.25891	3679	3757
5.2611	3757	3833
5.26299	3833	3907
5.26488	3907	3980
5.26677	3980	4052
5.26866	4052	4122
5.27054	4122	4191
5.27243	4191	4259
5.27432	4259	4326
5.27621	4326	4392
5.2781	4392	4457
5.27998	4457	4521
5.28187	4521	4584
5.28376	4584	4646
5.28565	4646	4707
5.28754	4707	4768
5.28942	4768	4828
5.29131	4828	4887
5.2932	4887	4945
5.29509	4945	5003
5.29698	5003	5060
5.29886	5060	5116
5.30075	5116	5172
5.30264	5172	5227
5.30453	5227	5281
5.30642	5281	5335
5.3083	5335	5388
5.31019	5388	5441
5.31208	5441	5493
5.31397	5493	5545
5.31586	5545	5596
5.31774	5596	5647
5.31963	5647	5697
5.32152	5697	5747
5.32341	5747	5796
5.3253	5796	5845
5.32718	5845	5894
5.32907	5894	5942
5.33096	5942	5990
5.33285	5990	6037
5.33474	6037	6084
5.33662	6084	6131
5.33851	6131	6177
5.3404	6177	6223
5.34229	6223	6269
5.34418	6269	6314
5.34606	6314	6359
5.34795	6359	6404
5.34984	6404	6448
5.35173	6448	6492
5.35362	6492	6536
5.3555	6536	6579
5.35739	6579	6622
5.35928	6622	6665
5.36117	6665	6708
5.36306	6708	6750
5.36494	6750	6792
5.36683	6792	6834
5.36872	6834	6876
5.37061	6876	6917
5.3725	6917	6958
5.37438	6958	6999
5.37627	6999	7040
5.37816	7040	7080
5.38005	7080	7120
5.38194	7120	7160
5.38382	7160	7200
5.38571	7200	7239
5.3876	7239	7278
5.38949	7278	7317
5.39138	7317	7356
5.39326	7356	7395
5.39515	7395	7433
5.39704	7433	7471
5.39893	7471	7509
5.40082	7509	7547
5.4027	7547	7585
5.40459	7585	7622
5.40648	7622	7659
5.40837	7659	7696
5.41026	7696	7733
5.41214	7733	7770
5.41403	7770	7806
5.41592	7806	7842
5.41781	7842	7878
5.4197	7878	7914
5.42158	7914	7950
5.42347	7950	7986
5.42536	7986	8021
5.42725	8021	8056
5.42914	8056	8091
5.43102	8091	8126
5.43291	8126	8161
5.4348	8161	8196
5.43669	8196	8231
5.43858	8231	8265
5.44046	8265	8299
5.44235	8299	8333
5.44424	8333	8367
5.44613	8367	8401
5.45086	8401	7504
5.45747	7504	7236
5.45841	7236	6968
5.45936	6968	6700
5.4603	6700	6432
5.46124	6432	6164
5.46219	6164	5896
5.46313	5896	5628
5.46406	5628	3484
5.46406	3484	3566
5.46595	3566	3646
5.46784	3646	3724
5.46973	3724	3801
5.47162	3801	3876
5.4735	3876	3950
5.4757	3950	4022
5.47759	4022	4093
5.47948	4093	4163
5.48137	4163	4232
5.48325	4232	4299
5.48514	4299	4365
5.48703	4365	4430
5.48892	4430	4494
5.49081	4494	4557
5.49269	4557	4620
5.49458	4620	4682
5.49647	4682	4743
5.49836	4743	4803
5.50025	4803	4862
5.50213	4862	4921
5.50402	4921	4979
5.50591	4979	5036
5.5078	5036	5093
5.50969	5093	5149
5.51157	5149	5204
5.51346	5204	5259
5.51535	5259	5313
5.51724	5313	5367
5.51913	5367	5420
5.52101	5420	5473
5.5229	5473	5525
5.52479	5525	5576
5.52668	5576	5627
5.52857	5627	5678
5.53045	5678	5728
5.53234	5728	5778
5.53423	5778	5827
5.53612	5827	5876
5.53801	5876	5924
5.53989	5924	5972
5.54178	5972	6020
5.54367	6020	6067
5.54556	6067	6114
5.55029	6114	5360
5.55501	5360	5092
5.55596	5092	4824
5.5569	4824	4556
5.55784	4556	4288
5.55879	4288	4020
5.55972	4020	2412
5.55972	2412	2531
5.56161	2531	2644
5.56349	2644	2752
5.56538	2752	2856
5.56947	2856	2956
5.57136	2956	3053
5.5745	3053	3147
5.57639	3147	3238
5.57953	3238	3326
5.58142	3326	3412
5.58331	3412	3496
5.5855	3496	3578
5.58739	3578	3658
5.58928	3658	3736
5.59148	3736	3812
5.59337	3812	3887
5.59525	3887	3960
5.59745	3960	4032
5.59934	4032	4103
5.60123	4103	4173
5.60312	4173	4241
5.605	4241	4308
5.60689	4308	4374
5.60878	4374	4439
5.61067	4439	4503
5.61256	4503	4566
5.61444	4566	4628
5.61633	4628	4690
5.61822	4690	4751
5.62011	4751	4811
5.622	4811	4870
5.62388	4870	4928
5.62577	4928	4986
5.62766	4986	5043
5.62955	5043	5099
5.63144	5099	5155
5.63332	5155	5210
5.63521	5210	5265
5.6371	5265	5319
5.63899	5319	5373
5.64088	5373	5426
5.64276	5426	5478
5.64465	5478	5530
5.64654	5530	5581
5.64843	5581	5632
5.65032	5632	5683
5.6522	5683	5733
5.65409	5733	5783
5.65598	5783	5832
5.65787	5832	5881
5.65976	5881	5929
5.66164	5929	5977
5.66353	5977	6025
5.66542	6025	6072
5.66731	6072	6119
5.6692	6119	6165
5.67108	6165	6211
5.67297	6211	6257
5.67486	6257	6302
5.67675	6302	6347
5.67864	6347	6392
5.68052	6392	6436
5.68241	6436	6480
5.6843	6480	6524
5.68619	6524	6568
5.68808	6568	6611
5.68996	6611	6654
5.69185	6654	6697
5.69374	6697	6739
5.69563	6739	6781
5.69752	6781	6823
5.6994	6823	6865
5.70129	6865	6906
5.70318	6906	6947
5.70507	6947	6988
5.70696	6988	7029
5.70884	7029	7069
5.71073	7069	7109
5.71262	7109	7149
5.71451	7149	7189
5.7164	7189	7228
5.71828	7228	7267
5.72017	7267	7306
5.72206	7306	7345
5.72395	7345	7384
5.72584	7384	7422
5.72772	7422	7460
5.72961	7460	7498
5.7315	7498	7536
5.73339	7536	7574
5.73528	7574	7611
5.73716	7611	7648
5.73905	7648	7685
5.74094	7685	7722
5.74283	7722	7759
5.74472	7759	7796
5.7466	7796	7832
5.74849	7832	7868
5.75038	7868	7904
5.75227	7904	7940
5.75416	7940	7976
5.75604	7976	8012
5.75983	8012	6968
5.7655	6968	6700
5.76644	6700	6432
5.76739	6432	6164
5.76833	6164	5896
5.76927	5896	5628
5.77022	5628	5360
5.77116	5360	5092
5.77209	5092	3216
5.77209	3216	3305
5.77398	3305	3391
5.77587	3391	3475
5.77776	3475	3557
5.77964	3557	3637
5.78184	3637	3715
5.78373	3715	3792
5.78562	3792	3867
5.78782	3867	3941
5.78971	3941	4013
5.79159	4013	4084
5.79348	4084	4154
5.79537	4154	4223
5.79726	4223	4291
5.79915	4291	4357
5.80103	4357	4422
5.80292	4422	4486
5.80481	4486	4550
5.8067	4550	4613
5.80859	4613	4675
5.81047	4675	4736
5.81236	4736	4796
5.81425	4796	4855
5.81614	4855	4914
5.81803	4914	4972
5.81991	4972	5029
5.8218	5029	5086
5.82369	5086	5142
5.82558	5142	5197
5.82747	5197	5252
5.82935	5252	5306
5.83124	5306	5360
5.83313	5360	5413
5.83502	5413	5466
5.83691	5466	5518
5.83879	5518	5570
5.84068	5570	5621
5.84257	5621	5672
5.84446	5672	5722
5.84635	5722	5772
5.84823	5772	5821
5.85012	5821	5870
5.85201	5870	5918
5.85674	5918	5360
5.86146	5360	5092
5.86241	5092	4824
5.86335	4824	4556
5.86429	4556	4288
5.86524	4288	4020
5.86617	4020	2412
5.86617	2412	2531
5.86806	2531	2644
5.86995	2644	2752
5.87183	2752	2856
5.87592	2856	2956
5.87781	2956	3053
5.88095	3053	3147
5.88284	3147	3238
5.88598	3238	3326
5.88787	3326	3412
5.88976	3412	3496
5.89196	3496	3578
5.89384	3578	3658
5.89573	3658	3736
5.89793	3736	3812
5.89982	3812	3887
5.90171	3887	3960
5.9039	3960	4032
5.90579	4032	4103
5.90768	4103	4173
5.90957	4173	4241
5.91146	4241	4308
5.91334	4308	4374
5.91523	4374	4439
5.91712	4439	4503
5.91901	4503	4566
5.9209	4566	4628
5.92278	4628	4690
5.92467	4690	4751
5.92656	4751	4811
5.92845	4811	4870
5.93034	4870	4928
5.93222	4928	4986
5.93411	4986	5043
5.936	5043	5099
5.93789	5099	5155
5.93978	5155	5210
5.94166	5210	5265
5.94355	5265	5319
5.94544	5319	5373
5.94733	5373	5426
5.94922	5426	5478
5.9511	5478	5530
5.95299	5530	5581
5.95488	5581	5632
5.95677	5632	5683
5.95866	5683	5733
5.96054	5733	5783
5.96243	5783	5832
5.96432	5832	5881
5.96621	5881	5929
5.9681	5929	5977
5.96998	5977	6025
5.97187	6025	6072
5.97376	6072	6119
5.97565	6119	6165
5.97754	6165	6211
5.97942	6211	6257
5.98131	6257	6302
5.9832	6302	6347
5.98509	6347	6392
5.98698	6392	6436
5.98886	6436	6480
5.99075	6480	6524
5.99264	6524	6568
5.99453	6568	6611
5.99642	6611	6654
5.9983	6654	6697
6.00019	6697	6739
6.00208	6739	6781
6.00397	6781	6823
6.00586	6823	6865
6.00774	6865	6906
6.00963	6906	6947
6.01152	6947	6988
6.01341	6988	7029
6.0153	7029	7069
6.01718	7069	7109
6.01907	7109	7149
6.02096	7149	7189
6.02285	7189	7228
6.02474	7228	7267
6.02852	7267	6432
6.03419	6432	6164
6.03513	6164	5896
6.03608	5896	5628
6.03702	5628	5360
6.03796	5360	5092
6.03891	5092	4824
6.03984	4824	2948
6.03984	2948	3045
6.04173	3045	3139
6.04362	3139	3230
6.0455	3230	3318
6.04739	3318	3404
6.04959	3404	3488
6.05148	3488	3570
6.05337	3570	3650
6.05747	3650	2680
6.05935	2680	2412
6.06062	2412	2144
6.0625	2144	1876
6.06345	1876	1608
6.06566	1608	1072
6.07257	1072	1340
6.0776	1340	1554
6.08357	1554	1738
6.08955	1738	1903
6.09458	1903	2053
6.09961	2053	2192
6.10464	2192	2323
6.10653	2323	2446
6.11061	2446	2563
6.1125	2563	2675
6.11659	2675	2782
6.11848	2782	2885
6.12256	2885	2984
6.12445	2984	3080
6.12759	3080	3173
6.12948	3173	3263
6.13262	3263	3351
6.13451	3351	3436
6.1364	3436	3519
6.1386	3519	3600
6.14049	3600	3679
6.14237	3679	3757
6.14457	3757	3833
6.14646	3833	3907
6.14835	3907	3980
6.15024	3980	4052
6.15212	4052	4122
6.15401	4122	4191
6.1559	4191	4259
6.15779	4259	4326
6.15968	4326	4392
6.16156	4392	4457
6.16345	4457	4521
6.16534	4521	4584
6.16723	4584	4646
6.16912	4646	4707
6.171	4707	4768
6.17289	4768	4828
6.17478	4828	4887
6.17667	4887	4945
6.17856	4945	5003
6.18044	5003	5060
6.18233	5060	5116
6.18422	5116	5172
6.18611	5172	5227
6.188	5227	5281
6.18988	5281	5335
6.19177	5335	5388
6.19366	5388	5441
6.19555	5441	5493
6.19744	5493	5545
6.19932	5545	5596
6.20121	5596	5647
6.2031	5647	5697
6.20499	5697	5747
6.20688	5747	5796
6.20876	5796	5845
6.21065	5845	5894
6.21254	5894	5942
6.21443	5942	5990
6.21632	5990	6037
6.2182	6037	6084
6.22009	6084	6131
6.22198	6131	6177
6.22387	6177	6223
6.22576	6223	6269
6.22764	6269	6314
6.22953	6314	6359
6.23142	6359	6404
6.23331	6404	6448
6.2352	6448	6492
6.23708	6492	6536
6.23897	6536	6579
6.24086	6579	6622
6.24275	6622	6665
6.24464	6665	6708
6.24652	6708	6750
6.24841	6750	6792
6.2503	6792	6834
6.25219	6834	6876
6.25408	6876	6917
6.25596	6917	6958
6.25785	6958	6999
6.25974	6999	7040
6.26163	7040	7080
6.26352	7080	7120
6.2654	7120	7160
6.26729	7160	7200
6.26918	7200	7239
6.27107	7239	7278
6.27296	7278	7317
6.27484	7317	7356
6.27673	7356	7395
6.27862	7395	7433
6.28051	7433	7471
6.2824	7471	7509
6.28428	7509	7547
6.28617	7547	7585
6.28806	7585	7622
6.28995	7622	7659
6.29184	7659	7696
6.29372	7696	7733
6.29561	7733	7770
6.2975	7770	7806
6.29939	7806	7842
6.30128	7842	7878
6.30316	7878	7914
6.30505	7914	7950
6.30694	7950	7986
6.30883	7986	8021
6.31072	8021	8056
6.3126	8056	8091
6.31449	8091	8126
6.31638	8126	8161
6.31827	8161	8196
6.32016	8196	8231
6.32204	8231	8265
6.32393	8265	8299
6.32582	8299	8333
6.32771	8333	8367
6.3296	8367	8401
6.33148	8401	8435
6.33337	8435	8469
6.33526	8469	8502
6.33715	8502	8535
6.33904	8535	8568
6.34092	8568	8601
6.34281	8601	8634
6.3447	8634	8667
6.34659	8667	8700
6.35038	8700	8040
6.35699	8040	7772
6.35793	7772	7504
6.35887	7504	7236
6.35982	7236	6968
6.36076	6968	6700
6.36171	6700	6432
6.36265	6432	6164
6.36359	6164	5896
6.36452	5896	3752
6.36452	3752	3828
6.36641	3828	3903
6.3683	3903	3976
6.37019	3976	4048
6.37208	4048	4118
6.37396	4118	4187
6.37585	4187	4255
6.37774	4255	4322
6.37963	4322	4388
6.38152	4388	4453
6.3834	4453	4517
6.38529	4517	4580
6.38718	4580	4642
6.38907	4642	4703
6.39096	4703	4764
6.39284	4764	4824
6.39473	4824	4883
6.39662	4883	4941
6.39851	4941	4999
6.4004	4999	5056
6.40228	5056	5112
6.40417	5112	5168
6.40606	5168	5223
6.40795	5223	5278
6.40984	5278	5332
6.41172	5332	5385
6.41361	5385	5438
6.4155	5438	5490
6.41739	5490	5542
6.41928	5542	5593
6.42116	5593	5644
6.42305	5644	5694
6.42494	5694	5744
6.42683	5744	5794
6.42872	5794	5843
6.4306	5843	5892
6.43249	5892	5940
6.43438	5940	5988
6.43627	5988	6035
6.43816	6035	6082
6.44004	6082	6129
6.44193	6129	6175
6.44382	6175	6221
6.44571	6221	6267
6.4476	6267	6312
6.44948	6312	6357
6.45137	6357	6402
6.45326	6402	6446
6.45515	6446	6490
6.45704	6490	6534
6.45892	6534	6577
6.46081	6577	6620
6.4627	6620	6663
6.46459	6663	6706
6.46648	6706	6748
6.46836	6748	6790
6.47025	6790	6832
6.47214	6832	6874
6.47403	6874	6915
6.47592	6915	6956
6.4778	6956	6997
6.47969	6997	7038
6.48158	7038	7078
6.48347	7078	7118
6.48536	7118	7158
6.48724	7158	7198
6.48913	7198	7237
6.49102	7237	7276
6.49291	7276	7315
6.4948	7315	7354
6.49668	7354	7393
6.49857	7393	7431
6.50046	7431	7469
6.50235	7469	7507
6.50424	7507	7545
6.50612	7545	7583
6.50801	7583	7620
6.5099	7620	7657
6.51179	7657	7694
6.51368	7694	7731
6.51556	7731	7768
6.51745	7768	7804
6.51934	7804	7840
6.52123	7840	7876
6.52312	7876	7912
6.525	7912	7948
6.52689	7948	7984
6.52878	7984	8019
6.53067	8019	8054
6.53256	8054	8089
6.53444	8089	8124
6.53633	8124	8159
6.53822	8159	8194
6.54011	8194	8229
6.542	8229	8263
6.54388	8263	8297
6.54577	8297	8331
6.54766	8331	8365
6.54955	8365	8399
6.55144	8399	8433
6.55332	8433	8467
6.55521	8467	8500
6.5571	8500	8533
6.55899	8533	8566
6.56088	8566	8599
6.56276	8599	8632
6.56465	8632	8665
6.56654	8665	8698
6.56843	8698	8731
6.57032	8731	8763
6.5722	8763	8795
6.57409	8795	8827
6.57598	8827	8859
6.57787	8859	8891
6.57976	8891	8923
6.58164	8923	8955
6.58353	8955	8987
6.58542	8987	9018
6.58731	9018	9049
6.5892	9049	9080
6.59108	9080	9111
6.59297	9111	9142
6.59486	9142	9173
6.59675	9173	9204
6.59864	9204	9235
6.60052	9235	9266
6.60241	9266	9297
6.6043	9297	9327
6.60619	9327	9357
6.60808	9357	9387
6.60996	9387	9417
6.61185	9417	9447
6.61374	9447	9477
6.61563	9477	9507
6.61752	9507	9537
6.6194	9537	9567
6.62129	9567	9597
6.62318	9597	9626
6.62507	9626	9655
6.62696	9655	9684
6.62884	9684	9713
6.63073	9713	9742
6.63262	9742	9771
6.63451	9771	9800
6.6364	9800	9829
6.63828	9829	9858
6.64017	9858	9887
6.64206	9887	9916
6.64395	9916	9944
6.64584	9944	9972
6.64772	9972	10000
6.64961	10000	10028
6.6515	10028	10056
6.65339	10056	10084
6.65528	10084	10112
6.65716	10112	10140
6.65905	10140	10168
6.66094	10168	10196
6.66283	10196	10224
6.66472	10224	10252
6.6666	10252	10280
6.66849	10280	10307
6.67038	10307	10334
6.67227	10334	10361
6.67416	10361	10388
6.67604	10388	10415
6.67793	10415	10442
6.67982	10442	10469
6.68171	10469	10496
6.6836	10496	10523
6.68548	10523	10550
6.68737	10550	10577
6.68926	10577	10604
6.69115	10604	10631
6.69304	10631	10658
6.69492	10658	10684
6.69681	10684	10710
6.6987	10710	10736
6.70059	10736	10762
6.70248	10762	10788
6.70436	10788	10814
6.70625	10814	10840
6.70814	10840	10866
6.71193	10866	10184
6.72043	10184	9916
6.72137	9916	9648
6.72231	9648	9380
6.72326	9380	9112
6.7242	9112	8844
6.72515	8844	8576
6.72609	8576	8308
6.72703	8308	8040
6.72798	8040	7772
6.72892	7772	7504
6.72985	7504	4824
6.72985	4824	4883
6.73174	4883	4941
6.73363	4941	4999
6.73552	4999	5056
6.7374	5056	5112
6.73929	5112	5168
6.74118	5168	5223
6.74307	5223	5278
6.74496	5278	5332
6.74684	5332	5385
6.74873	5385	5438
6.75062	5438	5490
6.75251	5490	5542
6.7544	5542	5593
6.75628	5593	5644
6.75817	5644	5694
6.76006	5694	5744
6.76195	5744	5794
6.76384	5794	5843
6.76572	5843	5892
6.76761	5892	5940
6.7695	5940	5988
6.77139	5988	6035
6.77328	6035	6082
6.77516	6082	6129
6.77705	6129	6175
6.77894	6175	6221
6.78083	6221	6267
6.78272	6267	6312
6.7846	6312	6357
6.78649	6357	6402
6.78838	6402	6446
6.79027	6446	6490
6.79216	6490	6534
6.79404	6534	6577
6.79593	6577	6620
6.79782	6620	6663
6.79971	6663	6706
6.8016	6706	6748
6.80348	6748	6790
6.80537	6790	6832
6.80726	6832	6874
6.80915	6874	6915
6.81104	6915	6956
6.81292	6956	6997
6.81481	6997	7038
6.8167	7038	7078
6.81859	7078	7118
6.82048	7118	7158
6.82236	7158	7198
6.82425	7198	7237
6.82614	7237	7276
6.82803	7276	7315
6.82992	7315	7354
6.8318	7354	7393
6.83369	7393	7431
6.83558	7431	7469
6.83747	7469	7507
6.83936	7507	7545
6.84124	7545	7583
6.84313	7583	7620
6.84502	7620	7657
6.84691	7657	7694
6.8488	7694	7731
6.85068	7731	7768
6.85257	7768	7804
6.85446	7804	7840
6.85635	7840	7876
6.85824	7876	7912
6.86012	7912	7948
6.86201	7948	7984
6.8639	7984	8019
6.86579	8019	8054
6.86768	8054	8089
6.86956	8089	8124
6.87145	8124	8159
6.87334	8159	8194
6.87523	8194	8229
6.87712	8229	8263
6.879	8263	8297
6.88089	8297	8331
6.88278	8331	8365
6.88467	8365	8399
6.88656	8399	8433
6.88844	8433	8467
6.89033	8467	8500
6.89222	8500	8533
6.89411	8533	8566
6.896	8566	8599
6.89788	8599	8632
6.89977	8632	8665
6.90166	8665	8698
6.90355	8698	8731
6.90544	8731	8763
6.90732	8763	8795
6.90921	8795	8827
6.9111	8827	8859
6.91299	8859	8891
6.91488	8891	8923
6.91676	8923	8955
6.91865	8955	8987
6.92054	8987	9018
6.92243	9018	9049
6.92432	9049	9080
6.9262	9080	9111
6.92809	9111	9142
6.92998	9142	9173
6.93187	9173	9204
6.93376	9204	9235
6.93564	9235	9266
6.93753	9266	9297
6.93942	9297	9327
6.94131	9327	9357
6.9432	9357	9387
6.94508	9387	9417
6.94697	9417	9447
6.94886	9447	9477
6.95075	9477	9507
6.95264	9507	9537
6.95452	9537	9567
6.95641	9567	9597
6.9583	9597	9626
6.96019	9626	9655
6.96208	9655	9684
6.96396	9684	9713
6.96585	9713	9742
6.96774	9742	9771
6.96963	9771	9800
6.97152	9800	9829
6.9734	9829	9858
6.97529	9858	9887
6.97718	9887	9916
6.97907	9916	9944
6.98096	9944	9972
6.98284	9972	10000
6.98473	10000	10028
6.98662	10028	10056
6.98851	10056	10084
6.9904	10084	10112
6.99228	10112	10140
6.99417	10140	10168
6.99606	10168	10196
6.99795	10196	10224
6.99984	10224	10252
7.00172	10252	10280
7.00361	10280	10307
7.0055	10307	10334
7.00739	10334	10361
7.00928	10361	10388
7.01116	10388	10415
7.01305	10415	10442
7.01494	10442	10469
7.01683	10469	10496
7.01872	10496	10523
7.0206	10523	10550
7.02249	10550	10577
7.02438	10577	10604
7.02627	10604	10631
7.02816	10631	10658
7.03004	10658	10684
7.03193	10684	10710
7.03382	10710	10736
7.03571	10736	10762
7.0376	10762	10788
7.03948	10788	10814
7.04137	10814	10840
7.04326	10840	10866
7.04515	10866	10892
7.04704	10892	10918
7.04892	10918	10944
7.05081	10944	10970
7.0527	10970	10996
7.05459	10996	11022
7.05648	11022	11048
7.05836	11048	11074
7.06025	11074	11099
7.06214	11099	11124
7.06403	11124	11149
7.06592	11149	11174
7.0678	11174	11199
7.06969	11199	11224
7.07158	11224	11249
7.07347	11249	11274
7.07536	11274	11299
7.07724	11299	11324
7.07913	11324	11349
7.08102	11349	11374
7.08291	11374	11399
7.0848	11399	11424
7.08668	11424	11449
7.08857	11449	11474
7.09046	11474	11499
7.09235	11499	11523
7.09424	11523	11547
7.09612	11547	11571
7.09801	11571	11595
7.0999	11595	11619
7.10179	11619	11643
7.10368	11643	11667
7.10556	11667	11691
7.10745	11691	11715
7.10934	11715	11739
7.11123	11739	11763
7.11312	11763	11787
7.115	11787	11811
7.11689	11811	11835
7.11878	11835	11859
7.12067	11859	11883
7.12256	11883	11907
7.12444	11907	11931
7.12633	11931	11955
7.12822	11955	11979
7.13011	11979	12002
7.132	12002	12025
7.13388	12025	12048
7.13577	12048	12071
7.13766	12071	12094
7.13955	12094	12117
7.14144	12117	12140
7.14332	12140	12163
7.14521	12163	12186
7.1471	12186	12209
7.14899	12209	12232
7.15088	12232	12255
7.15276	12255	12278
7.15465	12278	12301
7.15654	12301	12324
7.15843	12324	12347
7.16032	12347	12370
7.1622	12370	12393
7.16409	12393	12416
7.16598	12416	12439
7.16787	12439	12462
7.16976	12462	12485
7.17164	12485	12508
7.17353	12508	12530
7.17542	12530	12552
7.17731	12552	12574
7.1792	12574	12596
7.18108	12596	12618
7.18297	12618	12640
7.18486	12640	12662
7.18675	12662	12684
7.18864	12684	12706
7.19052	12706	12728
7.19241	12728	12750
7.1943	12750	12772
7.19619	12772	12794
7.19808	12794	12816
7.19996	12816	12838
7.20185	12838	12860
7.20374	12860	12882
7.20563	12882	12904
7.20752	12904	12926
7.2094	12926	12948
7.21129	12948	12970
7.21318	12970	12992
7.21507	12992	13014
7.21696	13014	13036
7.21884	13036	13058
7.22073	13058	13080
7.22262	13080	13101
7.22451	13101	13122
7.2264	13122	13143
7.22828	13143	13164
7.23017	13164	13185
7.23206	13185	13206
7.23395	13206	13227
7.23584	13227	13248
7.23772	13248	13269
7.23961	13269	13290
7.2415	13290	13311
7.24339	13311	13332
7.24528	13332	13353
7.24716	13353	13374
7.24905	13374	13395
7.25094	13395	13416
7.25567	13416	12864
7.267	12864	12596
7.26795	12596	12328
7.26889	12328	12060
7.26983	12060	11792
7.27078	11792	11524
7.27172	11524	11256
7.27267	11256	10988
7.27361	10988	10720
7.27455	10720	10452
7.2755	10452	10184
7.27644	10184	9916
7.27739	9916	9648
7.27832	9648	6164
7.27832	6164	6210
7.2802	6210	6256
7.28209	6256	6301
7.28398	6301	6346
7.28587	6346	6391
7.28776	6391	6435
7.28964	6435	6479
7.29153	6479	6523
7.29342	6523	6567
7.29531	6567	6610
7.2972	6610	6653
7.29908	6653	6696
7.30097	6696	6738
7.30286	6738	6780
7.30475	6780	6822
7.30664	6822	6864
7.30852	6864	6905
7.31041	6905	6946
7.3123	6946	6987
7.31419	6987	7028
7.31892	7028	6432
7.32459	6432	6164
7.32553	6164	5896
7.32647	5896	5628
7.32742	5628	5360
7.32836	5360	5092
7.32931	5092	4824
7.33024	4824	2948
7.33024	2948	3045
7.33212	3045	3139
7.33401	3139	3230
7.3359	3230	3318
7.33779	3318	3404
7.33999	3404	3488
7.34188	3488	3570
7.34376	3570	3650
7.34596	3650	3728
7.34785	3728	3805
7.34974	3805	3880
7.35194	3880	3954
7.35382	3954	4026
7.35571	4026	4097
7.3576	4097	4167
7.35949	4167	4235
7.36138	4235	4302
7.36326	4302	4368
7.36515	4368	4433
7.36704	4433	4497
7.36893	4497	4560
7.37082	4560	4623
7.3727	4623	4685
7.37459	4685	4746
7.37648	4746	4806
7.37837	4806	4865
7.38026	4865	4924
7.38214	4924	4982
7.38403	4982	5039
7.38592	5039	5096
7.38781	5096	5152
7.3897	5152	5207
7.39158	5207	5262
7.39347	5262	5316
7.39536	5316	5370
7.39725	5370	5423
7.39914	5423	5475
7.40102	5475	5527
7.40291	5527	5578
7.4048	5578	5629
7.40669	5629	5680
7.40858	5680	5730
7.41046	5730	5780
7.41235	5780	5829
7.41424	5829	5878
7.41613	5878	5926
7.41802	5926	5974
7.4199	5974	6022
7.42179	6022	6069
7.42368	6069	6116
7.42557	6116	6162
7.42746	6162	6208
7.42934	6208	6254
7.43123	6254	6299
7.43312	6299	6344
7.43501	6344	6389
7.4369	6389	6433
7.43878	6433	6477
7.44067	6477	6521
7.44256	6521	6565
7.44445	6565	6608
7.44634	6608	6651
7.44822	6651	6694
7.45011	6694	6736
7.452	6736	6778
7.45389	6778	6820
7.45578	6820	6862
7.45766	6862	6903
7.45955	6903	6944
7.46144	6944	6985
7.46333	6985	7026
7.46522	7026	7066
7.4671	7066	7106
7.46899	7106	7146
7.47088	7146	7186
7.47277	7186	7225
7.47466	7225	7264
7.47654	7264	7303
7.47843	7303	7342
7.48032	7342	7381
7.48221	7381	7419
7.4841	7419	7457
7.48598	7457	7495
7.48787	7495	7533
7.48976	7533	7571
7.49165	7571	7608
7.49354	7608	7645
7.49542	7645	7682
7.49731	7682	7719
7.4992	7719	7756
7.50109	7756	7793
7.50298	7793	7829
7.50486	7829	7865
7.50675	7865	7901
7.50864	7901	7937
7.51053	7937	7973
7.51242	7973	8009
7.5143	8009	8044
7.51619	8044	8079
7.51808	8079	8114
7.51997	8114	8149
7.52186	8149	8184
7.52374	8184	8219
7.52563	8219	8253
7.52752	8253	8287
7.52941	8287	8321
7.5313	8321	8355
7.53318	8355	8389
7.53507	8389	8423
7.53696	8423	8457
7.53885	8457	8490
7.54074	8490	8523
7.54262	8523	8556
7.54451	8556	8589
7.5464	8589	8622
7.54829	8622	8655
7.55018	8655	8688
7.55206	8688	8721
7.55395	8721	8753
7.55584	8753	8785
7.55773	8785	8817
7.55962	8817	8849
7.5615	8849	8881
7.56339	8881	8913
7.56528	8913	8945
7.56717	8945	8977
7.56906	8977	9009
7.57094	9009	9040
7.57283	9040	9071
7.57472	9071	9102
7.57661	9102	9133
7.5785	9133	9164
7.58038	9164	9195
7.58227	9195	9226
7.58416	9226	9257
7.58605	9257	9288
7.58794	9288	9318
7.58982	9318	9348
7.59171	9348	9378
7.5936	9378	9408
7.59549	9408	9438
7.59738	9438	9468
7.59926	9468	9498
7.60115	9498	9528
7.60304	9528	9558
7.60493	9558	9588
7.60682	9588	9617
7.6087	9617	9646
7.61059	9646	9675
7.61248	9675	9704
7.61437	9704	9733
7.61626	9733	9762
7.61814	9762	9791
7.62003	9791	9820
7.62192	9820	9849
7.62381	9849	9878
7.6257	9878	9907
7.62758	9907	9935
7.62947	9935	9963
7.63136	9963	9991
7.63325	9991	10019
7.63514	10019	10047
7.63702	10047	10075
7.63891	10075	10103
7.6408	10103	10131
7.64269	10131	10159
7.64458	10159	10187
7.64646	10187	10215
7.64835	10215	10243
7.65024	10243	10271
7.65213	10271	10298
7.65402	10298	10325
7.6559	10325	10352
7.65779	10352	10379
7.65968	10379	10406
7.66157	10406	10433
7.66346	10433	10460
7.66534	10460	10487
7.66723	10487	10514
7.66912	10514	10541
7.67101	10541	10568
7.6729	10568	10595
7.67478	10595	10622
7.67667	10622	10649
7.67856	10649	10675
7.68045	10675	10701
7.68234	10701	10727
7.68422	10727	10753
7.68611	10753	10779
7.688	10779	10805
7.68989	10805	10831
7.69178	10831	10857
7.69366	10857	10883
7.69555	10883	10909
7.69744	10909	10935
7.69933	10935	10961
7.70122	10961	10987
7.7031	10987	11013
7.70499	11013	11039
7.70688	11039	11065
7.70877	11065	11090
7.71066	11090	11115
7.71254	11115	11140
7.71443	11140	11165
7.71632	11165	11190
7.71821	11190	11215
7.7201	11215	11240
7.72198	11240	11265
7.72387	11265	11290
7.72576	11290	11315
7.72765	11315	11340
7.72954	11340	11365
7.73142	11365	11390
7.73331	11390	11415
7.7352	11415	11440
7.73709	11440	11465
7.73898	11465	11490
7.74086	11490	11515
7.74275	11515	11539
7.74464	11539	11563
7.74653	11563	11587
7.74842	11587	11611
7.7503	11611	11635
7.75219	11635	11659
7.75408	11659	11683
7.75597	11683	11707
7.75786	11707	11731
7.75974	11731	11755
7.76163	11755	11779
7.76352	11779	11803
7.76541	11803	11827
7.7673	11827	11851
7.76918	11851	11875
7.77107	11875	11899
7.77296	11899	11923
7.77485	11923	11947
7.77674	11947	11971
7.77862	11971	11994
7.78051	11994	12017
7.7824	12017	12040
7.78429	12040	12063
7.78618	12063	12086
7.78806	12086	12109
7.78995	12109	12132
7.79184	12132	12155
7.79373	12155	12178
7.79562	12178	12201
7.7975	12201	12224
7.79939	12224	12247
7.80128	12247	12270
7.80317	12270	12293
7.80506	12293	12316
7.80694	12316	12339
7.80883	12339	12362
7.81072	12362	12385
7.81261	12385	12408
7.8145	12408	12431
7.81638	12431	12454
7.81827	12454	12477
7.82016	12477	12500
7.82205	12500	12522
7.82394	12522	12544
7.82582	12544	12566
7.82771	12566	12588
7.8296	12588	12610
7.83149	12610	12632
7.83338	12632	12654
7.83526	12654	12676
7.83715	12676	12698
7.83904	12698	12720
7.84093	12720	12742
7.84282	12742	12764
7.8447	12764	12786
7.84659	12786	12808
7.84848	12808	12830
7.85037	12830	12852
7.85226	12852	12874
7.85414	12874	12896
7.85603	12896	12918
7.85792	12918	12940
7.85981	12940	12962
7.8617	12962	12984
7.86358	12984	13006
7.86547	13006	13028
7.86736	13028	13050
7.86925	13050	13072
7.87114	13072	13093
7.87302	13093	13114
7.87491	13114	13135
7.8768	13135	13156
7.87869	13156	13177
7.88058	13177	13198
7.88246	13198	13219
7.88435	13219	13240
7.88624	13240	13261
7.88813	13261	13282
7.89002	13282	13303
7.8919	13303	13324
7.89379	13324	13345
7.89568	13345	13366
7.89757	13366	13387
7.89946	13387	13408
7.90134	13408	13429
7.90323	13429	13450
7.90512	13450	13471
7.90701	13471	13492
7.9089	13492	13513
7.91078	13513	13534
7.91267	13534	13555
7.91456	13555	13576
7.91645	13576	13597
7.91834	13597	13618
7.92022	13618	13639
7.92211	13639	13660
7.924	13660	13681
7.92589	13681	13701
7.92778	13701	13721
7.92966	13721	13741
7.93155	13741	13761
7.93344	13761	13781
7.93533	13781	13801
7.93722	13801	13821
7.9391	13821	13841
7.94099	13841	13861
7.94288	13861	13881
7.94477	13881	13901
7.94666	13901	13921
7.94854	13921	13941
7.95043	13941	13961
7.95232	13961	13981
7.95421	13981	14001
7.9561	14001	14021
7.95798	14021	14041
7.95987	14041	14061
7.96176	14061	14081
7.96365	14081	14101
7.96554	14101	14121
7.96742	14121	14141
7.96931	14141	14161
7.9712	14161	14181
7.97309	14181	14201
7.97498	14201	14221
7.97686	14221	14241
7.97875	14241	14261
7.98064	14261	14281
7.98253	14281	14301
7.98442	14301	14321
7.9863	14321	14341
7.98819	14341	14361
7.99008	14361	14381
7.99197	14381	14400
7.99386	14400	14419
7.99574	14419	14438
7.99763	14438	14457
7.99952	14457	14476
8.00141	14476	14495
8.0033	14495	14514
8.00518	14514	14533
8.00707	14533	14552
8.00896	14552	14571
8.01085	14571	14590
8.01274	14590	14609
8.01462	14609	14628
8.01651	14628	14647
8.0184	14647	14666
8.02029	14666	14685
8.02218	14685	14704
8.02406	14704	14723
8.02595	14723	14742
8.02784	14742	14761
8.02973	14761	14780
8.03162	14780	14799
8.0335	14799	14818
8.03539	14818	14837
8.03728	14837	14856
8.03917	14856	14875
8.04106	14875	14894
8.04294	14894	14913
8.04483	14913	14932
8.04672	14932	14951
8.04861	14951	14970
8.0505	14970	14989
8.05238	14989	15008
8.05427	15008	15027
8.05616	15027	15046
8.05805	15046	15065
8.05994	15065	15084
8.06182	15084	15103
8.06371	15103	15122
8.0656	15122	15140
8.06749	15140	15158
8.06938	15158	15176
8.07126	15176	15194
8.07315	15194	15212
8.07504	15212	15230
8.07693	15230	15248
8.07882	15248	15266
8.0807	15266	15284
8.08259	15284	15302
8.08448	15302	15320
8.08637	15320	15338
8.08826	15338	15356
8.09014	15356	15374
8.09203	15374	15392
8.09392	15392	15410
8.09581	15410	15428
8.0977	15428	15446
8.09958	15446	15464
8.10147	15464	15482
8.10336	15482	15500
8.10525	15500	15518
8.10714	15518	15536
8.10902	15536	15554
8.11091	15554	15572
8.1128	15572	15590
8.11469	15590	15608
8.11658	15608	15626
8.11846	15626	15644
8.1232	15644	15008
8.13641	15008	14740
8.13736	14740	14472
8.1383	14472	14204
8.13924	14204	13936
8.14019	13936	13668
8.14113	13668	13400
8.14208	13400	13132
8.14302	13132	12864
8.14396	12864	12596
8.14491	12596	12328
8.14585	12328	12060
8.1468	12060	11792
8.14774	11792	11524
8.14868	11524	11256
8.14962	11256	7236
8.14962	7236	7275
8.1515	7275	7314
8.15339	7314	7353
8.15528	7353	7392
8.15717	7392	7430
8.15906	7430	7468
8.16094	7468	7506
8.16283	7506	7544
8.16472	7544	7582
8.16661	7582	7619
8.1685	7619	7656
8.17038	7656	7693
8.17227	7693	7730
8.17416	7730	7767
8.17605	7767	7803
8.17794	7803	7839
8.17982	7839	7875
8.18171	7875	7911
8.1836	7911	7947
8.18549	7947	7983
8.18738	7983	8018
8.18926	8018	8053
8.19115	8053	8088
8.19304	8088	8123
8.19493	8123	8158
8.19682	8158	8193
8.1987	8193	8228
8.20059	8228	8262
8.20248	8262	8296
8.20437	8296	8330
8.20626	8330	8364
8.20814	8364	8398
8.21003	8398	8432
8.21192	8432	8466
8.21381	8466	8499
8.2157	8499	8532
8.21758	8532	8565
8.21947	8565	8598
8.22136	8598	8631
8.22325	8631	8664
8.22514	8664	8697
8.22702	8697	8730
8.22891	8730	8762
8.2308	8762	8794
8.23269	8794	8826
8.23458	8826	8858
8.23646	8858	8890
8.23835	8890	8922
8.24024	8922	8954
8.24213	8954	8986
8.24402	8986	9017
8.2459	9017	9048
8.24779	9048	9079
8.24968	9079	9110
8.25157	9110	9141
8.25346	9141	9172
8.25534	9172	9203
8.25723	9203	9234
8.25912	9234	9265
8.26101	9265	9296
8.2629	9296	9326
8.26478	9326	9356
8.26667	9356	9386
8.26856	9386	9416
8.27045	9416	9446
8.27234	9446	9476
8.27422	9476	9506
8.27611	9506	9536
8.278	9536	9566
8.27989	9566	9596
8.28178	9596	9625
8.28366	9625	9654
8.28555	9654	9683
8.28744	9683	9712
8.28933	9712	9741
8.29122	9741	9770
8.2931	9770	9799
8.29499	9799	9828
8.29688	9828	9857
8.29877	9857	9886
8.30066	9886	9915
8.30254	9915	9943
8.30443	9943	9971
8.30632	9971	9999
8.30821	9999	10027
8.3101	10027	10055
8.31198	10055	10083
8.31387	10083	10111
8.31576	10111	10139
8.31765	10139	10167
8.31954	10167	10195
8.32427	10195	9648
8.33276	9648	9380
8.33371	9380	9112
8.33465	9112	8844
8.3356	8844	8576
8.33654	8576	8308
8.33748	8308	8040
8.33843	8040	7772
8.33937	7772	7504
8.34032	7504	7236
8.34125	7236	4556
8.34125	4556	4619
8.34314	4619	4681
8.34502	4681	4742
8.34691	4742	4802
8.3488	4802	4861
8.35069	4861	4920
8.35258	4920	4978
8.35446	4978	5035
8.35635	5035	5092
8.35824	5092	5148
8.36013	5148	5203
8.36202	5203	5258
8.3639	5258	5312
8.36579	5312	5366
8.36768	5366	5419
8.36957	5419	5472
8.37146	5472	5524
8.37334	5524	5576
8.37523	5576	5627
8.37712	5627	5678
8.37901	5678	5728
8.3809	5728	5778
8.38278	5778	5827
8.38467	5827	5876
8.38656	5876	5924
8.38845	5924	5972
8.39034	5972	6020
8.39222	6020	6067
8.39411	6067	6114
8.396	6114	6160
8.39789	6160	6206
8.39978	6206	6252
8.40166	6252	6297
8.40355	6297	6342
8.40544	6342	6387
8.40733	6387	6431
8.40922	6431	6475
8.4111	6475	6519
8.41299	6519	6563
8.41488	6563	6606
8.41677	6606	6649
8.41866	6649	6692
8.42054	6692	6734
8.42243	6734	6776
8.42432	6776	6818
8.42621	6818	6860
8.4281	6860	6901
8.42998	6901	6942
8.43187	6942	6983
8.43376	6983	7024
8.43565	7024	7064
8.43754	7064	7104
8.43942	7104	7144
8.44131	7144	7184
8.4432	7184	7223
8.44509	7223	7262
8.44698	7262	7301
8.44886	7301	7340
8.45075	7340	7379
8.45264	7379	7417
8.45453	7417	7455
8.45642	7455	7493
8.4583	7493	7531
8.46019	7531	7569
8.46208	7569	7606
8.46397	7606	7643
8.46586	7643	7680
8.46774	7680	7717
8.46963	7717	7754
8.47152	7754	7791
8.47341	7791	7827
8.4753	7827	7863
8.47718	7863	7899
8.47907	7899	7935
8.48096	7935	7971
8.48285	7971	8007
8.48474	8007	8042
8.48662	8042	8077
8.48851	8077	8112
8.4904	8112	8147
8.49229	8147	8182
8.49418	8182	8217
8.49606	8217	8251
8.49795	8251	8285
8.49984	8285	8319
8.50173	8319	8353
8.50362	8353	8387
8.5055	8387	8421
8.50739	8421	8455
8.50928	8455	8488
8.51117	8488	8521
8.51306	8521	8554
8.51494	8554	8587
8.51683	8587	8620
8.51872	8620	8653
8.52061	8653	8686
8.5225	8686	8719
8.52438	8719	8751
8.52627	8751	8783
8.52816	8783	8815
8.53005	8815	8847
8.53194	8847	8879
8.53382	8879	8911
8.53571	8911	8943
8.5376	8943	8975
8.53949	8975	9007
8.54138	9007	9038
8.54326	9038	9069
8.54515	9069	9100
8.54704	9100	9131
8.54893	9131	9162
8.55082	9162	9193
8.5527	9193	9224
8.55459	9224	9255
8.55648	9255	9286
8.55837	9286	9316
8.56026	9316	9346
8.56214	9346	9376
8.56403	9376	9406
8.56592	9406	9436
8.56781	9436	9466
8.5697	9466	9496
8.57158	9496	9526
8.57347	9526	9556
8.57536	9556	9586
8.57725	9586	9615
8.57914	9615	9644
8.58102	9644	9673
8.58291	9673	9702
8.5848	9702	9731
8.58669	9731	9760
8.59142	9760	9112
8.59897	9112	8844
8.59992	8844	8576
8.60086	8576	8308
8.6018	8308	8040
8.60275	8040	7772
8.60369	7772	7504
8.60464	7504	7236
8.60558	7236	6968
8.60652	6968	6700
8.60746	6700	4288
8.60746	4288	4355
8.60934	4355	4420
8.61123	4420	4484
8.61312	4484	4548
8.61501	4548	4611
8.6169	4611	4673
8.61878	4673	4734
8.62067	4734	4794
8.62256	4794	4853
8.62445	4853	4912
8.62634	4912	4970
8.62822	4970	5027
8.63011	5027	5084
8.632	5084	5140
8.63389	5140	5195
8.63578	5195	5250
8.63766	5250	5304
8.63955	5304	5358
8.64144	5358	5411
8.64333	5411	5464
8.64522	5464	5516
8.6471	5516	5568
8.64899	5568	5619
8.65088	5619	5670
8.65277	5670	5720
8.65466	5720	5770
8.65654	5770	5819
8.65843	5819	5868
8.66032	5868	5916
8.66221	5916	5964
8.6641	5964	6012
8.66598	6012	6059
8.66787	6059	6106
8.66976	6106	6153
8.67165	6153	6199
8.67354	6199	6245
8.67542	6245	6291
8.67731	6291	6336
8.6792	6336	6381
8.68109	6381	6426
8.68298	6426	6470
8.68486	6470	6514
8.68675	6514	6558
8.68864	6558	6601
8.69053	6601	6644
8.69242	6644	6687
8.6943	6687	6729
8.69619	6729	6771
8.69808	6771	6813
8.69997	6813	6855
8.70186	6855	6896
8.70374	6896	6937
8.70563	6937	6978
8.70752	6978	7019
8.70941	7019	7059
8.7113	7059	7099
8.71318	7099	7139
8.71507	7139	7179
8.71696	7179	7219
8.71885	7219	7258
8.72074	7258	7297
8.72262	7297	7336
8.72451	7336	7375
8.7264	7375	7413
8.72829	7413	7451
8.73018	7451	7489
8.73206	7489	7527
8.73395	7527	7565
8.73584	7565	7602
8.73773	7602	7639
8.73962	7639	7676
8.7415	7676	7713
8.74339	7713	7750
8.74528	7750	7787
8.74717	7787	7823
8.74906	7823	7859
8.75094	7859	7895
8.75283	7895	7931
8.75472	7931	7967
8.75661	7967	8003
8.7585	8003	8038
8.76038	8038	8073
8.76227	8073	8108
8.76416	8108	8143
8.76605	8143	8178
8.76794	8178	8213
8.76982	8213	8247
8.77171	8247	8281
8.7736	8281	8315
8.77549	8315	8349
8.77738	8349	8383
8.77926	8383	8417
8.78115	8417	8451
8.78304	8451	8484
8.78493	8484	8517
8.78682	8517	8550
8.7887	8550	8583
8.79059	8583	8616
8.79248	8616	8649
8.79437	8649	8682
8.79626	8682	8715
8.79814	8715	8747
8.80003	8747	8779
8.80192	8779	8811
8.80381	8811	8843
8.8057	8843	8875
8.80758	8875	8907
8.80947	8907	8939
8.81136	8939	8971
8.81325	8971	9003
8.81514	9003	9034
8.81702	9034	9065
8.81891	9065	9096
8.8208	9096	9127
8.82269	9127	9158
8.82458	9158	9189
8.82646	9189	9220
8.82835	9220	9251
8.83024	9251	9282
8.83213	9282	9312
8.83402	9312	9342
8.8359	9342	9372
8.83779	9372	9402
8.83968	9402	9432
8.84157	9432	9462
8.84346	9462	9492
8.84534	9492	9522
8.84723	9522	9552
8.84912	9552	9582
8.85101	9582	9611
8.8529	9611	9640
8.85478	9640	9669
8.85667	9669	9698
8.85856	9698	9727
8.86045	9727	9756
8.86234	9756	9785
8.86422	9785	9814
8.86611	9814	9843
8.868	9843	9872
8.86989	9872	9901
8.87178	9901	9930
8.87366	9930	9958
8.87555	9958	9986
8.87744	9986	10014
8.87933	10014	10042
8.88122	10042	10070
8.8831	10070	10098
8.88499	10098	10126
8.88688	10126	10154
8.88877	10154	10182
8.89066	10182	10210
8.89254	10210	10238
8.89443	10238	10266
8.89632	10266	10293
8.89821	10293	10320
8.9001	10320	10347
8.90198	10347	10374
8.90387	10374	10401
8.90576	10401	10428
8.90765	10428	10455
8.90954	10455	10482
8.91142	10482	10509
8.91331	10509	10536
8.9152	10536	10563
8.91899	10563	9648
8.92748	9648	9380
8.92843	9380	9112
8.92937	9112	8844
8.93032	8844	8576
8.93126	8576	8308
8.9322	8308	8040
8.93315	8040	7772
8.93409	7772	7504
8.93504	7504	7236
8.93597	7236	4556
8.93597	4556	4619
8.93786	4619	4681
8.93974	4681	4742
8.94163	4742	4802
8.94352	4802	4861
8.94541	4861	4920
8.9473	4920	4978
8.94918	4978	5035
8.95107	5035	5092
8.95296	5092	5148
8.95485	5148	5203
8.95674	5203	5258
8.96147	5258	4288
8.96524	4288	4020
8.96619	4020	3752
8.96713	3752	3484
8.96808	3484	3216
8.96901	3216	1876
8.96901	1876	2029
8.9709	2029	2170
8.97278	2170	2302
8.97593	2302	2426
8.97876	2426	2544
8.9819	2544	2656
8.98473	2656	2764
8.98788	2764	2867
8.99071	2867	2967
8.99291	2967	3063
8.99574	3063	3156
8.99794	3156	3247
9.00077	3247	3335
9.00297	3335	3421
9.00485	3421	3504
9.00674	3504	3585
9.00894	3585	3665
9.01083	3665	3743
9.01272	3743	3819
9.01492	3819	3894
9.0168	3894	3967
9.01869	3967	4039
9.02058	4039	4110
9.02247	4110	4179
9.02436	4179	4247
9.02624	4247	4314
9.02813	4314	4380
9.03002	4380	4445
9.03191	4445	4509
9.0338	4509	4572
9.03568	4572	4634
9.03757	4634	4695
9.03946	4695	4756
9.04135	4756	4816
9.04324	4816	4875
9.04512	4875	4933
9.04701	4933	4991
9.0489	4991	5048
9.05079	5048	5104
9.05268	5104	5160
9.05456	5160	5215
9.05645	5215	5270
9.05834	5270	5324
9.06023	5324	5377
9.06212	5377	5430
9.064	5430	5482
9.06589	5482	5534
9.06778	5534	5585
9.06967	5585	5636
9.07156	5636	5686
9.07344	5686	5736
9.07533	5736	5786
9.07722	5786	5835
9.07911	5835	5884
9.081	5884	5932
9.08288	5932	5980
9.08477	5980	6028
9.08666	6028	6075
9.08855	6075	6122
9.09044	6122	6168
9.09422	6168	5360
9.09894	5360	5092
9.09989	5092	4824
9.10083	4824	4556
9.10178	4556	4288
9.10272	4288	4020
9.10365	4020	2412
9.10365	2412	2531
9.10554	2531	2644
9.10743	2644	2752
9.10932	2752	2856
9.1153	2856	2323
9.11625	2323	2502
9.11846	2502	2323
9.1194	2323	2144
9.12033	2144	1072
9.12033	1072	1340
9.12349	1340	1554
9.12852	1554	1738
9.13449	1738	1903
9.13952	1903	2053
9.14455	2053	2192
9.14958	2192	2323
9.15147	2323	2446
9.15556	2446	2563
9.15745	2563	2675
9.16153	2675	2782
9.16342	2782	2885
9.16751	2885	2984
9.1694	2984	3080
9.17254	3080	3173
9.17443	3173	3263
9.17757	3263	3351
9.17946	3351	3436
9.18134	3436	3519
9.18354	3519	3600
9.18543	3600	3679
9.18732	3679	3757
9.18952	3757	3833
9.1914	3833	3907
9.19329	3907	3980
9.19518	3980	4052
9.19707	4052	4122
9.19896	4122	4191
9.20084	4191	4259
9.20273	4259	4326
9.20747	4326	3752
9.2103	3752	3484
9.21124	3484	3216
9.21219	3216	2948
9.21313	2948	2680
9.21406	2680	1608
9.21406	1608	1786
9.21595	1786	1946
9.21816	1946	2093
9.22319	2093	2230
9.22822	2230	2358
9.23011	2358	2479
9.2342	2479	2594
9.23608	2594	2704
9.24017	2704	2810
9.24206	2810	2912
9.2452	2912	3010
9.25119	3010	2323
9.25309	2323	2502
9.25403	2502	2323
9.25529	2323	2144
9.25622	2144	1072
9.25622	1072	1340
9.25906	1340	1554
9.26409	1554	1738
9.27007	1738	1903
9.2751	1903	2053
9.28013	2053	2192
9.28516	2192	2323
9.28705	2323	2446
9.29113	2446	2563
9.29302	2563	2675
9.29711	2675	2782
9.299	2782	2885
9.30308	2885	2984
9.30497	2984	3080
9.30811	3080	3173
9.31	3173	3263
9.31314	3263	3351
9.31503	3351	3436
9.31692	3436	3519
9.31912	3519	3600
9.321	3600	3679
9.32289	3679	3757
9.32509	3757	3833
9.32698	3833	3907
9.32887	3907	3980
9.33076	3980	4052
9.33264	4052	4122
9.33453	4122	4191
9.33642	4191	4259
9.33831	4259	4326
9.3402	4326	4392
9.34208	4392	4457
9.34397	4457	4521
9.34586	4521	4584
9.34775	4584	4646
9.34964	4646	4707
9.35152	4707	4768
9.35341	4768	4828
9.3553	4828	4887
9.35719	4887	4945
9.35908	4945	5003
9.36096	5003	5060
9.36285	5060	5116
9.36474	5116	5172
9.36663	5172	5227
9.36852	5227	5281
9.3704	5281	5335
9.37229	5335	5388
9.37418	5388	5441
9.37607	5441	5493
9.37796	5493	5545
9.37984	5545	5596
9.38173	5596	5647
9.38362	5647	5697
9.38551	5697	5747
9.3874	5747	5796
9.38928	5796	5845
9.39117	5845	5894
9.39306	5894	5942
9.39495	5942	5990
9.39684	5990	6037
9.39872	6037	6084
9.40061	6084	6131
9.4025	6131	6177
9.40439	6177	6223
9.40628	6223	6269
9.40816	6269	6314
9.41005	6314	6359
9.41194	6359	6404
9.41383	6404	6448
9.41572	6448	6492
9.4176	6492	6536
9.41949	6536	6579
9.42138	6579	6622
9.42327	6622	6665
9.42516	6665	6708
9.42704	6708	6750
9.42893	6750	6792
9.43082	6792	6834
9.43271	6834	6876
9.4346	6876	6917
9.43648	6917	6958
9.43837	6958	6999
9.44026	6999	7040
9.44215	7040	7080
9.44404	7080	7120
9.44592	7120	7160
9.44781	7160	7200
9.4497	7200	7239
9.45159	7239	7278
9.45348	7278	7317
9.45536	7317	7356
9.45725	7356	7395
9.45914	7395	7433
9.46103	7433	7471
9.46292	7471	7509
9.4648	7509	7547
9.46669	7547	7585
9.46858	7585	7622
9.47047	7622	7659
9.47236	7659	7696
9.47424	7696	7733
9.47613	7733	7770
9.47802	7770	7806
9.47991	7806	7842
9.4818	7842	7878
9.48368	7878	7914
9.48557	7914	7950
9.48746	7950	7986
9.48935	7986	8021
9.49124	8021	8056
9.49312	8056	8091
9.49501	8091	8126
9.4969	8126	8161
9.49879	8161	8196
9.50068	8196	8231
9.50256	8231	8265
9.50445	8265	8299
9.50634	8299	8333
9.50823	8333	8367
9.51012	8367	8401
9.512	8401	8435
9.51389	8435	8469
9.51578	8469	8502
9.51767	8502	8535
9.51956	8535	8568
9.52144	8568	8601
9.52333	8601	8634
9.52522	8634	8667
9.52711	8667	8700
9.529	8700	8733
9.53088	8733	8765
9.53277	8765	8797
9.53466	8797	8829
9.53655	8829	8861
9.53844	8861	8893
9.54032	8893	8925
9.54221	8925	8957
9.5441	8957	8989
9.54599	8989	9020
9.54788	9020	9051
9.54976	9051	9082
9.55165	9082	9113
9.55354	9113	9144
9.55543	9144	9175
9.55732	9175	9206
9.5592	9206	9237
9.56109	9237	9268
9.56298	9268	9298
9.56487	9298	9328
9.56676	9328	9358
9.56864	9358	9388
9.57053	9388	9418
9.57242	9418	9448
9.57431	9448	9478
9.5762	9478	9508
9.57808	9508	9538
9.57997	9538	9568
9.58186	9568	9598
9.58375	9598	9627
9.58564	9627	9656
9.58752	9656	9685
9.58941	9685	9714
9.5913	9714	9743
9.59319	9743	9772
9.59508	9772	9801
9.59696	9801	9830
9.59885	9830	9859
9.60074	9859	9888
9.60263	9888	9917
9.60452	9917	9945
9.6064	9945	9973
9.60829	9973	10001
9.61018	10001	10029
9.61207	10029	10057
9.61396	10057	10085
9.61584	10085	10113
9.61773	10113	10141
9.61962	10141	10169
9.62151	10169	10197
9.6253	10197	9648
9.63379	9648	9380
9.63474	9380	9112
9.63568	9112	8844
9.63662	8844	8576
9.63757	8576	8308
9.63851	8308	8040
9.63946	8040	7772
9.6404	7772	7504
9.64134	7504	7236
9.64228	7236	4556
9.64228	4556	4619
9.64416	4619	4681
9.64605	4681	4742
9.64794	4742	4802
9.64983	4802	4861
9.65172	4861	4920
9.6536	4920	4978
9.65549	4978	5035
9.65738	5035	5092
9.65927	5092	5148
9.66116	5148	5203
9.66304	5203	5258
9.66493	5258	5312
9.66682	5312	5366
9.66871	5366	5419
9.6706	5419	5472
9.67248	5472	5524
9.67437	5524	5576
9.67626	5576	5627
9.67815	5627	5678
9.68004	5678	5728
9.68192	5728	5778
9.68381	5778	5827
9.6857	5827	5876
9.68759	5876	5924
9.68948	5924	5972
9.69136	5972	6020
9.69325	6020	6067
9.69514	6067	6114
9.69703	6114	6160
9.69892	6160	6206
9.7008	6206	6252
9.70269	6252	6297
9.70458	6297	6342
9.70647	6342	6387
9.70836	6387	6431
9.71024	6431	6475
9.71213	6475	6519
9.71402	6519	6563
9.71591	6563	6606
9.7178	6606	6649
9.71968	6649	6692
9.72157	6692	6734
9.72346	6734	6776
9.72535	6776	6818
9.72724	6818	6860
9.72912	6860	6901
9.73101	6901	6942
9.73574	6942	5896
9.74046	5896	5628
9.74141	5628	5360
9.74235	5360	5092
9.7433	5092	4824
9.74424	4824	4556
9.74518	4556	4288
9.74612	4288	2680
9.74612	2680	2787
9.748	2787	2890
9.74989	2890	2989
9.75178	2989	3085
9.75492	3085	3178
9.75681	3178	3268
9.75995	3268	3355
9.76184	3355	3440
9.76373	3440	3523
9.76593	3523	3604
9.76781	3604	3683
9.7697	3683	3761
9.7719	3761	3837
9.77379	3837	3911
9.77568	3911	3984
9.77756	3984	4056
9.77945	4056	4126
9.78134	4126	4195
9.78323	4195	4263
9.78512	4263	4330
9.787	4330	4396
9.78889	4396	4461
9.79078	4461	4525
9.79267	4525	4588
9.79456	4588	4650
9.79644	4650	4711
9.79833	4711	4771
9.80022	4771	4831
9.80211	4831	4890
9.804	4890	4948
9.80588	4948	5006
9.80777	5006	5063
9.80966	5063	5119
9.81155	5119	5175
9.81344	5175	5230
9.81532	5230	5284
9.81721	5284	5338
9.8191	5338	5391
9.82099	5391	5444
9.82288	5444	5496
9.82476	5496	5548
9.82665	5548	5599
9.82854	5599	5650
9.83043	5650	5700
9.83232	5700	5750
9.8342	5750	5799
9.83609	5799	5848
9.83798	5848	5897
9.83987	5897	5945
9.84176	5945	5993
9.84364	5993	6040
9.84553	6040	6087
9.84742	6087	6134
9.84931	6134	6180
9.8512	6180	6226
9.85308	6226	6272
9.85497	6272	6317
9.85686	6317	6362
9.85875	6362	6407
9.86064	6407	6451
9.86252	6451	6495
9.86441	6495	6539
9.8663	6539	6582
9.86819	6582	6625
9.87008	6625	6668
9.87196	6668	6711
9.87385	6711	6753
9.87574	6753	6795
9.87763	6795	6837
9.87952	6837	6879
9.8814	6879	6920
9.88329	6920	6961
9.88518	6961	7002
9.88707	7002	7043
9.88896	7043	7083
9.89084	7083	7123
9.89273	7123	7163
9.89462	7163	7203
9.89651	7203	7242
9.8984	7242	7281
9.90028	7281	7320
9.90217	7320	7359
9.90406	7359	7398
9.90595	7398	7436
9.90784	7436	7474
9.90972	7474	7512
9.91161	7512	7550
9.9135	7550	7588
9.91539	7588	7625
9.91728	7625	7662
9.91916	7662	7699
9.92105	7699	7736
9.92294	7736	7773
9.92483	7773	7809
9.92672	7809	7845
9.9286	7845	7881
9.93049	7881	7917
9.93238	7917	7953
9.93427	7953	7989
9.93616	7989	8024
9.93804	8024	8059
9.93993	8059	8094
9.94182	8094	8129
9.94371	8129	8164
9.9456	8164	8199
9.94748	8199	8234
9.94937	8234	8268
9.95126	8268	8302
9.95315	8302	8336
9.95504	8336	8370
9.95692	8370	8404
9.95881	8404	8438
9.9607	8438	8472
9.96259	8472	8505
9.96448	8505	8538
9.96636	8538	8571
9.96825	8571	8604
9.97014	8604	8637
9.97203	8637	8670
9.97392	8670	8703
9.9758	8703	8736
9.97769	8736	8768
9.97958	8768	8800
9.98147	8800	8832
9.98336	8832	8864
9.98524	8864	8896
9.98713	8896	8928
9.98902	8928	8960
9.99091	8960	8992
9.9928	8992	9023
9.99468	9023	9054
9.99657	9054	9085
9.99846	9085	9116
10.0003	9116	9147
10.0022	9147	9178
10.0041	9178	9209
10.006	9209	9240
10.0079	9240	9271
10.0098	9271	9301
10.0117	9301	9331
10.0136	9331	9361
10.0155	9361	9391
10.0173	9391	9421
10.0192	9421	9451
10.0211	9451	9481
10.023	9481	9511
10.0249	9511	9541
10.0268	9541	9571
10.0287	9571	9601
10.0306	9601	9630
10.0324	9630	9659
10.0343	9659	9688
10.0362	9688	9717
10.0381	9717	9746
10.04	9746	9775
10.0419	9775	9804
10.0438	9804	9833
10.0457	9833	9862
10.0475	9862	9891
10.0494	9891	9920
10.0513	9920	9948
10.0532	9948	9976
10.0551	9976	10004
10.057	10004	10032
10.0589	10032	10060
10.0608	10060	10088
10.0627	10088	10116
10.0645	10116	10144
10.0664	10144	10172
10.0683	10172	10200
10.0702	10200	10228
10.0721	10228	10256
10.074	10256	10284
10.0787	10284	9648
10.0872	9648	9380
10.0882	9380	9112
10.0891	9112	8844
10.09	8844	8576
10.091	8576	8308
10.0919	8308	8040
10.0929	8040	7772
10.0938	7772	7504
10.0948	7504	7236
10.0957	7236	4556
10.0957	4556	4619
10.0976	4619	4681
10.0995	4681	4742
10.1014	4742	4802
10.1032	4802	4861
10.1051	4861	4920
10.107	4920	4978
10.1089	4978	5035
10.1108	5035	5092
10.1127	5092	5148
10.1146	5148	5203
10.1165	5203	5258
10.1183	5258	5312
10.1202	5312	5366
10.1221	5366	5419
10.124	5419	5472
10.1259	5472	5524
10.1278	5524	5576
10.1297	5576	5627
10.1316	5627	5678
10.1335	5678	5728
10.1353	5728	5778
10.1372	5778	5827
10.1391	5827	5876
10.141	5876	5924
10.1429	5924	5972
10.1448	5972	6020
10.1467	6020	6067
10.1486	6067	6114
10.1504	6114	6160
10.1552	6160	5360
10.1599	5360	5092
10.1608	5092	4824
10.1618	4824	4556
10.1627	4556	4288
10.1637	4288	4020
10.1646	4020	2412
10.1646	2412	2531
10.1665	2531	2644
10.1684	2644	2752
10.1703	2752	2856
10.1744	2856	2956
10.1762	2956	3053
10.1794	3053	3147
10.1813	3147	3238
10.1844	3238	3326
10.1863	3326	3412
10.1882	3412	3496
10.1904	3496	3578
10.1923	3578	3658
10.1942	3658	3736
10.1964	3736	3812
10.1983	3812	3887
10.2001	3887	3960
10.2023	3960	4032
10.2042	4032	4103
10.2061	4103	4173
10.2108	4173	3216
10.214	3216	2948
10.2149	2948	2680
10.2159	2680	2412
10.2168	2412	1340
10.2168	1340	1554
10.2187	1554	1738
10.2237	1738	1903
10.2288	1903	2053
10.2338	2053	2192
10.2388	2192	2323
10.2407	2323	2446
10.2448	2446	2563
10.2467	2563	2675
10.2508	2675	2782
10.2527	2782	2885
10.2568	2885	2984
10.2586	2984	3080
10.2618	3080	3173
10.2637	3173	3263
10.2668	3263	3351
10.2687	3351	3436
10.2706	3436	3519
10.2728	3519	3600
10.2747	3600	3679
10.2766	3679	3757
10.2788	3757	3833
10.2807	3833	3907
10.2825	3907	3980
10.2844	3980	4052
10.2863	4052	4122
10.2882	4122	4191
10.2901	4191	4259
10.292	4259	4326
10.2939	4326	4392
10.2958	4392	4457
10.2976	4457	4521
10.2995	4521	4584
10.3014	4584	4646
10.3033	4646	4707
10.3052	4707	4768
10.3071	4768	4828
10.309	4828	4887
10.3109	4887	4945
10.3127	4945	5003
10.3146	5003	5060
10.3194	5060	4288
10.3231	4288	4020
10.3241	4020	3752
10.325	3752	3484
10.326	3484	3216
10.3269	3216	1876
10.3269	1876	2029
10.3288	2029	2170
10.3307	2170	2302
10.3338	2302	2426
10.3367	2426	2544
10.3398	2544	2656
10.3426	2656	2764
10.3458	2764	2867
10.3486	2867	2967
10.3508	2967	3063
10.3536	3063	3156
10.3558	3156	3247
10.3587	3247	3335
10.3609	3335	3421
10.3628	3421	3504
10.3646	3504	3585
10.3668	3585	3665
10.3687	3665	3743
10.3706	3743	3819
10.3728	3819	3894
10.3747	3894	3967
10.3766	3967	4039
10.3785	4039	4110
10.3804	4110	4179
10.3823	4179	4247
10.3841	4247	4314
10.386	4314	4380
10.3879	4380	4445
10.3898	4445	4509
10.3917	4509	4572
10.3936	4572	4634
10.3955	4634	4695
10.3974	4695	4756
10.3992	4756	4816
10.4011	4816	4875
10.403	4875	4933
10.4049	4933	4991
10.4068	4991	5048
10.4087	5048	5104
10.4106	5104	5160
10.4125	5160	5215
10.4144	5215	5270
10.4162	5270	5324
10.4181	5324	5377
10.42	5377	5430
10.4219	5430	5482
10.4238	5482	5534
10.4257	5534	5585
10.4276	5585	5636
10.4295	5636	5686
10.4313	5686	5736
10.4332	5736	5786
10.4351	5786	5835
10.437	5835	5884
10.4389	5884	5932
10.4408	5932	5980
10.4427	5980	6028
10.4446	6028	6075
10.4464	6075	6122
10.4483	6122	6168
10.4502	6168	6214
10.4521	6214	6260
10.454	6260	6305
10.4559	6305	6350
10.4578	6350	6395
10.4597	6395	6439
10.4616	6439	6483
10.4634	6483	6527
10.4653	6527	6571
10.4672	6571	6614
10.4691	6614	6657
10.471	6657	6700
10.4729	6700	6742
10.4748	6742	6784
10.4767	6784	6826
10.4785	6826	6868
10.4804	6868	6909
10.4823	6909	6950
10.4842	6950	6991
10.4861	6991	7032
10.488	7032	7072
10.4899	7072	7112
10.4918	7112	7152
10.4936	7152	7192
10.4955	7192	7231
10.4974	7231	7270
10.4993	7270	7309
10.5012	7309	7348
10.5031	7348	7387
10.505	7387	7425
10.5069	7425	7463
10.5088	7463	7501
10.5106	7501	7539
10.5125	7539	7577
10.5144	7577	7614
10.5163	7614	7651
10.5182	7651	7688
10.5201	7688	7725
10.522	7725	7762
10.5239	7762	7799
10.5257	7799	7835
10.5276	7835	7871
10.5295	7871	7907
10.5314	7907	7943
10.5333	7943	7979
10.5352	7979	8015
10.5371	8015	8050
10.539	8050	8085
10.5408	8085	8120
10.5427	8120	8155
10.5446	8155	8190
10.5465	8190	8225
10.5484	8225	8259
10.5503	8259	8293
10.5522	8293	8327
10.5541	8327	8361
10.556	8361	8395
10.5578	8395	8429
10.5597	8429	8463
10.5616	8463	8496
10.5635	8496	8529
10.5654	8529	8562
10.5673	8562	8595
10.5692	8595	8628
10.5711	8628	8661
10.5729	8661	8694
10.5748	8694	8727
10.5767	8727	8759
10.5786	8759	8791
10.5805	8791	8823
10.5824	8823	8855
10.5843	8855	8887
10.5862	8887	8919
10.588	8919	8951
10.5899	8951	8983
10.5918	8983	9014
10.5937	9014	9045
10.5956	9045	9076
10.5975	9076	9107
10.5994	9107	9138
10.6013	9138	9169
10.6032	9169	9200
10.605	9200	9231
10.6069	9231	9262
10.6088	9262	9293
10.6107	9293	9323
10.6126	9323	9353
10.6145	9353	9383
10.6164	9383	9413
10.6183	9413	9443
10.6201	9443	9473
10.622	9473	9503
10.6239	9503	9533
10.6258	9533	9563
10.6277	9563	9593
10.6296	9593	9622
10.6315	9622	9651
10.6334	9651	9680
10.6352	9680	9709
10.6371	9709	9738
10.639	9738	9767
10.6409	9767	9796
10.6428	9796	9825
10.6447	9825	9854
10.6466	9854	9883
10.6485	9883	9912
10.6504	9912	9940
10.6522	9940	9968
10.6541	9968	9996
10.656	9996	10024
10.6579	10024	10052
10.6598	10052	10080
10.6617	10080	10108
10.6636	10108	10136
10.6655	10136	10164
10.6673	10164	10192
10.6692	10192	10220
10.6711	10220	10248
10.673	10248	10276
10.6749	10276	10303
10.6768	10303	10330
10.6787	10330	10357
10.6806	10357	10384
10.6824	10384	10411
10.6843	10411	10438
10.6862	10438	10465
10.6881	10465	10492
10.69	10492	10519
10.6919	10519	10546
10.6938	10546	10573
10.6957	10573	10600
10.6976	10600	10627
10.6994	10627	10654
10.7013	10654	10680
10.7032	10680	10706
10.7051	10706	10732
10.707	10732	10758
10.7089	10758	10784
10.7127	10784	10184
10.7212	10184	9916
10.7221	9916	9648
10.7231	9648	9380
10.724	9380	9112
10.7249	9112	8844
10.7259	8844	8576
10.7268	8576	8308
10.7278	8308	8040
10.7287	8040	7772
10.7297	7772	7504
10.7306	7504	4824
10.7306	4824	4883
10.7325	4883	4941
10.7344	4941	4999
10.7363	4999	5056
10.7381	5056	5112
10.74	5112	5168
10.7419	5168	5223
10.7438	5223	5278
10.7457	5278	5332
10.7476	5332	5385
10.7495	5385	5438
10.7514	5438	5490
10.7532	5490	5542
10.7551	5542	5593
10.757	5593	5644
10.7589	5644	5694
10.7608	5694	5744
10.7627	5744	5794
10.7646	5794	5843
10.7665	5843	5892
10.7684	5892	5940
10.7702	5940	5988
10.7721	5988	6035
10.774	6035	6082
10.7759	6082	6129
10.7778	6129	6175
10.7797	6175	6221
10.7816	6221	6267
10.7835	6267	6312
10.7853	6312	6357
10.7872	6357	6402
10.7891	6402	6446
10.791	6446	6490
10.7929	6490	6534
10.7948	6534	6577
10.7967	6577	6620
10.7986	6620	6663
10.8004	6663	6706
10.8023	6706	6748
10.8042	6748	6790
10.8061	6790	6832
10.808	6832	6874
10.8099	6874	6915
10.8118	6915	6956
10.8137	6956	6997
10.8156	6997	7038
10.8174	7038	7078
10.8193	7078	7118
10.8212	7118	7158
10.8231	7158	7198
10.825	7198	7237
10.8269	7237	7276
10.8288	7276	7315
10.8307	7315	7354
10.8325	7354	7393
10.8344	7393	7431
10.8363	7431	7469
10.8382	7469	7507
10.8401	7507	7545
10.842	7545	7583
10.8439	7583	7620
10.8458	7620	7657
10.8476	7657	7694
10.8495	7694	7731
10.8514	7731	7768
10.8533	7768	7804
10.8552	7804	7840
10.8571	7840	7876
10.859	7876	7912
10.8609	7912	7948
10.8628	7948	7984
10.8646	7984	8019
10.8665	8019	8054
10.8684	8054	8089
10.8703	8089	8124
10.8722	8124	8159
10.8741	8159	8194
10.876	8194	8229
10.8779	8229	8263
10.8797	8263	8297
10.8816	8297	8331
10.8835	8331	8365
10.8854	8365	8399
10.8873	8399	8433
10.8892	8433	8467
10.8911	8467	8500
10.893	8500	8533
10.8948	8533	8566
10.8967	8566	8599
10.8986	8599	8632
10.9005	8632	8665
10.9024	8665	8698
10.9043	8698	8731
10.9062	8731	8763
10.9081	8763	8795
10.9119	8795	8040
10.9185	8040	7772
10.9194	7772	7504
10.9203	7504	7236
10.9213	7236	6968
10.9222	6968	6700
10.9232	6700	6432
10.9241	6432	6164
10.9251	6164	5896
10.926	5896	3752
10.926	3752	3828
10.9279	3828	3903
10.9298	3903	3976
10.9317	3976	4048
10.9336	4048	4118
10.9354	4118	4187
10.9373	4187	4255
10.9392	4255	4322
10.9411	4322	4388
10.943	4388	4453
10.9449	4453	4517
10.9468	4517	4580
10.9487	4580	4642
10.9505	4642	4703
10.9524	4703	4764
10.9543	4764	4824
10.9562	4824	4883
10.9581	4883	4941
10.96	4941	4999
10.9619	4999	5056
10.9638	5056	5112
10.9656	5112	5168
10.9675	5168	5223
10.9694	5223	5278
10.9713	5278	5332
10.9732	5332	5385
10.9751	5385	5438
10.977	5438	5490
10.9789	5490	5542
10.9808	5542	5593
10.9826	5593	5644
10.9845	5644	5694
10.9864	5694	5744
10.9883	5744	5794
10.9902	5794	5843
10.9921	5843	5892
10.994	5892	5940
10.9959	5940	5988
10.9977	5988	6035
10.9996	6035	6082
11.0015	6082	6129
11.0034	6129	6175
11.0053	6175	6221
11.0072	6221	6267
11.0091	6267	6312
11.011	6312	6357
11.0128	6357	6402
11.0147	6402	6446
11.0166	6446	6490
11.0185	6490	6534
11.0204	6534	6577
11.0223	6577	6620
11.0242	6620	6663
11.0261	6663	6706
11.028	6706	6748
11.0298	6748	6790
11.0317	6790	6832
11.0336	6832	6874
11.0355	6874	6915
11.0374	6915	6956
11.0393	6956	6997
11.0412	6997	7038
11.0431	7038	7078
11.0449	7078	7118
11.0468	7118	7158
11.0487	7158	7198
11.0506	7198	7237
11.0525	7237	7276
11.0544	7276	7315
11.0563	7315	7354
11.0582	7354	7393
11.06	7393	7431
11.0619	7431	7469
11.0638	7469	7507
11.0657	7507	7545
11.0676	7545	7583
11.0695	7583	7620
11.0714	7620	7657
11.0733	7657	7694
11.0752	7694	7731
11.077	7731	7768
11.0789	7768	7804
11.0808	7804	7840
11.0827	7840	7876
11.0846	7876	7912
11.0865	7912	7948
11.0884	7948	7984
11.0903	7984	8019
11.0921	8019	8054
11.094	8054	8089
11.0959	8089	8124
11.0978	8124	8159
11.0997	8159	8194
11.1016	8194	8229
11.1035	8229	8263
11.1054	8263	8297
11.1072	8297	8331
11.1091	8331	8365
11.111	8365	8399
11.1129	8399	8433
11.1148	8433	8467
11.1167	8467	8500
11.1186	8500	8533
11.1205	8533	8566
11.1224	8566	8599
11.1242	8599	8632
11.1261	8632	8665
11.128	8665	8698
11.1299	8698	8731
11.1318	8731	8763
11.1337	8763	8795
11.1356	8795	8827
11.1375	8827	8859
11.1393	8859	8891
11.1412	8891	8923
11.1431	8923	8955
11.145	8955	8987
11.1469	8987	9018
11.1488	9018	9049
11.1507	9049	9080
11.1526	9080	9111
11.1544	9111	9142
11.1563	9142	9173
11.1582	9173	9204
11.1601	9204	9235
11.162	9235	9266
11.1639	9266	9297
11.1658	9297	9327
11.1677	9327	9357
11.1696	9357	9387
11.1714	9387	9417
11.1733	9417	9447
11.1752	9447	9477
11.1771	9477	9507
11.179	9507	9537
11.1809	9537	9567
11.1828	9567	9597
11.1847	9597	9626
11.1865	9626	9655
11.1884	9655	9684
11.1903	9684	9713
11.1922	9713	9742
11.1941	9742	9771
11.196	9771	9800
11.1979	9800	9829
11.1998	9829	9858
11.2016	9858	9887
11.2035	9887	9916
11.2054	9916	9944
11.2073	9944	9972
11.2092	9972	10000
11.2111	10000	10028
11.213	10028	10056
11.2149	10056	10084
11.2168	10084	10112
11.2186	10112	10140
11.2205	10140	10168
11.2224	10168	10196
11.2243	10196	10224
11.2262	10224	10252
11.2281	10252	10280
11.23	10280	10307
11.2319	10307	10334
11.2337	10334	10361
11.2356	10361	10388
11.2375	10388	10415
11.2394	10415	10442
11.2413	10442	10469
11.2432	10469	10496
11.2451	10496	10523
11.247	10523	10550
11.2488	10550	10577
11.2507	10577	10604
11.2526	10604	10631
11.2545	10631	10658
11.2564	10658	10684
11.2583	10684	10710
11.2602	10710	10736
11.2621	10736	10762
11.264	10762	10788
11.2658	10788	10814
11.2677	10814	10840
11.2696	10840	10866
11.2715	10866	10892
11.2734	10892	10918
11.2753	10918	10944
11.2772	10944	10970
11.2791	10970	10996
11.2809	10996	11022
11.2828	11022	11048
11.2847	11048	11074
11.2866	11074	11099
11.2885	11099	11124
11.2904	11124	11149
11.2923	11149	11174
11.2942	11174	11199
11.2989	11199	10184
11.3074	10184	9916
11.3083	9916	9648
11.3093	9648	9380
11.3102	9380	9112
11.3112	9112	8844
11.3121	8844	8576
11.3131	8576	8308
11.314	8308	8040
11.3149	8040	7772
11.3159	7772	7504
11.3168	7504	4824
11.3168	4824	4883
11.3187	4883	4941
11.3206	4941	4999
11.3225	4999	5056
11.3244	5056	5112
11.3263	5112	5168
11.3281	5168	5223
11.33	5223	5278
11.3319	5278	5332
11.3338	5332	5385
11.3357	5385	5438
11.3376	5438	5490
11.3395	5490	5542
11.3414	5542	5593
11.3451	5593	4824
11.3489	4824	4556
11.3499	4556	4288
11.3508	4288	4020
11.3518	4020	3752
11.3527	3752	3484
11.3536	3484	2144
11.3536	2144	2278
11.3555	2278	2404
11.3606	2404	1608
11.3625	1608	1072
11.3656	1072	1340
11.3706	1340	1554
11.3766	1554	1738
11.3826	1738	1903
11.3876	1903	2053
11.3926	2053	2192
11.3977	2192	2323
11.3996	2323	2446
11.4036	2446	2563
11.4055	2563	2675
11.4096	2675	2782
11.4115	2782	2885
11.4156	2885	2984
11.4175	2984	3080
11.4206	3080	3173
11.4225	3173	3263
11.4256	3263	3351
11.4275	3351	3436
11.4294	3436	3519
11.4316	3519	3600
11.4335	3600	3679
11.4354	3679	3757
11.4376	3757	3833
11.4395	3833	3907
11.4414	3907	3980
11.4433	3980	4052
11.4451	4052	4122
11.447	4122	4191
11.4489	4191	4259
11.4508	4259	4326
11.4527	4326	4392
11.4546	4392	4457
11.4565	4457	4521
11.4584	4521	4584
11.4603	4584	4646
11.4621	4646	4707
11.464	4707	4768
11.4659	4768	4828
11.4678	4828	4887
11.4697	4887	4945
11.4716	4945	5003
11.4735	5003	5060
11.4754	5060	5116
11.4772	5116	5172
11.4791	5172	5227
11.481	5227	5281
11.4829	5281	5335
11.4848	5335	5388
11.4867	5388	5441
11.4886	5441	5493
11.4905	5493	5545
11.4923	5545	5596
11.4942	5596	5647
11.4961	5647	5697
11.498	5697	5747
11.4999	5747	5796
11.5018	5796	5845
11.5037	5845	5894
11.5056	5894	5942
11.5075	5942	5990
11.5093	5990	6037
11.5112	6037	6084
11.5131	6084	6131
11.515	6131	6177
11.5169	6177	6223
11.5188	6223	6269
11.5207	6269	6314
11.5226	6314	6359
11.5244	6359	6404
11.5263	6404	6448
11.5282	6448	6492
11.5301	6492	6536
11.532	6536	6579
11.5339	6579	6622
11.5358	6622	6665
11.5377	6665	6708
11.5395	6708	6750
11.5414	6750	6792
11.5433	6792	6834
11.5452	6834	6876
11.5471	6876	6917
11.549	6917	6958
11.5509	6958	6999
11.5528	6999	7040
11.5547	7040	7080
11.5565	7080	7120
11.5584	7120	7160
11.5603	7160	7200
11.5622	7200	7239
11.5641	7239	7278
11.566	7278	7317
11.5679	7317	7356
11.5698	7356	7395
11.5716	7395	7433
11.5735	7433	7471
11.5754	7471	7509
11.5773	7509	7547
11.5792	7547	7585
11.5811	7585	7622
11.583	7622	7659
11.5849	7659	7696
11.5867	7696	7733
11.5886	7733	7770
11.5905	7770	7806
11.5924	7806	7842
11.5943	7842	7878
11.5962	7878	7914
11.5981	7914	7950
11.6	7950	7986
11.6019	7986	8021
11.6037	8021	8056
11.6056	8056	8091
11.6075	8091	8126
11.6094	8126	8161
11.6113	8161	8196
11.6132	8196	8231
11.6151	8231	8265
11.617	8265	8299
11.6188	8299	8333
11.6207	8333	8367
11.6226	8367	8401
11.6245	8401	8435
11.6264	8435	8469
11.6283	8469	8502
11.6302	8502	8535
11.6321	8535	8568
11.6339	8568	8601
11.6358	8601	8634
11.6377	8634	8667
11.6396	8667	8700
11.6415	8700	8733
11.6434	8733	8765
11.6453	8765	8797
11.6472	8797	8829
11.6491	8829	8861
11.6509	8861	8893
11.6528	8893	8925
11.6547	8925	8957
11.6566	8957	8989
11.6585	8989	9020
11.6604	9020	9051
11.6623	9051	9082
11.6642	9082	9113
11.666	9113	9144
11.6679	9144	9175
11.6698	9175	9206
11.6717	9206	9237
11.6736	9237	9268
11.6755	9268	9298
11.6774	9298	9328
11.6793	9328	9358
11.6811	9358	9388
11.683	9388	9418
11.6849	9418	9448
11.6868	9448	9478
11.6887	9478	9508
11.6906	9508	9538
11.6925	9538	9568
11.6944	9568	9598
11.6963	9598	9627
11.6981	9627	9656
11.7	9656	9685
11.7019	9685	9714
11.7038	9714	9743
11.7057	9743	9772
11.7076	9772	9801
11.7095	9801	9830
11.7114	9830	9859
11.7132	9859	9888
11.7151	9888	9917
11.717	9917	9945
11.7189	9945	9973
11.7208	9973	10001
11.7227	10001	10029
11.7246	10029	10057
11.7265	10057	10085
11.7283	10085	10113
11.7302	10113	10141
11.7321	10141	10169
11.734	10169	10197
11.7359	10197	10225
11.7378	10225	10253
11.7397	10253	10281
11.7416	10281	10308
11.7435	10308	10335
11.7453	10335	10362
11.7472	10362	10389
11.7491	10389	10416
11.751	10416	10443
11.7529	10443	10470
11.7548	10470	10497
11.7567	10497	10524
11.7586	10524	10551
11.7604	10551	10578
11.7623	10578	10605
11.7642	10605	10632
11.7661	10632	10659
11.768	10659	10685
11.7699	10685	10711
11.7718	10711	10737
11.7737	10737	10763
11.7755	10763	10789
11.7774	10789	10815
11.7793	10815	10841
11.7812	10841	10867
11.7831	10867	10893
11.785	10893	10919
11.7869	10919	10945
11.7888	10945	10971
11.7907	10971	10997
11.7925	10997	11023
11.7944	11023	11049
11.7963	11049	11075
11.7982	11075	11100
11.8001	11100	11125
11.802	11125	11150
11.8039	11150	11175
11.8058	11175	11200
11.8076	11200	11225
11.8095	11225	11250
11.8114	11250	11275
11.8133	11275	11300
11.8152	11300	11325
11.8171	11325	11350
11.819	11350	11375
11.8209	11375	11400
11.8227	11400	11425
11.8246	11425	11450
11.8265	11450	11475
11.8284	11475	11500
11.8303	11500	11524
11.8322	11524	11548
11.8341	11548	11572
11.836	11572	11596
11.8379	11596	11620
11.8397	11620	11644
11.8416	11644	11668
11.8435	11668	11692
11.8454	11692	11716
11.8473	11716	11740
11.8492	11740	11764
11.8511	11764	11788
11.853	11788	11812
11.8548	11812	11836
11.8567	11836	11860
11.8586	11860	11884
11.8605	11884	11908
11.8624	11908	11932
11.8643	11932	11956
11.8662	11956	11980
11.8681	11980	12003
11.8699	12003	12026
11.8718	12026	12049
11.8737	12049	12072
11.8756	12072	12095
11.8775	12095	12118
11.8794	12118	12141
11.8813	12141	12164
11.8832	12164	12187
11.8851	12187	12210
11.8869	12210	12233
11.8888	12233	12256
11.8907	12256	12279
11.8926	12279	12302
11.8945	12302	12325
11.8964	12325	12348
11.8983	12348	12371
11.9002	12371	12394
11.902	12394	12417
11.9039	12417	12440
11.9058	12440	12463
11.9077	12463	12486
11.9096	12486	12509
11.9115	12509	12531
11.9134	12531	12553
11.9153	12553	12575
11.9171	12575	12597
11.919	12597	12619
11.9209	12619	12641
11.9228	12641	12663
11.9247	12663	12685
11.9266	12685	12707
11.9285	12707	12729
11.9304	12729	12751
11.9351	12751	11792
11.9455	11792	11524
11.9464	11524	11256
11.9474	11256	10988
11.9483	10988	10720
11.9493	10720	10452
11.9502	10452	10184
11.9511	10184	9916
11.9521	9916	9648
11.953	9648	9380
11.954	9380	9112
11.9549	9112	8844
11.9559	8844	5628
11.9559	5628	5679
11.9577	5679	5729
11.9596	5729	5779
11.9615	5779	5828
11.9634	5828	5877
11.9653	5877	5925
11.9672	5925	5973
11.9691	5973	6021
11.971	6021	6068
11.9728	6068	6115
11.9747	6115	6161
11.9766	6161	6207
11.9785	6207	6253
11.9804	6253	6298
11.9823	6298	6343
11.9842	6343	6388
11.9861	6388	6432
11.9879	6432	6476
11.9898	6476	6520
11.9917	6520	6564
11.9936	6564	6607
11.9955	6607	6650
11.9974	6650	6693
11.9993	6693	6735
12.0012	6735	6777
12.0031	6777	6819
12.0049	6819	6861
12.0068	6861	6902
12.0087	6902	6943
12.0106	6943	6984
12.0125	6984	7025
12.0144	7025	7065
12.0163	7065	7105
12.0182	7105	7145
12.02	7145	7185
12.0219	7185	7224
12.0238	7224	7263
12.0257	7263	7302
12.0276	7302	7341
12.0295	7341	7380
12.0314	7380	7418
12.0333	7418	7456
12.0351	7456	7494
12.037	7494	7532
12.0389	7532	7570
12.0408	7570	7607
12.0427	7607	7644
12.0446	7644	7681
12.0465	7681	7718
12.0484	7718	7755
12.0503	7755	7792
12.0521	7792	7828
12.054	7828	7864
12.0559	7864	7900
12.0578	7900	7936
12.0597	7936	7972
12.0616	7972	8008
12.0635	8008	8043
12.0654	8043	8078
12.0672	8078	8113
12.0691	8113	8148
12.071	8148	8183
12.0729	8183	8218
12.0748	8218	8252
12.0767	8252	8286
12.0786	8286	8320
12.0805	8320	8354
12.0823	8354	8388
12.0842	8388	8422
12.0861	8422	8456
12.088	8456	8489
12.0899	8489	8522
12.0918	8522	8555
12.0937	8555	8588
12.0956	8588	8621
12.0975	8621	8654
12.0993	8654	8687
12.1012	8687	8720
12.1031	8720	8752
12.105	8752	8784
12.1069	8784	8816
12.1088	8816	8848
12.1107	8848	8880
12.1126	8880	8912
12.1144	8912	8944
12.1163	8944	8976
12.1182	8976	9008
12.1201	9008	9039
12.122	9039	9070
12.1239	9070	9101
12.1258	9101	9132
12.1277	9132	9163
12.1295	9163	9194
12.1314	9194	9225
12.1333	9225	9256
12.1352	9256	9287
12.1371	9287	9317
12.139	9317	9347
12.1409	9347	9377
12.1428	9377	9407
12.1447	9407	9437
12.1465	9437	9467
12.1484	9467	9497
12.1503	9497	9527
12.1522	9527	9557
12.1541	9557	9587
12.156	9587	9616
12.1579	9616	9645
12.1598	9645	9674
12.1616	9674	9703
12.1635	9703	9732
12.1654	9732	9761
12.1673	9761	9790
12.1692	9790	9819
12.1711	9819	9848
12.173	9848	9877
12.1749	9877	9906
12.1767	9906	9935
12.1786	9935	9963
12.1805	9963	9991
12.1824	9991	10019
12.1843	10019	10047
12.1862	10047	10075
12.1881	10075	10103
12.19	10103	10131
12.1919	10131	10159
12.1937	10159	10187
12.1956	10187	10215
12.1975	10215	10243
12.1994	10243	10271
12.2013	10271	10298
12.2032	10298	10325
12.2051	10325	10352
12.207	10352	10379
12.2088	10379	10406
12.2107	10406	10433
12.2126	10433	10460
12.2145	10460	10487
12.2164	10487	10514
12.2183	10514	10541
12.2202	10541	10568
12.2221	10568	10595
12.2239	10595	10622
12.2258	10622	10649
12.2277	10649	10675
12.2296	10675	10701
12.2315	10701	10727
12.2334	10727	10753
12.2353	10753	10779
12.2372	10779	10805
12.2391	10805	10831
12.2409	10831	10857
12.2428	10857	10883
12.2447	10883	10909
12.2466	10909	10935
12.2485	10935	10961
12.2504	10961	10987
12.2523	10987	11013
12.2542	11013	11039
12.256	11039	11065
12.2579	11065	11090
12.2598	11090	11115
12.2617	11115	11140
12.2636	11140	11165
12.2655	11165	11190
12.2674	11190	11215
12.2693	11215	11240
12.2711	11240	11265
12.273	11265	11290
12.2749	11290	11315
12.2768	11315	11340
12.2787	11340	11365
12.2806	11365	11390
12.2825	11390	11415
12.2844	11415	11440
12.2863	11440	11465
12.2881	11465	11490
12.29	11490	11515
12.2919	11515	11539
12.2938	11539	11563
12.2957	11563	11587
12.2976	11587	11611
12.2995	11611	11635
12.3014	11635	11659
12.3032	11659	11683
12.3051	11683	11707
12.307	11707	11731
12.3089	11731	11755
12.3108	11755	11779
12.3127	11779	11803
12.3146	11803	11827
12.3165	11827	11851
12.3183	11851	11875
12.3202	11875	11899
12.3221	11899	11923
12.324	11923	11947
12.3259	11947	11971
12.3278	11971	11994
12.3297	11994	12017
12.3316	12017	12040
12.3335	12040	12063
12.3353	12063	12086
12.3372	12086	12109
12.3391	12109	12132
12.341	12132	12155
12.3429	12155	12178
12.3448	12178	12201
12.3467	12201	12224
12.3486	12224	12247
12.3504	12247	12270
12.3523	12270	12293
12.3542	12293	12316
12.3561	12316	12339
12.358	12339	12362
12.3599	12362	12385
12.3618	12385	12408
12.3637	12408	12431
12.3655	12431	12454
12.3674	12454	12477
12.3693	12477	12500
12.3712	12500	12522
12.3731	12522	12544
12.375	12544	12566
12.3769	12566	12588
12.3788	12588	12610
12.3807	12610	12632
12.3825	12632	12654
12.3844	12654	12676
12.3863	12676	12698
12.3882	12698	12720
12.3901	12720	12742
12.392	12742	12764
12.3939	12764	12786
12.3958	12786	12808
12.3976	12808	12830
12.3995	12830	12852
12.4014	12852	12874
12.4033	12874	12896
12.4052	12896	12918
12.4071	12918	12940
12.409	12940	12962
12.4109	12962	12984
12.4127	12984	13006
12.4146	13006	13028
12.4165	13028	13050
12.4184	13050	13072
12.4203	13072	13093
12.4222	13093	13114
12.4241	13114	13135
12.426	13135	13156
12.4279	13156	13177
12.4297	13177	13198
12.4316	13198	13219
12.4335	13219	13240
12.4354	13240	13261
12.4373	13261	13282
12.4392	13282	13303
12.4411	13303	13324
12.443	13324	13345
12.4448	13345	13366
12.4467	13366	13387
12.4486	13387	13408
12.4505	13408	13429
12.4524	13429	13450
12.4543	13450	13471
12.4562	13471	13492
12.4581	13492	13513
12.4599	13513	13534
12.4618	13534	13555
12.4637	13555	13576
12.4656	13576	13597
12.4675	13597	13618
12.4694	13618	13639
12.4713	13639	13660
12.4732	13660	13681
12.4751	13681	13701
12.4769	13701	13721
12.4788	13721	13741
12.4807	13741	13761
12.4826	13761	13781
12.4845	13781	13801
12.4864	13801	13821
12.4883	13821	13841
12.4902	13841	13861
12.492	13861	13881
12.4939	13881	13901
12.4958	13901	13921
12.4977	13921	13941
12.4996	13941	13961
12.5015	13961	13981
12.5034	13981	14001
12.5053	14001	14021
12.5071	14021	14041
12.509	14041	14061
12.5109	14061	14081
12.5128	14081	14101
12.5147	14101	14121
12.5166	14121	14141
12.5185	14141	14161
12.5204	14161	14181
12.5223	14181	14201
12.5241	14201	14221
12.526	14221	14241
12.5279	14241	14261
12.5298	14261	14281
12.5317	14281	14301
12.5336	14301	14321
12.5355	14321	14341
12.5374	14341	14361
12.5392	14361	14381
12.5411	14381	14400
12.543	14400	14419
12.5449	14419	14438
12.5468	14438	14457
12.5487	14457	14476
12.5506	14476	14495
12.5525	14495	14514
12.5543	14514	14533
12.5562	14533	14552
12.5581	14552	14571
12.56	14571	14590
12.5619	14590	14609
12.5638	14609	14628
12.5657	14628	14647
12.5676	14647	14666
12.5695	14666	14685
12.5713	14685	14704
12.5732	14704	14723
12.5751	14723	14742
12.577	14742	14761
12.5789	14761	14780
12.5808	14780	14799
12.5827	14799	14818
12.5846	14818	14837
12.5864	14837	14856
12.5883	14856	14875
12.5902	14875	14894
12.5921	14894	14913
12.594	14913	14932
12.5959	14932	14951
12.5978	14951	14970
12.5997	14970	14989
12.6015	14989	15008
12.6034	15008	15027
12.6053	15027	15046
12.6072	15046	15065
12.6091	15065	15084
12.611	15084	15103
12.6129	15103	15122
12.6148	15122	15140
12.6167	15140	15158
12.6185	15158	15176
12.6204	15176	15194
12.6223	15194	15212
12.6242	15212	15230
12.6261	15230	15248
12.628	15248	15266
12.6299	15266	15284
12.6318	15284	15302
12.6336	15302	15320
12.6355	15320	15338
12.6374	15338	15356
12.6393	15356	15374
12.6412	15374	15392
12.6431	15392	15410
12.645	15410	15428
12.6469	15428	15446
12.6487	15446	15464
12.6506	15464	15482
12.6525	15482	15500
12.6544	15500	15518
12.6563	15518	15536
12.6582	15536	15554
12.6601	15554	15572
12.662	15572	15590
12.6639	15590	15608
12.6657	15608	15626
12.6676	15626	15644
12.6695	15644	15662
12.6714	15662	15680
12.6733	15680	15698
12.6752	15698	15716
12.6771	15716	15734
12.679	15734	15752
12.6808	15752	15770
12.6827	15770	15788
12.6846	15788	15806
12.6865	15806	15824
12.6884	15824	15842
12.6903	15842	15860
12.6922	15860	15878
12.6941	15878	15896
12.6959	15896	15914
12.6978	15914	15932
12.6997	15932	15950
12.7016	15950	15968
12.7035	15968	15985
12.7054	15985	16002
12.7073	16002	16019
12.7092	16019	16036
12.7111	16036	16053
12.7129	16053	16070
12.7148	16070	16087
12.7167	16087	16104
12.7186	16104	16121
12.7205	16121	16138
12.7224	16138	16155
12.7243	16155	16172
12.7262	16172	16189
12.728	16189	16206
12.7299	16206	16223
12.7337	16223	15544
12.7469	15544	15276
12.7479	15276	15008
12.7488	15008	14740
12.7498	14740	14472
12.7507	14472	14204
12.7517	14204	13936
12.7526	13936	13668
12.7535	13668	13400
12.7545	13400	13132
12.7554	13132	12864
12.7564	12864	12596
12.7573	12596	12328
12.7583	12328	12060
12.7592	12060	11792
12.7602	11792	11524
12.7611	11524	7504
12.7611	7504	7542
12.763	7542	7580
12.7649	7580	7617
12.7667	7617	7654
12.7686	7654	7691
12.7705	7691	7728
12.7724	7728	7765
12.7743	7765	7801
12.7762	7801	7837
12.7781	7837	7873
12.78	7873	7909
12.7819	7909	7945
12.7837	7945	7981
12.7856	7981	8016
12.7875	8016	8051
12.7894	8051	8086
12.7913	8086	8121
12.7932	8121	8156
12.7951	8156	8191
12.797	8191	8226
12.7988	8226	8260
12.8007	8260	8294
12.8026	8294	8328
12.8045	8328	8362
12.8064	8362	8396
12.8083	8396	8430
12.8102	8430	8464
12.8121	8464	8497
12.8139	8497	8530
12.8158	8530	8563
12.8177	8563	8596
12.8196	8596	8629
12.8215	8629	8662
12.8234	8662	8695
12.8253	8695	8728
12.8272	8728	8760
12.8291	8760	8792
12.8309	8792	8824
12.8328	8824	8856
12.8347	8856	8888
12.8366	8888	8920
12.8385	8920	8952
12.8404	8952	8984
12.8423	8984	9015
12.8442	9015	9046
12.846	9046	9077
12.8479	9077	9108
12.8498	9108	9139
12.8517	9139	9170
12.8564	9170	8576
12.864	8576	8308
12.8649	8308	8040
12.8659	8040	7772
12.8668	7772	7504
12.8678	7504	7236
12.8687	7236	6968
12.8697	6968	6700
12.8706	6700	6432
12.8715	6432	4020
12.8715	4020	4091
12.8734	4091	4161
12.8753	4161	4230
12.8772	4230	4297
12.8791	4297	4363
12.881	4363	4428
12.8829	4428	4492
12.8847	4492	4555
12.8866	4555	4618
12.8885	4618	4680
12.8904	4680	4741
12.8923	4741	4801
12.8942	4801	4860
12.8961	4860	4919
12.898	4919	4977
12.8999	4977	5034
12.9017	5034	5091
12.9036	5091	5147
12.9055	5147	5202
12.9074	5202	5257
12.9093	5257	5311
12.9112	5311	5365
12.9131	5365	5418
12.915	5418	5471
12.9168	5471	5523
12.9187	5523	5575
12.9206	5575	5626
12.9244	5626	4824
12.9282	4824	4556
12.9291	4556	4288
12.9301	4288	4020
12.931	4020	3752
12.932	3752	3484
12.9329	3484	2144
12.9329	2144	2278
12.9348	2278	2404
12.9367	2404	2523
12.9398	2523	2636
12.9426	2636	2744
12.9458	2744	2848
12.9486	2848	2948
12.9508	2948	3045
12.9536	3045	3139
12.9558	3139	3230
12.9587	3230	3318
12.9609	3318	3404
12.9628	3404	3488
12.9647	3488	3570
12.9669	3570	3650
12.9687	3650	3728
12.9706	3728	3805
12.9728	3805	3880
12.9747	3880	3954
12.9766	3954	4026
12.9785	4026	4097
12.9804	4097	4167
12.9823	4167	4235
12.9842	4235	4302
12.986	4302	4368
12.9879	4368	4433
12.9898	4433	4497
12.9917	4497	4560
12.9936	4560	4623
12.9955	4623	4685
12.9974	4685	4746
12.9993	4746	4806
13.0011	4806	4865
13.003	4865	4924
13.0049	4924	4982
13.0068	4982	5039
13.0087	5039	5096
13.0106	5096	5152
13.0125	5152	5207
13.0144	5207	5262
13.0162	5262	5316
13.0181	5316	5370
13.02	5370	5423
13.0219	5423	5475
13.0238	5475	5527
13.0257	5527	5578
13.0276	5578	5629
13.0295	5629	5680
13.0314	5680	5730
13.0332	5730	5780
13.0351	5780	5829
13.037	5829	5878
13.0389	5878	5926
13.0408	5926	5974
13.0427	5974	6022
13.0446	6022	6069
13.0465	6069	6116
13.0483	6116	6162
13.0502	6162	6208
13.0521	6208	6254
13.054	6254	6299
13.0559	6299	6344
13.0578	6344	6389
13.0597	6389	6433
13.0616	6433	6477
13.0634	6477	6521
13.0653	6521	6565
13.0672	6565	6608
13.0691	6608	6651
13.071	6651	6694
13.0729	6694	6736
13.0748	6736	6778
13.0767	6778	6820
13.0786	6820	6862
13.0804	6862	6903
13.0823	6903	6944
13.0842	6944	6985
13.0861	6985	7026
13.088	7026	7066
13.0899	7066	7106
13.0918	7106	7146
13.0937	7146	7186
13.0955	7186	7225
13.0974	7225	7264
13.0993	7264	7303
13.1012	7303	7342
13.1031	7342	7381
13.105	7381	7419
13.1069	7419	7457
13.1088	7457	7495
13.1106	7495	7533
13.1125	7533	7571
13.1144	7571	7608
13.1163	7608	7645
13.1182	7645	7682
13.1201	7682	7719
13.122	7719	7756
13.1239	7756	7793
13.1258	7793	7829
13.1276	7829	7865
13.1295	7865	7901
13.1314	7901	7937
13.1333	7937	7973
13.1352	7973	8009
13.1371	8009	8044
13.139	8044	8079
13.1409	8079	8114
13.1427	8114	8149
13.1446	8149	8184
13.1465	8184	8219
13.1484	8219	8253
13.1503	8253	8287
13.1522	8287	8321
13.1541	8321	8355
13.156	8355	8389
13.1578	8389	8423
13.1597	8423	8457
13.1616	8457	8490
13.1635	8490	8523
13.1654	8523	8556
13.1673	8556	8589
13.1692	8589	8622
13.1711	8622	8655
13.173	8655	8688
13.1748	8688	8721
13.1767	8721	8753
13.1786	8753	8785
13.1805	8785	8817
13.1824	8817	8849
13.1843	8849	8881
13.1862	8881	8913
13.1881	8913	8945
13.1899	8945	8977
13.1918	8977	9009
13.1937	9009	9040
13.1956	9040	9071
13.1975	9071	9102
13.1994	9102	9133
13.2013	9133	9164
13.2032	9164	9195
13.205	9195	9226
13.2069	9226	9257
13.2088	9257	9288
13.2107	9288	9318
13.2126	9318	9348
13.2145	9348	9378
13.2183	9378	8576
13.2258	8576	8308
13.2268	8308	8040
13.2277	8040	7772
13.2287	7772	7504
13.2296	7504	7236
13.2306	7236	6968
13.2315	6968	6700
13.2324	6700	6432
13.2334	6432	4020
13.2334	4020	4091
13.2353	4091	4161
13.2371	4161	4230
13.239	4230	4297
13.2409	4297	4363
13.2428	4363	4428
13.2447	4428	4492
13.2466	4492	4555
13.2485	4555	4618
13.2504	4618	4680
13.2522	4680	4741
13.2541	4741	4801
13.256	4801	4860
13.2579	4860	4919
13.2598	4919	4977
13.2617	4977	5034
13.2636	5034	5091
13.2655	5091	5147
13.2674	5147	5202
13.2692	5202	5257
13.2711	5257	5311
13.273	5311	5365
13.2749	5365	5418
13.2768	5418	5471
13.2787	5471	5523
13.2806	5523	5575
13.2825	5575	5626
13.2843	5626	5677
13.2862	5677	5727
13.2881	5727	5777
13.29	5777	5826
13.2919	5826	5875
13.2938	5875	5923
13.2957	5923	5971
13.2995	5971	5360
13.3042	5360	5092
13.3051	5092	4824
13.3061	4824	4556
13.307	4556	4288
13.308	4288	4020
13.3089	4020	2412
13.3089	2412	2531
13.3108	2531	2644
13.3127	2644	2752
13.3146	2752	2856
13.3186	2856	2956
13.3205	2956	3053
13.3237	3053	3147
13.3256	3147	3238
13.3287	3238	3326
13.3306	3326	3412
13.3325	3412	3496
13.3347	3496	3578
13.3366	3578	3658
13.3385	3658	3736
13.3406	3736	3812
13.3425	3812	3887
13.3444	3887	3960
13.3466	3960	4032
13.3485	4032	4103
13.3504	4103	4173
13.3523	4173	4241
13.3542	4241	4308
13.3561	4308	4374
13.358	4374	4439
13.3598	4439	4503
13.3617	4503	4566
13.3636	4566	4628
13.3655	4628	4690
13.3674	4690	4751
13.3693	4751	4811
13.3712	4811	4870
13.3731	4870	4928
13.3749	4928	4986
13.3768	4986	5043
13.3787	5043	5099
13.3806	5099	5155
13.3825	5155	5210
13.3844	5210	5265
13.3863	5265	5319
13.3882	5319	5373
13.39	5373	5426
13.3919	5426	5478
13.3938	5478	5530
13.3957	5530	5581
13.3976	5581	5632
13.3995	5632	5683
13.4014	5683	5733
13.4033	5733	5783
13.4052	5783	5832
13.407	5832	5881
13.4089	5881	5929
13.4108	5929	5977
13.4127	5977	6025
13.4146	6025	6072
13.4165	6072	6119
13.4184	6119	6165
13.4203	6165	6211
13.4221	6211	6257
13.424	6257	6302
13.4259	6302	6347
13.4278	6347	6392
13.4297	6392	6436
13.4316	6436	6480
13.4335	6480	6524
13.4354	6524	6568
13.4372	6568	6611
13.4391	6611	6654
13.441	6654	6697
13.4429	6697	6739
13.4448	6739	6781
13.4467	6781	6823
13.4486	6823	6865
13.4505	6865	6906
13.4524	6906	6947
13.4542	6947	6988
13.4561	6988	7029
13.458	7029	7069
13.4599	7069	7109
13.4618	7109	7149
13.4637	7149	7189
13.4656	7189	7228
13.4675	7228	7267
13.4693	7267	7306
13.4712	7306	7345
13.4731	7345	7384
13.475	7384	7422
13.4769	7422	7460
13.4788	7460	7498
13.4807	7498	7536
13.4826	7536	7574
13.4844	7574	7611
13.4863	7611	7648
13.4882	7648	7685
13.4901	7685	7722
13.492	7722	7759
13.4939	7759	7796
13.4958	7796	7832
13.4977	7832	7868
13.4996	7868	7904
13.5014	7904	7940
13.5033	7940	7976
13.5052	7976	8012
13.5071	8012	8047
13.509	8047	8082
13.5109	8082	8117
13.5128	8117	8152
13.5147	8152	8187
13.5165	8187	8222
13.5184	8222	8256
13.5203	8256	8290
13.5222	8290	8324
13.5241	8324	8358
13.526	8358	8392
13.5279	8392	8426
13.5298	8426	8460
13.5316	8460	8493
13.5335	8493	8526
13.5354	8526	8559
13.5373	8559	8592
13.5392	8592	8625
13.5411	8625	8658
13.543	8658	8691
13.5449	8691	8724
13.5468	8724	8756
13.5486	8756	8788
13.5505	8788	8820
13.5524	8820	8852
13.5543	8852	8884
13.5562	8884	8916
13.5581	8916	8948
13.56	8948	8980
13.5619	8980	9011
13.5637	9011	9042
13.5656	9042	9073
13.5675	9073	9104
13.5694	9104	9135
13.5713	9135	9166
13.5732	9166	9197
13.5751	9197	9228
13.577	9228	9259
13.5788	9259	9290
13.5807	9290	9320
13.5826	9320	9350
13.5845	9350	9380
13.5864	9380	9410
13.5883	9410	9440
13.5902	9440	9470
13.5921	9470	9500
13.594	9500	9530
13.5958	9530	9560
13.5977	9560	9590
13.5996	9590	9619
13.6015	9619	9648
13.6034	9648	9677
13.6053	9677	9706
13.6072	9706	9735
13.6091	9735	9764
13.6109	9764	9793
13.6128	9793	9822
13.6147	9822	9851
13.6166	9851	9880
13.6185	9880	9909
13.6204	9909	9937
13.6223	9937	9965
13.6242	9965	9993
13.626	9993	10021
13.6279	10021	10049
13.6298	10049	10077
13.6317	10077	10105
13.6336	10105	10133
13.6355	10133	10161
13.6374	10161	10189
13.6393	10189	10217
13.6412	10217	10245
13.643	10245	10273
13.6449	10273	10300
13.6468	10300	10327
13.6487	10327	10354
13.6506	10354	10381
13.6525	10381	10408
13.6544	10408	10435
13.6563	10435	10462
13.6581	10462	10489
13.6619	10489	9648
13.6704	9648	9380
13.6714	9380	9112
13.6723	9112	8844
13.6733	8844	8576
13.6742	8576	8308
13.6751	8308	8040
13.6761	8040	7772
13.677	7772	7504
13.678	7504	7236
13.6789	7236	4556
13.6789	4556	4619
13.6808	4619	4681
13.6827	4681	4742
13.6846	4742	4802
13.6865	4802	4861
13.6884	4861	4920
13.6902	4920	4978
13.6921	4978	5035
13.694	5035	5092
13.6959	5092	5148
13.6978	5148	5203
13.6997	5203	5258
13.7016	5258	5312
13.7035	5312	5366
13.7053	5366	5419
13.7072	5419	5472
13.7091	5472	5524
13.711	5524	5576
13.7129	5576	5627
13.7148	5627	5678
13.7167	5678	5728
13.7186	5728	5778
13.7204	5778	5827
13.7223	5827	5876
13.7242	5876	5924
13.7261	5924	5972
13.728	5972	6020
13.7299	6020	6067
13.7318	6067	6114
13.7337	6114	6160
13.7356	6160	6206
13.7374	6206	6252
13.7393	6252	6297
13.7412	6297	6342
13.7431	6342	6387
13.745	6387	6431
13.7469	6431	6475
13.7488	6475	6519
13.7507	6519	6563
13.7525	6563	6606
13.7544	6606	6649
13.7563	6649	6692
13.7582	6692	6734
13.7601	6734	6776
13.762	6776	6818
13.7639	6818	6860
13.7677	6860	5896
13.7724	5896	5628
13.7733	5628	5360
13.7743	5360	5092
13.7752	5092	4824
13.7762	4824	4556
13.7771	4556	4288
13.778	4288	2680
13.778	2680	2787
13.7799	2787	2890
13.7818	2890	2989
13.7837	2989	3085
13.7868	3085	3178
13.7887	3178	3268
13.7919	3268	3355
13.7938	3355	3440
13.7956	3440	3523
13.7978	3523	3604
13.7997	3604	3683
13.8016	3683	3761
13.8038	3761	3837
13.8057	3837	3911
13.8076	3911	3984
13.8095	3984	4056
13.8114	4056	4126
13.8133	4126	4195
13.818	4195	3216
13.8211	3216	2948
13.8221	2948	2680
13.823	2680	2412
13.824	2412	1340
13.824	1340	1554
13.8259	1554	1738
13.8309	1738	1903
13.8359	1903	2053
13.8409	2053	2192
13.846	2192	2323
13.8479	2323	2446
13.8519	2446	2563
13.8538	2563	2675
13.8639	2675	1608
13.8649	1608	1072
13.869	1072	1340
13.874	1340	1554
13.88	1554	1738
13.8859	1738	1903
13.891	1903	2053
13.896	2053	2192
13.901	2192	2323
13.9029	2323	2446
13.907	2446	2563
13.9089	2563	2675
13.913	2675	2782
13.9149	2782	2885
13.9189	2885	2984
13.9208	2984	3080
13.924	3080	3173
13.9259	3173	3263
13.9309	3263	2680
13.9328	2680	2412
13.9341	2412	2144
13.935	2144	1876
13.9359	1876	1072
13.9359	1072	1340
13.9391	1340	1554
13.9451	1554	1738
13.951	1738	1903
13.9561	1903	2053
13.9611	2053	2192
13.9661	2192	2323
13.968	2323	2446
13.9721	2446	2563
13.974	2563	2675
13.9781	2675	2782
13.98	2782	2885
13.9841	2885	2984
13.9859	2984	3080
13.9891	3080	3173
13.991	3173	3263
13.9941	3263	3351
13.996	3351	3436
13.9979	3436	3519
14.0001	3519	3600
14.002	3600	3679
14.0039	3679	3757
14.0061	3757	3833
14.008	3833	3907
14.0098	3907	3980
14.0117	3980	4052
14.0136	4052	4122
14.0155	4122	4191
14.0174	4191	4259
14.0193	4259	4326
14.0231	4326	3752
14.0259	3752	3484
14.0268	3484	3216
14.0278	3216	2948
14.0287	2948	2680
14.0297	2680	1608
14.0297	1608	1786
14.0316	1786	1946
14.0338	1946	2093
14.0388	2093	2230
14.0438	2230	2358
14.0457	2358	2479
14.0498	2479	2594
14.0517	2594	2704
14.0558	2704	2810
14.0577	2810	2912
14.0608	2912	3010
14.0627	3010	3105
14.0658	3105	3197
14.0677	3197	3286
14.0709	3286	3373
14.0728	3373	3458
14.0746	3458	3541
14.0768	3541	3622
14.0787	3622	3701
14.0806	3701	3778
14.0828	3778	3854
14.0847	3854	3928
14.0866	3928	4001
14.0885	4001	4072
14.0904	4072	4142
14.0923	4142	4211
14.0941	4211	4279
14.096	4279	4346
14.0979	4346	4412
14.0998	4412	4477
14.1017	4477	4541
14.1036	4541	4604
14.1055	4604	4666
14.1074	4666	4727
14.1092	4727	4787
14.1111	4787	4847
14.113	4847	4906
14.1149	4906	4964
14.1168	4964	5021
14.1187	5021	5078
14.1206	5078	5134
14.1225	5134	5189
14.1244	5189	5244
14.1262	5244	5298
14.1281	5298	5352
14.13	5352	5405
14.1319	5405	5458
14.1338	5458	5510
14.1357	5510	5562
14.1376	5562	5613
14.1395	5613	5664
14.1413	5664	5714
14.1432	5714	5764
14.1451	5764	5813
14.147	5813	5862
14.1489	5862	5911
14.1508	5911	5959
14.1527	5959	6007
14.1546	6007	6054
14.1564	6054	6101
14.1583	6101	6148
14.1602	6148	6194
14.1621	6194	6240
14.164	6240	6286
14.1659	6286	6331
14.1678	6331	6376
14.1697	6376	6421
14.1716	6421	6465
14.1734	6465	6509
14.1753	6509	6553
14.1772	6553	6596
14.1791	6596	6639
14.181	6639	6682
14.1829	6682	6724
14.1848	6724	6766
14.1867	6766	6808
14.1885	6808	6850
14.1904	6850	6891
14.1923	6891	6932
14.1942	6932	6973
14.1961	6973	7014
14.198	7014	7054
14.1999	7054	7094
14.2018	7094	7134
14.2036	7134	7174
14.2055	7174	7214
14.2074	7214	7253
14.2093	7253	7292
14.2112	7292	7331
14.2131	7331	7370
14.215	7370	7408
14.2169	7408	7446
14.2188	7446	7484
14.2206	7484	7522
14.2225	7522	7560
14.2244	7560	7598
14.2263	7598	7635
14.2282	7635	7672
14.2301	7672	7709
14.232	7709	7746
14.2339	7746	7783
14.2357	7783	7819
14.2376	7819	7855
14.2395	7855	7891
14.2414	7891	7927
14.2433	7927	7963
14.2452	7963	7999
14.2471	7999	8034
14.249	8034	8069
14.2508	8069	8104
14.2527	8104	8139
14.2546	8139	8174
14.2565	8174	8209
14.2584	8209	8243
14.2603	8243	8277
14.2622	8277	8311
14.2641	8311	8345
14.266	8345	8379
14.2678	8379	8413
14.2697	8413	8447
14.2716	8447	8481
14.2735	8481	8514
14.2754	8514	8547
14.2773	8547	8580
14.2792	8580	8613
14.2811	8613	8646
14.2829	8646	8679
14.2848	8679	8712
14.2867	8712	8744
14.2886	8744	8776
14.2905	8776	8808
14.2924	8808	8840
14.2943	8840	8872
14.2962	8872	8904
14.298	8904	8936
14.2999	8936	8968
14.3018	8968	9000
14.3037	9000	9031
14.3056	9031	9062
14.3075	9062	9093
14.3094	9093	9124
14.3113	9124	9155
14.3132	9155	9186
14.315	9186	9217
14.3169	9217	9248
14.3188	9248	9279
14.3207	9279	9309
14.3226	9309	9339
14.3245	9339	9369
14.3264	9369	9399
14.3283	9399	9429
14.3301	9429	9459
14.332	9459	9489
14.3339	9489	9519
14.3358	9519	9549
14.3377	9549	9579
14.3396	9579	9608
14.3415	9608	9637
14.3434	9637	9666
14.3452	9666	9695
14.3471	9695	9724
14.349	9724	9753
14.3509	9753	9782
14.3528	9782	9811
14.3547	9811	9840
14.3566	9840	9869
14.3585	9869	9898
14.3604	9898	9927
14.3622	9927	9955
14.3641	9955	9983
14.366	9983	10011
14.3679	10011	10039
14.3698	10039	10067
14.3717	10067	10095
14.3736	10095	10123
14.3755	10123	10151
14.3773	10151	10179
14.3792	10179	10207
14.3811	10207	10235
14.383	10235	10263
14.3849	10263	10290
14.3868	10290	10317
14.3887	10317	10344
14.3906	10344	10371
14.3924	10371	10398
14.3943	10398	10425
14.3962	10425	10452
14.3981	10452	10479
14.4	10479	10506
14.4019	10506	10533
14.4057	10533	9648
14.4142	9648	9380
14.4151	9380	9112
14.4161	9112	8844
14.417	8844	8576
14.4179	8576	8308
14.4189	8308	8040
14.4198	8040	7772
14.4208	7772	7504
14.4217	7504	7236
14.4227	7236	4556
14.4227	4556	4619
14.4245	4619	4681
14.4264	4681	4742
14.4283	4742	4802
14.4302	4802	4861
14.4321	4861	4920
14.434	4920	4978
14.4359	4978	5035
14.4378	5035	5092
14.4396	5092	5148
14.4415	5148	5203
14.4453	5203	4288
14.4491	4288	4020
14.45	4020	3752
14.451	3752	3484
14.4519	3484	3216
14.4529	3216	1876
14.4529	1876	2029
14.4548	2029	2170
14.4566	2170	2302
14.4598	2302	2426
14.4626	2426	2544
14.4658	2544	2656
14.4686	2656	2764
14.4717	2764	2867
14.4746	2867	2967
14.4768	2967	3063
14.4796	3063	3156
14.4818	3156	3247
14.4878	3247	2680
14.4906	2680	2412
14.4916	2412	2144
14.4925	2144	1876
14.4934	1876	1072
14.4934	1072	1340
14.5067	1340	536
14.5117	536	1072
14.5117	1072	1340
14.5177	1340	1554
14.5237	1554	1738
14.5297	1738	1903
14.5347	1903	2053
14.5397	2053	2192
14.5447	2192	2323
14.5466	2323	2446
14.5507	2446	2563
14.5526	2563	2675
14.5567	2675	2782
14.5586	2782	2885
14.5627	2885	2984
14.5646	2984	3080
14.5677	3080	3173
14.5696	3173	3263
14.5727	3263	3351
14.5746	3351	3436
14.5765	3436	3519
14.5787	3519	3600
14.5806	3600	3679
14.5825	3679	3757
14.5847	3757	3833
14.5866	3833	3907
14.5885	3907	3980
14.5903	3980	4052
14.5922	4052	4122
14.5941	4122	4191
14.596	4191	4259
14.5979	4259	4326
14.5998	4326	4392
14.6017	4392	4457
14.6036	4457	4521
14.6054	4521	4584
14.6073	4584	4646
14.6092	4646	4707
14.6111	4707	4768
14.613	4768	4828
14.6149	4828	4887
14.6168	4887	4945
14.6187	4945	5003
14.6205	5003	5060
14.6224	5060	5116
14.6243	5116	5172
14.6262	5172	5227
14.6281	5227	5281
14.63	5281	5335
14.6319	5335	5388
14.6338	5388	5441
14.6357	5441	5493
14.6375	5493	5545
14.6394	5545	5596
14.6413	5596	5647
14.6432	5647	5697
14.6451	5697	5747
14.647	5747	5796
14.6489	5796	5845
14.6508	5845	5894
14.6526	5894	5942
14.6545	5942	5990
14.6564	5990	6037
14.6583	6037	6084
14.6602	6084	6131
14.6621	6131	6177
14.664	6177	6223
14.6659	6223	6269
14.6677	6269	6314
14.6696	6314	6359
14.6715	6359	6404
14.6734	6404	6448
14.6753	6448	6492
14.6772	6492	6536
14.6791	6536	6579
14.681	6579	6622
14.6829	6622	6665
14.6847	6665	6708
14.6866	6708	6750
14.6885	6750	6792
14.6904	6792	6834
14.6923	6834	6876
14.6942	6876	6917
14.6961	6917	6958
14.698	6958	6999
14.6998	6999	7040
14.7017	7040	7080
14.7036	7080	7120
14.7055	7120	7160
14.7074	7160	7200
14.7093	7200	7239
14.7112	7239	7278
14.7131	7278	7317
14.7149	7317	7356
14.7168	7356	7395
14.7187	7395	7433
14.7206	7433	7471
14.7225	7471	7509
14.7244	7509	7547
14.7263	7547	7585
14.7282	7585	7622
14.7301	7622	7659
14.7319	7659	7696
14.7338	7696	7733
14.7357	7733	7770
14.7376	7770	7806
14.7395	7806	7842
14.7414	7842	7878
14.7433	7878	7914
14.7452	7914	7950
14.747	7950	7986
14.7489	7986	8021
14.7508	8021	8056
14.7527	8056	8091
14.7546	8091	8126
14.7565	8126	8161
14.7584	8161	8196
14.7603	8196	8231
14.7621	8231	8265
14.764	8265	8299
14.7659	8299	8333
14.7678	8333	8367
14.7697	8367	8401
14.7716	8401	8435
14.7735	8435	8469
14.7754	8469	8502
14.7773	8502	8535
14.7791	8535	8568
14.781	8568	8601
14.7829	8601	8634
14.7848	8634	8667
14.7867	8667	8700
14.7886	8700	8733
14.7905	8733	8765
14.7924	8765	8797
14.7942	8797	8829
14.7961	8829	8861
14.798	8861	8893
14.7999	8893	8925
14.8018	8925	8957
14.8037	8957	8989
14.8056	8989	9020
14.8075	9020	9051
14.8093	9051	9082
14.8112	9082	9113
14.8131	9113	9144
14.815	9144	9175
14.8169	9175	9206
14.8188	9206	9237
14.8207	9237	9268
14.8226	9268	9298
14.8245	9298	9328
14.8263	9328	9358
14.8282	9358	9388
14.8301	9388	9418
14.832	9418	9448
14.8339	9448	9478
14.8358	9478	9508
14.8377	9508	9538
14.8396	9538	9568
14.8414	9568	9598
14.8433	9598	9627
14.8452	9627	9656
14.8471	9656	9685
14.849	9685	9714
14.8509	9714	9743
14.8528	9743	9772
14.8547	9772	9801
14.8565	9801	9830
14.8584	9830	9859
14.8603	9859	9888
14.8622	9888	9917
14.8641	9917	9945
14.866	9945	9973
14.8679	9973	10001
14.8698	10001	10029
14.8717	10029	10057
14.8735	10057	10085
14.8754	10085	10113
14.8773	10113	10141
14.8792	10141	10169
14.8811	10169	10197
14.883	10197	10225
14.8849	10225	10253
14.8868	10253	10281
14.8886	10281	10308
14.8905	10308	10335
14.8924	10335	10362
14.8943	10362	10389
14.8962	10389	10416
14.8981	10416	10443
14.9	10443	10470
14.9019	10470	10497
14.9037	10497	10524
14.9056	10524	10551
14.9075	10551	10578
14.9094	10578	10605
14.9113	10605	10632
14.9132	10632	10659
14.9151	10659	10685
14.917	10685	10711
14.9189	10711	10737
14.9207	10737	10763
14.9226	10763	10789
14.9245	10789	10815
14.9264	10815	10841
14.9283	10841	10867
14.9302	10867	10893
14.9321	10893	10919
14.934	10919	10945
14.9358	10945	10971
14.9377	10971	10997
14.9396	10997	11023
14.9415	11023	11049
14.9434	11049	11075
14.9453	11075	11100
14.9472	11100	11125
14.9491	11125	11150
14.9509	11150	11175
14.9528	11175	11200
14.9547	11200	11225
14.9566	11225	11250
14.9585	11250	11275
14.9604	11275	11300
14.9623	11300	11325
14.9642	11325	11350
14.9661	11350	11375
14.9679	11375	11400
14.9698	11400	11425
14.9717	11425	11450
14.9736	11450	11475
14.9755	11475	11500
14.9774	11500	11524
14.9793	11524	11548
14.9812	11548	11572
14.983	11572	11596
14.9849	11596	11620
14.9868	11620	11644
14.9887	11644	11668
14.9906	11668	11692
14.9925	11692	11716
14.9944	11716	11740
14.9963	11740	11764
14.9981	11764	11788
15	11788	11812
15.0019	11812	11836
15.0038	11836	11860
15.0057	11860	11884
15.0076	11884	11908
15.0095	11908	11932
15.0114	11932	11956
15.0133	11956	11980
15.0151	11980	12003
15.017	12003	12026
15.0189	12026	12049
15.0208	12049	12072
15.0227	12072	12095
15.0246	12095	12118
15.0265	12118	12141
15.0284	12141	12164
15.0302	12164	12187
15.0321	12187	12210
15.034	12210	12233
15.0359	12233	12256
15.0378	12256	12279
15.0397	12279	12302
15.0416	12302	12325
15.0435	12325	12348
15.0453	12348	12371
15.0472	12371	12394
15.0491	12394	12417
15.051	12417	12440
15.0529	12440	12463
15.0548	12463	12486
15.0567	12486	12509
15.0586	12509	12531
15.0605	12531	12553
15.0623	12553	12575
15.0642	12575	12597
15.0661	12597	12619
15.068	12619	12641
15.0699	12641	12663
15.0718	12663	12685
15.0737	12685	12707
15.0756	12707	12729
15.0774	12729	12751
15.0793	12751	12773
15.0812	12773	12795
15.0831	12795	12817
15.085	12817	12839
15.0869	12839	12861
15.0888	12861	12883
15.0907	12883	12905
15.0925	12905	12927
15.0944	12927	12949
15.0963	12949	12971
15.0982	12971	12993
15.1001	12993	13015
15.1048	13015	12328
15.1152	12328	12060
15.1162	12060	11792
15.1171	11792	11524
15.118	11524	11256
15.119	11256	10988
15.1199	10988	10720
15.1209	10720	10452
15.1218	10452	10184
15.1228	10184	9916
15.1237	9916	9648
15.1247	9648	9380
15.1256	9380	9112
15.1265	9112	5896
15.1265	5896	5944
15.1284	5944	5992
15.1303	5992	6039
15.1322	6039	6086
15.1341	6086	6133
15.136	6133	6179
15.1379	6179	6225
15.1397	6225	6271
15.1416	6271	6316
15.1435	6316	6361
15.1454	6361	6406
15.1473	6406	6450
15.1492	6450	6494
15.1511	6494	6538
15.153	6538	6581
15.1549	6581	6624
15.1567	6624	6667
15.1586	6667	6710
15.1605	6710	6752
15.1624	6752	6794
15.1643	6794	6836
15.1662	6836	6878
15.1681	6878	6919
15.17	6919	6960
15.1718	6960	7001
15.1737	7001	7042
15.1756	7042	7082
15.1775	7082	7122
15.1794	7122	7162
15.1813	7162	7202
15.1832	7202	7241
15.1851	7241	7280
15.1869	7280	7319
15.1888	7319	7358
15.1907	7358	7397
15.1926	7397	7435
15.1945	7435	7473
15.1964	7473	7511
15.1983	7511	7549
15.2002	7549	7587
15.2021	7587	7624
15.2039	7624	7661
15.2058	7661	7698
15.2077	7698	7735
15.2096	7735	7772
15.2115	7772	7808
15.2134	7808	7844
15.2153	7844	7880
15.2172	7880	7916
15.219	7916	7952
15.2209	7952	7988
15.2228	7988	8023
15.2247	8023	8058
15.2266	8058	8093
15.2285	8093	8128
15.2304	8128	8163
15.2323	8163	8198
15.2341	8198	8233
15.236	8233	8267
15.2379	8267	8301
15.2398	8301	8335
15.2417	8335	8369
15.2436	8369	8403
15.2455	8403	8437
15.2474	8437	8471
15.2493	8471	8504
15.2511	8504	8537
15.253	8537	8570
15.2549	8570	8603
15.2568	8603	8636
15.2587	8636	8669
15.2606	8669	8702
15.2625	8702	8735
15.2644	8735	8767
15.2662	8767	8799
15.2681	8799	8831
15.27	8831	8863
15.2719	8863	8895
15.2738	8895	8927
15.2757	8927	8959
15.2776	8959	8991
15.2795	8991	9022
15.2813	9022	9053
15.2832	9053	9084
15.2851	9084	9115
15.287	9115	9146
15.2889	9146	9177
15.2908	9177	9208
15.2927	9208	9239
15.2946	9239	9270
15.2965	9270	9300
15.2983	9300	9330
15.3002	9330	9360
15.3021	9360	9390
15.304	9390	9420
15.3059	9420	9450
15.3078	9450	9480
15.3097	9480	9510
15.3116	9510	9540
15.3134	9540	9570
15.3153	9570	9600
15.3172	9600	9629
15.3191	9629	9658
15.321	9658	9687
15.3229	9687	9716
15.3248	9716	9745
15.3267	9745	9774
15.3285	9774	9803
15.3304	9803	9832
15.3323	9832	9861
15.3342	9861	9890
15.3389	9890	9112
15.3465	9112	8576
15.3475	8576	8308
15.3484	8308	8040
15.3493	8040	7772
15.3503	7772	7504
15.3512	7504	7236
15.3522	7236	6968
15.3531	6968	6700
15.3541	6700	6432
15.355	6432	6164
15.3559	6164	5896
15.3569	5896	5628
15.3578	5628	5360
15.3588	5360	5092
15.3597	5092	4288
15.3616	4288	4355
15.3635	4355	4420
15.3654	4420	4484
15.3673	4484	4548
15.3691	4548	4611
15.371	4611	4673
15.3729	4673	4734
15.3748	4734	4794
15.3767	4794	4853
15.3786	4853	4912
15.3805	4912	4970
15.3824	4970	5027
15.3842	5027	5084
15.3861	5084	5140
15.388	5140	5195
15.3899	5195	5250
15.3918	5250	5304
15.3937	5304	5358
15.3956	5358	5411
15.3975	5411	5464
15.3993	5464	5516
15.4012	5516	5568
15.4031	5568	5619
15.405	5619	5670
15.4069	5670	5720
15.4088	5720	5770
15.4107	5770	5819
15.4126	5819	5868
15.4145	5868	5916
15.4163	5916	5964
15.4182	5964	6012
15.4201	6012	6059
15.422	6059	6106
15.4239	6106	6153
15.4258	6153	6199
15.4277	6199	6245
15.4296	6245	6291
15.4343	6291	5360
15.439	5360	5092
15.44	5092	4824
15.4409	4824	4556
15.4418	4556	4288
15.4428	4288	4020
15.4437	4020	2412
15.4437	2412	2531
15.4456	2531	2644
15.4475	2644	2752
15.4494	2752	2856
15.4535	2856	2956
15.4554	2956	3053
15.4585	3053	3147
15.4604	3147	3238
15.4635	3238	3326
15.4654	3326	3412
15.4673	3412	3496
15.4695	3496	3578
15.4714	3578	3658
15.4733	3658	3736
15.4755	3736	3812
15.4774	3812	3887
15.4793	3887	3960
15.4814	3960	4032
15.4833	4032	4103
15.4852	4103	4173
15.4871	4173	4241
15.489	4241	4308
15.4909	4308	4374
15.4928	4374	4439
15.4947	4439	4503
15.4966	4503	4566
15.4984	4566	4628
15.5003	4628	4690
15.5022	4690	4751
15.5041	4751	4811
15.506	4811	4870
15.5079	4870	4928
15.5098	4928	4986
15.5117	4986	5043
15.5135	5043	5099
15.5154	5099	5155
15.5173	5155	5210
15.5192	5210	5265
15.5211	5265	5319
15.523	5319	5373
15.5249	5373	5426
15.5268	5426	5478
15.5286	5478	5530
15.5305	5530	5581
15.5324	5581	5632
15.5343	5632	5683
15.5362	5683	5733
15.5381	5733	5783
15.54	5783	5832
15.5419	5832	5881
15.5438	5881	5929
15.5456	5929	5977
15.5475	5977	6025
15.5494	6025	6072
15.5513	6072	6119
15.5532	6119	6165
15.557	6165	5360
15.5617	5360	5092
15.5626	5092	4824
15.5636	4824	4556
15.5645	4556	4288
15.5655	4288	4020
15.5664	4020	2412
15.5664	2412	2531
15.5683	2531	2644
15.5702	2644	2752
15.5721	2752	2856
15.5762	2856	2956
15.578	2956	3053
15.5812	3053	3147
15.5831	3147	3238
15.5862	3238	3326
15.5881	3326	3412
15.59	3412	3496
15.5922	3496	3578
15.5941	3578	3658
15.596	3658	3736
15.5982	3736	3812
15.6001	3812	3887
15.6019	3887	3960
15.6041	3960	4032
15.606	4032	4103
15.6079	4103	4173
15.6098	4173	4241
15.6117	4241	4308
15.6136	4308	4374
15.6155	4374	4439
15.6174	4439	4503
15.6192	4503	4566
15.6211	4566	4628
15.623	4628	4690
15.6249	4690	4751
15.6268	4751	4811
15.6287	4811	4870
15.6306	4870	4928
15.6325	4928	4986
15.6344	4986	5043
15.6362	5043	5099
15.6381	5099	5155
15.64	5155	5210
15.6419	5210	5265
15.6438	5265	5319
15.6457	5319	5373
15.6476	5373	5426
15.6495	5426	5478
15.6513	5478	5530
15.6532	5530	5581
15.6551	5581	5632
15.657	5632	5683
15.6589	5683	5733
15.6608	5733	5783
15.6627	5783	5832
15.6646	5832	5881
15.6664	5881	5929
15.6683	5929	5977
15.6702	5977	6025
15.6721	6025	6072
15.674	6072	6119
15.6759	6119	6165
15.6778	6165	6211
15.6797	6211	6257
15.6816	6257	6302
15.6834	6302	6347
15.6853	6347	6392
15.6872	6392	6436
15.6891	6436	6480
15.691	6480	6524
15.6929	6524	6568
15.6948	6568	6611
15.6967	6611	6654
15.6985	6654	6697
15.7004	6697	6739
15.7023	6739	6781
15.7042	6781	6823
15.7061	6823	6865
15.708	6865	6906
15.7099	6906	6947
15.7118	6947	6988
15.7136	6988	7029
15.7155	7029	7069
15.7174	7069	7109
15.7193	7109	7149
15.7212	7149	7189
15.7231	7189	7228
15.725	7228	7267
15.7269	7267	7306
15.7288	7306	7345
15.7306	7345	7384
15.7325	7384	7422
15.7344	7422	7460
15.7363	7460	7498
15.7382	7498	7536
15.7401	7536	7574
15.742	7574	7611
15.7439	7611	7648
15.7457	7648	7685
15.7476	7685	7722
15.7495	7722	7759
15.7514	7759	7796
15.7533	7796	7832
15.7552	7832	7868
15.7571	7868	7904
15.759	7904	7940
15.7637	7940	6968
15.7694	6968	6700
15.7703	6700	6432
15.7712	6432	6164
15.7722	6164	5896
15.7731	5896	5628
15.7741	5628	5360
15.775	5360	5092
15.776	5092	3216
15.776	3216	3305
15.7778	3305	3391
15.7797	3391	3475
15.7816	3475	3557
15.7835	3557	3637
15.7857	3637	3715
15.7876	3715	3792
15.7895	3792	3867
15.7917	3867	3941
15.7936	3941	4013
15.7955	4013	4084
15.7973	4084	4154
15.8021	4154	3216
15.8052	3216	2948
15.8062	2948	2680
15.8071	2680	2412
15.808	2412	1340
15.808	1340	1554
15.8099	1554	1738
15.815	1738	1903
15.82	1903	2053
15.825	2053	2192
15.8301	2192	2323
15.8319	2323	2446
15.836	2446	2563
15.8379	2563	2675
15.842	2675	2782
15.8439	2782	2885
15.848	2885	2984
15.8499	2984	3080
15.853	3080	3173
15.8549	3173	3263
15.858	3263	3351
15.8599	3351	3436
15.8618	3436	3519
15.864	3519	3600
15.8691	3600	2680
15.8719	2680	2412
15.8728	2412	2144
15.8738	2144	1876
15.8747	1876	1072
15.8747	1072	1340
15.8779	1340	1554
15.8839	1554	1738
15.8898	1738	1903
15.8949	1903	2053
15.8999	2053	2192
15.9049	2192	2323
15.9068	2323	2446
15.9109	2446	2563
15.921	2563	1608
15.9219	1608	1072
15.926	1072	1340
15.931	1340	1554
15.937	1554	1738
15.943	1738	1903
15.948	1903	2053
15.953	2053	2192
15.9581	2192	2323
15.96	2323	2446
15.9641	2446	2563
15.9659	2563	2675
15.97	2675	2782
15.9719	2782	2885
15.976	2885	2984
15.9779	2984	3080
15.981	3080	3173
15.9829	3173	3263
15.9861	3263	3351
15.988	3351	3436
15.9898	3436	3519
15.992	3519	3600
15.9939	3600	3679
15.9958	3679	3757
15.998	3757	3833
15.9999	3833	3907
16.0018	3907	3980
16.0065	3980	3216
16.0097	3216	2948
16.0106	2948	2680
16.0116	2680	2412
16.0125	2412	1340
16.0125	1340	1554
16.0144	1554	1738
16.0194	1738	1903
16.0244	1903	2053
16.0295	2053	2192
16.0345	2192	2323
16.0364	2323	2446
16.0405	2446	2563
16.0424	2563	2675
16.0465	2675	2782
16.0483	2782	2885
16.0524	2885	2984
16.0543	2984	3080
16.0575	3080	3173
16.0593	3173	3263
16.0625	3263	3351
16.0644	3351	3436
16.0663	3436	3519
16.0685	3519	3600
16.0704	3600	3679
16.0722	3679	3757
16.0744	3757	3833
16.0763	3833	3907
16.0782	3907	3980
16.0801	3980	4052
16.082	4052	4122
16.0839	4122	4191
16.0858	4191	4259
16.0877	4259	4326
16.0895	4326	4392
16.0914	4392	4457
16.0933	4457	4521
16.0952	4521	4584
16.0971	4584	4646
16.099	4646	4707
16.1009	4707	4768
16.1028	4768	4828
16.1046	4828	4887
16.1065	4887	4945
16.1084	4945	5003
16.1103	5003	5060
16.1122	5060	5116
16.1141	5116	5172
16.116	5172	5227
16.1179	5227	5281
16.1198	5281	5335
16.1216	5335	5388
16.1235	5388	5441
16.1254	5441	5493
16.1273	5493	5545
16.1292	5545	5596
16.1311	5596	5647
16.133	5647	5697
16.1349	5697	5747
16.1367	5747	5796
16.1386	5796	5845
16.1405	5845	5894
16.1424	5894	5942
16.1443	5942	5990
16.1462	5990	6037
16.1481	6037	6084
16.15	6084	6131
16.1518	6131	6177
16.1537	6177	6223
16.1556	6223	6269
16.1575	6269	6314
16.1594	6314	6359
16.1613	6359	6404
16.1632	6404	6448
16.1651	6448	6492
16.167	6492	6536
16.1688	6536	6579
16.1707	6579	6622
16.1726	6622	6665
16.1745	6665	6708
16.1764	6708	6750
16.1783	6750	6792
16.1802	6792	6834
16.1821	6834	6876
16.1839	6876	6917
16.1858	6917	6958
16.1877	6958	6999
16.1896	6999	7040
16.1915	7040	7080
16.1934	7080	7120
16.1953	7120	7160
16.1972	7160	7200
16.199	7200	7239
16.2009	7239	7278
16.2028	7278	7317
16.2047	7317	7356
16.2066	7356	7395
16.2085	7395	7433
16.2104	7433	7471
16.2123	7471	7509
16.2142	7509	7547
16.216	7547	7585
16.2179	7585	7622
16.2198	7622	7659
16.2217	7659	7696
16.2236	7696	7733
16.2255	7733	7770
16.2274	7770	7806
16.2293	7806	7842
16.2311	7842	7878
16.233	7878	7914
16.2349	7914	7950
16.2368	7950	7986
16.2387	7986	8021
16.2406	8021	8056
16.2425	8056	8091
16.2444	8091	8126
16.2462	8126	8161
16.2481	8161	8196
16.25	8196	8231
16.2519	8231	8265
16.2538	8265	8299
16.2557	8299	8333
16.2576	8333	8367
16.2595	8367	8401
16.2614	8401	8435
16.2632	8435	8469
16.2651	8469	8502
16.267	8502	8535
16.2689	8535	8568
16.2708	8568	8601
16.2727	8601	8634
16.2746	8634	8667
16.2765	8667	8700
16.2783	8700	8733
16.2802	8733	8765
16.2821	8765	8797
16.284	8797	8829
16.2859	8829	8861
16.2878	8861	8893
16.2897	8893	8925
16.2916	8925	8957
16.2934	8957	8989
16.2953	8989	9020
16.2972	9020	9051
16.2991	9051	9082
16.301	9082	9113
16.3029	9113	9144
16.3048	9144	9175
16.3067	9175	9206
16.3086	9206	9237
16.3104	9237	9268
16.3123	9268	9298
16.3142	9298	9328
16.3161	9328	9358
16.318	9358	9388
16.3199	9388	9418
16.3218	9418	9448
16.3237	9448	9478
16.3255	9478	9508
16.3274	9508	9538
16.3293	9538	9568
16.3312	9568	9598
16.335	9598	8576
16.3425	8576	8308
16.3435	8308	8040
16.3444	8040	7772
16.3454	7772	7504
16.3463	7504	7236
16.3473	7236	6968
16.3482	6968	6700
16.3492	6700	6432
16.3501	6432	4020
16.3501	4020	4091
16.352	4091	4161
16.3539	4161	4230
16.3558	4230	4297
16.3576	4297	4363
16.3595	4363	4428
16.3614	4428	4492
16.3633	4492	4555
16.3652	4555	4618
16.3671	4618	4680
16.369	4680	4741
16.3709	4741	4801
16.3727	4801	4860
16.3746	4860	4919
16.3765	4919	4977
16.3784	4977	5034
16.3803	5034	5091
16.3822	5091	5147
16.3841	5147	5202
16.386	5202	5257
16.3878	5257	5311
16.3897	5311	5365
16.3916	5365	5418
16.3935	5418	5471
16.3954	5471	5523
16.3992	5523	4824
16.403	4824	4556
16.4039	4556	4288
16.4049	4288	4020
16.4058	4020	3752
16.4067	3752	3484
16.4077	3484	2144
16.4077	2144	2278
16.4096	2278	2404
16.4114	2404	2523
16.4146	2523	2636
16.4174	2636	2744
16.4206	2744	2848
16.4234	2848	2948
16.4256	2948	3045
16.4284	3045	3139
16.4306	3139	3230
16.4335	3230	3318
16.4357	3318	3404
16.4375	3404	3488
16.4394	3488	3570
16.4416	3570	3650
16.4435	3650	3728
16.4454	3728	3805
16.4476	3805	3880
16.4495	3880	3954
16.4514	3954	4026
16.4533	4026	4097
16.4552	4097	4167
16.457	4167	4235
16.4589	4235	4302
16.4608	4302	4368
16.4627	4368	4433
16.4646	4433	4497
16.4665	4497	4560
16.4684	4560	4623
16.4703	4623	4685
16.4721	4685	4746
16.474	4746	4806
16.4759	4806	4865
16.4778	4865	4924
16.4797	4924	4982
16.4816	4982	5039
16.4835	5039	5096
16.4854	5096	5152
16.4873	5152	5207
16.4891	5207	5262
16.491	5262	5316
16.4929	5316	5370
16.4948	5370	5423
16.4967	5423	5475
16.4986	5475	5527
16.5005	5527	5578
16.5024	5578	5629
16.5042	5629	5680
16.5061	5680	5730
16.508	5730	5780
16.5099	5780	5829
16.5118	5829	5878
16.5137	5878	5926
16.5156	5926	5974
16.5175	5974	6022
16.5193	6022	6069
16.5212	6069	6116
16.5231	6116	6162
16.525	6162	6208
16.5269	6208	6254
16.5288	6254	6299
16.5307	6299	6344
16.5326	6344	6389
16.5345	6389	6433
16.5363	6433	6477
16.5382	6477	6521
16.5401	6521	6565
16.542	6565	6608
16.5439	6608	6651
16.5458	6651	6694
16.5477	6694	6736
16.5496	6736	6778
16.5514	6778	6820
16.5533	6820	6862
16.5552	6862	6903
16.5571	6903	6944
16.559	6944	6985
16.5609	6985	7026
16.5628	7026	7066
16.5647	7066	7106
16.5665	7106	7146
16.5684	7146	7186
16.5703	7186	7225
16.5751	7225	6432
16.5807	6432	6164
16.5817	6164	5896
16.5826	5896	5628
16.5836	5628	5360
16.5845	5360	5092
16.5854	5092	4824
16.5864	4824	2948
16.5864	2948	3045
16.5883	3045	3139
16.5901	3139	3230
16.592	3230	3318
16.5939	3318	3404
16.5961	3404	3488
16.598	3488	3570
16.5999	3570	3650
16.6021	3650	3728
16.604	3728	3805
16.6059	3805	3880
16.6081	3880	3954
16.61	3954	4026
16.6118	4026	4097
16.6137	4097	4167
16.6156	4167	4235
16.6175	4235	4302
16.6194	4302	4368
16.6213	4368	4433
16.6232	4433	4497
16.6251	4497	4560
16.627	4560	4623
16.6288	4623	4685
16.6307	4685	4746
16.6326	4746	4806
16.6345	4806	4865
16.6364	4865	4924
16.6383	4924	4982
16.6402	4982	5039
16.6421	5039	5096
16.6439	5096	5152
16.6458	5152	5207
16.6477	5207	5262
16.6496	5262	5316
16.6515	5316	5370
16.6534	5370	5423
16.6553	5423	5475
16.6572	5475	5527
16.659	5527	5578
16.6609	5578	5629
16.6628	5629	5680
16.6647	5680	5730
16.6666	5730	5780
16.6685	5780	5829
16.6704	5829	5878
16.6723	5878	5926
16.6742	5926	5974
16.676	5974	6022
16.6779	6022	6069
16.6798	6069	6116
16.6817	6116	6162
16.6836	6162	6208
16.6855	6208	6254
16.6874	6254	6299
16.6893	6299	6344
16.6911	6344	6389
16.693	6389	6433
16.6949	6433	6477
16.6968	6477	6521
16.6987	6521	6565
16.7006	6565	6608
16.7025	6608	6651
16.7044	6651	6694
16.7062	6694	6736
16.7081	6736	6778
16.71	6778	6820
16.7119	6820	6862
16.7138	6862	6903
16.7157	6903	6944
16.7176	6944	6985
16.7195	6985	7026
16.7214	7026	7066
16.7232	7066	7106
16.7251	7106	7146
16.727	7146	7186
16.7289	7186	7225
16.7308	7225	7264
16.7327	7264	7303
16.7346	7303	7342
16.7365	7342	7381
16.7383	7381	7419
16.7402	7419	7457
16.745	7457	6432
16.7506	6432	6164
16.7516	6164	5896
16.7525	5896	5628
16.7535	5628	5360
16.7544	5360	5092
16.7553	5092	4824
16.7563	4824	2948
16.7563	2948	3045
16.7582	3045	3139
16.7601	3139	3230
16.7619	3230	3318
16.7638	3318	3404
16.766	3404	3488
16.7679	3488	3570
16.7698	3570	3650
16.772	3650	3728
16.7739	3728	3805
16.7758	3805	3880
16.778	3880	3954
16.7799	3954	4026
16.7818	4026	4097
16.7836	4097	4167
16.7855	4167	4235
16.7874	4235	4302
16.7893	4302	4368
16.7931	4368	3752
16.7959	3752	3484
16.7969	3484	3216
16.7978	3216	2948
16.7988	2948	2680
16.7997	2680	1608
16.7997	1608	1786
16.8016	1786	1946
16.8038	1946	2093
16.8088	2093	2230
16.8138	2230	2358
16.8157	2358	2479
16.8198	2479	2594
16.8217	2594	2704
16.8258	2704	2810
16.8277	2810	2912
16.8308	2912	3010
16.8327	3010	3105
16.8359	3105	3197
16.8377	3197	3286
16.8409	3286	3373
16.8428	3373	3458
16.8447	3458	3541
16.8469	3541	3622
16.8488	3622	3701
16.8506	3701	3778
16.8528	3778	3854
16.8547	3854	3928
16.8566	3928	4001
16.8585	4001	4072
16.8604	4072	4142
16.8623	4142	4211
16.8642	4211	4279
16.8661	4279	4346
16.8679	4346	4412
16.8698	4412	4477
16.8717	4477	4541
16.8736	4541	4604
16.8755	4604	4666
16.8774	4666	4727
16.8793	4727	4787
16.8812	4787	4847
16.883	4847	4906
16.8849	4906	4964
16.8868	4964	5021
16.8887	5021	5078
16.8906	5078	5134
16.8925	5134	5189
16.8944	5189	5244
16.8963	5244	5298
16.8982	5298	5352
16.9	5352	5405
16.9019	5405	5458
16.9038	5458	5510
16.9057	5510	5562
16.9076	5562	5613
16.9095	5613	5664
16.9114	5664	5714
16.9133	5714	5764
16.9151	5764	5813
16.917	5813	5862
16.9189	5862	5911
16.9208	5911	5959
16.9227	5959	6007
16.9246	6007	6054
16.9265	6054	6101
16.9284	6101	6148
16.9302	6148	6194
16.9321	6194	6240
16.934	6240	6286
16.9359	6286	6331
16.9378	6331	6376
16.9397	6376	6421
16.9416	6421	6465
16.9435	6465	6509
16.9454	6509	6553
16.9472	6553	6596
16.9491	6596	6639
16.951	6639	6682
16.9529	6682	6724
16.9548	6724	6766
16.9567	6766	6808
16.9586	6808	6850
16.9605	6850	6891
16.9623	6891	6932
16.9642	6932	6973
16.9661	6973	7014
16.968	7014	7054
16.9699	7054	7094
16.9718	7094	7134
16.9737	7134	7174
16.9756	7174	7214
16.9774	7214	7253
16.9793	7253	7292
16.9812	7292	7331
16.9831	7331	7370
16.985	7370	7408
16.9869	7408	7446
16.9888	7446	7484
16.9907	7484	7522
16.9926	7522	7560
16.9944	7560	7598
16.9963	7598	7635
16.9982	7635	7672
17.0001	7672	7709
17.002	7709	7746
17.0039	7746	7783
17.0058	7783	7819
17.0077	7819	7855
17.0095	7855	7891
17.0114	7891	7927
17.0133	7927	7963
17.0152	7963	7999
17.0171	7999	8034
17.019	8034	8069
17.0209	8069	8104
17.0228	8104	8139
17.0246	8139	8174
17.0265	8174	8209
17.0284	8209	8243
17.0303	8243	8277
17.0322	8277	8311
17.0341	8311	8345
17.036	8345	8379
17.0379	8379	8413
17.0398	8413	8447
17.0416	8447	8481
17.0435	8481	8514
17.0454	8514	8547
17.0473	8547	8580
17.0492	8580	8613
17.0511	8613	8646
17.053	8646	8679
17.0549	8679	8712
17.0567	8712	8744
17.0586	8744	8776
17.0605	8776	8808
17.0624	8808	8840
17.0643	8840	8872
17.0662	8872	8904
17.0681	8904	8936
17.07	8936	8968
17.0718	8968	9000
17.0737	9000	9031
17.0756	9031	9062
17.0775	9062	9093
17.0794	9093	9124
17.0813	9124	9155
17.0832	9155	9186
17.0851	9186	9217
17.087	9217	9248
17.0888	9248	9279
17.0907	9279	9309
17.0926	9309	9339
17.0945	9339	9369
17.0964	9369	9399
17.0983	9399	9429
17.1002	9429	9459
17.1021	9459	9489
17.1039	9489	9519
17.1058	9519	9549
17.1077	9549	9579
17.1096	9579	9608
17.1115	9608	9637
17.1134	9637	9666
17.1153	9666	9695
17.1172	9695	9724
17.119	9724	9753
17.1209	9753	9782
17.1228	9782	9811
17.1247	9811	9840
17.1266	9840	9869
17.1285	9869	9898
17.1304	9898	9927
17.1323	9927	9955
17.1342	9955	9983
17.136	9983	10011
17.1398	10011	9112
17.1474	9112	8844
17.1483	8844	8576
17.1493	8576	8308
17.1502	8308	8040
17.1512	8040	7772
17.1521	7772	7504
17.153	7504	7236
17.154	7236	6968
17.1549	6968	6700
17.1559	6700	4288
17.1559	4288	4355
17.1578	4355	4420
17.1596	4420	4484
17.1615	4484	4548
17.1634	4548	4611
17.1653	4611	4673
17.1672	4673	4734
17.1691	4734	4794
17.171	4794	4853
17.1729	4853	4912
17.1747	4912	4970
17.1766	4970	5027
17.1785	5027	5084
17.1804	5084	5140
17.1823	5140	5195
17.1842	5195	5250
17.1861	5250	5304
17.188	5304	5358
17.1898	5358	5411
17.1917	5411	5464
17.1936	5464	5516
17.1955	5516	5568
17.1974	5568	5619
17.1993	5619	5670
17.2012	5670	5720
17.2031	5720	5770
17.205	5770	5819
17.2068	5819	5868
17.2106	5868	4824
17.2144	4824	4556
17.2153	4556	4288
17.2163	4288	4020
17.2172	4020	3752
17.2182	3752	3484
17.2191	3484	2144
17.2191	2144	2278
17.221	2278	2404
17.2229	2404	2523
17.226	2523	2636
17.2289	2636	2744
17.232	2744	2848
17.2348	2848	2948
17.237	2948	3045
17.2399	3045	3139
17.2421	3139	3230
17.2449	3230	3318
17.2471	3318	3404
17.249	3404	3488
17.2509	3488	3570
17.2531	3570	3650
17.255	3650	3728
17.2568	3728	3805
17.259	3805	3880
17.2609	3880	3954
17.2628	3954	4026
17.2647	4026	4097
17.2666	4097	4167
17.2685	4167	4235
17.2704	4235	4302
17.2723	4302	4368
17.2741	4368	4433
17.276	4433	4497
17.2779	4497	4560
17.2798	4560	4623
17.2817	4623	4685
17.2836	4685	4746
17.2855	4746	4806
17.2874	4806	4865
17.2893	4865	4924
17.2911	4924	4982
17.293	4982	5039
17.2949	5039	5096
17.2968	5096	5152
17.2987	5152	5207
17.3006	5207	5262
17.3025	5262	5316
17.3044	5316	5370
17.3062	5370	5423
17.3081	5423	5475
17.31	5475	5527
17.3119	5527	5578
17.3138	5578	5629
17.3157	5629	5680
17.3176	5680	5730
17.3195	5730	5780
17.3213	5780	5829
17.3232	5829	5878
17.3251	5878	5926
17.327	5926	5974
17.3289	5974	6022
17.3308	6022	6069
17.3327	6069	6116
17.3346	6116	6162
17.3365	6162	6208
17.3383	6208	6254
17.3402	6254	6299
17.3421	6299	6344
17.344	6344	6389
17.3459	6389	6433
17.3478	6433	6477
17.3497	6477	6521
17.3516	6521	6565
17.3534	6565	6608
17.3553	6608	6651
17.3572	6651	6694
17.3591	6694	6736
17.361	6736	6778
17.3629	6778	6820
17.3648	6820	6862
17.3667	6862	6903
17.3685	6903	6944
17.3704	6944	6985
17.3723	6985	7026
17.3742	7026	7066
17.3761	7066	7106
17.378	7106	7146
17.3799	7146	7186
17.3818	7186	7225
17.3837	7225	7264
17.3855	7264	7303
17.3874	7303	7342
17.3893	7342	7381
17.3912	7381	7419
17.3931	7419	7457
17.395	7457	7495
17.3969	7495	7533
17.3988	7533	7571
17.4006	7571	7608
17.4025	7608	7645
17.4044	7645	7682
17.4063	7682	7719
17.4082	7719	7756
17.4101	7756	7793
17.412	7793	7829
17.4139	7829	7865
17.4157	7865	7901
17.4176	7901	7937
17.4195	7937	7973
17.4214	7973	8009
17.4233	8009	8044
17.4252	8044	8079
17.4271	8079	8114
17.429	8114	8149
17.4309	8149	8184
17.4327	8184	8219
17.4346	8219	8253
17.4365	8253	8287
17.4384	8287	8321
17.4403	8321	8355
17.4422	8355	8389
17.4441	8389	8423
17.446	8423	8457
17.4478	8457	8490
17.4497	8490	8523
17.4516	8523	8556
17.4535	8556	8589
17.4554	8589	8622
17.4573	8622	8655
17.4592	8655	8688
17.4611	8688	8721
17.4629	8721	8753
17.4648	8753	8785
17.4667	8785	8817
17.4686	8817	8849
17.4705	8849	8881
17.4724	8881	8913
17.4743	8913	8945
17.4762	8945	8977
17.4781	8977	9009
17.4799	9009	9040
17.4818	9040	9071
17.4837	9071	9102
17.4856	9102	9133
17.4903	9133	8576
17.4979	8576	8308
17.4988	8308	8040
17.4998	8040	7772
17.5007	7772	7504
17.5017	7504	7236
17.5026	7236	6968
17.5036	6968	6700
17.5045	6700	6432
17.5054	6432	4020
17.5054	4020	4091
17.5092	4091	4288
17.513	4288	4020
17.5139	4020	3752
17.5149	3752	3484
17.5158	3484	3216
17.5168	3216	1876
17.5168	1876	2029
17.5186	2029	2170
17.5205	2170	2302
17.5237	2302	2426
17.5265	2426	2544
17.5296	2544	2656
17.5325	2656	2764
17.5356	2764	2867
17.5385	2867	2967
17.5407	2967	3063
17.5435	3063	3156
17.5457	3156	3247
17.5485	3247	3335
17.5507	3335	3421
17.5526	3421	3504
17.5545	3504	3585
17.5567	3585	3665
17.5586	3665	3743
17.5605	3743	3819
17.5627	3819	3894
17.5646	3894	3967
17.5664	3967	4039
17.5683	4039	4110
17.5702	4110	4179
17.5721	4179	4247
17.574	4247	4314
17.5759	4314	4380
17.5778	4380	4445
17.5797	4445	4509
17.5815	4509	4572
17.5834	4572	4634
17.5853	4634	4695
17.5872	4695	4756
17.5891	4756	4816
17.591	4816	4875
17.5929	4875	4933
17.5948	4933	4991
17.5966	4991	5048
17.5985	5048	5104
17.6004	5104	5160
17.6023	5160	5215
17.6042	5215	5270
17.6061	5270	5324
17.608	5324	5377
17.6099	5377	5430
17.6118	5430	5482
17.6136	5482	5534
17.6155	5534	5585
17.6174	5585	5636
17.6193	5636	5686
17.6212	5686	5736
17.6231	5736	5786
17.625	5786	5835
17.6269	5835	5884
17.6287	5884	5932
17.6306	5932	5980
17.6325	5980	6028
17.6344	6028	6075
17.6363	6075	6122
17.6382	6122	6168
17.6401	6168	6214
17.642	6214	6260
17.6438	6260	6305
17.6457	6305	6350
17.6476	6350	6395
17.6495	6395	6439
17.6514	6439	6483
17.6533	6483	6527
17.6552	6527	6571
17.6571	6571	6614
17.659	6614	6657
17.6608	6657	6700
17.6627	6700	6742
17.6646	6742	6784
17.6665	6784	6826
17.6684	6826	6868
17.6703	6868	6909
17.6722	6909	6950
17.6741	6950	6991
17.6759	6991	7032
17.6778	7032	7072
17.6797	7072	7112
17.6816	7112	7152
17.6835	7152	7192
17.6854	7192	7231
17.6873	7231	7270
17.6892	7270	7309
17.691	7309	7348
17.6929	7348	7387
17.6948	7387	7425
17.6967	7425	7463
17.6986	7463	7501
17.7005	7501	7539
17.7024	7539	7577
17.7043	7577	7614
17.7081	7614	6968
17.7137	6968	6700
17.7147	6700	6432
17.7156	6432	6164
17.7165	6164	5896
17.7175	5896	5628
17.7184	5628	5360
17.7194	5360	5092
17.7203	5092	3216
17.7203	3216	3305
17.7222	3305	3391
17.7241	3391	3475
17.726	3475	3557
17.7279	3557	3637
17.7301	3637	3715
17.7319	3715	3792
17.7338	3792	3867
17.736	3867	3941
17.7379	3941	4013
17.7398	4013	4084
17.7417	4084	4154
17.7436	4154	4223
17.7455	4223	4291
17.7474	4291	4357
17.7493	4357	4422
17.7511	4422	4486
17.753	4486	4550
17.7549	4550	4613
17.7568	4613	4675
17.7587	4675	4736
17.7606	4736	4796
17.7625	4796	4855
17.7644	4855	4914
17.7662	4914	4972
17.7681	4972	5029
17.77	5029	5086
17.7719	5086	5142
17.7738	5142	5197
17.7757	5197	5252
17.7776	5252	5306
17.7795	5306	5360
17.7813	5360	5413
17.7832	5413	5466
17.7851	5466	5518
17.787	5518	5570
17.7889	5570	5621
17.7908	5621	5672
17.7927	5672	5722
17.7946	5722	5772
17.7965	5772	5821
17.7983	5821	5870
17.8002	5870	5918
17.8021	5918	5966
17.804	5966	6014
17.8059	6014	6061
17.8078	6061	6108
17.8097	6108	6155
17.8116	6155	6201
17.8134	6201	6247
17.8153	6247	6292
17.8172	6292	6337
17.8191	6337	6382
17.821	6382	6427
17.8229	6427	6471
17.8248	6471	6515
17.8267	6515	6559
17.8285	6559	6602
17.8304	6602	6645
17.8323	6645	6688
17.8342	6688	6730
17.8361	6730	6772
17.838	6772	6814
17.8399	6814	6856
17.8418	6856	6897
17.8437	6897	6938
17.8455	6938	6979
17.8474	6979	7020
17.8493	7020	7060
17.8512	7060	7100
17.8531	7100	7140
17.855	7140	7180
17.8569	7180	7220
17.8588	7220	7259
17.8606	7259	7298
17.8625	7298	7337
17.8644	7337	7376
17.8663	7376	7414
17.8682	7414	7452
17.8701	7452	7490
17.8748	7490	6432
17.8805	6432	6164
17.8814	6164	5896
17.8824	5896	5628
17.8833	5628	5360
17.8843	5360	5092
17.8852	5092	4824
17.8861	4824	2948
17.8861	2948	3045
17.888	3045	3139
17.8899	3139	3230
17.895	3230	2680
17.8959	2680	2144
17.8969	2144	1876
17.8988	1876	1072
17.9009	1072	1340
17.906	1340	1554
17.912	1554	1738
17.9179	1738	1903
17.923	1903	2053
17.928	2053	2192
17.933	2192	2323
17.9349	2323	2446
17.939	2446	2563
17.9409	2563	2675
17.945	2675	2782
17.9469	2782	2885
17.9509	2885	2984
17.9528	2984	3080
17.956	3080	3173
17.9579	3173	3263
17.961	3263	3351
17.9629	3351	3436
17.9648	3436	3519
17.967	3519	3600
17.9689	3600	3679
17.9708	3679	3757
17.973	3757	3833
17.9748	3833	3907
17.9767	3907	3980
17.9786	3980	4052
17.9805	4052	4122
17.9824	4122	4191
17.9843	4191	4259
17.9862	4259	4326
17.9881	4326	4392
17.9899	4392	4457
17.9918	4457	4521
17.9937	4521	4584
17.9956	4584	4646
17.9975	4646	4707
17.9994	4707	4768
18.0013	4768	4828
18.0032	4828	4887
18.005	4887	4945
18.0069	4945	5003
18.0088	5003	5060
18.0107	5060	5116
18.0126	5116	5172
18.0145	5172	5227
18.0164	5227	5281
18.0183	5281	5335
18.0202	5335	5388
18.022	5388	5441
18.0239	5441	5493
18.0258	5493	5545
18.0277	5545	5596
18.0296	5596	5647
18.0315	5647	5697
18.0334	5697	5747
18.0353	5747	5796
18.0371	5796	5845
18.039	5845	5894
18.0409	5894	5942
18.0428	5942	5990
18.0447	5990	6037
18.0466	6037	6084
18.0485	6084	6131
18.0504	6131	6177
18.0522	6177	6223
18.0541	6223	6269
18.056	6269	6314
18.0579	6314	6359
18.0598	6359	6404
18.0617	6404	6448
18.0636	6448	6492
18.0655	6492	6536
18.0674	6536	6579
18.0692	6579	6622
18.0711	6622	6665
18.073	6665	6708
18.0749	6708	6750
18.0768	6750	6792
18.0787	6792	6834
18.0806	6834	6876
18.0825	6876	6917
18.0843	6917	6958
18.0862	6958	6999
18.0881	6999	7040
18.09	7040	7080
18.0919	7080	7120
18.0938	7120	7160
18.0957	7160	7200
18.0976	7200	7239
18.0994	7239	7278
18.1013	7278	7317
18.1032	7317	7356
18.1051	7356	7395
18.107	7395	7433
18.1089	7433	7471
18.1108	7471	7509
18.1127	7509	7547
18.1146	7547	7585
18.1164	7585	7622
18.1183	7622	7659
18.1202	7659	7696
18.1221	7696	7733
18.124	7733	7770
18.1259	7770	7806
18.1278	7806	7842
18.1297	7842	7878
18.1315	7878	7914
18.1334	7914	7950
18.1353	7950	7986
18.1372	7986	8021
18.1391	8021	8056
18.141	8056	8091
18.1429	8091	8126
18.1448	8126	8161
18.1466	8161	8196
18.1485	8196	8231
18.1504	8231	8265
18.1523	8265	8299
18.1542	8299	8333
18.1561	8333	8367
18.158	8367	8401
18.1599	8401	8435
18.1618	8435	8469
18.1636	8469	8502
18.1655	8502	8535
18.1674	8535	8568
18.1693	8568	8601
18.1712	8601	8634
18.1731	8634	8667
18.175	8667	8700
18.1769	8700	8733
18.1787	8733	8765
18.1806	8765	8797
18.1825	8797	8829
18.1844	8829	8861
18.1863	8861	8893
18.1882	8893	8925
18.1901	8925	8957
18.192	8957	8989
18.1938	8989	9020
18.1957	9020	9051
18.1976	9051	9082
18.1995	9082	9113
18.2014	9113	9144
18.2033	9144	9175
18.2052	9175	9206
18.2071	9206	9237
18.209	9237	9268
18.2108	9268	9298
18.2127	9298	9328
18.2146	9328	9358
18.2165	9358	9388
18.2184	9388	9418
18.2203	9418	9448
18.2222	9448	9478
18.2241	9478	9508
18.2259	9508	9538
18.2278	9538	9568
18.2297	9568	9598
18.2316	9598	9627
18.2335	9627	9656
18.2354	9656	9685
18.2373	9685	9714
18.2392	9714	9743
18.241	9743	9772
18.2429	9772	9801
18.2448	9801	9830
18.2467	9830	9859
18.2486	9859	9888
18.2505	9888	9917
18.2524	9917	9945
18.2543	9945	9973
18.2562	9973	10001
18.258	10001	10029
18.2599	10029	10057
18.2618	10057	10085
18.2637	10085	10113
18.2656	10113	10141
18.2675	10141	10169
18.2694	10169	10197
18.2713	10197	10225
18.2731	10225	10253
18.275	10253	10281
18.2769	10281	10308
18.2788	10308	10335
18.2807	10335	10362
18.2826	10362	10389
18.2845	10389	10416
18.2864	10416	10443
18.2882	10443	10470
18.2901	10470	10497
18.292	10497	10524
18.2939	10524	10551
18.2958	10551	10578
18.2977	10578	10605
18.2996	10605	10632
18.3015	10632	10659
18.3034	10659	10685
18.3052	10685	10711
18.3071	10711	10737
18.309	10737	10763
18.3109	10763	10789
18.3128	10789	10815
18.3147	10815	10841
18.3166	10841	10867
18.3185	10867	10893
18.3203	10893	10919
18.3222	10919	10945
18.3241	10945	10971
18.326	10971	10997
18.3279	10997	11023
18.3298	11023	11049
18.3317	11049	11075
18.3336	11075	11100
18.3354	11100	11125
18.3373	11125	11150
18.3392	11150	11175
18.3411	11175	11200
18.343	11200	11225
18.3449	11225	11250
18.3468	11250	11275
18.3487	11275	11300
18.3506	11300	11325
18.3524	11325	11350
18.3543	11350	11375
18.3562	11375	11400
18.3581	11400	11425
18.36	11425	11450
18.3619	11450	11475
18.3638	11475	11500
18.3657	11500	11524
18.3675	11524	11548
18.3694	11548	11572
18.3713	11572	11596
18.3732	11596	11620
18.3751	11620	11644
18.377	11644	11668
18.3789	11668	11692
18.3808	11692	11716
18.3826	11716	11740
18.3845	11740	11764
18.3864	11764	11788
18.3883	11788	11812
18.3902	11812	11836
18.3921	11836	11860
18.394	11860	11884
18.3959	11884	11908
18.3978	11908	11932
18.3996	11932	11956
18.4015	11956	11980
18.4034	11980	12003
18.4053	12003	12026
18.4072	12026	12049
18.4091	12049	12072
18.411	12072	12095
18.4129	12095	12118
18.4147	12118	12141
18.4166	12141	12164
18.4185	12164	12187
18.4204	12187	12210
18.4223	12210	12233
18.4242	12233	12256
18.4261	12256	12279
18.428	12279	12302
18.4298	12302	12325
18.4317	12325	12348
18.4336	12348	12371
18.4355	12371	12394
18.4374	12394	12417
18.4393	12417	12440
18.4412	12440	12463
18.4431	12463	12486
18.445	12486	12509
18.4468	12509	12531
18.4487	12531	12553
18.4506	12553	12575
18.4525	12575	12597
18.4544	12597	12619
18.4563	12619	12641
18.4582	12641	12663
18.4601	12663	12685
18.4619	12685	12707
18.4638	12707	12729
18.4657	12729	12751
18.4676	12751	12773
18.4695	12773	12795
18.4714	12795	12817
18.4733	12817	12839
18.4752	12839	12861
18.477	12861	12883
18.4789	12883	12905
18.4808	12905	12927
18.4827	12927	12949
18.4846	12949	12971
18.4865	12971	12993
18.4884	12993	13015
18.4903	13015	13037
18.4922	13037	13059
18.494	13059	13080
18.4959	13080	13101
18.4978	13101	13122
18.4997	13122	13143
18.5016	13143	13164
18.5035	13164	13185
18.5054	13185	13206
18.5073	13206	13227
18.5091	13227	13248
18.511	13248	13269
18.5129	13269	13290
18.5148	13290	13311
18.5195	13311	12328
18.5299	12328	12060
18.5309	12060	11792
18.5318	11792	11524
18.5328	11524	11256
18.5337	11256	10988
18.5346	10988	10720
18.5356	10720	10452
18.5365	10452	10184
18.5375	10184	9916
18.5384	9916	9648
18.5394	9648	9380
18.5403	9380	9112
18.5412	9112	5896
18.5412	5896	5944
18.5431	5944	5992
18.5488	5992	5360
18.5498	5360	4824
18.5535	4824	4556
18.5545	4556	4288
18.5554	4288	4020
18.5564	4020	3752
18.5573	3752	3484
18.5582	3484	2412
18.5582	2412	2531
18.5601	2531	2644
18.562	2644	2752
18.5652	2752	2856
18.568	2856	2956
18.5702	2956	3053
18.573	3053	3147
18.5752	3147	3238
18.578	3238	3326
18.5802	3326	3412
18.5821	3412	3496
18.584	3496	3578
18.5862	3578	3658
18.5881	3658	3736
18.59	3736	3812
18.5922	3812	3887
18.5941	3887	3960
18.596	3960	4032
18.5979	4032	4103
18.5997	4103	4173
18.6016	4173	4241
18.6035	4241	4308
18.6054	4308	4374
18.6073	4374	4439
18.6092	4439	4503
18.6111	4503	4566
18.613	4566	4628
18.6148	4628	4690
18.6167	4690	4751
18.6186	4751	4811
18.6205	4811	4870
18.6224	4870	4928
18.6243	4928	4986
18.6262	4986	5043
18.6281	5043	5099
18.63	5099	5155
18.6318	5155	5210
18.6337	5210	5265
18.6356	5265	5319
18.6375	5319	5373
18.6394	5373	5426
18.6413	5426	5478
18.6432	5478	5530
18.6451	5530	5581
18.6469	5581	5632
18.6488	5632	5683
18.6507	5683	5733
18.6526	5733	5783
18.6545	5783	5832
18.6564	5832	5881
18.6583	5881	5929
18.6602	5929	5977
18.662	5977	6025
18.6639	6025	6072
18.6658	6072	6119
18.6677	6119	6165
18.6696	6165	6211
18.6715	6211	6257
18.6734	6257	6302
18.6753	6302	6347
18.6772	6347	6392
18.679	6392	6436
18.6809	6436	6480
18.6828	6480	6524
18.6847	6524	6568
18.6866	6568	6611
18.6885	6611	6654
18.6904	6654	6697
18.6923	6697	6739
18.6941	6739	6781
18.696	6781	6823
18.6979	6823	6865
18.6998	6865	6906
18.7017	6906	6947
18.7036	6947	6988
18.7055	6988	7029
18.7074	7029	7069
18.7092	7069	7109
18.7111	7109	7149
18.713	7149	7189
18.7149	7189	7228
18.7168	7228	7267
18.7187	7267	7306
18.7206	7306	7345
18.7225	7345	7384
18.7244	7384	7422
18.7262	7422	7460
18.7281	7460	7498
18.73	7498	7536
18.7319	7536	7574
18.7338	7574	7611
18.7357	7611	7648
18.7376	7648	7685
18.7395	7685	7722
18.7413	7722	7759
18.7432	7759	7796
18.7451	7796	7832
18.747	7832	7868
18.7489	7868	7904
18.7508	7904	7940
18.7527	7940	7976
18.7546	7976	8012
18.7564	8012	8047
18.7583	8047	8082
18.7602	8082	8117
18.7621	8117	8152
18.764	8152	8187
18.7659	8187	8222
18.7678	8222	8256
18.7697	8256	8290
18.7716	8290	8324
18.7734	8324	8358
18.7753	8358	8392
18.7772	8392	8426
18.7791	8426	8460
18.781	8460	8493
18.7829	8493	8526
18.7848	8526	8559
18.7895	8559	7504
18.7905	7504	6968
18.7961	6968	6700
18.7971	6700	6432
18.798	6432	6164
18.799	6164	5896
18.7999	5896	5628
18.8008	5628	5360
18.8018	5360	5092
18.8027	5092	3484
18.8027	3484	3566
18.8046	3566	3646
18.8065	3646	3724
18.8084	3724	3801
18.8103	3801	3876
18.8125	3876	3950
18.8143	3950	4022
18.8162	4022	4093
18.8181	4093	4163
18.82	4163	4232
18.8219	4232	4299
18.8238	4299	4365
18.8257	4365	4430
18.8276	4430	4494
18.8294	4494	4557
18.8313	4557	4620
18.8332	4620	4682
18.8351	4682	4743
18.837	4743	4803
18.8389	4803	4862
18.8408	4862	4921
18.8427	4921	4979
18.8446	4979	5036
18.8464	5036	5093
18.8483	5093	5149
18.8502	5149	5204
18.8521	5204	5259
18.854	5259	5313
18.8559	5313	5367
18.8578	5367	5420
18.8597	5420	5473
18.8615	5473	5525
18.8634	5525	5576
18.8653	5576	5627
18.8672	5627	5678
18.8691	5678	5728
18.871	5728	5778
18.8729	5778	5827
18.8748	5827	5876
18.8766	5876	5924
18.8785	5924	5972
18.8804	5972	6020
18.8823	6020	6067
18.8842	6067	6114
18.8861	6114	6160
18.888	6160	6206
18.8899	6206	6252
18.8918	6252	6297
18.8936	6297	6342
18.8955	6342	6387
18.8974	6387	6431
18.8993	6431	6475
18.9012	6475	6519
18.9031	6519	6563
18.905	6563	6606
18.9069	6606	6649
18.9087	6649	6692
18.9106	6692	6734
18.9125	6734	6776
18.9144	6776	6818
18.9163	6818	6860
18.9182	6860	6901
18.9201	6901	6942
18.922	6942	6983
18.9238	6983	7024
18.9257	7024	7064
18.9276	7064	7104
18.9295	7104	7144
18.9314	7144	7184
18.9333	7184	7223
18.9352	7223	7262
18.9371	7262	7301
18.939	7301	7340
18.9408	7340	7379
18.9427	7379	7417
18.9446	7417	7455
18.9465	7455	7493
18.9484	7493	7531
18.9503	7531	7569
18.9522	7569	7606
18.9541	7606	7643
18.9559	7643	7680
18.9578	7680	7717
18.9597	7717	7754
18.9616	7754	7791
18.9635	7791	7827
18.9654	7827	7863
18.9673	7863	7899
18.9692	7899	7935
18.971	7935	7971
18.9729	7971	8007
18.9748	8007	8042
18.9767	8042	8077
18.9786	8077	8112
18.9805	8112	8147
18.9824	8147	8182
18.9843	8182	8217
18.9862	8217	8251
18.988	8251	8285
18.9899	8285	8319
18.9918	8319	8353
18.9937	8353	8387
18.9956	8387	8421
18.9975	8421	8455
18.9994	8455	8488
19.0013	8488	8521
19.0031	8521	8554
19.005	8554	8587
19.0069	8587	8620
19.0088	8620	8653
19.0107	8653	8686
19.0126	8686	8719
19.0145	8719	8751
19.0164	8751	8783
19.0182	8783	8815
19.0201	8815	8847
19.022	8847	8879
19.0239	8879	8911
19.0258	8911	8943
19.0277	8943	8975
19.0296	8975	9007
19.0315	9007	9038
19.0334	9038	9069
19.0352	9069	9100
19.0371	9100	9131
19.039	9131	9162
19.0409	9162	9193
19.0428	9193	9224
19.0447	9224	9255
19.0466	9255	9286
19.0485	9286	9316
19.0503	9316	9346
19.0522	9346	9376
19.0541	9376	9406
19.056	9406	9436
19.0579	9436	9466
19.0598	9466	9496
19.0617	9496	9526
19.0636	9526	9556
19.0654	9556	9586
19.0673	9586	9615
19.0692	9615	9644
19.0711	9644	9673
19.073	9673	9702
19.0749	9702	9731
19.0768	9731	9760
19.0787	9760	9789
19.0806	9789	9818
19.0824	9818	9847
19.0843	9847	9876
19.0862	9876	9905
19.0881	9905	9934
19.09	9934	9962
19.0919	9962	9990
19.0938	9990	10018
19.0957	10018	10046
19.0975	10046	10074
19.0994	10074	10102
19.1013	10102	10130
19.1032	10130	10158
19.1051	10158	10186
19.107	10186	10214
19.1089	10214	10242
19.1108	10242	10270
19.1126	10270	10297
19.1145	10297	10324
19.1164	10324	10351
19.1183	10351	10378
19.1202	10378	10405
19.1221	10405	10432
19.124	10432	10459
19.1259	10459	10486
19.1278	10486	10513
19.1296	10513	10540
19.1315	10540	10567
19.1334	10567	10594
19.1353	10594	10621
19.1372	10621	10648
19.1391	10648	10674
19.141	10674	10700
19.1429	10700	10726
19.1447	10726	10752
19.1466	10752	10778
19.1485	10778	10804
19.1504	10804	10830
19.1523	10830	10856
19.1542	10856	10882
19.1561	10882	10908
19.158	10908	10934
19.1598	10934	10960
19.1617	10960	10986
19.1636	10986	11012
19.1655	11012	11038
19.1674	11038	11064
19.1693	11064	11089
19.1712	11089	11114
19.1731	11114	11139
19.175	11139	11164
19.1768	11164	11189
19.1787	11189	11214
19.1806	11214	11239
19.1825	11239	11264
19.1844	11264	11289
19.1863	11289	11314
19.1882	11314	11339
19.1901	11339	11364
19.1919	11364	11389
19.1938	11389	11414
19.1957	11414	11439
19.1976	11439	11464
19.1995	11464	11489
19.2014	11489	11514
19.2033	11514	11538
19.2052	11538	11562
19.207	11562	11586
19.2089	11586	11610
19.2108	11610	11634
19.2127	11634	11658
19.2146	11658	11682
19.2165	11682	11706
19.2184	11706	11730
19.2203	11730	11754
19.2222	11754	11778
19.224	11778	11802
19.2259	11802	11826
19.2278	11826	11850
19.2297	11850	11874
19.2316	11874	11898
19.2335	11898	11922
19.2354	11922	11946
19.2373	11946	11970
19.2391	11970	11994
19.241	11994	12017
19.2429	12017	12040
19.2448	12040	12063
19.2467	12063	12086
19.2486	12086	12109
19.2505	12109	12132
19.2524	12132	12155
19.2542	12155	12178
19.2561	12178	12201
19.258	12201	12224
19.2599	12224	12247
19.2618	12247	12270
19.2637	12270	12293
19.2656	12293	12316
19.2675	12316	12339
19.2694	12339	12362
19.2712	12362	12385
19.2731	12385	12408
19.275	12408	12431
19.2769	12431	12454
19.2788	12454	12477
19.2807	12477	12500
19.2826	12500	12522
19.2845	12522	12544
19.2863	12544	12566
19.2882	12566	12588
19.2901	12588	12610
19.292	12610	12632
19.2939	12632	12654
19.2958	12654	12676
19.2977	12676	12698
19.2996	12698	12720
19.3014	12720	12742
19.3033	12742	12764
19.3052	12764	12786
19.3071	12786	12808
19.309	12808	12830
19.3109	12830	12852
19.3128	12852	12874
19.3147	12874	12896
19.3166	12896	12918
19.3184	12918	12940
19.3203	12940	12962
19.3222	12962	12984
19.3241	12984	13006
19.326	13006	13028
19.3279	13028	13050
19.3298	13050	13072
19.3317	13072	13093
19.3335	13093	13114
19.3354	13114	13135
19.3373	13135	13156
19.3392	13156	13177
19.3411	13177	13198
19.343	13198	13219
19.3449	13219	13240
19.3468	13240	13261
19.3486	13261	13282
19.3505	13282	13303
19.3524	13303	13324
19.3543	13324	13345
19.3562	13345	13366
19.3581	13366	13387
19.36	13387	13408
19.3619	13408	13429
19.3638	13429	13450
19.3656	13450	13471
19.3675	13471	13492
19.3694	13492	13513
19.3713	13513	13534
19.3732	13534	13555
19.3751	13555	13576
19.377	13576	13597
19.3789	13597	13618
19.3807	13618	13639
19.3826	13639	13660
19.3845	13660	13681
19.3864	13681	13701
19.3883	13701	13721
19.3902	13721	13741
19.3921	13741	13761
19.394	13761	13781
19.3958	13781	13801
19.3977	13801	13821
19.3996	13821	13841
19.4015	13841	13861
19.4034	13861	13881
19.4053	13881	13901
19.4072	13901	13921
19.4091	13921	13941
19.411	13941	13961
19.4128	13961	13981
19.4147	13981	14001
19.4166	14001	14021
19.4185	14021	14041
19.4204	14041	14061
19.4223	14061	14081
19.4242	14081	14101
19.4261	14101	14121
19.4279	14121	14141
19.4298	14141	14161
19.4317	14161	14181
19.4336	14181	14201
19.4355	14201	14221
19.4374	14221	14241
19.4393	14241	14261
19.4412	14261	14281
19.443	14281	14301
19.4449	14301	14321
19.4468	14321	14341
19.4487	14341	14361
19.4506	14361	14381
19.4553	14381	13400
19.4667	13400	13132
19.4676	13132	12864
19.4685	12864	12596
19.4695	12596	12328
19.4704	12328	12060
19.4714	12060	11792
19.4723	11792	11524
19.4733	11524	11256
19.4742	11256	10988
19.4752	10988	10720
19.4761	10720	10452
19.477	10452	10184
19.478	10184	9916
19.4789	9916	6432
19.4789	6432	6476
19.4808	6476	6520
19.4827	6520	6564
19.4846	6564	6607
19.4865	6607	6650
19.4884	6650	6693
19.4902	6693	6735
19.4921	6735	6777
19.494	6777	6819
19.4959	6819	6861
19.4978	6861	6902
19.4997	6902	6943
19.5016	6943	6984
19.5035	6984	7025
19.5054	7025	7065
19.5072	7065	7105
19.5091	7105	7145
19.511	7145	7185
19.5129	7185	7224
19.5148	7224	7263
19.5167	7263	7302
19.5186	7302	7341
19.5205	7341	7380
19.5223	7380	7418
19.5242	7418	7456
19.5261	7456	7494
19.528	7494	7532
19.5299	7532	7570
19.5318	7570	7607
19.5337	7607	7644
19.5356	7644	7681
19.5374	7681	7718
19.5393	7718	7755
19.5412	7755	7792
19.5431	7792	7828
19.545	7828	7864
19.5469	7864	7900
19.5488	7900	7936
19.5507	7936	7972
19.5526	7972	8008
19.5544	8008	8043
19.5563	8043	8078
19.5582	8078	8113
19.5601	8113	8148
19.562	8148	8183
19.5639	8183	8218
19.5658	8218	8252
19.5677	8252	8286
19.5695	8286	8320
19.5714	8320	8354
19.5733	8354	8388
19.5752	8388	8422
19.5771	8422	8456
19.579	8456	8489
19.5809	8489	8522
19.5828	8522	8555
19.5846	8555	8588
19.5865	8588	8621
19.5884	8621	8654
19.5903	8654	8687
19.5922	8687	8720
19.5941	8720	8752
19.596	8752	8784
19.5979	8784	8816
19.5998	8816	8848
19.6016	8848	8880
19.6035	8880	8912
19.6054	8912	8944
19.6073	8944	8976
19.6092	8976	9008
19.6111	9008	9039
19.613	9039	9070
19.6149	9070	9101
19.6167	9101	9132
19.6186	9132	9163
19.6205	9163	9194
19.6224	9194	9225
19.6243	9225	9256
19.6262	9256	9287
19.6281	9287	9317
19.63	9317	9347
19.6318	9347	9377
19.6337	9377	9407
19.6356	9407	9437
19.6375	9437	9467
19.6394	9467	9497
19.6413	9497	9527
19.6432	9527	9557
19.6451	9557	9587
19.647	9587	9616
19.6488	9616	9645
19.6507	9645	9674
19.6526	9674	9703
19.6545	9703	9732
19.6564	9732	9761
19.6583	9761	9790
19.6602	9790	9819
19.6621	9819	9848
19.6639	9848	9877
19.6658	9877	9906
19.6677	9906	9935
19.6696	9935	9963
19.6715	9963	9991
19.6734	9991	10019
19.6753	10019	10047
19.6772	10047	10075
19.679	10075	10103
19.6809	10103	10131
19.6828	10131	10159
19.6847	10159	10187
19.6866	10187	10215
19.6885	10215	10243
19.6904	10243	10271
19.6923	10271	10298
19.6942	10298	10325
19.696	10325	10352
19.6979	10352	10379
19.6998	10379	10406
19.7017	10406	10433
19.7036	10433	10460
19.7055	10460	10487
19.7074	10487	10514
19.7093	10514	10541
19.7111	10541	10568
19.713	10568	10595
19.7149	10595	10622
19.7168	10622	10649
19.7187	10649	10675
19.7206	10675	10701
19.7225	10701	10727
19.7244	10727	10753
19.7262	10753	10779
19.7281	10779	10805
19.73	10805	10831
19.7319	10831	10857
19.7338	10857	10883
19.7357	10883	10909
19.7376	10909	10935
19.7395	10935	10961
19.7414	10961	10987
19.7432	10987	11013
19.7451	11013	11039
19.747	11039	11065
19.7489	11065	11090
19.7508	11090	11115
19.7527	11115	11140
19.7546	11140	11165
19.7565	11165	11190
19.7583	11190	11215
19.7602	11215	11240
19.7621	11240	11265
19.764	11265	11290
19.7659	11290	11315
19.7678	11315	11340
19.7697	11340	11365
19.7716	11365	11390
19.7734	11390	11415
19.7753	11415	11440
19.7772	11440	11465
19.7791	11465	11490
19.781	11490	11515
19.7829	11515	11539
19.7848	11539	11563
19.7867	11563	11587
19.7886	11587	11611
19.7904	11611	11635
19.7923	11635	11659
19.7942	11659	11683
19.7961	11683	11707
19.798	11707	11731
19.7999	11731	11755
19.8018	11755	11779
19.8037	11779	11803
19.8055	11803	11827
19.8074	11827	11851
19.8093	11851	11875
19.8112	11875	11899
19.8131	11899	11923
19.815	11923	11947
19.8169	11947	11971
19.8188	11971	11994
19.8206	11994	12017
19.8225	12017	12040
19.8244	12040	12063
19.8263	12063	12086
19.8282	12086	12109
19.8301	12109	12132
19.832	12132	12155
19.8339	12155	12178
19.8358	12178	12201
19.8376	12201	12224
19.8395	12224	12247
19.8414	12247	12270
19.8433	12270	12293
19.8452	12293	12316
19.8471	12316	12339
19.849	12339	12362
19.8509	12362	12385
19.8527	12385	12408
19.8546	12408	12431
19.8565	12431	12454
19.8584	12454	12477
19.8603	12477	12500
19.865	12500	11792
19.8754	11792	11524
19.8764	11524	11256
19.8773	11256	10988
19.8782	10988	10720
19.8792	10720	10452
19.8801	10452	10184
19.8811	10184	9916
19.882	9916	9648
19.883	9648	9380
19.8839	9380	9112
19.8849	9112	8844
19.8858	8844	5628
19.8858	5628	5679
19.8877	5679	5729
19.8896	5729	5779
19.8914	5779	5828
19.8933	5828	5877
19.8952	5877	5925
19.8971	5925	5973
19.899	5973	6021
19.9009	6021	6068
19.9028	6068	6115
19.9047	6115	6161
19.9066	6161	6207
19.9084	6207	6253
19.9103	6253	6298
19.9122	6298	6343
19.9141	6343	6388
19.916	6388	6432
19.9179	6432	6476
19.9198	6476	6520
19.9217	6520	6564
19.9235	6564	6607
19.9254	6607	6650
19.9273	6650	6693
19.9292	6693	6735
19.9311	6735	6777
19.933	6777	6819
19.9349	6819	6861
19.9368	6861	6902
19.9386	6902	6943
19.9405	6943	6984
19.9424	6984	7025
19.9443	7025	7065
19.9462	7065	7105
19.9481	7105	7145
19.95	7145	7185
19.9519	7185	7224
19.9538	7224	7263
19.9556	7263	7302
19.9575	7302	7341
19.9594	7341	7380
19.9613	7380	7418
19.9632	7418	7456
19.9651	7456	7494
19.967	7494	7532
19.9689	7532	7570
19.9707	7570	7607
19.9726	7607	7644
19.9745	7644	7681
19.9764	7681	7718
19.9783	7718	7755
19.9802	7755	7792
19.9821	7792	7828
19.984	7828	7864
19.9858	7864	7900
19.9877	7900	7936
19.9896	7936	7972
19.9915	7972	8008
19.9934	8008	8043
19.9953	8043	8078
19.9972	8078	8113
19.9991	8113	8148
