1.00419	0	0.004
1.0093	0.004	0.004125
1.01119	0.004125	0.00448437
1.01308	0.00448437	0.00504883
1.01497	0.00504883	0.00566772
1.01685	0.00566772	0.00645926
1.01874	0.00645926	0.00740185
1.02063	0.00740185	0.00785162
1.02252	0.00785162	0.00824517
1.02441	0.00824517	0.00858952
1.02629	0.00858952	0.00914083
1.02818	0.00914083	0.00974822
1.03007	0.00974822	0.0102797
1.03196	0.0102797	0.0108697
1.03385	0.0108697	0.011386
1.03573	0.011386	0.0118378
1.03762	0.0118378	0.012483
1.03951	0.012483	0.0130477
1.06783	0.0130477	0.0144167
1.06972	0.0144167	0.0157396
1.07161	0.0157396	0.0168972
1.07349	0.0168972	0.01791
1.07538	0.01791	0.0189213
1.07727	0.0189213	0.0198061
1.07916	0.0198061	0.0205803
1.08105	0.0205803	0.0211328
1.08293	0.0211328	0.0212412
1.08482	0.0212412	0.021086
1.08671	0.021086	0.0198253
1.0886	0.0198253	0.0187221
1.09049	0.0187221	0.0177569
1.09237	0.0177569	0.0171623
1.09426	0.0171623	0.016642
1.09615	0.016642	0.0163117
1.09804	0.0163117	0.0160228
1.09993	0.0160228	0.0156449
1.10277	0.0156449	0.0154393
1.11599	0.0154393	0.0148844
1.12258	0.0148844	0.0140238
1.12447	0.0140238	0.0133959
1.12668	0.0133959	0.0124714
1.1295	0.0124714	0.0117875
1.13171	0.0117875	0.011189
1.1336	0.011189	0.0106654
1.13549	0.0106654	0.0100822
1.13769	0.0100822	0.00957194
1.13957	0.00957194	0.00912545
1.14146	0.00912545	0.00873477
1.14366	0.00873477	0.00839292
1.14555	0.00839292	0.00809381
1.14744	0.00809381	0.00783208
1.14932	0.00783208	0.00785307
1.15121	0.00785307	0.00787143
1.1531	0.00787143	0.0078875
1.15499	0.0078875	0.00777657
1.15688	0.00777657	0.00767949
1.15876	0.00767949	0.00759456
1.16065	0.00759456	0.00752024
1.16254	0.00752024	0.00758021
1.16443	0.00758021	0.00763268
1.16632	0.00763268	0.0076786
1.1682	0.0076786	0.00771877
1.17009	0.00771877	0.00775392
1.17198	0.00775392	0.00765968
1.17387	0.00765968	0.00757722
1.17576	0.00757722	0.00750507
1.17764	0.00750507	0.00744194
1.17953	0.00744194	0.00751169
1.18142	0.00751169	0.00782273
1.18331	0.00782273	0.00809489
1.1852	0.00809489	0.00833303
1.18708	0.00833303	0.0085414
1.18897	0.0085414	0.00859872
1.19086	0.00859872	0.00864888
1.19275	0.00864888	0.00869277
1.19464	0.00869277	0.00873117
1.19652	0.00873117	0.00876478
1.19841	0.00876478	0.00891918
1.2003	0.00891918	0.00905428
1.20219	0.00905428	0.00917249
1.20408	0.00917249	0.00927593
1.20596	0.00927593	0.00924144
1.20785	0.00924144	0.00921126
1.20974	0.00921126	0.00918485
1.21163	0.00918485	0.00916175
1.21352	0.00916175	0.00914153
1.2154	0.00914153	0.00924884
1.21729	0.00924884	0.00934273
1.21918	0.00934273	0.00942489
1.22107	0.00942489	0.00974678
1.22296	0.00974678	0.00990343
1.22484	0.00990343	0.0100405
1.22673	0.0100405	0.0101604
1.22862	0.0101604	0.0102654
1.23051	0.0102654	0.0103572
1.2324	0.0103572	0.0104376
1.23428	0.0104376	0.0106329
1.23617	0.0106329	0.0108038
1.23806	0.0108038	0.0109533
1.23995	0.0109533	0.0109591
1.24184	0.0109591	0.0109642
1.24372	0.0109642	0.0109687
1.24561	0.0109687	0.0109726
1.2475	0.0109726	0.010976
1.24939	0.010976	0.010979
1.25128	0.010979	0.0111067
1.25316	0.0111067	0.0112183
1.25505	0.0112183	0.011316
1.25694	0.011316	0.0112765
1.25883	0.0112765	0.011242
1.26072	0.011242	0.0112117
1.2626	0.0112117	0.0111853
1.26449	0.0111853	0.0111621
1.26638	0.0111621	0.0111418
1.26827	0.0111418	0.0113741
1.27016	0.0113741	0.0117023
1.27204	0.0117023	0.0119895
1.27393	0.0119895	0.0121159
1.27582	0.0121159	0.0122264
1.27771	0.0122264	0.0123231
1.2796	0.0123231	0.0124077
1.28148	0.0124077	0.0124817
1.28337	0.0124817	0.0125465
1.28526	0.0125465	0.0126032
1.28715	0.0126032	0.0127778
1.28904	0.0127778	0.0129306
1.29092	0.0129306	0.0129392
1.29281	0.0129392	0.0129468
1.2947	0.0129468	0.0129535
1.29659	0.0129535	0.0129593
1.29848	0.0129593	0.0129644
1.30036	0.0129644	0.0129688
1.30225	0.0129688	0.0129727
1.30414	0.0129727	0.0131011
1.30603	0.0131011	0.0132135
1.30792	0.0132135	0.0131868
1.3098	0.0131868	0.0131635
1.31169	0.0131635	0.013143
1.31358	0.013143	0.0131251
1.31547	0.0131251	0.0131095
1.31736	0.0131095	0.0130958
1.31924	0.0130958	0.0130838
1.32113	0.0130838	0.0131984
1.32302	0.0131984	0.0135486
1.32491	0.0135486	0.01373
1.3268	0.01373	0.0138887
1.32868	0.0138887	0.0140276
1.33057	0.0140276	0.0141492
1.33246	0.0141492	0.0142555
1.33435	0.0142555	0.0143486
1.33624	0.0143486	0.01443
1.33812	0.01443	0.0145013
1.34001	0.0145013	0.0146886
1.3419	0.0146886	0.0147275
1.34379	0.0147275	0.0147616
1.34568	0.0147616	0.0147914
1.34756	0.0147914	0.0148175
1.34945	0.0148175	0.0148403
1.35134	0.0148403	0.0148602
1.35323	0.0148602	0.0148777
1.35512	0.0148777	0.014893
1.357	0.014893	0.0150314
1.35889	0.0150314	0.0150275
1.37684	0.0150275	0.014774
2.58698	0.014774	0.0385523
2.59296	0.0385523	0.0344832
2.59893	0.0344832	0.0309228
2.60491	0.0309228	0.0278075
2.61088	0.0278075	0.0250815
2.61591	0.0250815	0.0233213
2.62094	0.0233213	0.0216562
2.62597	0.0216562	0.0201992
2.62786	0.0201992	0.0185493
2.63195	0.0185493	0.0169806
2.63383	0.0169806	0.015608
2.63792	0.015608	0.014407
2.63981	0.014407	0.0133561
2.64389	0.0133561	0.0124366
2.64578	0.0124366	0.011882
2.64892	0.011882	0.0115218
2.65081	0.0115218	0.0109566
2.65396	0.0109566	0.010587
2.65584	0.010587	0.0101386
2.65773	0.0101386	0.00974629
2.65993	0.00974629	0.00927801
2.66182	0.00927801	0.00886826
2.66371	0.00886826	0.00850972
2.6659	0.00850972	0.00819601
2.66779	0.00819601	0.00792151
2.66968	0.00792151	0.00768132
2.67157	0.00768132	0.00772115
2.67346	0.00772115	0.00775601
2.67534	0.00775601	0.00778651
2.67723	0.00778651	0.00781319
2.67912	0.00781319	0.00783654
2.68101	0.00783654	0.00785698
2.6829	0.00785698	0.00774985
2.68478	0.00774985	0.00765612
2.68667	0.00765612	0.00757411
2.68856	0.00757411	0.00750234
2.69045	0.00750234	0.00756455
2.69234	0.00756455	0.00761898
2.69422	0.00761898	0.00766661
2.69611	0.00766661	0.00770828
2.698	0.00770828	0.00774474
2.69989	0.00774474	0.00765165
2.70178	0.00765165	0.00757019
2.70366	0.00757019	0.00774892
2.70555	0.00774892	0.0079053
2.70744	0.0079053	0.00804214
2.70933	0.00804214	0.00828687
2.71122	0.00828687	0.00850101
2.7131	0.00850101	0.00868839
2.71499	0.00868839	0.00872734
2.71688	0.00872734	0.00876142
2.71877	0.00876142	0.00879124
2.72066	0.00879124	0.00881734
2.72254	0.00881734	0.00884017
2.72443	0.00884017	0.00898515
2.72632	0.00898515	0.009112
2.72821	0.009112	0.009223
2.7301	0.009223	0.00932013
2.73198	0.00932013	0.00928011
2.73387	0.00928011	0.0092451
2.73576	0.0092451	0.00921446
2.73765	0.00921446	0.00918765
2.73954	0.00918765	0.00916419
2.74142	0.00916419	0.00926867
2.74331	0.00926867	0.00936009
2.7452	0.00936009	0.00969007
2.74709	0.00969007	0.00997881
2.74898	0.00997881	0.0101065
2.75086	0.0101065	0.0102182
2.75275	0.0102182	0.0103159
2.75464	0.0103159	0.0104014
2.75653	0.0104014	0.0104762
2.75842	0.0104762	0.0105417
2.7603	0.0105417	0.010724
2.76219	0.010724	0.0108835
2.76408	0.0108835	0.011023
2.76597	0.011023	0.0110202
2.76786	0.0110202	0.0110176
2.76974	0.0110176	0.0110154
2.77163	0.0110154	0.0110135
2.77352	0.0110135	0.0110118
2.77541	0.0110118	0.0110103
2.7773	0.0110103	0.011134
2.77918	0.011134	0.0112423
2.78107	0.0112423	0.011337
2.78296	0.011337	0.0112949
2.78485	0.0112949	0.011258
2.78674	0.011258	0.0112258
2.78862	0.0112258	0.0111975
2.79051	0.0111975	0.0111729
2.7924	0.0111729	0.0114012
2.79429	0.0114012	0.0116011
2.79618	0.0116011	0.011901
2.79806	0.011901	0.0121633
2.79995	0.0121633	0.0122679
2.80184	0.0122679	0.0123594
2.80373	0.0123594	0.0124395
2.80562	0.0124395	0.0125096
2.8075	0.0125096	0.0125709
2.80939	0.0125709	0.0126245
2.81128	0.0126245	0.0126714
2.81317	0.0126714	0.0128375
2.81506	0.0128375	0.0129828
2.81694	0.0129828	0.012985
2.81883	0.012985	0.0129868
2.82072	0.0129868	0.0129885
2.82261	0.0129885	0.0129899
2.8245	0.0129899	0.0129912
2.82638	0.0129912	0.0129923
2.82827	0.0129923	0.0129933
2.83016	0.0129933	0.0131191
2.83205	0.0131191	0.0132292
2.83394	0.0132292	0.0132006
2.83582	0.0132006	0.0131755
2.83771	0.0131755	0.0131536
2.8396	0.0131536	0.0131344
2.84149	0.0131344	0.0131176
2.84338	0.0131176	0.0131029
2.84526	0.0131029	0.01309
2.84715	0.01309	0.0133288
2.84904	0.0133288	0.0136627
2.85093	0.0136627	0.0138298
2.85282	0.0138298	0.0139761
2.8547	0.0139761	0.0141041
2.85659	0.0141041	0.0142161
2.85848	0.0142161	0.0143141
2.86037	0.0143141	0.0143998
2.86226	0.0143998	0.0144748
2.86414	0.0144748	0.0145405
2.86603	0.0145405	0.0147229
2.86792	0.0147229	0.0147576
2.86981	0.0147576	0.0147879
2.8717	0.0147879	0.0148144
2.87358	0.0148144	0.0148376
2.87547	0.0148376	0.0148579
2.87736	0.0148579	0.0148756
2.87925	0.0148756	0.0148912
2.88114	0.0148912	0.0149048
2.88302	0.0149048	0.0150417
2.88491	0.0150417	0.0150365
2.8868	0.0150365	0.0150319
2.88869	0.0150319	0.0150279
2.89058	0.0150279	0.0150244
2.89246	0.0150244	0.0150214
2.89435	0.0150214	0.0150187
2.89624	0.0150187	0.0150164
2.89813	0.0150164	0.0150143
2.90002	0.0150143	0.0151375
2.9019	0.0151375	0.0151203
2.90379	0.0151203	0.0151053
2.90568	0.0151053	0.0150921
2.90757	0.0150921	0.0150806
2.90946	0.0150806	0.0153205
2.91134	0.0153205	0.0155305
2.91323	0.0155305	0.0157142
2.91512	0.0157142	0.0158749
2.91701	0.0158749	0.0160155
2.9189	0.0160155	0.0161386
2.92078	0.0161386	0.0162463
2.92267	0.0162463	0.0163405
2.92456	0.0163405	0.0164229
2.92645	0.0164229	0.0164951
2.92834	0.0164951	0.0165582
2.93022	0.0165582	0.0166134
2.93211	0.0166134	0.0166617
2.934	0.0166617	0.016704
2.93589	0.016704	0.016741
2.93778	0.016741	0.0167734
2.93966	0.0167734	0.0168017
2.94155	0.0168017	0.0168265
2.94344	0.0168265	0.0168482
2.94533	0.0168482	0.0168672
2.94722	0.0168672	0.0168838
2.9491	0.0168838	0.0168983
2.95099	0.0168983	0.016786
2.95288	0.016786	0.0168128
2.95477	0.0168128	0.0168362
2.95666	0.0168362	0.0168566
2.95854	0.0168566	0.0168746
2.96043	0.0168746	0.0168902
2.96232	0.0168902	0.016904
2.96421	0.016904	0.016916
2.9661	0.016916	0.0169265
2.96798	0.0169265	0.0169357
2.96987	0.0169357	0.0169437
2.97176	0.0169437	0.0169507
2.97365	0.0169507	0.0169569
2.97554	0.0169569	0.0169623
2.97742	0.0169623	0.016967
2.97931	0.016967	0.0169711
2.9812	0.0169711	0.0172247
2.98309	0.0172247	0.0174466
2.98498	0.0174466	0.0175158
2.98686	0.0175158	0.0177013
2.98875	0.0177013	0.0178637
2.99064	0.0178637	0.0180057
2.99253	0.0180057	0.01813
2.99442	0.01813	0.0182387
2.9963	0.0182387	0.0183339
2.99819	0.0183339	0.0184172
3.00008	0.0184172	0.01849
3.00197	0.01849	0.0184288
3.00386	0.0184288	0.0185002
3.00574	0.0185002	0.0185626
3.00763	0.0185626	0.0186173
3.00952	0.0186173	0.0186652
3.01141	0.0186652	0.018707
3.0133	0.018707	0.0187436
3.01518	0.0187436	0.0187757
3.01707	0.0187757	0.0188037
3.01896	0.0188037	0.0187033
3.02085	0.0187033	0.0187403
3.02274	0.0187403	0.0187728
3.02462	0.0187728	0.0188012
3.02651	0.0188012	0.0188261
3.0284	0.0188261	0.0188478
3.03029	0.0188478	0.0188668
3.03218	0.0188668	0.0188835
3.03406	0.0188835	0.018898
3.03595	0.018898	0.0187858
3.03784	0.0187858	0.0188126
3.03973	0.0188126	0.018836
3.04162	0.018836	0.0188565
3.0435	0.0188565	0.0188744
3.04539	0.0188744	0.0188901
3.04728	0.0188901	0.0189039
3.04917	0.0189039	0.0189159
3.05106	0.0189159	0.0189264
3.05294	0.0189264	0.0188106
3.05483	0.0188106	0.0188343
3.05672	0.0188343	0.018855
3.05861	0.018855	0.0188731
3.0605	0.0188731	0.019139
3.06238	0.019139	0.0193716
3.06427	0.0193716	0.0195751
3.06616	0.0195751	0.0197533
3.06805	0.0197533	0.0199091
3.06994	0.0199091	0.0199205
3.07182	0.0199205	0.0199304
3.07371	0.0199304	0.0200641
3.0756	0.0200641	0.0201811
3.07749	0.0201811	0.0202835
3.07938	0.0202835	0.020373
3.08126	0.020373	0.0204514
3.08315	0.0204514	0.02052
3.08504	0.02052	0.02058
3.08693	0.02058	0.0205075
3.08882	0.0205075	0.020444
3.0907	0.020444	0.0205135
3.09259	0.0205135	0.0205743
3.09448	0.0205743	0.0206275
3.09637	0.0206275	0.0206741
3.09826	0.0206741	0.0207148
3.10014	0.0207148	0.0207505
3.10203	0.0207505	0.0207817
3.10392	0.0207817	0.020684
3.10581	0.020684	0.0205985
3.1077	0.0205985	0.0206487
3.10958	0.0206487	0.0206926
3.11147	0.0206926	0.020731
3.11336	0.020731	0.0207646
3.11525	0.0207646	0.020794
3.11714	0.020794	0.0208198
3.11902	0.0208198	0.0208423
3.12091	0.0208423	0.020737
3.1228	0.020737	0.0206449
3.12469	0.0206449	0.0206893
3.12658	0.0206893	0.0207281
3.12846	0.0207281	0.0207621
3.13035	0.0207621	0.0207918
3.1549	0.0207918	0.0206929
3.15678	0.0206929	0.0207313
3.15867	0.0207313	0.0208898
3.16056	0.0208898	0.0210286
3.16245	0.0210286	0.02115
3.16434	0.02115	0.0212563
3.16622	0.0212563	0.0212242
3.16811	0.0212242	0.0209462
3.17	0.0209462	0.0204529
3.17189	0.0204529	0.0190213
3.17378	0.0190213	0.0177687
3.17566	0.0177687	0.0169226
3.17755	0.0169226	0.0161823
3.17944	0.0161823	0.0155345
3.18133	0.0155345	0.0149677
3.18322	0.0149677	0.0145967
3.1851	0.0145967	0.0142721
3.18699	0.0142721	0.0138631
3.18888	0.0138631	0.0135052
3.19077	0.0135052	0.0131921
3.19266	0.0131921	0.0129181
3.19454	0.0129181	0.0126783
3.19643	0.0126783	0.0124685
3.19832	0.0124685	0.0124099
3.20021	0.0124099	0.0123587
3.2021	0.0123587	0.0123139
3.20398	0.0123139	0.0121496
3.20587	0.0121496	0.0120059
3.20776	0.0120059	0.0118802
3.20965	0.0118802	0.0117702
3.21154	0.0117702	0.0116739
3.21342	0.0116739	0.0115897
3.21531	0.0115897	0.0116409
3.2172	0.0116409	0.0116858
3.21909	0.0116858	0.0117251
3.22098	0.0117251	0.0116345
3.22286	0.0116345	0.0118052
3.22475	0.0118052	0.0119545
3.22664	0.0119545	0.0120852
3.22853	0.0120852	0.0121995
3.23042	0.0121995	0.0122996
3.2323	0.0122996	0.0123871
3.23419	0.0123871	0.0125888
3.23608	0.0125888	0.0127652
3.23797	0.0127652	0.0127945
3.23986	0.0127945	0.0128202
3.24174	0.0128202	0.0128427
3.24363	0.0128427	0.0128623
3.24552	0.0128623	0.0128795
3.24741	0.0128795	0.0128946
3.2493	0.0128946	0.0129078
3.25118	0.0129078	0.0130443
3.25307	0.0130443	0.0131638
3.25496	0.0131638	0.0131433
3.25685	0.0131433	0.0131254
3.25874	0.0131254	0.0131097
3.26062	0.0131097	0.013096
3.26251	0.013096	0.013084
3.2644	0.013084	0.0130735
3.26629	0.0130735	0.0130643
3.26818	0.0130643	0.0131813
3.27006	0.0131813	0.0132836
3.27195	0.0132836	0.0132482
3.27384	0.0132482	0.0132171
3.27573	0.0132171	0.01319
3.27762	0.01319	0.0134162
3.28046	0.0134162	0.0137392
3.29555	0.0137392	0.0136468
3.29744	0.0136468	0.013691
3.29933	0.013691	0.0137296
3.30122	0.0137296	0.0137634
3.3031	0.0137634	0.013793
3.30499	0.013793	0.0134438
3.30719	0.0134438	0.0125134
3.30908	0.0125134	0.0119492
3.31097	0.0119492	0.0113305
3.31285	0.0113305	0.0109142
3.31474	0.0109142	0.0104249
3.31663	0.0104249	0.00999683
3.31852	0.00999683	0.00974722
3.32041	0.00974722	0.00952882
3.32229	0.00952882	0.00933772
3.32418	0.00933772	0.0091705
3.32607	0.0091705	0.00902419
3.32796	0.00902419	0.00877117
3.32985	0.00877117	0.00854977
3.33173	0.00854977	0.00835605
3.33362	0.00835605	0.00818654
3.33551	0.00818654	0.00816322
3.3374	0.00816322	0.00814282
3.33929	0.00814282	0.00812497
3.34117	0.00812497	0.00835935
3.34306	0.00835935	0.00856443
3.34495	0.00856443	0.00861887
3.34684	0.00861887	0.00866651
3.34873	0.00866651	0.0087082
3.35061	0.0087082	0.00874467
3.3525	0.00874467	0.00877659
3.35439	0.00877659	0.00892952
3.35628	0.00892952	0.00906333
3.35817	0.00906333	0.00918041
3.36005	0.00918041	0.00928286
3.36194	0.00928286	0.0092475
3.36383	0.0092475	0.00921656
3.36572	0.00921656	0.00918949
3.36761	0.00918949	0.0091658
3.36949	0.0091658	0.00914508
3.37138	0.00914508	0.00925194
3.37327	0.00925194	0.00934545
3.37516	0.00934545	0.00942727
3.37705	0.00942727	0.00949886
3.37893	0.00949886	0.0094365
3.38082	0.0094365	0.00963194
3.38271	0.00963194	0.00980294
3.3846	0.00980294	0.00995258
3.38649	0.00995258	0.0100835
3.38837	0.0100835	0.0101981
3.39026	0.0101981	0.0104233
3.39215	0.0104233	0.0106204
3.39404	0.0106204	0.0107928
3.39593	0.0107928	0.0108187
3.39781	0.0108187	0.0108414
3.3997	0.0108414	0.0108612
3.40159	0.0108612	0.0108786
3.40348	0.0108786	0.0108937
3.40537	0.0108937	0.010907
3.40725	0.010907	0.0110436
3.40914	0.0110436	0.0111632
3.41103	0.0111632	0.0112678
3.41292	0.0112678	0.0112343
3.41481	0.0112343	0.011205
3.41669	0.011205	0.0111794
3.41858	0.0111794	0.011157
3.42047	0.011157	0.0111374
3.42236	0.0111374	0.0111202
3.42425	0.0111202	0.0112302
3.42613	0.0112302	0.0113264
3.42802	0.0113264	0.0116606
3.42991	0.0116606	0.011828
3.4318	0.011828	0.0119745
3.43369	0.0119745	0.0121027
3.43557	0.0121027	0.0122149
3.43746	0.0122149	0.012313
3.43935	0.012313	0.0123989
3.44124	0.0123989	0.012474
3.44313	0.012474	0.0126648
3.44501	0.0126648	0.0128317
3.4469	0.0128317	0.0128527
3.44879	0.0128527	0.0128711
3.45068	0.0128711	0.0128872
3.45257	0.0128872	0.0129013
3.45445	0.0129013	0.0129137
3.45634	0.0129137	0.0129245
3.45823	0.0129245	0.0129339
3.46012	0.0129339	0.0130672
3.46201	0.0130672	0.0131838
3.46389	0.0131838	0.0131608
3.46578	0.0131608	0.0131407
3.46767	0.0131407	0.0131231
3.46956	0.0131231	0.0131077
3.47145	0.0131077	0.0130943
3.47333	0.0130943	0.0130825
3.47522	0.0130825	0.0130722
3.47711	0.0130722	0.0131881
3.479	0.0131881	0.0131646
3.48089	0.0131646	0.013144
3.48277	0.013144	0.013376
3.48466	0.013376	0.013579
3.48655	0.013579	0.0137567
3.50356	0.0137567	0.0136621
3.51015	0.0136621	0.0134543
3.51204	0.0134543	0.0132725
3.51393	0.0132725	0.0127385
3.51581	0.0127385	0.0118961
3.51801	0.0118961	0.0111591
3.5199	0.0111591	0.0105142
3.52179	0.0105142	0.00994996
3.52368	0.00994996	0.00970621
3.52556	0.00970621	0.00936794
3.52745	0.00936794	0.00919694
3.52934	0.00919694	0.00904733
3.53123	0.00904733	0.00891641
3.53312	0.00891641	0.00880186
3.535	0.00880186	0.00870162
3.53689	0.00870162	0.00848892
3.53878	0.00848892	0.0083028
3.54067	0.0083028	0.00813995
3.54256	0.00813995	0.00799746
3.54444	0.00799746	0.00799778
3.54633	0.00799778	0.00799805
3.54822	0.00799805	0.0079983
3.55011	0.0079983	0.00799851
3.552	0.00799851	0.00787369
3.55388	0.00787369	0.00776448
3.55577	0.00776448	0.00791892
3.55766	0.00791892	0.00805406
3.55955	0.00805406	0.0081723
3.56144	0.0081723	0.00840076
3.56332	0.00840076	0.00860067
3.56521	0.00860067	0.00877558
3.5671	0.00877558	0.00892863
3.56899	0.00892863	0.00893755
3.57088	0.00893755	0.00894536
3.57276	0.00894536	0.00895219
3.57465	0.00895219	0.00895816
3.57654	0.00895816	0.00896339
3.57843	0.00896339	0.00909297
3.58032	0.00909297	0.00920635
3.5822	0.00920635	0.00930555
3.58409	0.00930555	0.00939236
3.58598	0.00939236	0.00934331
3.58787	0.00934331	0.0093004
3.58976	0.0093004	0.00926285
3.59164	0.00926285	0.00922999
3.59353	0.00922999	0.00920124
3.59542	0.00920124	0.00942609
3.59731	0.00942609	0.00974783
3.5992	0.00974783	0.0100293
3.60108	0.0100293	0.0102757
3.60297	0.0102757	0.0103662
3.60486	0.0103662	0.0104454
3.60675	0.0104454	0.0105148
3.60864	0.0105148	0.0105754
3.61052	0.0105754	0.0106285
3.61241	0.0106285	0.0106749
3.6143	0.0106749	0.0108406
3.61619	0.0108406	0.0109855
3.61808	0.0109855	0.0111123
3.61996	0.0111123	0.0110983
3.62185	0.0110983	0.011086
3.62374	0.011086	0.0110752
3.62563	0.0110752	0.0110658
3.62752	0.0110658	0.0110576
3.6294	0.0110576	0.0110504
3.63129	0.0110504	0.0111691
3.63318	0.0111691	0.011273
3.63507	0.011273	0.0113638
3.63696	0.0113638	0.0113184
3.63884	0.0113184	0.0112786
3.64073	0.0112786	0.0112437
3.64262	0.0112437	0.0114633
3.64451	0.0114633	0.0116554
3.6464	0.0116554	0.0118234
3.64828	0.0118234	0.0119705
3.65017	0.0119705	0.0122242
3.65206	0.0122242	0.0124462
3.65395	0.0124462	0.0125154
3.65584	0.0125154	0.012576
3.65772	0.012576	0.012629
3.65961	0.012629	0.0126754
3.6615	0.0126754	0.0127159
3.66339	0.0127159	0.0127514
3.66528	0.0127514	0.0127825
3.66812	0.0127825	0.0130597
3.68227	0.0130597	0.0129272
3.68416	0.0129272	0.0130613
3.68604	0.0130613	0.0131787
3.68793	0.0131787	0.0131563
3.68982	0.0131563	0.0128868
3.69202	0.0128868	0.0120259
3.69391	0.0120259	0.0112727
3.6958	0.0112727	0.0106136
3.69799	0.0106136	0.00991191
3.69988	0.00991191	0.00942292
3.70177	0.00942292	0.00924505
3.70366	0.00924505	0.00908942
3.70555	0.00908942	0.00895324
3.70743	0.00895324	0.00883409
3.70932	0.00883409	0.00872983
3.71121	0.00872983	0.0086386
3.7131	0.0086386	0.00855877
3.71499	0.00855877	0.00836392
3.71687	0.00836392	0.00819343
3.71876	0.00819343	0.00804425
3.72065	0.00804425	0.00791372
3.72254	0.00791372	0.00792451
3.72443	0.00792451	0.00793394
3.72631	0.00793394	0.0079422
3.7282	0.0079422	0.00794942
3.73009	0.00794942	0.00795575
3.73198	0.00795575	0.00783628
3.73387	0.00783628	0.00798174
3.73575	0.00798174	0.00810902
3.73764	0.00810902	0.0082204
3.73953	0.0082204	0.00831785
3.74142	0.00831785	0.00852811
3.74331	0.00852811	0.0087121
3.74519	0.0087121	0.00887309
3.74708	0.00887309	0.00901395
3.74897	0.00901395	0.00901221
3.75086	0.00901221	0.00901068
3.75275	0.00901068	0.00900935
3.75463	0.00900935	0.00900818
3.75652	0.00900818	0.00900715
3.75841	0.00900715	0.00913126
3.7603	0.00913126	0.00923985
3.76219	0.00923985	0.00933487
3.76407	0.00933487	0.00941801
3.76596	0.00941801	0.00936576
3.76785	0.00936576	0.00932004
3.76974	0.00932004	0.00928003
3.77163	0.00928003	0.00924503
3.77351	0.00924503	0.0094644
3.7754	0.0094644	0.00965635
3.77729	0.00965635	0.00994931
3.77918	0.00994931	0.0102056
3.78107	0.0102056	0.0104299
3.78295	0.0104299	0.0105012
3.78484	0.0105012	0.0105635
3.78673	0.0105635	0.0106181
3.78862	0.0106181	0.0106658
3.79051	0.0106658	0.0107076
3.79239	0.0107076	0.0107442
3.79428	0.0107442	0.0109011
3.79617	0.0109011	0.0110385
3.79806	0.0110385	0.0111587
3.79995	0.0111587	0.0111388
3.80183	0.0111388	0.0111215
3.80372	0.0111215	0.0111063
3.80561	0.0111063	0.011093
3.8075	0.011093	0.0110814
3.80939	0.0110814	0.0110712
3.81127	0.0110712	0.0111873
3.81316	0.0111873	0.0112889
3.81505	0.0112889	0.0113778
3.81694	0.0113778	0.0113306
3.81883	0.0113306	0.0112892
3.82071	0.0112892	0.0115031
3.8226	0.0115031	0.0116902
3.82449	0.0116902	0.0118539
3.82638	0.0118539	0.0119972
3.82827	0.0119972	0.0121225
3.83015	0.0121225	0.0123572
3.83204	0.0123572	0.0125626
3.83393	0.0125626	0.0126172
3.83582	0.0126172	0.0126651
3.83771	0.0126651	0.012707
3.83959	0.012707	0.0127436
3.84148	0.0127436	0.0127756
3.84337	0.0127756	0.0128037
3.84526	0.0128037	0.0128282
3.84715	0.0128282	0.0129747
3.84903	0.0129747	0.0131029
3.85092	0.0131029	0.01309
3.85281	0.01309	0.0130787
3.8547	0.0130787	0.0130689
3.85659	0.0130689	0.0130603
3.85847	0.0130603	0.0130528
3.86036	0.0130528	0.0130462
3.86225	0.0130462	0.0130404
3.86414	0.0130404	0.0131603
3.86603	0.0131603	0.0132653
3.86791	0.0132653	0.0132321
3.8698	0.0132321	0.0132031
3.87169	0.0132031	0.0131777
3.87358	0.0131777	0.0131555
3.87547	0.0131555	0.0131361
3.87735	0.0131361	0.0133691
3.87924	0.0133691	0.0135729
3.88113	0.0135729	0.0137513
3.88302	0.0137513	0.0140324
3.88491	0.0140324	0.0141533
3.88679	0.0141533	0.0142592
3.88868	0.0142592	0.0143518
3.89057	0.0143518	0.0144328
3.89246	0.0144328	0.0145037
3.89435	0.0145037	0.0145657
3.89623	0.0145657	0.01462
3.89812	0.01462	0.0146675
3.90001	0.0146675	0.0148341
3.9019	0.0148341	0.0148548
3.90379	0.0148548	0.014873
3.90567	0.014873	0.0148888
3.90756	0.0148888	0.0149027
3.90945	0.0149027	0.0149149
3.91134	0.0149149	0.0149255
3.91323	0.0149255	0.0149348
3.91511	0.0149348	0.014943
3.917	0.014943	0.0150751
3.91889	0.0150751	0.0150657
3.92078	0.0150657	0.0150575
3.92267	0.0150575	0.0150503
3.92455	0.0150503	0.015044
3.92644	0.015044	0.0150385
3.92833	0.0150385	0.0150337
3.93022	0.0150337	0.0150295
3.93211	0.0150295	0.0150258
3.93399	0.0150258	0.0150226
3.93588	0.0150226	0.0150198
3.93777	0.0150198	0.0150173
3.93966	0.0150173	0.0152651
3.94155	0.0152651	0.015482
3.94343	0.015482	0.0156717
3.94532	0.0156717	0.0158378
3.94721	0.0158378	0.015983
3.9491	0.015983	0.0161102
3.95099	0.0161102	0.0162214
3.95287	0.0162214	0.0163187
3.95476	0.0163187	0.0164039
3.95665	0.0164039	0.0164784
3.95854	0.0164784	0.0165436
3.96043	0.0165436	0.0166006
3.96231	0.0166006	0.0166506
3.98214	0.0166506	0.0165692
3.98403	0.0165692	0.0166231
3.98591	0.0166231	0.0166702
3.9878	0.0166702	0.0167114
3.98969	0.0167114	0.0167475
3.99158	0.0167475	0.0165291
3.99347	0.0165291	0.0160879
3.99535	0.0160879	0.0150769
3.99724	0.0150769	0.0141923
3.99913	0.0141923	0.0134183
4.00102	0.0134183	0.012741
4.00291	0.012741	0.0120234
4.00479	0.0120234	0.0113954
4.00668	0.0113954	0.011096
4.00857	0.011096	0.010834
4.01046	0.010834	0.0106048
4.01235	0.0106048	0.0105292
4.01423	0.0105292	0.010463
4.01612	0.010463	0.0104051
4.01801	0.0104051	0.0103545
4.0199	0.0103545	0.0101852
4.02179	0.0101852	0.010037
4.02367	0.010037	0.00990741
4.02556	0.00990741	0.00979398
4.02745	0.00979398	0.00969473
4.02934	0.00969473	0.00973289
4.03123	0.00973289	0.00976628
4.03311	0.00976628	0.00979549
4.035	0.00979549	0.00982106
4.03689	0.00982106	0.00971842
4.03878	0.00971842	0.00962862
4.04067	0.00962862	0.00955004
4.04255	0.00955004	0.00948129
4.04444	0.00948129	0.00942113
4.04633	0.00942113	0.00961848
4.04822	0.00961848	0.00991617
4.05011	0.00991617	0.0101767
4.05199	0.0101767	0.0102796
4.05388	0.0102796	0.0103696
4.05577	0.0103696	0.0104484
4.05766	0.0104484	0.0105174
4.05955	0.0105174	0.0105777
4.06143	0.0105777	0.0106305
4.06332	0.0106305	0.0108017
4.06521	0.0108017	0.0109515
4.0671	0.0109515	0.0110825
4.06899	0.0110825	0.0110722
4.07087	0.0110722	0.0110632
4.07276	0.0110632	0.0110553
4.07465	0.0110553	0.0110484
4.07654	0.0110484	0.0110423
4.07843	0.0110423	0.011037
4.08031	0.011037	0.0111574
4.0822	0.0111574	0.0112627
4.08409	0.0112627	0.0113549
4.08598	0.0113549	0.0113105
4.08787	0.0113105	0.0112717
4.08975	0.0112717	0.0112377
4.09164	0.0112377	0.011208
4.09353	0.011208	0.011432
4.09542	0.011432	0.011628
4.09731	0.011628	0.0117995
4.09919	0.0117995	0.0120746
4.10108	0.0120746	0.0123153
4.10297	0.0123153	0.0124008
4.10486	0.0124008	0.0124757
4.10675	0.0124757	0.0125413
4.10863	0.0125413	0.0125986
4.11052	0.0125986	0.0126488
4.11241	0.0126488	0.0126927
4.1143	0.0126927	0.0127311
4.11619	0.0127311	0.0128897
4.11807	0.0128897	0.0130285
4.11996	0.0130285	0.0130249
4.12185	0.0130249	0.0130218
4.12374	0.0130218	0.0130191
4.12563	0.0130191	0.0130167
4.12751	0.0130167	0.0130146
4.1294	0.0130146	0.0130128
4.13129	0.0130128	0.0130112
4.13318	0.0130112	0.0131348
4.13507	0.0131348	0.0132429
4.13695	0.0132429	0.0132126
4.13884	0.0132126	0.013186
4.14073	0.013186	0.0131628
4.14262	0.0131628	0.0131424
4.14451	0.0131424	0.0131246
4.14639	0.0131246	0.013109
4.14828	0.013109	0.0130954
4.15017	0.0130954	0.0133335
4.15206	0.0133335	0.0136668
4.15395	0.0136668	0.0138334
4.15583	0.0138334	0.0139793
4.15772	0.0139793	0.0141069
4.15961	0.0141069	0.0142185
4.1615	0.0142185	0.0143162
4.16339	0.0143162	0.0144017
4.16527	0.0144017	0.0144765
4.16716	0.0144765	0.0145419
4.16905	0.0145419	0.0147242
4.17094	0.0147242	0.0147586
4.17283	0.0147586	0.0147888
4.17471	0.0147888	0.0148152
4.1766	0.0148152	0.0148383
4.17849	0.0148383	0.0148585
4.18038	0.0148585	0.0148762
4.18227	0.0148762	0.0148917
4.18415	0.0148917	0.0149052
4.18604	0.0149052	0.0150421
4.18793	0.0150421	0.0150368
4.18982	0.0150368	0.0150322
4.19171	0.0150322	0.0150282
4.19359	0.0150282	0.0150247
4.19548	0.0150247	0.0150216
4.19737	0.0150216	0.0150189
4.19926	0.0150189	0.0150165
4.20115	0.0150165	0.0150145
4.20303	0.0150145	0.0151376
4.20492	0.0151376	0.0151204
4.20681	0.0151204	0.0151054
4.2087	0.0151054	0.0150922
4.21059	0.0150922	0.0150807
4.21247	0.0150807	0.0153206
4.21436	0.0153206	0.0155305
4.21625	0.0155305	0.0157142
4.21814	0.0157142	0.0158749
4.22003	0.0158749	0.0160156
4.22191	0.0160156	0.0161386
4.2238	0.0161386	0.0162463
4.22569	0.0162463	0.0163405
4.22758	0.0163405	0.0164229
4.22947	0.0164229	0.0164951
4.23135	0.0164951	0.0165582
4.23324	0.0165582	0.0166134
4.23513	0.0166134	0.0166617
4.23702	0.0166617	0.016704
4.23891	0.016704	0.016741
4.24079	0.016741	0.0167734
4.24268	0.0167734	0.0168017
4.24457	0.0168017	0.0168265
4.24646	0.0168265	0.0168482
4.24835	0.0168482	0.0168672
4.25023	0.0168672	0.0168838
4.25212	0.0168838	0.0168983
4.25401	0.0168983	0.016911
4.2559	0.016911	0.0169221
4.25779	0.0169221	0.0169319
4.25967	0.0169319	0.0169404
4.26156	0.0169404	0.0169478
4.26345	0.0169478	0.0169544
4.26534	0.0169544	0.0169601
4.26723	0.0169601	0.016965
4.26911	0.016965	0.0169694
4.271	0.0169694	0.0169732
4.27289	0.0169732	0.0169766
4.27478	0.0169766	0.0169795
4.27667	0.0169795	0.0169821
4.27855	0.0169821	0.0169843
4.28044	0.0169843	0.0169863
4.28233	0.0169863	0.016988
4.28422	0.016988	0.0172395
4.28611	0.0172395	0.0174596
4.28799	0.0174596	0.0175271
4.28988	0.0175271	0.0175862
4.29177	0.0175862	0.0177629
4.29366	0.0177629	0.0179176
4.29555	0.0179176	0.0180529
4.29743	0.0180529	0.0181713
4.29932	0.0181713	0.0182749
4.30121	0.0182749	0.0183655
4.3031	0.0183655	0.0184448
4.30499	0.0184448	0.0183892
4.30687	0.0183892	0.0184656
4.30876	0.0184656	0.0185324
4.31065	0.0185324	0.0185908
4.31254	0.0185908	0.018642
4.31443	0.018642	0.0186867
4.31631	0.0186867	0.0187259
4.3182	0.0187259	0.0187601
4.32009	0.0187601	0.0187901
4.32198	0.0187901	0.0186914
4.32387	0.0186914	0.0187299
4.32575	0.0187299	0.0187637
4.32764	0.0187637	0.0187932
4.32953	0.0187932	0.0188191
4.33142	0.0188191	0.0188417
4.33331	0.0188417	0.0188615
4.33519	0.0188615	0.0188788
4.33708	0.0188788	0.0188939
4.33897	0.0188939	0.0187822
4.34086	0.0187822	0.0188094
4.34275	0.0188094	0.0188332
4.34463	0.0188332	0.0188541
4.34652	0.0188541	0.0188723
4.34841	0.0188723	0.0188883
4.3503	0.0188883	0.0189023
4.35219	0.0189023	0.0189145
4.35407	0.0189145	0.0189252
4.35596	0.0189252	0.0188095
4.37862	0.0188095	0.0188333
4.38051	0.0188333	0.0189792
4.38239	0.0189792	0.0191068
4.38428	0.0191068	0.0192184
4.38617	0.0192184	0.0193161
4.38806	0.0193161	0.0194016
4.38995	0.0194016	0.0191014
4.39183	0.0191014	0.0187137
4.39372	0.0187137	0.0174995
4.39561	0.0174995	0.0164371
4.3975	0.0164371	0.0155074
4.39939	0.0155074	0.014819
4.40127	0.014819	0.0142166
4.40316	0.0142166	0.0136896
4.40505	0.0136896	0.0132284
4.40694	0.0132284	0.0126998
4.40883	0.0126998	0.0122373
4.41071	0.0122373	0.0118327
4.4126	0.0118327	0.0114786
4.41449	0.0114786	0.0111688
4.41638	0.0111688	0.0110227
4.41827	0.0110227	0.0111448
4.42015	0.0111448	0.0112517
4.42204	0.0112517	0.0113453
4.42393	0.0113453	0.0113021
4.42582	0.0113021	0.0112643
4.42771	0.0112643	0.0112313
4.42959	0.0112313	0.0112024
4.43148	0.0112024	0.0111771
4.43337	0.0111771	0.011155
4.43526	0.011155	0.0112606
4.43715	0.0112606	0.011353
4.43903	0.011353	0.0114339
4.44092	0.0114339	0.0113796
4.44281	0.0113796	0.0113322
4.4447	0.0113322	0.0112907
4.44659	0.0112907	0.0112543
4.44943	0.0112543	0.0113475
4.46169	0.0113475	0.0111791
4.46358	0.0111791	0.0111567
4.46547	0.0111567	0.0111371
4.46735	0.0111371	0.01112
4.4705	0.01112	0.01098
4.47238	0.01098	0.0104825
4.47553	0.0104825	0.0101722
4.47741	0.0101722	0.00977565
4.4793	0.00977565	0.00942869
4.4815	0.00942869	0.00900011
4.49032	0.00900011	0.00850009
4.49348	0.00850009	0.00831258
4.49945	0.00831258	0.00802351
4.50542	0.00802351	0.00777057
4.51045	0.00777057	0.00817425
4.51548	0.00817425	0.00840247
4.52052	0.00840247	0.00860216
4.5224	0.00860216	0.00840189
4.52649	0.00840189	0.00810165
4.52838	0.00810165	0.00783894
4.53246	0.00783894	0.00760908
4.53435	0.00760908	0.00740794
4.53844	0.00740794	0.00723195
4.54033	0.00723195	0.00732795
4.54347	0.00732795	0.00753696
4.54536	0.00753696	0.00746984
4.54946	0.00746984	0.00766111
4.55732	0.00766111	0.00745347
4.56047	0.00745347	0.00752179
4.56645	0.00752179	0.00733156
4.57242	0.00733156	0.00716512
4.57745	0.00716512	0.00764448
4.58248	0.00764448	0.00793892
4.58751	0.00793892	0.00819655
4.5894	0.00819655	0.00804698
4.59349	0.00804698	0.00779111
4.59538	0.00779111	0.00756722
4.59946	0.00756722	0.00737132
4.60135	0.00737132	0.0071999
4.60544	0.0071999	0.00704991
4.60732	0.00704991	0.00716867
4.61047	0.00716867	0.00739759
4.61236	0.00739759	0.00734789
4.6155	0.00734789	0.0074294
4.61739	0.0074294	0.00737573
4.61927	0.00737573	0.00732876
4.62147	0.00732876	0.00716267
4.62336	0.00716267	0.00701733
4.62525	0.00701733	0.00689016
4.62745	0.00689016	0.00677889
4.62933	0.00677889	0.00668153
4.63122	0.00668153	0.00659634
4.63311	0.00659634	0.0067718
4.635	0.0067718	0.00680032
4.63689	0.00680032	0.00682528
4.63877	0.00682528	0.00684712
4.64066	0.00684712	0.00686623
4.64255	0.00686623	0.00700795
4.64444	0.00700795	0.00713196
4.64633	0.00713196	0.00724046
4.64821	0.00724046	0.0073354
4.6501	0.0073354	0.00741848
4.65199	0.00741848	0.00736617
4.65388	0.00736617	0.0073204
4.65577	0.0073204	0.00728035
4.65765	0.00728035	0.0072453
4.65954	0.0072453	0.00733964
4.66143	0.00733964	0.00742218
4.66332	0.00742218	0.00749441
4.66521	0.00749441	0.00780761
4.66709	0.00780761	0.00808166
4.66898	0.00808166	0.00819645
4.67087	0.00819645	0.00829689
4.67276	0.00829689	0.00838478
4.67465	0.00838478	0.00846168
4.67653	0.00846168	0.00852897
4.67842	0.00852897	0.00871285
4.68031	0.00871285	0.00887374
4.6822	0.00887374	0.00901452
4.68409	0.00901452	0.00913771
4.68597	0.00913771	0.00912049
4.68786	0.00912049	0.00910543
4.68975	0.00910543	0.00909225
4.69164	0.00909225	0.00908072
4.69353	0.00908072	0.00907063
4.69541	0.00907063	0.0091868
4.6973	0.0091868	0.00928845
4.69919	0.00928845	0.00937739
4.70108	0.00937739	0.00945522
4.70297	0.00945522	0.00939832
4.70485	0.00939832	0.00934852
4.70674	0.00934852	0.00955496
4.70863	0.00955496	0.00973559
4.71052	0.00973559	0.00989364
4.71241	0.00989364	0.0100319
4.71429	0.0100319	0.0102779
4.71618	0.0102779	0.0104932
4.71807	0.0104932	0.0106815
4.71996	0.0106815	0.0107214
4.72185	0.0107214	0.0107562
4.72373	0.0107562	0.0107867
4.72562	0.0107867	0.0108133
4.72751	0.0108133	0.0108367
4.7294	0.0108367	0.0108571
4.73129	0.0108571	0.0109999
4.73317	0.0109999	0.011125
4.73506	0.011125	0.0112343
4.73695	0.0112343	0.011205
4.73884	0.011205	0.0111794
4.74073	0.0111794	0.011157
4.74261	0.011157	0.0111374
4.7445	0.0111374	0.0111202
4.74639	0.0111202	0.0111052
4.74828	0.0111052	0.011217
4.75017	0.011217	0.0113149
4.75205	0.0113149	0.0114005
4.75394	0.0114005	0.0116005
4.75583	0.0116005	0.0117754
4.75772	0.0117754	0.0119285
4.75961	0.0119285	0.0120624
4.76149	0.0120624	0.0121796
4.76338	0.0121796	0.0122822
4.76527	0.0122822	0.0123719
4.76716	0.0123719	0.0125754
4.76905	0.0125754	0.0127535
4.77093	0.0127535	0.0127843
4.77282	0.0127843	0.0128113
4.77471	0.0128113	0.0128349
4.7766	0.0128349	0.0128555
4.77849	0.0128555	0.0128736
4.78037	0.0128736	0.0128894
4.78226	0.0128894	0.0129032
4.78415	0.0129032	0.0130403
4.78604	0.0130403	0.0131603
4.78793	0.0131603	0.0131402
4.78981	0.0131402	0.0131227
4.7917	0.0131227	0.0131074
4.79359	0.0131074	0.0130939
4.79548	0.0130939	0.0130822
4.79737	0.0130822	0.0130719
4.79925	0.0130719	0.0130629
4.80114	0.0130629	0.0131801
4.80303	0.0131801	0.0132826
4.80492	0.0132826	0.0132472
4.80681	0.0132472	0.0132163
4.80869	0.0132163	0.0134393
4.81058	0.0134393	0.0136344
4.81247	0.0136344	0.0138051
4.81436	0.0138051	0.0139544
4.81625	0.0139544	0.0140851
4.81813	0.0140851	0.0141995
4.82002	0.0141995	0.0144246
4.82191	0.0144246	0.0144965
4.8238	0.0144965	0.0145594
4.82569	0.0145594	0.0146145
4.82757	0.0146145	0.0146627
4.82946	0.0146627	0.0147048
4.83135	0.0147048	0.0147417
4.83324	0.0147417	0.014774
4.83513	0.014774	0.0148023
4.83701	0.0148023	0.014952
4.8389	0.014952	0.014958
4.84079	0.014958	0.0149632
4.84268	0.0149632	0.0149678
4.84457	0.0149678	0.0149719
4.84645	0.0149719	0.0149754
4.84834	0.0149754	0.0149785
4.85023	0.0149785	0.0149811
4.85212	0.0149811	0.0149835
4.85401	0.0149835	0.0151106
4.85589	0.0151106	0.0150967
4.85778	0.0150967	0.0150846
4.85967	0.0150846	0.0150741
4.86156	0.0150741	0.0150648
4.86345	0.0150648	0.0150567
4.86533	0.0150567	0.0150496
4.86722	0.0150496	0.0150434
4.86911	0.0150434	0.015038
4.88799	0.015038	0.0150332
4.88988	0.0150332	0.0151541
4.89177	0.0151541	0.0152598
4.89461	0.0152598	0.0154773
4.90247	0.0154773	0.0142927
4.90436	0.0142927	0.0133811
4.90939	0.0133811	0.0128335
4.91442	0.0128335	0.0124793
4.91945	0.0124793	0.0121694
4.92448	0.0121694	0.0118982
4.92637	0.0118982	0.0112859
4.93046	0.0112859	0.0106252
4.93235	0.0106252	0.010047
4.93643	0.010047	0.00954115
4.93832	0.00954115	0.00909851
4.94241	0.00909851	0.00871119
4.94525	0.00871119	0.00874729
4.95535	0.00874729	0.00827888
4.96038	0.00827888	0.00786902
4.96541	0.00786902	0.00801039
4.97139	0.00801039	0.00775909
4.97736	0.00775909	0.00753921
4.98239	0.00753921	0.00797181
4.98742	0.00797181	0.00822533
4.99245	0.00822533	0.00844716
4.99434	0.00844716	0.00826627
4.99843	0.00826627	0.00798298
5.00031	0.00798298	0.00773511
5.0044	0.00773511	0.00751822
5.00629	0.00751822	0.00732844
5.01037	0.00732844	0.00716239
5.01226	0.00716239	0.00726709
5.0154	0.00726709	0.0074837
5.01729	0.0074837	0.00742324
5.02044	0.00742324	0.00749533
5.02232	0.00749533	0.00743342
5.02421	0.00743342	0.00737924
5.02641	0.00737924	0.00720683
5.0283	0.00720683	0.00705598
5.03019	0.00705598	0.00692398
5.03238	0.00692398	0.00680848
5.03427	0.00680848	0.00670742
5.03616	0.00670742	0.00661899
5.03805	0.00661899	0.00679162
5.03994	0.00679162	0.00681767
5.04182	0.00681767	0.00684046
5.04371	0.00684046	0.0068604
5.0456	0.0068604	0.00687785
5.04749	0.00687785	0.00701812
5.04938	0.00701812	0.00714085
5.05126	0.00714085	0.00724825
5.05315	0.00724825	0.00734221
5.05504	0.00734221	0.00742444
5.05693	0.00742444	0.00737138
5.05882	0.00737138	0.00732496
5.0607	0.00732496	0.00728434
5.06259	0.00728434	0.0072488
5.06448	0.0072488	0.0073427
5.06637	0.0073427	0.00742486
5.06826	0.00742486	0.00749675
5.07014	0.00749675	0.00780966
5.07203	0.00780966	0.00808345
5.07392	0.00808345	0.00819802
5.07581	0.00819802	0.00829826
5.0777	0.00829826	0.00838598
5.07958	0.00838598	0.00846273
5.08147	0.00846273	0.00852989
5.08336	0.00852989	0.00871365
5.08525	0.00871365	0.00887445
5.08714	0.00887445	0.00901514
5.08902	0.00901514	0.00913825
5.09091	0.00913825	0.00912097
5.0928	0.00912097	0.00910585
5.09469	0.00910585	0.00909262
5.09658	0.00909262	0.00908104
5.09846	0.00908104	0.00907091
5.10035	0.00907091	0.00918704
5.10224	0.00918704	0.00928866
5.10413	0.00928866	0.00937758
5.10602	0.00937758	0.00945538
5.1079	0.00945538	0.00939846
5.10979	0.00939846	0.00934865
5.11168	0.00934865	0.00955507
5.11357	0.00955507	0.00973569
5.11546	0.00973569	0.00989372
5.11734	0.00989372	0.010032
5.11923	0.010032	0.010278
5.12112	0.010278	0.0104933
5.12301	0.0104933	0.0106816
5.1249	0.0106816	0.0107214
5.12678	0.0107214	0.0107562
5.12867	0.0107562	0.0107867
5.13056	0.0107867	0.0108134
5.13245	0.0108134	0.0108367
5.13434	0.0108367	0.0108571
5.13622	0.0108571	0.011
5.13811	0.011	0.011125
5.14	0.011125	0.0112343
5.14189	0.0112343	0.0112051
5.14378	0.0112051	0.0111794
5.14566	0.0111794	0.011157
5.14851	0.011157	0.0112624
5.16172	0.0112624	0.0112296
5.16738	0.0112296	0.0110759
5.16926	0.0110759	0.0109414
5.17148	0.0109414	0.0105737
5.17429	0.0105737	0.010127
5.17651	0.010127	0.00973612
5.17839	0.00973612	0.00939411
5.18028	0.00939411	0.00896985
5.18248	0.00896985	0.00859861
5.18437	0.00859861	0.00827379
5.18626	0.00827379	0.00798956
5.18845	0.00798956	0.00774087
5.1913	0.00774087	0.00764826
5.19916	0.00764826	0.00744223
5.20105	0.00744223	0.00738695
5.20608	0.00738695	0.00758858
5.21111	0.00758858	0.00789
5.21614	0.00789	0.00815375
5.22117	0.00815375	0.00838453
5.22306	0.00838453	0.00821147
5.22715	0.00821147	0.00793503
5.22903	0.00793503	0.00769315
5.23312	0.00769315	0.00748151
5.23501	0.00748151	0.00729632
5.23909	0.00729632	0.00713428
5.24098	0.00713428	0.00711749
5.24412	0.00711749	0.00735281
5.24601	0.00735281	0.00730871
5.24916	0.00730871	0.00752012
5.25104	0.00752012	0.0074551
5.25293	0.0074551	0.00727321
5.25513	0.00727321	0.00711406
5.25702	0.00711406	0.0069748
5.25891	0.0069748	0.00685295
5.2611	0.00685295	0.00674633
5.26299	0.00674633	0.00652804
5.26488	0.00652804	0.00646203
5.26677	0.00646203	0.00665428
5.26866	0.00665428	0.0066975
5.27054	0.0066975	0.00686031
5.27243	0.00686031	0.00700277
5.27432	0.00700277	0.00712742
5.27621	0.00712742	0.00723649
5.2781	0.00723649	0.00733193
5.27998	0.00733193	0.00729044
5.28187	0.00729044	0.00725414
5.28376	0.00725414	0.00722237
5.28565	0.00722237	0.00719457
5.28754	0.00719457	0.00729525
5.28942	0.00729525	0.00738334
5.29131	0.00738334	0.00746042
5.2932	0.00746042	0.00752787
5.29509	0.00752787	0.00758689
5.29698	0.00758689	0.00751353
5.29886	0.00751353	0.00769933
5.30075	0.00769933	0.00786192
5.30264	0.00786192	0.00800418
5.30453	0.00800418	0.00812866
5.30642	0.00812866	0.00836257
5.3083	0.00836257	0.00856725
5.31019	0.00856725	0.00874634
5.31208	0.00874634	0.00890305
5.31397	0.00890305	0.00891517
5.31586	0.00891517	0.00892577
5.31774	0.00892577	0.00893505
5.31963	0.00893505	0.00894317
5.32152	0.00894317	0.00895027
5.32341	0.00895027	0.00908149
5.3253	0.00908149	0.0091963
5.32718	0.0091963	0.00929676
5.32907	0.00929676	0.00938467
5.33096	0.00938467	0.00933658
5.33285	0.00933658	0.00929451
5.33474	0.00929451	0.0092577
5.33662	0.0092577	0.00922548
5.33851	0.00922548	0.0091973
5.3404	0.0091973	0.00942264
5.34229	0.00942264	0.00974481
5.34418	0.00974481	0.0100267
5.34606	0.0100267	0.0102734
5.34795	0.0102734	0.0103642
5.34984	0.0103642	0.0104437
5.35173	0.0104437	0.0105132
5.35362	0.0105132	0.0105741
5.3555	0.0105741	0.0106273
5.35739	0.0106273	0.0106739
5.35928	0.0106739	0.0108397
5.36117	0.0108397	0.0109847
5.36306	0.0109847	0.0111116
5.36494	0.0111116	0.0110977
5.36683	0.0110977	0.0110854
5.36872	0.0110854	0.0110748
5.37061	0.0110748	0.0110654
5.3725	0.0110654	0.0110572
5.37438	0.0110572	0.0110501
5.37627	0.0110501	0.0111688
5.37816	0.0111688	0.0112727
5.38005	0.0112727	0.0113636
5.38194	0.0113636	0.0113182
5.38382	0.0113182	0.0112784
5.38571	0.0112784	0.0112436
5.3876	0.0112436	0.0114632
5.38949	0.0114632	0.0116553
5.39138	0.0116553	0.0118233
5.39326	0.0118233	0.0119704
5.39515	0.0119704	0.0122241
5.39704	0.0122241	0.0124461
5.39893	0.0124461	0.0125153
5.40082	0.0125153	0.0125759
5.4027	0.0125759	0.0126289
5.40459	0.0126289	0.0126753
5.40648	0.0126753	0.0127159
5.40837	0.0127159	0.0127514
5.41026	0.0127514	0.0127825
5.41214	0.0127825	0.0129347
5.41403	0.0129347	0.0130678
5.41592	0.0130678	0.0130594
5.41781	0.0130594	0.0130519
5.4197	0.0130519	0.0130454
5.42158	0.0130454	0.0130398
5.42347	0.0130398	0.0130348
5.42536	0.0130348	0.0130304
5.42725	0.0130304	0.0130266
5.42914	0.0130266	0.0131483
5.43102	0.0131483	0.0132548
5.43291	0.0132548	0.0132229
5.4348	0.0132229	0.0131951
5.43669	0.0131951	0.0131707
5.43858	0.0131707	0.0131493
5.44046	0.0131493	0.0131307
5.44235	0.0131307	0.0133643
5.44424	0.0133643	0.0135688
5.44613	0.0135688	0.0137477
5.44897	0.0137477	0.0140292
5.46406	0.0140292	0.0140256
5.46595	0.0140256	0.0140224
5.46784	0.0140224	0.0140196
5.46973	0.0140196	0.0140171
5.47162	0.0140171	0.01389
5.4735	0.01389	0.0135287
5.4757	0.0135287	0.0125877
5.47759	0.0125877	0.0120142
5.47948	0.0120142	0.0115124
5.48137	0.0115124	0.0110734
5.48325	0.0110734	0.0106892
5.48514	0.0106892	0.010353
5.48703	0.010353	0.0100589
5.48892	0.0100589	0.00967655
5.49081	0.00967655	0.00934198
5.49269	0.00934198	0.00904923
5.49458	0.00904923	0.00879308
5.49647	0.00879308	0.00869394
5.49836	0.00869394	0.0086072
5.50025	0.0086072	0.0085313
5.50213	0.0085313	0.00846489
5.50402	0.00846489	0.00840678
5.50591	0.00840678	0.00823093
5.5078	0.00823093	0.00807706
5.50969	0.00807706	0.00819243
5.51157	0.00819243	0.00829338
5.51346	0.00829338	0.0083817
5.51535	0.0083817	0.00858399
5.51724	0.00858399	0.00876099
5.51913	0.00876099	0.00891587
5.52101	0.00891587	0.00905138
5.5229	0.00905138	0.00904496
5.52479	0.00904496	0.00903934
5.52668	0.00903934	0.00903442
5.52857	0.00903442	0.00903012
5.53045	0.00903012	0.00902635
5.53234	0.00902635	0.00914806
5.53423	0.00914806	0.00925455
5.53612	0.00925455	0.00934773
5.53801	0.00934773	0.00942926
5.53989	0.00942926	0.00937561
5.54178	0.00937561	0.00932865
5.54367	0.00932865	0.00928757
5.54556	0.00928757	0.00925163
5.5484	0.00925163	0.00934517
5.55972	0.00934517	0.00930203
5.56161	0.00930203	0.00938927
5.56349	0.00938927	0.00946561
5.56538	0.00946561	0.00953241
5.56947	0.00953241	0.00909086
5.57136	0.00909086	0.0089545
5.5745	0.0089545	0.00896019
5.57639	0.00896019	0.00871516
5.57953	0.00871516	0.00862577
5.58142	0.00862577	0.00842255
5.58331	0.00842255	0.00824473
5.5855	0.00824473	0.00796414
5.58739	0.00796414	0.00771862
5.58928	0.00771862	0.00750379
5.59148	0.00750379	0.00731582
5.59337	0.00731582	0.00715134
5.59525	0.00715134	0.00700742
5.59745	0.00700742	0.00688149
5.59934	0.00688149	0.00702131
5.60123	0.00702131	0.00714364
5.60312	0.00714364	0.00725069
5.605	0.00725069	0.00734435
5.60689	0.00734435	0.00730131
5.60878	0.00730131	0.00726364
5.61067	0.00726364	0.00723069
5.61256	0.00723069	0.00720185
5.61444	0.00720185	0.00730162
5.61633	0.00730162	0.00738892
5.61822	0.00738892	0.0074653
5.62011	0.0074653	0.00753214
5.622	0.00753214	0.00746562
5.62388	0.00746562	0.00740742
5.62577	0.00740742	0.00735649
5.62766	0.00735649	0.00731193
5.62955	0.00731193	0.00739794
5.63144	0.00739794	0.00772319
5.63332	0.00772319	0.00800779
5.63521	0.00800779	0.00825682
5.6371	0.00825682	0.00847472
5.63899	0.00847472	0.00854038
5.64088	0.00854038	0.00859783
5.64276	0.00859783	0.0086481
5.64465	0.0086481	0.00869209
5.64654	0.00869209	0.00873058
5.64843	0.00873058	0.00888925
5.65032	0.00888925	0.0090281
5.6522	0.0090281	0.00914958
5.65409	0.00914958	0.00925589
5.65598	0.00925589	0.0092239
5.65787	0.0092239	0.00919591
5.65976	0.00919591	0.00917142
5.66164	0.00917142	0.00914999
5.66353	0.00914999	0.00913124
5.66542	0.00913124	0.00923984
5.66731	0.00923984	0.00933486
5.6692	0.00933486	0.009418
5.67108	0.009418	0.00974075
5.67297	0.00974075	0.00989816
5.67486	0.00989816	0.0100359
5.67675	0.0100359	0.0101564
5.67864	0.0101564	0.0102618
5.68052	0.0102618	0.0103541
5.68241	0.0103541	0.0104349
5.6843	0.0104349	0.0106305
5.68619	0.0106305	0.0108017
5.68808	0.0108017	0.0109515
5.68996	0.0109515	0.0109575
5.69185	0.0109575	0.0109628
5.69374	0.0109628	0.0109675
5.69563	0.0109675	0.0109716
5.69752	0.0109716	0.0109751
5.6994	0.0109751	0.0109782
5.70129	0.0109782	0.0111059
5.70318	0.0111059	0.0112177
5.70507	0.0112177	0.0113155
5.70696	0.0113155	0.011276
5.70884	0.011276	0.0112415
5.71073	0.0112415	0.0112113
5.71262	0.0112113	0.0111849
5.71451	0.0111849	0.0111618
5.7164	0.0111618	0.0111416
5.71828	0.0111416	0.0113739
5.72017	0.0113739	0.0117022
5.72206	0.0117022	0.0119894
5.72395	0.0119894	0.0121157
5.72584	0.0121157	0.0122262
5.72772	0.0122262	0.012323
5.72961	0.012323	0.0124076
5.7315	0.0124076	0.0124816
5.73339	0.0124816	0.0125464
5.73528	0.0125464	0.0126031
5.73716	0.0126031	0.0127777
5.73905	0.0127777	0.0129305
5.74094	0.0129305	0.0129392
5.74283	0.0129392	0.0129468
5.74472	0.0129468	0.0129535
5.7466	0.0129535	0.0129593
5.74849	0.0129593	0.0129644
5.75038	0.0129644	0.0129688
5.75227	0.0129688	0.0129727
5.75416	0.0129727	0.0131011
5.75604	0.0131011	0.0132135
5.77209	0.0132135	0.0131868
5.77398	0.0131868	0.0131634
5.77587	0.0131634	0.013143
5.77776	0.013143	0.0131251
5.77964	0.0131251	0.0128595
5.78184	0.0128595	0.0120021
5.78373	0.0120021	0.0112518
5.78562	0.0112518	0.0105953
5.78782	0.0105953	0.0100209
5.78971	0.0100209	0.00951829
5.79159	0.00951829	0.00932851
5.79348	0.00932851	0.00916244
5.79537	0.00916244	0.00901714
5.79726	0.00901714	0.00888999
5.79915	0.00888999	0.00877874
5.80103	0.00877874	0.0086814
5.80292	0.0086814	0.00847123
5.80481	0.00847123	0.00828732
5.8067	0.00828732	0.0081264
5.80859	0.0081264	0.0079856
5.81047	0.0079856	0.0079874
5.81236	0.0079874	0.00798898
5.81425	0.00798898	0.00799035
5.81614	0.00799035	0.00799156
5.81803	0.00799156	0.00799261
5.81991	0.00799261	0.00786854
5.8218	0.00786854	0.00775997
5.82369	0.00775997	0.00791497
5.82558	0.00791497	0.0080506
5.82747	0.0080506	0.00816928
5.82935	0.00816928	0.00839811
5.83124	0.00839811	0.00859835
5.83313	0.00859835	0.00877356
5.83502	0.00877356	0.00892686
5.83691	0.00892686	0.008936
5.83879	0.008936	0.008944
5.84068	0.008944	0.008951
5.84257	0.008951	0.00895712
5.84446	0.00895712	0.00896248
5.84635	0.00896248	0.00909217
5.84823	0.00909217	0.00920565
5.85012	0.00920565	0.00930494
5.85201	0.00930494	0.00939183
5.85485	0.00939183	0.00946785
5.86617	0.00946785	0.00953437
5.86806	0.00953437	0.00971757
5.86995	0.00971757	0.00975287
5.87183	0.00975287	0.00965876
5.87592	0.00965876	0.00920142
5.87781	0.00920142	0.00905124
5.88095	0.00905124	0.00904483
5.88284	0.00904483	0.00878923
5.88598	0.00878923	0.00869058
5.88787	0.00869058	0.00847925
5.88976	0.00847925	0.00829435
5.89196	0.00829435	0.00800755
5.89384	0.00800755	0.00775661
5.89573	0.00775661	0.00753703
5.89793	0.00753703	0.0073449
5.89982	0.0073449	0.00717679
5.90171	0.00717679	0.00702969
5.9039	0.00702969	0.00690098
5.90579	0.00690098	0.00703836
5.90768	0.00703836	0.00715856
5.90957	0.00715856	0.00726374
5.91146	0.00726374	0.00735577
5.91334	0.00735577	0.0074363
5.91523	0.0074363	0.00750676
5.91712	0.00750676	0.00756842
5.91901	0.00756842	0.00762236
5.9209	0.00762236	0.00754457
5.92278	0.00754457	0.0074765
5.92467	0.0074765	0.00741693
5.92656	0.00741693	0.00736482
5.92845	0.00736482	0.00744421
5.93034	0.00744421	0.00751369
5.93222	0.00751369	0.00757448
5.93411	0.00757448	0.00762767
5.936	0.00762767	0.00767421
5.93789	0.00767421	0.00783993
5.93978	0.00783993	0.00798494
5.94166	0.00798494	0.00811182
5.94355	0.00811182	0.00822284
5.94544	0.00822284	0.00831999
5.94733	0.00831999	0.00852999
5.94922	0.00852999	0.00871374
5.9511	0.00871374	0.00887452
5.95299	0.00887452	0.0088902
5.95488	0.0088902	0.00890393
5.95677	0.00890393	0.00891594
5.95866	0.00891594	0.00892644
5.96054	0.00892644	0.00893564
5.96243	0.00893564	0.00906868
5.96432	0.00906868	0.0091851
5.96621	0.0091851	0.00928696
5.9681	0.00928696	0.00937609
5.96998	0.00937609	0.00932908
5.97187	0.00932908	0.00928794
5.97376	0.00928794	0.00925195
5.97565	0.00925195	0.00922046
5.97754	0.00922046	0.0094429
5.97942	0.0094429	0.00963753
5.98131	0.00963753	0.00993284
5.9832	0.00993284	0.0101912
5.98509	0.0101912	0.0104173
5.98698	0.0104173	0.0104902
5.98886	0.0104902	0.0105539
5.99075	0.0105539	0.0106097
5.99264	0.0106097	0.0106584
5.99453	0.0106584	0.0107011
5.99642	0.0107011	0.0107385
5.9983	0.0107385	0.0108962
6.00019	0.0108962	0.0110342
6.00208	0.0110342	0.0111549
6.00397	0.0111549	0.0111355
6.00586	0.0111355	0.0111186
6.00774	0.0111186	0.0111038
6.00963	0.0111038	0.0110908
6.01152	0.0110908	0.0110794
6.01341	0.0110794	0.0110695
6.0153	0.0110695	0.0111858
6.01718	0.0111858	0.0112876
6.01907	0.0112876	0.0113766
6.02096	0.0113766	0.0113296
6.02285	0.0113296	0.0112884
6.02474	0.0112884	0.0115023
6.03984	0.0115023	0.0114395
6.04173	0.0114395	0.0115096
6.04362	0.0115096	0.0115709
6.0455	0.0115709	0.0116245
6.04739	0.0116245	0.0114215
6.04959	0.0114215	0.0107438
6.05148	0.0107438	0.0101508
6.05337	0.0101508	0.00963195
6.0625	0.00963195	0.00905296
6.07257	0.00905296	0.00854634
6.0776	0.00854634	0.00872805
6.08357	0.00872805	0.00838704
6.08955	0.00838704	0.00808866
6.09458	0.00808866	0.00845258
6.09961	0.00845258	0.008646
6.10464	0.008646	0.00881525
6.10653	0.00881525	0.00858835
6.11061	0.00858835	0.0082648
6.1125	0.0082648	0.0079817
6.11659	0.0079817	0.00773399
6.11848	0.00773399	0.00751724
6.12256	0.00751724	0.00732758
6.12445	0.00732758	0.00741164
6.12759	0.00741164	0.00761018
6.12948	0.00761018	0.00753391
6.13262	0.00753391	0.00759217
6.13451	0.00759217	0.00751815
6.1364	0.00751815	0.00745338
6.1386	0.00745338	0.0072717
6.14049	0.0072717	0.00711274
6.14237	0.00711274	0.00697365
6.14457	0.00697365	0.00685194
6.14646	0.00685194	0.00674545
6.14835	0.00674545	0.00665227
6.15024	0.00665227	0.00682073
6.15212	0.00682073	0.00696814
6.15401	0.00696814	0.00709712
6.1559	0.00709712	0.00708498
6.15779	0.00708498	0.00707436
6.15968	0.00707436	0.00706506
6.16156	0.00706506	0.00705693
6.16345	0.00705693	0.00717481
6.16534	0.00717481	0.00727796
6.16723	0.00727796	0.00736822
6.16912	0.00736822	0.00744719
6.171	0.00744719	0.00751629
6.17289	0.00751629	0.00745175
6.17478	0.00745175	0.00739528
6.17667	0.00739528	0.00734587
6.17856	0.00734587	0.00730264
6.18044	0.00730264	0.00738981
6.18233	0.00738981	0.00771608
6.18422	0.00771608	0.00800157
6.18611	0.00800157	0.00825137
6.188	0.00825137	0.00834495
6.18988	0.00834495	0.00842683
6.19177	0.00842683	0.00849848
6.19366	0.00849848	0.00856117
6.19555	0.00856117	0.00861602
6.19744	0.00861602	0.00878902
6.19932	0.00878902	0.00894039
6.20121	0.00894039	0.00907284
6.2031	0.00907284	0.00918874
6.20499	0.00918874	0.00916514
6.20688	0.00916514	0.0091445
6.20876	0.0091445	0.00912644
6.21065	0.00912644	0.00911063
6.21254	0.00911063	0.0090968
6.21443	0.0090968	0.0092097
6.21632	0.0092097	0.00930849
6.2182	0.00930849	0.00939493
6.22009	0.00939493	0.00947056
6.22198	0.00947056	0.00941174
6.22387	0.00941174	0.00961027
6.22576	0.00961027	0.00978399
6.22764	0.00978399	0.00993599
6.22953	0.00993599	0.010069
6.23142	0.010069	0.0101854
6.23331	0.0101854	0.0104122
6.2352	0.0104122	0.0106107
6.23708	0.0106107	0.0107843
6.23897	0.0107843	0.0108113
6.24086	0.0108113	0.0108349
6.24275	0.0108349	0.0108555
6.24464	0.0108555	0.0108736
6.24652	0.0108736	0.0108894
6.24841	0.0108894	0.0109032
6.2503	0.0109032	0.0110403
6.25219	0.0110403	0.0111603
6.25408	0.0111603	0.0112652
6.25596	0.0112652	0.0112321
6.25785	0.0112321	0.0112031
6.25974	0.0112031	0.0111777
6.26163	0.0111777	0.0111555
6.26352	0.0111555	0.011136
6.2654	0.011136	0.011119
6.26729	0.011119	0.0112292
6.26918	0.0112292	0.0113255
6.27107	0.0113255	0.0116598
6.27296	0.0116598	0.0118273
6.27484	0.0118273	0.0119739
6.27673	0.0119739	0.0121022
6.27862	0.0121022	0.0122144
6.28051	0.0122144	0.0123126
6.2824	0.0123126	0.0123985
6.28428	0.0123985	0.0124737
6.28617	0.0124737	0.0126645
6.28806	0.0126645	0.0128314
6.28995	0.0128314	0.0128525
6.29184	0.0128525	0.0128709
6.29372	0.0128709	0.0128871
6.29561	0.0128871	0.0129012
6.2975	0.0129012	0.0129135
6.29939	0.0129135	0.0129243
6.30128	0.0129243	0.0129338
6.30316	0.0129338	0.0130671
6.30505	0.0130671	0.0131837
6.30694	0.0131837	0.0131607
6.30883	0.0131607	0.0131406
6.31072	0.0131406	0.0131231
6.3126	0.0131231	0.0131077
6.31449	0.0131077	0.0130942
6.31638	0.0130942	0.0130824
6.31827	0.0130824	0.0130721
6.32016	0.0130721	0.0131881
6.32204	0.0131881	0.0132896
6.32393	0.0132896	0.0132534
6.32582	0.0132534	0.0134717
6.32771	0.0134717	0.0136628
6.3296	0.0136628	0.0138299
6.33148	0.0138299	0.0139762
6.33337	0.0139762	0.0141042
6.33526	0.0141042	0.0142161
6.33715	0.0142161	0.0143141
6.33904	0.0143141	0.0145249
6.34092	0.0145249	0.0145842
6.34281	0.0145842	0.0146362
6.3447	0.0146362	0.0146817
6.34659	0.0146817	0.0147215
6.36452	0.0147215	0.0146313
6.36641	0.0146313	0.0146774
6.3683	0.0146774	0.0147177
6.37019	0.0147177	0.014753
6.37208	0.014753	0.0147839
6.37396	0.0147839	0.0144359
6.37585	0.0144359	0.0135064
6.37774	0.0135064	0.0126931
6.37963	0.0126931	0.0119815
6.38152	0.0119815	0.0114838
6.3834	0.0114838	0.0110483
6.38529	0.0110483	0.0106673
6.38718	0.0106673	0.0103339
6.38907	0.0103339	0.0100421
6.39096	0.0100421	0.00966186
6.39284	0.00966186	0.00932913
6.39473	0.00932913	0.00903798
6.39662	0.00903798	0.00878324
6.39851	0.00878324	0.00868533
6.4004	0.00868533	0.00859966
6.40228	0.00859966	0.00877471
6.40417	0.00877471	0.00892787
6.40606	0.00892787	0.00906188
6.40795	0.00906188	0.00905415
6.40984	0.00905415	0.00904738
6.41172	0.00904738	0.00904146
6.41361	0.00904146	0.00903627
6.4155	0.00903627	0.00903174
6.41739	0.00903174	0.00915277
6.41928	0.00915277	0.00925867
6.42116	0.00925867	0.00935134
6.42305	0.00935134	0.00943242
6.42494	0.00943242	0.00937837
6.42683	0.00937837	0.00933107
6.42872	0.00933107	0.00928969
6.4306	0.00928969	0.00925348
6.43249	0.00925348	0.00922179
6.43438	0.00922179	0.00931907
6.43627	0.00931907	0.00940418
6.43816	0.00940418	0.00947866
6.44004	0.00947866	0.00954383
6.44193	0.00954383	0.00947585
6.44382	0.00947585	0.00966637
6.44571	0.00966637	0.00983307
6.4476	0.00983307	0.00997894
6.44948	0.00997894	0.0101066
6.45137	0.0101066	0.0102182
6.45326	0.0102182	0.010441
6.45515	0.010441	0.0106358
6.45704	0.0106358	0.0108064
6.45892	0.0108064	0.0108306
6.46081	0.0108306	0.0108517
6.4627	0.0108517	0.0108703
6.46459	0.0108703	0.0108865
6.46648	0.0108865	0.0109007
6.46836	0.0109007	0.0109131
6.47025	0.0109131	0.011049
6.47214	0.011049	0.0111678
6.47403	0.0111678	0.0112719
6.47592	0.0112719	0.0112379
6.4778	0.0112379	0.0112081
6.47969	0.0112081	0.0111821
6.48158	0.0111821	0.0111594
6.48347	0.0111594	0.0111394
6.48536	0.0111394	0.011122
6.48724	0.011122	0.0112318
6.48913	0.0112318	0.0113278
6.49102	0.0113278	0.0116618
6.49291	0.0116618	0.0118291
6.4948	0.0118291	0.0119754
6.49668	0.0119754	0.0121035
6.49857	0.0121035	0.0122156
6.50046	0.0122156	0.0123136
6.50235	0.0123136	0.0123994
6.50424	0.0123994	0.0124745
6.50612	0.0124745	0.0126652
6.50801	0.0126652	0.012832
6.5099	0.012832	0.012853
6.51179	0.012853	0.0128714
6.51368	0.0128714	0.0128875
6.51556	0.0128875	0.0129015
6.51745	0.0129015	0.0129138
6.51934	0.0129138	0.0129246
6.52123	0.0129246	0.012934
6.52312	0.012934	0.0130673
6.525	0.0130673	0.0131839
6.52689	0.0131839	0.0131609
6.52878	0.0131609	0.0131408
6.53067	0.0131408	0.0131232
6.53256	0.0131232	0.0131078
6.53444	0.0131078	0.0130943
6.53633	0.0130943	0.0130825
6.53822	0.0130825	0.0130722
6.54011	0.0130722	0.0131882
6.542	0.0131882	0.0131647
6.54388	0.0131647	0.0131441
6.54577	0.0131441	0.0133761
6.54766	0.0133761	0.0135791
6.54955	0.0135791	0.0137567
6.55144	0.0137567	0.0139121
6.55332	0.0139121	0.0140481
6.55521	0.0140481	0.0141671
6.5571	0.0141671	0.0143962
6.55899	0.0143962	0.0144717
6.56088	0.0144717	0.0145377
6.56276	0.0145377	0.0145955
6.56465	0.0145955	0.0146461
6.56654	0.0146461	0.0146903
6.56843	0.0146903	0.014729
6.57032	0.014729	0.0147629
6.5722	0.0147629	0.0147925
6.57409	0.0147925	0.0149435
6.57598	0.0149435	0.0149505
6.57787	0.0149505	0.0149567
6.57976	0.0149567	0.0149621
6.58164	0.0149621	0.0149669
6.58353	0.0149669	0.014971
6.58542	0.014971	0.0149746
6.58731	0.0149746	0.0149778
6.5892	0.0149778	0.0149806
6.59108	0.0149806	0.015108
6.59297	0.015108	0.0150945
6.59486	0.0150945	0.0150827
6.59675	0.0150827	0.0150723
6.59864	0.0150723	0.0150633
6.60052	0.0150633	0.0150554
6.60241	0.0150554	0.0150485
6.6043	0.0150485	0.0150424
6.60619	0.0150424	0.0150371
6.60808	0.0150371	0.0151575
6.60996	0.0151575	0.0153878
6.61185	0.0153878	0.0155893
6.61374	0.0155893	0.0157656
6.61563	0.0157656	0.0159199
6.61752	0.0159199	0.0160549
6.6194	0.0160549	0.0161731
6.62129	0.0161731	0.0162764
6.62318	0.0162764	0.0163669
6.62507	0.0163669	0.016446
6.62696	0.016446	0.0165153
6.62884	0.0165153	0.0165759
6.63073	0.0165759	0.0166289
6.63262	0.0166289	0.0166753
6.63451	0.0166753	0.0167159
6.6364	0.0167159	0.0167514
6.63828	0.0167514	0.0167825
6.64017	0.0167825	0.0168096
6.64206	0.0168096	0.0168334
6.64395	0.0168334	0.0168543
6.64584	0.0168543	0.0168725
6.64772	0.0168725	0.0168884
6.64961	0.0168884	0.0169024
6.6515	0.0169024	0.0169146
6.65339	0.0169146	0.0169252
6.65528	0.0169252	0.0169346
6.65716	0.0169346	0.0169428
6.65905	0.0169428	0.0169499
6.66094	0.0169499	0.0169562
6.66283	0.0169562	0.0169617
6.66472	0.0169617	0.0169664
6.6666	0.0169664	0.0169706
6.66849	0.0169706	0.0169743
6.67038	0.0169743	0.0169775
6.67227	0.0169775	0.0169803
6.67416	0.0169803	0.0169828
6.67604	0.0169828	0.0169849
6.67793	0.0169849	0.0169868
6.67982	0.0169868	0.0172385
6.68171	0.0172385	0.0174587
6.6836	0.0174587	0.0176513
6.68548	0.0176513	0.0178199
6.68737	0.0178199	0.0179674
6.68926	0.0179674	0.0180965
6.69115	0.0180965	0.0182094
6.69304	0.0182094	0.0183083
6.69492	0.0183083	0.0182697
6.69681	0.0182697	0.018361
6.6987	0.018361	0.0184409
6.70059	0.0184409	0.0185108
6.70248	0.0185108	0.0185719
6.70436	0.0185719	0.0186254
6.70625	0.0186254	0.0186723
6.70814	0.0186723	0.0187132
6.72985	0.0187132	0.0186241
6.73174	0.0186241	0.0186711
6.73363	0.0186711	0.0187122
6.73552	0.0187122	0.0187482
6.7374	0.0187482	0.0187796
6.73929	0.0187796	0.0186822
6.74118	0.0186822	0.0183469
6.74307	0.0183469	0.0179285
6.74496	0.0179285	0.0168125
6.74684	0.0168125	0.0158359
6.74873	0.0158359	0.0149814
6.75062	0.0149814	0.0142337
6.75251	0.0142337	0.0135795
6.7544	0.0135795	0.0131321
6.75628	0.0131321	0.0127406
6.75817	0.0127406	0.012398
6.76006	0.012398	0.0120983
6.76195	0.0120983	0.011711
6.76384	0.011711	0.0113721
6.76572	0.0113721	0.0110756
6.76761	0.0110756	0.0108161
6.7695	0.0108161	0.0105891
6.77139	0.0105891	0.0105155
6.77328	0.0105155	0.010451
6.77516	0.010451	0.0103947
6.77705	0.0103947	0.0103453
6.77894	0.0103453	0.0104272
6.78083	0.0104272	0.0104988
6.78272	0.0104988	0.0105614
6.7846	0.0105614	0.0106162
6.78649	0.0106162	0.0106642
6.78838	0.0106642	0.0107062
6.79027	0.0107062	0.0108679
6.79216	0.0108679	0.0110094
6.79404	0.0110094	0.0111332
6.79593	0.0111332	0.0111166
6.79782	0.0111166	0.011102
6.79971	0.011102	0.0110893
6.8016	0.0110893	0.0110781
6.80348	0.0110781	0.0110683
6.80537	0.0110683	0.0110598
6.80726	0.0110598	0.0111773
6.80915	0.0111773	0.0112802
6.81104	0.0112802	0.0113701
6.81292	0.0113701	0.0113239
6.81481	0.0113239	0.0112834
6.8167	0.0112834	0.011248
6.81859	0.011248	0.011217
6.82048	0.011217	0.0111898
6.82236	0.0111898	0.0111661
6.82425	0.0111661	0.0112703
6.82614	0.0112703	0.0116116
6.82803	0.0116116	0.0119101
6.82992	0.0119101	0.0120463
6.8318	0.0120463	0.0121656
6.83369	0.0121656	0.0122699
6.83558	0.0122699	0.0123611
6.83747	0.0123611	0.012441
6.83936	0.012441	0.0125109
6.84124	0.0125109	0.012572
6.84313	0.012572	0.0127505
6.84502	0.0127505	0.0129067
6.84691	0.0129067	0.0129184
6.8488	0.0129184	0.0129286
6.85068	0.0129286	0.0129375
6.85257	0.0129375	0.0129453
6.85446	0.0129453	0.0129521
6.85635	0.0129521	0.0129581
6.85824	0.0129581	0.0129634
6.86012	0.0129634	0.0130929
6.86201	0.0130929	0.0132063
6.8639	0.0132063	0.0131805
6.86579	0.0131805	0.013158
6.86768	0.013158	0.0131382
6.86956	0.0131382	0.0131209
6.87145	0.0131209	0.0131058
6.87334	0.0131058	0.0130926
6.87523	0.0130926	0.013081
6.87712	0.013081	0.0131959
6.879	0.0131959	0.0132964
6.88089	0.0132964	0.0135094
6.88278	0.0135094	0.0136957
6.88467	0.0136957	0.0138587
6.88656	0.0138587	0.0140014
6.88844	0.0140014	0.0141262
6.89033	0.0141262	0.0142354
6.89222	0.0142354	0.014331
6.89411	0.014331	0.0144146
6.896	0.0144146	0.0144878
6.89788	0.0144878	0.0145518
6.89977	0.0145518	0.0146078
6.90166	0.0146078	0.0146569
6.90355	0.0146569	0.0146998
6.90544	0.0146998	0.0147373
6.90732	0.0147373	0.0147701
6.90921	0.0147701	0.0147989
6.9111	0.0147989	0.014949
6.91299	0.014949	0.0149554
6.91488	0.0149554	0.014961
6.91676	0.014961	0.0149658
6.91865	0.0149658	0.0149701
6.92054	0.0149701	0.0149738
6.92243	0.0149738	0.0149771
6.92432	0.0149771	0.01498
6.9262	0.01498	0.0149825
6.92809	0.0149825	0.0151097
6.92998	0.0151097	0.015096
6.93187	0.015096	0.015084
6.93376	0.015084	0.0150735
6.93564	0.0150735	0.0150643
6.93753	0.0150643	0.0150562
6.93942	0.0150562	0.0150492
6.94131	0.0150492	0.0150431
6.9432	0.0150431	0.0150377
6.94508	0.0150377	0.015283
6.94697	0.015283	0.0154976
6.94886	0.0154976	0.0156854
6.95075	0.0156854	0.0158497
6.95264	0.0158497	0.0159935
6.95452	0.0159935	0.0161193
6.95641	0.0161193	0.0162294
6.9583	0.0162294	0.0163257
6.96019	0.0163257	0.01641
6.96208	0.01641	0.0164838
6.96396	0.0164838	0.0165483
6.96585	0.0165483	0.0166048
6.96774	0.0166048	0.0166542
6.96963	0.0166542	0.0166974
6.97152	0.0166974	0.0167352
6.9734	0.0167352	0.0167683
6.97529	0.0167683	0.0167973
6.97718	0.0167973	0.0168226
6.97907	0.0168226	0.0168448
6.98096	0.0168448	0.0168642
6.98284	0.0168642	0.0168812
6.98473	0.0168812	0.016896
6.98662	0.016896	0.016909
6.98851	0.016909	0.0169204
6.9904	0.0169204	0.0169303
6.99228	0.0169303	0.016939
6.99417	0.016939	0.0169467
6.99606	0.0169467	0.0169533
6.99795	0.0169533	0.0169592
6.99984	0.0169592	0.0169643
7.00172	0.0169643	0.0169687
7.00361	0.0169687	0.0169726
7.0055	0.0169726	0.0169761
7.00739	0.0169761	0.0169791
7.00928	0.0169791	0.0169817
7.01116	0.0169817	0.016984
7.01305	0.016984	0.016986
7.01494	0.016986	0.0171127
7.01683	0.0171127	0.0173486
7.01872	0.0173486	0.0175551
7.0206	0.0175551	0.0177357
7.02249	0.0177357	0.0178937
7.02438	0.0178937	0.018032
7.02627	0.018032	0.018153
7.02816	0.018153	0.0182589
7.03004	0.0182589	0.0183515
7.03193	0.0183515	0.0183076
7.03382	0.0183076	0.0183941
7.03571	0.0183941	0.0184699
7.0376	0.0184699	0.0185361
7.03948	0.0185361	0.0185941
7.04137	0.0185941	0.0186448
7.04326	0.0186448	0.0186892
7.04515	0.0186892	0.0187281
7.04704	0.0187281	0.0187621
7.04892	0.0187621	0.0186668
7.05081	0.0186668	0.0187085
7.0527	0.0187085	0.0187449
7.05459	0.0187449	0.0187768
7.05648	0.0187768	0.0188047
7.05836	0.0188047	0.0188291
7.06025	0.0188291	0.0188505
7.06214	0.0188505	0.0188692
7.06403	0.0188692	0.0188855
7.06592	0.0188855	0.0187748
7.0678	0.0187748	0.018803
7.06969	0.018803	0.0188276
7.07158	0.0188276	0.0188491
7.07347	0.0188491	0.018868
7.07536	0.018868	0.0188845
7.07724	0.0188845	0.0188989
7.07913	0.0188989	0.0189116
7.08102	0.0189116	0.0189226
7.08291	0.0189226	0.0188073
7.0848	0.0188073	0.0188314
7.08668	0.0188314	0.0188525
7.08857	0.0188525	0.0188709
7.09046	0.0188709	0.018887
7.09235	0.018887	0.0189012
7.09424	0.0189012	0.0191635
7.09612	0.0191635	0.0193931
7.09801	0.0193931	0.0195939
7.0999	0.0195939	0.0196447
7.10179	0.0196447	0.0196891
7.10368	0.0196891	0.019853
7.10556	0.019853	0.0199963
7.10745	0.0199963	0.0201218
7.10934	0.0201218	0.0202316
7.11123	0.0202316	0.0203276
7.11312	0.0203276	0.0204117
7.115	0.0204117	0.0204852
7.11689	0.0204852	0.0204246
7.11878	0.0204246	0.0203715
7.12067	0.0203715	0.0204501
7.12256	0.0204501	0.0205188
7.12444	0.0205188	0.0205789
7.12633	0.0205789	0.0206316
7.12822	0.0206316	0.0206776
7.13011	0.0206776	0.0207179
7.132	0.0207179	0.0206282
7.13388	0.0206282	0.0205497
7.13577	0.0205497	0.020481
7.13766	0.020481	0.0205458
7.13955	0.0205458	0.0206026
7.14144	0.0206026	0.0206523
7.14332	0.0206523	0.0206957
7.14521	0.0206957	0.0207338
7.1471	0.0207338	0.0207671
7.14899	0.0207671	0.0206712
7.15088	0.0206712	0.0205873
7.15276	0.0205873	0.0206389
7.15465	0.0206389	0.020684
7.15654	0.020684	0.0207235
7.15843	0.0207235	0.0207581
7.16032	0.0207581	0.0207883
7.1622	0.0207883	0.0208148
7.16409	0.0208148	0.0208379
7.16598	0.0208379	0.0207332
7.16787	0.0207332	0.0206415
7.16976	0.0206415	0.0206863
7.17164	0.0206863	0.0207255
7.17353	0.0207255	0.0207599
7.17542	0.0207599	0.0207899
7.17731	0.0207899	0.0208161
7.1792	0.0208161	0.0208391
7.18108	0.0208391	0.0211092
7.18297	0.0211092	0.0212206
7.18486	0.0212206	0.021318
7.18675	0.021318	0.0214033
7.18864	0.0214033	0.0216028
7.19052	0.0216028	0.0217775
7.19241	0.0217775	0.0219303
7.1943	0.0219303	0.022064
7.19619	0.022064	0.022181
7.19808	0.022181	0.0222834
7.19996	0.0222834	0.022248
7.20185	0.022248	0.022217
7.20374	0.022217	0.0221898
7.20563	0.0221898	0.0222911
7.20752	0.0222911	0.0223797
7.2094	0.0223797	0.0224573
7.21129	0.0224573	0.0225251
7.21318	0.0225251	0.0225845
7.21507	0.0225845	0.0226364
7.21696	0.0226364	0.0225569
7.21884	0.0225569	0.0224872
7.22073	0.0224872	0.0224263
7.22262	0.0224263	0.022498
7.22451	0.022498	0.0225608
7.2264	0.0225608	0.0226157
7.22828	0.0226157	0.0226637
7.23017	0.0226637	0.0227058
7.23206	0.0227058	0.0227425
7.23395	0.0227425	0.0226497
7.23584	0.0226497	0.0225685
7.23772	0.0225685	0.0224974
7.23961	0.0224974	0.0225603
7.2415	0.0225603	0.0226152
7.24339	0.0226152	0.0226633
7.24528	0.0226633	0.0227054
7.24716	0.0227054	0.0227422
7.24905	0.0227422	0.0227745
7.25094	0.0227745	0.0226776
7.25379	0.0226776	0.0227179
7.27832	0.0227179	0.0227532
7.2802	0.0227532	0.022909
7.28209	0.022909	0.0230454
7.28398	0.0230454	0.0230397
7.28587	0.0230397	0.0230348
7.28776	0.0230348	0.0230304
7.28964	0.0230304	0.0230266
7.29153	0.0230266	0.0228983
7.29342	0.0228983	0.022536
7.29531	0.022536	0.021969
7.2972	0.021969	0.0207229
7.29908	0.0207229	0.0196325
7.30097	0.0196325	0.0185535
7.30286	0.0185535	0.0176093
7.30475	0.0176093	0.0167831
7.30664	0.0167831	0.0160602
7.30852	0.0160602	0.0154277
7.31041	0.0154277	0.0148742
7.3123	0.0148742	0.014515
7.31419	0.014515	0.0142006
7.31703	0.0142006	0.0140505
7.33024	0.0140505	0.0137942
7.33212	0.0137942	0.0136949
7.33401	0.0136949	0.0136081
7.3359	0.0136081	0.013407
7.33779	0.013407	0.0129812
7.33999	0.0129812	0.0119835
7.34188	0.0119835	0.0112356
7.34376	0.0112356	0.0105811
7.34596	0.0105811	0.0100085
7.34785	0.0100085	0.00950743
7.34974	0.00950743	0.009069
7.35194	0.009069	0.00868537
7.35382	0.00868537	0.0083497
7.35571	0.0083497	0.00830599
7.3576	0.00830599	0.00826774
7.35949	0.00826774	0.00823427
7.36138	0.00823427	0.00820499
7.36326	0.00820499	0.00817936
7.36515	0.00817936	0.00815694
7.36704	0.00815694	0.00813733
7.36893	0.00813733	0.00799516
7.37082	0.00799516	0.00787076
7.3727	0.00787076	0.00776192
7.37459	0.00776192	0.00766668
7.37648	0.00766668	0.00770834
7.37837	0.00770834	0.0077448
7.38026	0.0077448	0.0077767
7.38214	0.0077767	0.00780461
7.38403	0.00780461	0.00782903
7.38592	0.00782903	0.00772541
7.38781	0.00772541	0.00788473
7.3897	0.00788473	0.00802414
7.39158	0.00802414	0.00814612
7.39347	0.00814612	0.00825285
7.39536	0.00825285	0.00847125
7.39725	0.00847125	0.00866234
7.39914	0.00866234	0.00882955
7.40102	0.00882955	0.00897585
7.40291	0.00897585	0.00897887
7.4048	0.00897887	0.00898151
7.40669	0.00898151	0.00898382
7.40858	0.00898382	0.00898584
7.41046	0.00898584	0.00898761
7.41235	0.00898761	0.00911416
7.41424	0.00911416	0.00922489
7.41613	0.00922489	0.00932178
7.41802	0.00932178	0.00940656
7.4199	0.00940656	0.00935574
7.42179	0.00935574	0.00931127
7.42368	0.00931127	0.00927236
7.42557	0.00927236	0.00923832
7.42746	0.00923832	0.00945853
7.42934	0.00945853	0.00965121
7.43123	0.00965121	0.00994481
7.43312	0.00994481	0.0102017
7.43501	0.0102017	0.0104265
7.4369	0.0104265	0.0104982
7.43878	0.0104982	0.0105609
7.44067	0.0105609	0.0106158
7.44256	0.0106158	0.0106638
7.44445	0.0106638	0.0107058
7.44634	0.0107058	0.0107426
7.44822	0.0107426	0.0108998
7.45011	0.0108998	0.0110373
7.452	0.0110373	0.0111576
7.45389	0.0111576	0.0111379
7.45578	0.0111379	0.0111207
7.45766	0.0111207	0.0111056
7.45955	0.0111056	0.0110924
7.46144	0.0110924	0.0110809
7.46333	0.0110809	0.0110707
7.46522	0.0110707	0.0111869
7.4671	0.0111869	0.0112885
7.46899	0.0112885	0.0112525
7.47088	0.0112525	0.0112209
7.47277	0.0112209	0.0111933
7.47466	0.0111933	0.0114191
7.47654	0.0114191	0.0116167
7.47843	0.0116167	0.0117897
7.48032	0.0117897	0.0119409
7.48221	0.0119409	0.0121983
7.4841	0.0121983	0.0124235
7.48598	0.0124235	0.0124956
7.48787	0.0124956	0.0125586
7.48976	0.0125586	0.0126138
7.49165	0.0126138	0.0126621
7.49354	0.0126621	0.0127043
7.49542	0.0127043	0.0127413
7.49731	0.0127413	0.0127736
7.4992	0.0127736	0.0129269
7.50109	0.0129269	0.0130611
7.50298	0.0130611	0.0130534
7.50486	0.0130534	0.0130467
7.50675	0.0130467	0.0130409
7.50864	0.0130409	0.0130358
7.51053	0.0130358	0.0130313
7.51242	0.0130313	0.0130274
7.5143	0.0130274	0.013024
7.51619	0.013024	0.013146
7.51808	0.013146	0.0132527
7.51997	0.0132527	0.0132211
7.52186	0.0132211	0.0131935
7.52374	0.0131935	0.0131693
7.52563	0.0131693	0.0131481
7.52752	0.0131481	0.0131296
7.52941	0.0131296	0.0133634
7.5313	0.0133634	0.013568
7.53318	0.013568	0.013747
7.53507	0.013747	0.0140286
7.53696	0.0140286	0.01415
7.53885	0.01415	0.0142563
7.54074	0.0142563	0.0143492
7.54262	0.0143492	0.0144306
7.54451	0.0144306	0.0145018
7.5464	0.0145018	0.014564
7.54829	0.014564	0.0146185
7.55018	0.0146185	0.0146662
7.55206	0.0146662	0.0148329
7.55395	0.0148329	0.0148538
7.55584	0.0148538	0.0148721
7.55773	0.0148721	0.0148881
7.55962	0.0148881	0.0149021
7.5615	0.0149021	0.0149143
7.56339	0.0149143	0.014925
7.56528	0.014925	0.0149344
7.56717	0.0149344	0.0149426
7.56906	0.0149426	0.0150748
7.57094	0.0150748	0.0150654
7.57283	0.0150654	0.0150572
7.57472	0.0150572	0.0150501
7.57661	0.0150501	0.0150438
7.5785	0.0150438	0.0150383
7.58038	0.0150383	0.0150336
7.58227	0.0150336	0.0150294
7.58416	0.0150294	0.0150257
7.58605	0.0150257	0.0151475
7.58794	0.0151475	0.015129
7.58982	0.015129	0.0151129
7.59171	0.0151129	0.0150988
7.5936	0.0150988	0.0153364
7.59549	0.0153364	0.0155444
7.59738	0.0155444	0.0157263
7.59926	0.0157263	0.0158855
7.60115	0.0158855	0.0160249
7.60304	0.0160249	0.0161467
7.60493	0.0161467	0.0162534
7.60682	0.0162534	0.0163467
7.6087	0.0163467	0.0164284
7.61059	0.0164284	0.0164998
7.61248	0.0164998	0.0165624
7.61437	0.0165624	0.0166171
7.61626	0.0166171	0.0166649
7.61814	0.0166649	0.0167068
7.62003	0.0167068	0.0167435
7.62192	0.0167435	0.0167755
7.62381	0.0167755	0.0168036
7.6257	0.0168036	0.0168281
7.62758	0.0168281	0.0168496
7.62947	0.0168496	0.0168684
7.63136	0.0168684	0.0168849
7.63325	0.0168849	0.0168993
7.63514	0.0168993	0.0169118
7.63702	0.0169118	0.0169229
7.63891	0.0169229	0.0169325
7.6408	0.0169325	0.0169409
7.64269	0.0169409	0.0169483
7.64458	0.0169483	0.0169548
7.64646	0.0169548	0.0169604
7.64835	0.0169604	0.0169654
7.65024	0.0169654	0.0169697
7.65213	0.0169697	0.0169735
7.65402	0.0169735	0.0169768
7.6559	0.0169768	0.0169797
7.65779	0.0169797	0.0169822
7.65968	0.0169822	0.0169845
7.66157	0.0169845	0.0169864
7.66346	0.0169864	0.0172381
7.66534	0.0172381	0.0174583
7.66723	0.0174583	0.017651
7.66912	0.017651	0.0178197
7.67101	0.0178197	0.0179672
7.6729	0.0179672	0.0179713
7.67478	0.0179713	0.0180999
7.67667	0.0180999	0.0182124
7.67856	0.0182124	0.0183109
7.68045	0.0183109	0.018397
7.68234	0.018397	0.0184724
7.68422	0.0184724	0.0185383
7.68611	0.0185383	0.018596
7.688	0.018596	0.0186465
7.68989	0.0186465	0.0185657
7.69178	0.0185657	0.01862
7.69366	0.01862	0.0186675
7.69555	0.0186675	0.0187091
7.69744	0.0187091	0.0187454
7.69933	0.0187454	0.0187772
7.70122	0.0187772	0.0188051
7.7031	0.0188051	0.0188295
7.70499	0.0188295	0.0187258
7.70688	0.0187258	0.0186351
7.70877	0.0186351	0.0186807
7.71066	0.0186807	0.0187206
7.71254	0.0187206	0.0187555
7.71443	0.0187555	0.0187861
7.71632	0.0187861	0.0188128
7.71821	0.0188128	0.0188362
7.7201	0.0188362	0.0188567
7.72198	0.0188567	0.0187496
7.72387	0.0187496	0.0187809
7.72576	0.0187809	0.0188083
7.72765	0.0188083	0.0188322
7.72954	0.0188322	0.0188532
7.73142	0.0188532	0.0188716
7.73331	0.0188716	0.0188876
7.7352	0.0188876	0.0189017
7.73709	0.0189017	0.018914
7.73898	0.018914	0.0187997
7.74086	0.0187997	0.0188247
7.74275	0.0188247	0.0190967
7.74464	0.0190967	0.0193346
7.74653	0.0193346	0.0195427
7.74842	0.0195427	0.0197249
7.7503	0.0197249	0.0198843
7.75219	0.0198843	0.0200238
7.75408	0.0200238	0.0201458
7.75597	0.0201458	0.0201276
7.75786	0.0201276	0.0201116
7.75974	0.0201116	0.0202227
7.76163	0.0202227	0.0203198
7.76352	0.0203198	0.0204049
7.76541	0.0204049	0.0204792
7.7673	0.0204792	0.0205443
7.76918	0.0205443	0.0206013
7.77107	0.0206013	0.0206511
7.77296	0.0206511	0.0205697
7.77485	0.0205697	0.0204985
7.77674	0.0204985	0.0205612
7.77862	0.0205612	0.0206161
7.78051	0.0206161	0.020664
7.7824	0.020664	0.020706
7.78429	0.020706	0.0207428
7.78618	0.0207428	0.0207749
7.78806	0.0207749	0.0208031
7.78995	0.0208031	0.0207027
7.79184	0.0207027	0.0206148
7.79373	0.0206148	0.020663
7.79562	0.020663	0.0207051
7.7975	0.0207051	0.020742
7.79939	0.020742	0.0207742
7.80128	0.0207742	0.0208025
7.80317	0.0208025	0.0208271
7.80506	0.0208271	0.0208488
7.80694	0.0208488	0.0207427
7.80883	0.0207427	0.0206498
7.81072	0.0206498	0.0206936
7.81261	0.0206936	0.0207319
7.8145	0.0207319	0.0207654
7.81638	0.0207654	0.0207947
7.81827	0.0207947	0.0208204
7.82016	0.0208204	0.0208428
7.82205	0.0208428	0.0208625
7.82394	0.0208625	0.0207547
7.82582	0.0207547	0.0206603
7.82771	0.0206603	0.0207028
7.8296	0.0207028	0.0209899
7.83149	0.0209899	0.0212412
7.83338	0.0212412	0.0214611
7.83526	0.0214611	0.0216534
7.83715	0.0216534	0.0218217
7.83904	0.0218217	0.021969
7.84093	0.021969	0.0219729
7.84282	0.0219729	0.0219763
7.8447	0.0219763	0.0219792
7.84659	0.0219792	0.0221068
7.84848	0.0221068	0.0222185
7.85037	0.0222185	0.0223162
7.85226	0.0223162	0.0224017
7.85414	0.0224017	0.0224764
7.85603	0.0224764	0.0225419
7.85792	0.0225419	0.0224742
7.85981	0.0224742	0.0224149
7.8617	0.0224149	0.022363
7.86358	0.022363	0.0224426
7.86547	0.0224426	0.0225123
7.86736	0.0225123	0.0225733
7.86925	0.0225733	0.0226266
7.87114	0.0226266	0.0226733
7.87302	0.0226733	0.0227141
7.87491	0.0227141	0.0226249
7.8768	0.0226249	0.0225468
7.87869	0.0225468	0.0224784
7.88058	0.0224784	0.0225436
7.88246	0.0225436	0.0226007
7.88435	0.0226007	0.0226506
7.88624	0.0226506	0.0226943
7.88813	0.0226943	0.0227325
7.89002	0.0227325	0.0227659
7.8919	0.0227659	0.0226702
7.89379	0.0226702	0.0225864
7.89568	0.0225864	0.0225131
7.89757	0.0225131	0.022574
7.89946	0.022574	0.0226272
7.90134	0.0226272	0.0226738
7.90323	0.0226738	0.0227146
7.90512	0.0227146	0.0227503
7.90701	0.0227503	0.0227815
7.9089	0.0227815	0.0226838
7.91078	0.0226838	0.0225983
7.91267	0.0225983	0.0225235
7.91456	0.0225235	0.0225831
7.91645	0.0225831	0.0226352
7.91834	0.0226352	0.0226808
7.92022	0.0226808	0.0227207
7.92211	0.0227207	0.0227556
7.924	0.0227556	0.0230362
7.92589	0.0230362	0.0231566
7.92778	0.0231566	0.0232621
7.92966	0.0232621	0.0233543
7.93155	0.0233543	0.023435
7.93344	0.023435	0.0236306
7.93533	0.0236306	0.0238018
7.93722	0.0238018	0.0239516
7.9391	0.0239516	0.0240826
7.94099	0.0240826	0.0240723
7.94288	0.0240723	0.0240633
7.94477	0.0240633	0.0240554
7.94666	0.0240554	0.0240484
7.94854	0.0240484	0.0240424
7.95043	0.0240424	0.0241621
7.95232	0.0241621	0.0242668
7.95421	0.0242668	0.0243585
7.9561	0.0243585	0.0244387
7.95798	0.0244387	0.0243838
7.95987	0.0243838	0.0243358
7.96176	0.0243358	0.0242939
7.96365	0.0242939	0.0242571
7.96554	0.0242571	0.02435
7.96742	0.02435	0.0244312
7.96931	0.0244312	0.0245023
7.9712	0.0245023	0.0245645
7.97309	0.0245645	0.024619
7.97498	0.024619	0.0245416
7.97686	0.0245416	0.0244739
7.97875	0.0244739	0.0244147
7.98064	0.0244147	0.0243628
7.98253	0.0243628	0.0244425
7.98442	0.0244425	0.0245122
7.9863	0.0245122	0.0245731
7.98819	0.0245731	0.0246265
7.99008	0.0246265	0.0246732
7.99197	0.0246732	0.024589
7.99386	0.024589	0.0245154
7.99574	0.0245154	0.024451
7.99763	0.024451	0.0243946
7.99952	0.0243946	0.0244703
8.00141	0.0244703	0.0245365
8.0033	0.0245365	0.0245944
8.00518	0.0245944	0.0246451
8.00707	0.0246451	0.0246895
8.00896	0.0246895	0.0246033
8.01085	0.0246033	0.0245279
8.01274	0.0245279	0.0244619
8.01462	0.0244619	0.0244042
8.01651	0.0244042	0.0244786
8.0184	0.0244786	0.0245438
8.02029	0.0245438	0.0246008
8.02218	0.0246008	0.0246507
8.02406	0.0246507	0.0246944
8.02595	0.0246944	0.0248576
8.02784	0.0248576	0.0250004
8.02973	0.0250004	0.0251253
8.03162	0.0251253	0.0252347
8.0335	0.0252347	0.0253303
8.03539	0.0253303	0.025539
8.03728	0.025539	0.0257217
8.03917	0.0257217	0.0258815
8.04106	0.0258815	0.0260213
8.04294	0.0260213	0.0260186
8.04483	0.0260186	0.0260163
8.04672	0.0260163	0.0260143
8.04861	0.0260143	0.0260125
8.0505	0.0260125	0.0260109
8.05238	0.0260109	0.0261345
8.05427	0.0261345	0.0262427
8.05616	0.0262427	0.0263374
8.05805	0.0263374	0.0264202
8.05994	0.0264202	0.0263677
8.06182	0.0263677	0.0263217
8.06371	0.0263217	0.0262815
8.0656	0.0262815	0.0262463
8.06749	0.0262463	0.0262155
8.06938	0.0262155	0.0263136
8.07126	0.0263136	0.0263994
8.07315	0.0263994	0.0264745
8.07504	0.0264745	0.0265402
8.07693	0.0265402	0.0264726
8.07882	0.0264726	0.0264136
8.0807	0.0264136	0.0263619
8.08259	0.0263619	0.0263166
8.08448	0.0263166	0.026277
8.08637	0.026277	0.0263674
8.08826	0.0263674	0.0264465
8.09014	0.0264465	0.0265157
8.09203	0.0265157	0.0265762
8.09392	0.0265762	0.0265042
8.09581	0.0265042	0.0264412
8.0977	0.0264412	0.026386
8.09958	0.026386	0.0263378
8.10147	0.0263378	0.0262955
8.10336	0.0262955	0.0263836
8.10525	0.0263836	0.0264606
8.10714	0.0264606	0.0265281
8.10902	0.0265281	0.0265871
8.11091	0.0265871	0.0265137
8.1128	0.0265137	0.0264495
8.11469	0.0264495	0.0263933
8.11658	0.0263933	0.0263441
8.11846	0.0263441	0.0263011
8.12131	0.0263011	0.0265135
8.14962	0.0265135	0.0264493
8.1515	0.0264493	0.0265181
8.15339	0.0265181	0.0265784
8.15528	0.0265784	0.0267561
8.15717	0.0267561	0.0269116
8.15906	0.0269116	0.0270476
8.16094	0.0270476	0.0270417
8.16283	0.0270417	0.0270364
8.16472	0.0270364	0.0267819
8.16661	0.0267819	0.0263092
8.1685	0.0263092	0.0257705
8.17038	0.0257705	0.0241742
8.17227	0.0241742	0.0227774
8.17416	0.0227774	0.0216802
8.17605	0.0216802	0.0207202
8.17794	0.0207202	0.0197552
8.17982	0.0197552	0.0189108
8.18171	0.0189108	0.0181719
8.1836	0.0181719	0.0175254
8.18549	0.0175254	0.0169598
8.18738	0.0169598	0.0164648
8.18926	0.0164648	0.0160317
8.19115	0.0160317	0.0157777
8.19304	0.0157777	0.0155555
8.19493	0.0155555	0.0152361
8.19682	0.0152361	0.0149566
8.1987	0.0149566	0.014712
8.20059	0.014712	0.014498
8.20248	0.014498	0.0143107
8.20437	0.0143107	0.0143969
8.20626	0.0143969	0.0144723
8.20814	0.0144723	0.0145383
8.21003	0.0145383	0.014721
8.21192	0.014721	0.0147558
8.21381	0.0147558	0.0147864
8.2157	0.0147864	0.0148131
8.21758	0.0148131	0.0148364
8.21947	0.0148364	0.0148569
8.22136	0.0148569	0.0148748
8.22325	0.0148748	0.0148904
8.22514	0.0148904	0.0149041
8.22702	0.0149041	0.0150411
8.22891	0.0150411	0.015036
8.2308	0.015036	0.0150315
8.23269	0.0150315	0.0150275
8.23458	0.0150275	0.0150241
8.23646	0.0150241	0.0150211
8.23835	0.0150211	0.0150184
8.24024	0.0150184	0.0150161
8.24213	0.0150161	0.0150141
8.24402	0.0150141	0.0151374
8.2459	0.0151374	0.0151202
8.24779	0.0151202	0.0151052
8.24968	0.0151052	0.015092
8.25157	0.015092	0.0150805
8.25346	0.0150805	0.0150704
8.25534	0.0150704	0.0150616
8.25723	0.0150616	0.0150539
8.25912	0.0150539	0.0150472
8.26101	0.0150472	0.0151663
8.2629	0.0151663	0.0151455
8.26478	0.0151455	0.0151273
8.26667	0.0151273	0.0151114
8.26856	0.0151114	0.0153475
8.27045	0.0153475	0.015554
8.27234	0.015554	0.0157348
8.27422	0.0157348	0.0158929
8.27611	0.0158929	0.0160313
8.278	0.0160313	0.0161524
8.27989	0.0161524	0.0162584
8.28178	0.0162584	0.0163511
8.28366	0.0163511	0.0164322
8.28555	0.0164322	0.0165032
8.28744	0.0165032	0.0165653
8.28933	0.0165653	0.0166196
8.29122	0.0166196	0.0166671
8.2931	0.0166671	0.0167088
8.29499	0.0167088	0.0166202
8.29688	0.0166202	0.0166676
8.29877	0.0166676	0.0167092
8.30066	0.0167092	0.0167455
8.30254	0.0167455	0.0167773
8.30443	0.0167773	0.0168052
8.30632	0.0168052	0.0168295
8.30821	0.0168295	0.0168508
8.3101	0.0168508	0.0168695
8.31198	0.0168695	0.0168858
8.31387	0.0168858	0.0169001
8.31576	0.0169001	0.0169126
8.31765	0.0169126	0.0169235
8.31954	0.0169235	0.0169331
8.32238	0.0169331	0.0170664
8.34125	0.0170664	0.0170581
8.34314	0.0170581	0.0171759
8.34502	0.0171759	0.0172789
8.34691	0.0172789	0.017369
8.3488	0.017369	0.0174479
8.35069	0.0174479	0.0173919
8.35258	0.0173919	0.0170929
8.35446	0.0170929	0.0159563
8.35635	0.0159563	0.0149618
8.35824	0.0149618	0.0143415
8.36013	0.0143415	0.0137988
8.36202	0.0137988	0.013324
8.3639	0.013324	0.0127835
8.36579	0.0127835	0.0123106
8.36768	0.0123106	0.0118967
8.36957	0.0118967	0.0115346
8.37146	0.0115346	0.0112178
8.37334	0.0112178	0.0110656
8.37523	0.0110656	0.0109324
8.37712	0.0109324	0.0108158
8.37901	0.0108158	0.0107139
8.3809	0.0107139	0.0104996
8.38278	0.0104996	0.0103122
8.38467	0.0103122	0.0101481
8.38656	0.0101481	0.0100046
8.38845	0.0100046	0.00987905
8.39034	0.00987905	0.00989417
8.39222	0.00989417	0.0099074
8.39411	0.0099074	0.00991897
8.396	0.00991897	0.0099291
8.39789	0.0099291	0.010063
8.39978	0.010063	0.0101801
8.40166	0.0101801	0.0102826
8.40355	0.0102826	0.0103723
8.40544	0.0103723	0.0104507
8.40733	0.0104507	0.0105194
8.40922	0.0105194	0.0107045
8.4111	0.0107045	0.0108664
8.41299	0.0108664	0.0108831
8.41488	0.0108831	0.0108977
8.41677	0.0108977	0.0109105
8.41866	0.0109105	0.0109217
8.42054	0.0109217	0.0109315
8.42243	0.0109315	0.01094
8.42432	0.01094	0.0110725
8.42621	0.0110725	0.0111885
8.4281	0.0111885	0.0112899
8.42998	0.0112899	0.0112537
8.43187	0.0112537	0.011222
8.43376	0.011222	0.0111942
8.43565	0.0111942	0.0111699
8.43754	0.0111699	0.0111487
8.43942	0.0111487	0.0111301
8.44131	0.0111301	0.0112388
8.4432	0.0112388	0.011334
8.44509	0.011334	0.0116672
8.44698	0.0116672	0.0118338
8.44886	0.0118338	0.0119796
8.45075	0.0119796	0.0121072
8.45264	0.0121072	0.0122188
8.45453	0.0122188	0.0123164
8.45642	0.0123164	0.0124019
8.4583	0.0124019	0.0124766
8.46019	0.0124766	0.012667
8.46208	0.012667	0.0128337
8.46397	0.0128337	0.0128545
8.46586	0.0128545	0.0128726
8.46774	0.0128726	0.0128886
8.46963	0.0128886	0.0129025
8.47152	0.0129025	0.0129147
8.47341	0.0129147	0.0129253
8.4753	0.0129253	0.0129347
8.47718	0.0129347	0.0130678
8.47907	0.0130678	0.0131844
8.48096	0.0131844	0.0131613
8.48285	0.0131613	0.0131412
8.48474	0.0131412	0.0131235
8.48662	0.0131235	0.0131081
8.48851	0.0131081	0.0130946
8.4904	0.0130946	0.0130827
8.49229	0.0130827	0.0130724
8.49418	0.0130724	0.0131883
8.49606	0.0131883	0.0132898
8.49795	0.0132898	0.0132536
8.49984	0.0132536	0.0134719
8.50173	0.0134719	0.0136629
8.50362	0.0136629	0.01383
8.5055	0.01383	0.0139763
8.50739	0.0139763	0.0141042
8.50928	0.0141042	0.0142162
8.51117	0.0142162	0.0143142
8.51306	0.0143142	0.0145249
8.51494	0.0145249	0.0145843
8.51683	0.0145843	0.0146363
8.51872	0.0146363	0.0146817
8.52061	0.0146817	0.0147215
8.5225	0.0147215	0.0147563
8.52438	0.0147563	0.0147868
8.52627	0.0147868	0.0148134
8.52816	0.0148134	0.0148368
8.53005	0.0148368	0.0149822
8.53194	0.0149822	0.0149844
8.53382	0.0149844	0.0149863
8.53571	0.0149863	0.014988
8.5376	0.014988	0.0149895
8.53949	0.0149895	0.0149908
8.54138	0.0149908	0.014992
8.54326	0.014992	0.014993
8.54515	0.014993	0.0149939
8.54704	0.0149939	0.0151196
8.54893	0.0151196	0.0151047
8.55082	0.0151047	0.0150916
8.5527	0.0150916	0.0150801
8.55459	0.0150801	0.0150701
8.55648	0.0150701	0.0150614
8.55837	0.0150614	0.0150537
8.56026	0.0150537	0.015047
8.56214	0.015047	0.0150411
8.56403	0.0150411	0.015286
8.56592	0.015286	0.0155002
8.56781	0.0155002	0.0156877
8.5697	0.0156877	0.0158517
8.57158	0.0158517	0.0159953
8.57347	0.0159953	0.0161209
8.57536	0.0161209	0.0162307
8.57725	0.0162307	0.0163269
8.57914	0.0163269	0.016411
8.58102	0.016411	0.0164847
8.58291	0.0164847	0.0165491
8.5848	0.0165491	0.0166054
8.58669	0.0166054	0.0166548
8.58953	0.0166548	0.0168229
8.60746	0.0168229	0.0167201
8.60934	0.0167201	0.016755
8.61123	0.016755	0.0167857
8.61312	0.0167857	0.0168125
8.61501	0.0168125	0.0168359
8.6169	0.0168359	0.0166064
8.61878	0.0166064	0.0161556
8.62067	0.0161556	0.0150112
8.62256	0.0150112	0.0140098
8.62445	0.0140098	0.0132585
8.62634	0.0132585	0.0126012
8.62822	0.0126012	0.0120261
8.63011	0.0120261	0.0115228
8.632	0.0115228	0.0113325
8.63389	0.0113325	0.0110409
8.63578	0.0110409	0.0107858
8.63766	0.0107858	0.0105626
8.63955	0.0105626	0.0103672
8.64144	0.0103672	0.0101963
8.64333	0.0101963	0.0101718
8.64522	0.0101718	0.0101503
8.6471	0.0101503	0.0101315
8.64899	0.0101315	0.00999009
8.65088	0.00999009	0.00986633
8.65277	0.00986633	0.00975803
8.65466	0.00975803	0.00966328
8.65654	0.00966328	0.00958037
8.65843	0.00958037	0.00963282
8.66032	0.00963282	0.00967872
8.66221	0.00967872	0.00971888
8.6641	0.00971888	0.00975402
8.66598	0.00975402	0.00965977
8.66787	0.00965977	0.0095773
8.66976	0.0095773	0.00950513
8.67165	0.00950513	0.00969199
8.67354	0.00969199	0.00985549
8.67542	0.00985549	0.00999856
8.67731	0.00999856	0.0102487
8.6792	0.0102487	0.0104676
8.68109	0.0104676	0.0106592
8.68298	0.0106592	0.0107018
8.68486	0.0107018	0.0107391
8.68675	0.0107391	0.0107717
8.68864	0.0107717	0.0108002
8.69053	0.0108002	0.0108252
8.69242	0.0108252	0.010847
8.6943	0.010847	0.0109912
8.69619	0.0109912	0.0111173
8.69808	0.0111173	0.0112276
8.69997	0.0112276	0.0111992
8.70186	0.0111992	0.0111743
8.70374	0.0111743	0.0111525
8.70563	0.0111525	0.0111334
8.70752	0.0111334	0.0111167
8.70941	0.0111167	0.0111021
8.7113	0.0111021	0.0112144
8.71318	0.0112144	0.0113126
8.71507	0.0113126	0.0113985
8.71696	0.0113985	0.0113487
8.71885	0.0113487	0.0115551
8.72074	0.0115551	0.0117357
8.72262	0.0117357	0.0118938
8.72451	0.0118938	0.012032
8.7264	0.012032	0.012153
8.72829	0.012153	0.0122589
8.73018	0.0122589	0.0124765
8.73206	0.0124765	0.012667
8.73395	0.012667	0.0127086
8.73584	0.0127086	0.012745
8.73773	0.012745	0.0127769
8.73962	0.0127769	0.0128048
8.7415	0.0128048	0.0128292
8.74339	0.0128292	0.0128505
8.74528	0.0128505	0.0128692
8.74717	0.0128692	0.0130106
8.74906	0.0130106	0.0131342
8.75094	0.0131342	0.0131175
8.75283	0.0131175	0.0131028
8.75472	0.0131028	0.0130899
8.75661	0.0130899	0.0130787
8.7585	0.0130787	0.0130689
8.76038	0.0130689	0.0130602
8.76227	0.0130602	0.0130527
8.76416	0.0130527	0.0131711
8.76605	0.0131711	0.0132747
8.76794	0.0132747	0.0132404
8.76982	0.0132404	0.0132103
8.77171	0.0132103	0.013184
8.7736	0.013184	0.013161
8.77549	0.013161	0.0133909
8.77738	0.0133909	0.013592
8.77926	0.013592	0.013768
8.78115	0.013768	0.013922
8.78304	0.013922	0.0141818
8.78493	0.0141818	0.0142841
8.78682	0.0142841	0.0143736
8.7887	0.0143736	0.0144519
8.79059	0.0144519	0.0145204
8.79248	0.0145204	0.0145803
8.79437	0.0145803	0.0146328
8.79626	0.0146328	0.0146787
8.79814	0.0146787	0.0147189
8.80003	0.0147189	0.014879
8.80192	0.014879	0.0148941
8.80381	0.0148941	0.0149074
8.8057	0.0149074	0.0149189
8.80758	0.0149189	0.0149291
8.80947	0.0149291	0.0149379
8.81136	0.0149379	0.0149457
8.81325	0.0149457	0.0149525
8.81514	0.0149525	0.0149584
8.81702	0.0149584	0.0150886
8.81891	0.0150886	0.0150775
8.8208	0.0150775	0.0150678
8.82269	0.0150678	0.0150594
8.82458	0.0150594	0.0150519
8.82646	0.0150519	0.0150455
8.82835	0.0150455	0.0150398
8.83024	0.0150398	0.0150348
8.83213	0.0150348	0.0150304
8.83402	0.0150304	0.0151516
8.8359	0.0151516	0.0151327
8.83779	0.0151327	0.0153661
8.83968	0.0153661	0.0155703
8.84157	0.0155703	0.015749
8.84346	0.015749	0.0159054
8.84534	0.0159054	0.0160422
8.84723	0.0160422	0.016162
8.84912	0.016162	0.0162667
8.85101	0.0162667	0.0163584
8.8529	0.0163584	0.0164386
8.85478	0.0164386	0.0165088
8.85667	0.0165088	0.0165702
8.85856	0.0165702	0.0166239
8.86045	0.0166239	0.0166709
8.86234	0.0166709	0.016712
8.86422	0.016712	0.016748
8.86611	0.016748	0.0167795
8.868	0.0167795	0.0168071
8.86989	0.0168071	0.0168312
8.87178	0.0168312	0.0168523
8.87366	0.0168523	0.0168708
8.87555	0.0168708	0.0168869
8.87744	0.0168869	0.0169011
8.87933	0.0169011	0.0169134
8.88122	0.0169134	0.0169242
8.8831	0.0169242	0.0169337
8.88499	0.0169337	0.016817
8.88688	0.016817	0.0168399
8.88877	0.0168399	0.0168599
8.89066	0.0168599	0.0168774
8.89254	0.0168774	0.0168927
8.89443	0.0168927	0.0169061
8.89632	0.0169061	0.0169179
8.89821	0.0169179	0.0169281
8.9001	0.0169281	0.0169371
8.90198	0.0169371	0.016945
8.90387	0.016945	0.0169519
8.90576	0.0169519	0.0169579
8.90765	0.0169579	0.0169631
8.90954	0.0169631	0.0172177
8.91142	0.0172177	0.0174405
8.91331	0.0174405	0.0176355
8.9152	0.0176355	0.017806
8.93597	0.017806	0.0177053
8.93786	0.0177053	0.0177421
8.93974	0.0177421	0.0177743
8.94163	0.0177743	0.0178026
8.94352	0.0178026	0.0178272
8.94541	0.0178272	0.0177238
8.9473	0.0177238	0.0173833
8.94918	0.0173833	0.0162104
8.95107	0.0162104	0.0151841
8.95296	0.0151841	0.0144111
8.95485	0.0144111	0.0137347
8.95674	0.0137347	0.0131429
8.95958	0.0131429	0.01275
8.96901	0.01275	0.0121563
8.9709	0.0121563	0.0116367
8.97278	0.0116367	0.0111821
8.97593	0.0111821	0.0106594
8.97876	0.0106594	0.010077
8.9819	0.010077	0.00956733
8.98473	0.00956733	0.00912142
8.98788	0.00912142	0.00873124
8.99071	0.00873124	0.00838983
8.99291	0.00838983	0.0083411
8.99574	0.0083411	0.00829846
8.99794	0.00829846	0.00813616
9.00077	0.00813616	0.00811914
9.00297	0.00811914	0.00797924
9.00485	0.00797924	0.00785684
9.00674	0.00785684	0.00762473
9.00894	0.00762473	0.00742164
9.01083	0.00742164	0.00724393
9.01272	0.00724393	0.00708844
9.01492	0.00708844	0.00695239
9.0168	0.00695239	0.00683334
9.01869	0.00683334	0.00672917
9.02058	0.00672917	0.00688802
9.02247	0.00688802	0.00702702
9.02436	0.00702702	0.00714864
9.02624	0.00714864	0.00725506
9.02813	0.00725506	0.00734818
9.03002	0.00734818	0.00742966
9.03191	0.00742966	0.00737595
9.0338	0.00737595	0.00732895
9.03568	0.00732895	0.00728783
9.03757	0.00728783	0.00725185
9.03946	0.00725185	0.00734537
9.04135	0.00734537	0.0074272
9.04324	0.0074272	0.0074988
9.04512	0.0074988	0.00756145
9.04701	0.00756145	0.00761627
9.0489	0.00761627	0.00753923
9.05079	0.00753923	0.00747183
9.05268	0.00747183	0.00766285
9.05456	0.00766285	0.00782999
9.05645	0.00782999	0.00797624
9.05834	0.00797624	0.00822921
9.06023	0.00822921	0.00845056
9.06212	0.00845056	0.00864424
9.064	0.00864424	0.00881371
9.06589	0.00881371	0.008837
9.06778	0.008837	0.00885737
9.06967	0.00885737	0.0088752
9.07156	0.0088752	0.0088908
9.07344	0.0088908	0.00890445
9.07533	0.00890445	0.00904139
9.07722	0.00904139	0.00916122
9.07911	0.00916122	0.00926607
9.081	0.00926607	0.00923281
9.08288	0.00923281	0.0092037
9.08477	0.0092037	0.00917824
9.08666	0.00917824	0.00915596
9.08855	0.00915596	0.00913646
9.09044	0.00913646	0.00924441
9.10365	0.00924441	0.00921385
9.10554	0.00921385	0.00931212
9.10743	0.00931212	0.00939811
9.10932	0.00939811	0.00947334
9.12033	0.00947334	0.00891417
9.12349	0.00891417	0.0086749
9.12852	0.0086749	0.00871554
9.13449	0.00871554	0.0083761
9.13952	0.0083761	0.00870408
9.14455	0.00870408	0.00886607
9.14958	0.00886607	0.00900781
9.15147	0.00900781	0.00875684
9.15556	0.00875684	0.00841223
9.15745	0.00841223	0.0081107
9.16153	0.0081107	0.00784686
9.16342	0.00784686	0.00761601
9.16751	0.00761601	0.007414
9.1694	0.007414	0.00748725
9.17254	0.00748725	0.00767635
9.17443	0.00767635	0.0075918
9.17757	0.0075918	0.00764283
9.17946	0.00764283	0.00756247
9.18134	0.00756247	0.00749216
9.18354	0.00749216	0.00730564
9.18543	0.00730564	0.00714244
9.18732	0.00714244	0.00699963
9.18952	0.00699963	0.00687468
9.1914	0.00687468	0.00676534
9.19329	0.00676534	0.00666967
9.19518	0.00666967	0.00683596
9.19707	0.00683596	0.00698147
9.19896	0.00698147	0.00698378
9.20084	0.00698378	0.00698581
9.20273	0.00698581	0.00698758
9.20558	0.00698758	0.00711414
9.21406	0.00711414	0.00709987
9.21595	0.00709987	0.00708738
9.21816	0.00708738	0.00707646
9.22319	0.00707646	0.0071919
9.22822	0.0071919	0.00754291
9.23011	0.00754291	0.00747505
9.2342	0.00747505	0.00729067
9.23608	0.00729067	0.00712933
9.24017	0.00712933	0.00698817
9.24206	0.00698817	0.00686465
9.2452	0.00686465	0.00713157
9.24804	0.00713157	0.00724012
9.25622	0.00724012	0.0069601
9.25906	0.0069601	0.00684009
9.26409	0.00684009	0.00711008
9.27007	0.00711008	0.00697132
9.2751	0.00697132	0.0074749
9.28013	0.0074749	0.00779054
9.28516	0.00779054	0.00806672
9.28705	0.00806672	0.00793338
9.29113	0.00793338	0.00769171
9.29302	0.00769171	0.00748024
9.29711	0.00748024	0.00729521
9.299	0.00729521	0.00700831
9.30308	0.00700831	0.00688227
9.30497	0.00688227	0.00689699
9.30811	0.00689699	0.00728486
9.31	0.00728486	0.00724926
9.31314	0.00724926	0.0074681
9.31503	0.0074681	0.00740959
9.31692	0.00740959	0.00723339
9.31912	0.00723339	0.00707921
9.321	0.00707921	0.00694431
9.32289	0.00694431	0.00682627
9.32509	0.00682627	0.00672299
9.32698	0.00672299	0.00650761
9.32887	0.00650761	0.00644416
9.33076	0.00644416	0.00663864
9.33264	0.00663864	0.00668381
9.33453	0.00668381	0.00684833
9.33642	0.00684833	0.00699229
9.33831	0.00699229	0.00711825
9.3402	0.00711825	0.00722847
9.34208	0.00722847	0.00732491
9.34397	0.00732491	0.0072843
9.34586	0.0072843	0.00724876
9.34775	0.00724876	0.00721766
9.34964	0.00721766	0.00719046
9.35152	0.00719046	0.00729165
9.35341	0.00729165	0.00738019
9.3553	0.00738019	0.00745767
9.35719	0.00745767	0.00752546
9.35908	0.00752546	0.00758478
9.36096	0.00758478	0.00751168
9.36285	0.00751168	0.00769772
9.36474	0.00769772	0.0078605
9.36663	0.0078605	0.00800294
9.36852	0.00800294	0.00812757
9.3704	0.00812757	0.00836163
9.37229	0.00836163	0.00856642
9.37418	0.00856642	0.00874562
9.37607	0.00874562	0.00890242
9.37796	0.00890242	0.00891461
9.37984	0.00891461	0.00892529
9.38173	0.00892529	0.00893463
9.38362	0.00893463	0.0089428
9.38551	0.0089428	0.00894995
9.3874	0.00894995	0.0090812
9.38928	0.0090812	0.00919605
9.39117	0.00919605	0.00929654
9.39306	0.00929654	0.00938448
9.39495	0.00938448	0.00933642
9.39684	0.00933642	0.00929436
9.39872	0.00929436	0.00925757
9.40061	0.00925757	0.00922537
9.4025	0.00922537	0.0091972
9.40439	0.0091972	0.00942255
9.40628	0.00942255	0.00974473
9.40816	0.00974473	0.0100266
9.41005	0.0100266	0.0102733
9.41194	0.0102733	0.0103641
9.41383	0.0103641	0.0104436
9.41572	0.0104436	0.0105132
9.4176	0.0105132	0.010574
9.41949	0.010574	0.0106273
9.42138	0.0106273	0.0106739
9.42327	0.0106739	0.0108396
9.42516	0.0108396	0.0109847
9.42704	0.0109847	0.0111116
9.42893	0.0111116	0.0110976
9.43082	0.0110976	0.0110854
9.43271	0.0110854	0.0110748
9.4346	0.0110748	0.0110654
9.43648	0.0110654	0.0110572
9.43837	0.0110572	0.0110501
9.44026	0.0110501	0.0111688
9.44215	0.0111688	0.0112727
9.44404	0.0112727	0.0113636
9.44592	0.0113636	0.0113182
9.44781	0.0113182	0.0112784
9.4497	0.0112784	0.0112436
9.45159	0.0112436	0.0114631
9.45348	0.0114631	0.0116553
9.45536	0.0116553	0.0118233
9.45725	0.0118233	0.0119704
9.45914	0.0119704	0.0122241
9.46103	0.0122241	0.0124461
9.46292	0.0124461	0.0125153
9.4648	0.0125153	0.0125759
9.46669	0.0125759	0.0126289
9.46858	0.0126289	0.0126753
9.47047	0.0126753	0.0127159
9.47236	0.0127159	0.0127514
9.47424	0.0127514	0.0127825
9.47613	0.0127825	0.0129347
9.47802	0.0129347	0.0130678
9.47991	0.0130678	0.0130594
9.4818	0.0130594	0.0130519
9.48368	0.0130519	0.0130454
9.48557	0.0130454	0.0130398
9.48746	0.0130398	0.0130348
9.48935	0.0130348	0.0130304
9.49124	0.0130304	0.0130266
9.49312	0.0130266	0.0131483
9.49501	0.0131483	0.0132548
9.4969	0.0132548	0.0132229
9.49879	0.0132229	0.0131951
9.50068	0.0131951	0.0131707
9.50256	0.0131707	0.0131493
9.50445	0.0131493	0.0131307
9.50634	0.0131307	0.0133643
9.50823	0.0133643	0.0135688
9.51012	0.0135688	0.0137477
9.512	0.0137477	0.0140292
9.51389	0.0140292	0.0141506
9.51578	0.0141506	0.0142568
9.51767	0.0142568	0.0143497
9.51956	0.0143497	0.014431
9.52144	0.014431	0.0145021
9.52333	0.0145021	0.0145643
9.52522	0.0145643	0.0146188
9.52711	0.0146188	0.0146664
9.529	0.0146664	0.0147081
9.53088	0.0147081	0.0147446
9.53277	0.0147446	0.0147765
9.53466	0.0147765	0.0148045
9.53655	0.0148045	0.0148289
9.53844	0.0148289	0.0148503
9.54032	0.0148503	0.014869
9.54221	0.014869	0.0148854
9.5441	0.0148854	0.0150247
9.54599	0.0150247	0.0150216
9.54788	0.0150216	0.0150189
9.54976	0.0150189	0.0150166
9.55165	0.0150166	0.0150145
9.55354	0.0150145	0.0150127
9.55543	0.0150127	0.0150111
9.55732	0.0150111	0.0150097
9.5592	0.0150097	0.0150085
9.56109	0.0150085	0.0151324
9.56298	0.0151324	0.0151159
9.56487	0.0151159	0.0151014
9.56676	0.0151014	0.0150887
9.56864	0.0150887	0.0153276
9.57053	0.0153276	0.0155367
9.57242	0.0155367	0.0157196
9.57431	0.0157196	0.0158796
9.5762	0.0158796	0.0160197
9.57808	0.0160197	0.0161422
9.57997	0.0161422	0.0162494
9.58186	0.0162494	0.0163433
9.58375	0.0163433	0.0164254
9.58564	0.0164254	0.0164972
9.58752	0.0164972	0.01656
9.58941	0.01656	0.016615
9.5913	0.016615	0.0166632
9.59319	0.0166632	0.0167053
9.59508	0.0167053	0.0167421
9.59696	0.0167421	0.0167743
9.59885	0.0167743	0.0168025
9.60074	0.0168025	0.0168272
9.60263	0.0168272	0.0168488
9.60452	0.0168488	0.0168677
9.6064	0.0168677	0.0168843
9.60829	0.0168843	0.0168987
9.61018	0.0168987	0.0169114
9.61207	0.0169114	0.0169225
9.61396	0.0169225	0.0169321
9.61584	0.0169321	0.0169406
9.61773	0.0169406	0.0169481
9.61962	0.0169481	0.0169545
9.62151	0.0169545	0.0169602
9.64228	0.0169602	0.0169652
9.64416	0.0169652	0.0170945
9.64605	0.0170945	0.0172077
9.64794	0.0172077	0.0171818
9.64983	0.0171818	0.017284
9.65172	0.017284	0.0172485
9.6536	0.0172485	0.0169675
9.65549	0.0169675	0.0158465
9.65738	0.0158465	0.0148657
9.65927	0.0148657	0.0142575
9.66116	0.0142575	0.0137253
9.66304	0.0137253	0.0132596
9.66493	0.0132596	0.0127272
9.66682	0.0127272	0.0122613
9.66871	0.0122613	0.0118536
9.6706	0.0118536	0.0114969
9.67248	0.0114969	0.0111848
9.67437	0.0111848	0.0110367
9.67626	0.0110367	0.0109071
9.67815	0.0109071	0.0107937
9.68004	0.0107937	0.0106945
9.68192	0.0106945	0.0104827
9.68381	0.0104827	0.0102974
9.6857	0.0102974	0.0101352
9.68759	0.0101352	0.00999329
9.68948	0.00999329	0.00986913
9.69136	0.00986913	0.00988549
9.69325	0.00988549	0.0098998
9.69514	0.0098998	0.00991232
9.69703	0.00991232	0.00992328
9.69892	0.00992328	0.0100579
9.7008	0.0100579	0.0101756
9.70269	0.0101756	0.0102787
9.70458	0.0102787	0.0103688
9.70647	0.0103688	0.0104477
9.70836	0.0104477	0.0105168
9.71024	0.0105168	0.0107022
9.71213	0.0107022	0.0108644
9.71402	0.0108644	0.0110064
9.71591	0.0110064	0.0110056
9.7178	0.0110056	0.0110049
9.71968	0.0110049	0.0110043
9.72157	0.0110043	0.0110037
9.72346	0.0110037	0.0110033
9.72535	0.0110033	0.0110028
9.72724	0.0110028	0.0111275
9.72912	0.0111275	0.0112366
9.73101	0.0112366	0.011332
9.73386	0.011332	0.0114155
9.74612	0.0114155	0.0113636
9.748	0.0113636	0.0114431
9.74989	0.0114431	0.0113877
9.75178	0.0113877	0.0112143
9.75492	0.0112143	0.0109375
9.75681	0.0109375	0.0104453
9.75995	0.0104453	0.0101396
9.76184	0.0101396	0.00974717
9.76373	0.00974717	0.00940377
9.76593	0.00940377	0.0089783
9.76781	0.0089783	0.00860601
9.7697	0.00860601	0.00828026
9.7719	0.00828026	0.00799523
9.77379	0.00799523	0.00774582
9.77568	0.00774582	0.0075276
9.77756	0.0075276	0.00758665
9.77945	0.00758665	0.00763831
9.78134	0.00763831	0.00768353
9.78323	0.00768353	0.00772308
9.78512	0.00772308	0.0077577
9.787	0.0077577	0.00778798
9.78889	0.00778798	0.00768949
9.79078	0.00768949	0.0076033
9.79267	0.0076033	0.00752789
9.79456	0.00752789	0.0074619
9.79644	0.0074619	0.00752916
9.79833	0.00752916	0.00758802
9.80022	0.00758802	0.00763951
9.80211	0.00763951	0.00768457
9.804	0.00768457	0.007599
9.80588	0.007599	0.00752413
9.80777	0.00752413	0.00745861
9.80966	0.00745861	0.00765128
9.81155	0.00765128	0.00781987
9.81344	0.00781987	0.00809239
9.81532	0.00809239	0.00833084
9.81721	0.00833084	0.00853948
9.8191	0.00853948	0.00872205
9.82099	0.00872205	0.00875679
9.82288	0.00875679	0.00878719
9.82476	0.00878719	0.00881379
9.82665	0.00881379	0.00883707
9.82854	0.00883707	0.00885743
9.83043	0.00885743	0.00900025
9.83232	0.00900025	0.00912522
9.8342	0.00912522	0.00923457
9.83609	0.00923457	0.00933025
9.83798	0.00933025	0.00928897
9.83987	0.00928897	0.00925284
9.84176	0.00925284	0.00922124
9.84364	0.00922124	0.00919358
9.84553	0.00919358	0.00916939
9.84742	0.00916939	0.00927321
9.84931	0.00927321	0.00961406
9.8512	0.00961406	0.0099123
9.85308	0.0099123	0.0101733
9.85497	0.0101733	0.0102766
9.85686	0.0102766	0.010367
9.85875	0.010367	0.0104462
9.86064	0.0104462	0.0105154
9.86252	0.0105154	0.010576
9.86441	0.010576	0.010629
9.8663	0.010629	0.0108003
9.86819	0.0108003	0.0109503
9.87008	0.0109503	0.0110815
9.87196	0.0110815	0.0110713
9.87385	0.0110713	0.0110624
9.87574	0.0110624	0.0110546
9.87763	0.0110546	0.0110478
9.87952	0.0110478	0.0110418
9.8814	0.0110418	0.0110366
9.88329	0.0110366	0.011157
9.88518	0.011157	0.0112624
9.88707	0.0112624	0.0113546
9.88896	0.0113546	0.0113103
9.89084	0.0113103	0.0112715
9.89273	0.0112715	0.0112375
9.89462	0.0112375	0.0112079
9.89651	0.0112079	0.0111819
9.8984	0.0111819	0.0114091
9.90028	0.0114091	0.011608
9.90217	0.011608	0.011907
9.90406	0.011907	0.0121686
9.90595	0.0121686	0.0122725
9.90784	0.0122725	0.0123635
9.90972	0.0123635	0.012443
9.91161	0.012443	0.0125127
9.9135	0.0125127	0.0125736
9.91539	0.0125736	0.0126269
9.91728	0.0126269	0.0126735
9.91916	0.0126735	0.0128393
9.92105	0.0128393	0.0129844
9.92294	0.0129844	0.0129864
9.92483	0.0129864	0.0129881
9.92672	0.0129881	0.0129896
9.9286	0.0129896	0.0129909
9.93049	0.0129909	0.012992
9.93238	0.012992	0.012993
9.93427	0.012993	0.0129939
9.93616	0.0129939	0.0131196
9.93804	0.0131196	0.0132297
9.93993	0.0132297	0.013201
9.94182	0.013201	0.0131759
9.94371	0.0131759	0.0131539
9.9456	0.0131539	0.0131346
9.94748	0.0131346	0.0131178
9.94937	0.0131178	0.0131031
9.95126	0.0131031	0.0130902
9.95315	0.0130902	0.0133289
9.95504	0.0133289	0.0136628
9.95692	0.0136628	0.01383
9.95881	0.01383	0.0139762
9.9607	0.0139762	0.0141042
9.96259	0.0141042	0.0142162
9.96448	0.0142162	0.0143141
9.96636	0.0143141	0.0143999
9.96825	0.0143999	0.0144749
9.97014	0.0144749	0.0145405
9.97203	0.0145405	0.014723
9.97392	0.014723	0.0147576
9.9758	0.0147576	0.0147879
9.97769	0.0147879	0.0148144
9.97958	0.0148144	0.0148376
9.98147	0.0148376	0.0148579
9.98336	0.0148579	0.0148757
9.98524	0.0148757	0.0148912
9.98713	0.0148912	0.0149048
9.98902	0.0149048	0.0150417
9.99091	0.0150417	0.0150365
9.9928	0.0150365	0.0150319
9.99468	0.0150319	0.0150279
9.99657	0.0150279	0.0150244
9.99846	0.0150244	0.0150214
10.0003	0.0150214	0.0150187
10.0022	0.0150187	0.0150164
10.0041	0.0150164	0.0150143
10.006	0.0150143	0.0151375
10.0079	0.0151375	0.0151203
10.0098	0.0151203	0.0151053
10.0117	0.0151053	0.0150921
10.0136	0.0150921	0.0150806
10.0155	0.0150806	0.0153205
10.0173	0.0153205	0.0155305
10.0192	0.0155305	0.0157142
10.0211	0.0157142	0.0158749
10.023	0.0158749	0.0160155
10.0249	0.0160155	0.0161386
10.0268	0.0161386	0.0162463
10.0287	0.0162463	0.0163405
10.0306	0.0163405	0.0164229
10.0324	0.0164229	0.0164951
10.0343	0.0164951	0.0165582
10.0362	0.0165582	0.0166134
10.0381	0.0166134	0.0166617
10.04	0.0166617	0.016579
10.0419	0.016579	0.0166316
10.0438	0.0166316	0.0166777
10.0457	0.0166777	0.016718
10.0475	0.016718	0.0167532
10.0494	0.0167532	0.0167841
10.0513	0.0167841	0.0168111
10.0532	0.0168111	0.0168347
10.0551	0.0168347	0.0168553
10.057	0.0168553	0.0168734
10.0589	0.0168734	0.0168892
10.0608	0.0168892	0.0169031
10.0627	0.0169031	0.0169152
10.0645	0.0169152	0.0169258
10.0664	0.0169258	0.0169351
10.0683	0.0169351	0.0169432
10.0702	0.0169432	0.0169503
10.0721	0.0169503	0.0169565
10.074	0.0169565	0.0169619
10.0768	0.0169619	0.0170917
10.0957	0.0170917	0.0170802
10.0976	0.0170802	0.0171952
10.0995	0.0171952	0.0172958
10.1014	0.0172958	0.0173838
10.1032	0.0173838	0.0174608
10.1051	0.0174608	0.0174032
10.107	0.0174032	0.0172278
10.1089	0.0172278	0.0159494
10.1108	0.0159494	0.0148307
10.1127	0.0148307	0.0141018
10.1146	0.0141018	0.0134641
10.1165	0.0134641	0.0129061
10.1183	0.0129061	0.0125428
10.1202	0.0125428	0.012225
10.1221	0.012225	0.0119469
10.124	0.0119469	0.0117035
10.1259	0.0117035	0.0113656
10.1278	0.0113656	0.0110699
10.1297	0.0110699	0.0108111
10.1316	0.0108111	0.0105847
10.1335	0.0105847	0.0103867
10.1353	0.0103867	0.0103383
10.1372	0.0103383	0.010296
10.1391	0.010296	0.010259
10.141	0.010259	0.0102266
10.1429	0.0102266	0.0100733
10.1448	0.0100733	0.00993915
10.1467	0.00993915	0.00982176
10.1486	0.00982176	0.00971904
10.1504	0.00971904	0.00962916
10.1533	0.00962916	0.00992551
10.1646	0.00992551	0.00980982
10.1665	0.00980982	0.00983359
10.1684	0.00983359	0.00985439
10.1703	0.00985439	0.00987259
10.1744	0.00987259	0.00938852
10.1762	0.00938852	0.00921495
10.1794	0.00921495	0.00918808
10.1813	0.00918808	0.00891457
10.1844	0.00891457	0.00880025
10.1863	0.00880025	0.00857522
10.1882	0.00857522	0.00837832
10.1904	0.00837832	0.00808103
10.1923	0.00808103	0.0078209
10.1942	0.0078209	0.00759328
10.1964	0.00759328	0.00739412
10.1983	0.00739412	0.00721986
10.2001	0.00721986	0.00706737
10.2023	0.00706737	0.00693395
10.2042	0.00693395	0.00706721
10.2061	0.00706721	0.00718381
10.209	0.00718381	0.00728583
10.2168	0.00728583	0.0071251
10.2187	0.0071251	0.00710946
10.2237	0.00710946	0.00734578
10.2288	0.00734578	0.00767756
10.2338	0.00767756	0.00796786
10.2388	0.00796786	0.00822188
10.2407	0.00822188	0.00806914
10.2448	0.00806914	0.0078105
10.2467	0.0078105	0.00758419
10.2508	0.00758419	0.00738616
10.2527	0.00738616	0.00721289
10.2568	0.00721289	0.00706128
10.2586	0.00706128	0.00717862
10.2618	0.00717862	0.00740629
10.2637	0.00740629	0.00735551
10.2668	0.00735551	0.00743607
10.2687	0.00743607	0.00738156
10.2706	0.00738156	0.00733386
10.2728	0.00733386	0.00716713
10.2747	0.00716713	0.00702124
10.2766	0.00702124	0.00689358
10.2788	0.00689358	0.00678188
10.2807	0.00678188	0.00668415
10.2825	0.00668415	0.00659863
10.2844	0.00659863	0.0067738
10.2863	0.0067738	0.00692707
10.2882	0.00692707	0.00706119
10.2901	0.00706119	0.00717854
10.292	0.00717854	0.00715622
10.2939	0.00715622	0.0071367
10.2958	0.0071367	0.00711961
10.2976	0.00711961	0.00710466
10.2995	0.00710466	0.00721657
10.3014	0.00721657	0.0073145
10.3033	0.0073145	0.00740019
10.3052	0.00740019	0.00747516
10.3071	0.00747516	0.00754077
10.309	0.00754077	0.00747317
10.3109	0.00747317	0.00741403
10.3127	0.00741403	0.00736227
10.3146	0.00736227	0.00731699
10.3175	0.00731699	0.00765236
10.3269	0.00765236	0.00757082
10.3288	0.00757082	0.00762446
10.3307	0.00762446	0.00767141
10.3338	0.00767141	0.00771248
10.3367	0.00771248	0.00749842
10.3398	0.00749842	0.00731112
10.3426	0.00731112	0.00714723
10.3458	0.00714723	0.00700382
10.3486	0.00700382	0.00687835
10.3508	0.00687835	0.00701855
10.3536	0.00701855	0.00714123
10.3558	0.00714123	0.00712358
10.3587	0.00712358	0.00723313
10.3609	0.00723313	0.00720399
10.3628	0.00720399	0.00717849
10.3646	0.00717849	0.00703118
10.3668	0.00703118	0.00690228
10.3687	0.00690228	0.00678949
10.3706	0.00678949	0.00669081
10.3728	0.00669081	0.00660446
10.3747	0.00660446	0.0065289
10.3766	0.0065289	0.00646279
10.3785	0.00646279	0.00665494
10.3804	0.00665494	0.00682307
10.3823	0.00682307	0.00697019
10.3841	0.00697019	0.00709891
10.386	0.00709891	0.00721155
10.3879	0.00721155	0.0071851
10.3898	0.0071851	0.00716197
10.3917	0.00716197	0.00714172
10.3936	0.00714172	0.007124
10.3955	0.007124	0.0072335
10.3974	0.0072335	0.00732932
10.3992	0.00732932	0.00741315
10.4011	0.00741315	0.00748651
10.403	0.00748651	0.00755069
10.4049	0.00755069	0.00748185
10.4068	0.00748185	0.00742162
10.4087	0.00742162	0.00736892
10.4106	0.00736892	0.00757281
10.4125	0.00757281	0.0077512
10.4144	0.0077512	0.0080323
10.4162	0.0080323	0.00827826
10.4181	0.00827826	0.00849348
10.42	0.00849348	0.00868179
10.4219	0.00868179	0.00872157
10.4238	0.00872157	0.00875637
10.4257	0.00875637	0.00878683
10.4276	0.00878683	0.00881347
10.4295	0.00881347	0.00883679
10.4313	0.00883679	0.00898219
10.4332	0.00898219	0.00910941
10.4351	0.00910941	0.00922074
10.437	0.00922074	0.00931814
10.4389	0.00931814	0.00927838
10.4408	0.00927838	0.00924358
10.4427	0.00924358	0.00921313
10.4446	0.00921313	0.00918649
10.4464	0.00918649	0.00916318
10.4483	0.00916318	0.00926778
10.4502	0.00926778	0.00960931
10.4521	0.00960931	0.00990814
10.454	0.00990814	0.0101696
10.4559	0.0101696	0.0102734
10.4578	0.0102734	0.0103642
10.4597	0.0103642	0.0104437
10.4616	0.0104437	0.0105132
10.4634	0.0105132	0.0105741
10.4653	0.0105741	0.0106273
10.4672	0.0106273	0.0107989
10.4691	0.0107989	0.010949
10.471	0.010949	0.0109554
10.4729	0.0109554	0.010961
10.4748	0.010961	0.0109659
10.4767	0.0109659	0.0109701
10.4785	0.0109701	0.0109739
10.4804	0.0109739	0.0109771
10.4823	0.0109771	0.011105
10.4842	0.011105	0.0112169
10.4861	0.0112169	0.0113148
10.488	0.0113148	0.0112754
10.4899	0.0112754	0.011241
10.4918	0.011241	0.0112109
10.4936	0.0112109	0.0111845
10.4955	0.0111845	0.0111614
10.4974	0.0111614	0.0113913
10.4993	0.0113913	0.0115924
10.5012	0.0115924	0.0118933
10.5031	0.0118933	0.0121566
10.505	0.0121566	0.0122621
10.5069	0.0122621	0.0123543
10.5088	0.0123543	0.012435
10.5106	0.012435	0.0125056
10.5125	0.0125056	0.0125674
10.5144	0.0125674	0.0126215
10.5163	0.0126215	0.0126688
10.5182	0.0126688	0.0128352
10.5201	0.0128352	0.0129808
10.522	0.0129808	0.0129832
10.5239	0.0129832	0.0129853
10.5257	0.0129853	0.0129871
10.5276	0.0129871	0.0129888
10.5295	0.0129888	0.0129902
10.5314	0.0129902	0.0129914
10.5333	0.0129914	0.0129925
10.5352	0.0129925	0.0131184
10.5371	0.0131184	0.0132286
10.539	0.0132286	0.0132
10.5408	0.0132	0.013175
10.5427	0.013175	0.0131531
10.5446	0.0131531	0.013134
10.5465	0.013134	0.0131173
10.5484	0.0131173	0.0131026
10.5503	0.0131026	0.0130898
10.5522	0.0130898	0.0133285
10.5541	0.0133285	0.0136625
10.556	0.0136625	0.0138297
10.5578	0.0138297	0.013976
10.5597	0.013976	0.014104
10.5616	0.014104	0.014216
10.5635	0.014216	0.014314
10.5654	0.014314	0.0143997
10.5673	0.0143997	0.0144748
10.5692	0.0144748	0.0145404
10.5711	0.0145404	0.0147229
10.5729	0.0147229	0.0147575
10.5748	0.0147575	0.0147878
10.5767	0.0147878	0.0148143
10.5786	0.0148143	0.0148375
10.5805	0.0148375	0.0148579
10.5824	0.0148579	0.0148756
10.5843	0.0148756	0.0148912
10.5862	0.0148912	0.0149048
10.588	0.0149048	0.0150417
10.5899	0.0150417	0.0150365
10.5918	0.0150365	0.0150319
10.5937	0.0150319	0.0150279
10.5956	0.0150279	0.0150244
10.5975	0.0150244	0.0150214
10.5994	0.0150214	0.0150187
10.6013	0.0150187	0.0150164
10.6032	0.0150164	0.0150143
10.605	0.0150143	0.0151375
10.6069	0.0151375	0.0151203
10.6088	0.0151203	0.0151053
10.6107	0.0151053	0.0150921
10.6126	0.0150921	0.0150806
10.6145	0.0150806	0.0150705
10.6164	0.0150705	0.0153117
10.6183	0.0153117	0.0155228
10.6201	0.0155228	0.0157074
10.622	0.0157074	0.015869
10.6239	0.015869	0.0160104
10.6258	0.0160104	0.0161341
10.6277	0.0161341	0.0162423
10.6296	0.0162423	0.016337
10.6315	0.016337	0.0164199
10.6334	0.0164199	0.0164924
10.6352	0.0164924	0.0165559
10.6371	0.0165559	0.0166114
10.639	0.0166114	0.0166599
10.6409	0.0166599	0.0167025
10.6428	0.0167025	0.0167396
10.6447	0.0167396	0.0167722
10.6466	0.0167722	0.0168007
10.6485	0.0168007	0.0168256
10.6504	0.0168256	0.0168474
10.6522	0.0168474	0.0168665
10.6541	0.0168665	0.0168832
10.656	0.0168832	0.0168978
10.6579	0.0168978	0.0169105
10.6598	0.0169105	0.0169217
10.6617	0.0169217	0.0169315
10.6636	0.0169315	0.0169401
10.6655	0.0169401	0.0169476
10.6673	0.0169476	0.0169541
10.6692	0.0169541	0.0169598
10.6711	0.0169598	0.0169649
10.673	0.0169649	0.0169693
10.6749	0.0169693	0.0169731
10.6768	0.0169731	0.0169765
10.6787	0.0169765	0.0169794
10.6806	0.0169794	0.016982
10.6824	0.016982	0.0169842
10.6843	0.0169842	0.0169862
10.6862	0.0169862	0.0172379
10.6881	0.0172379	0.0174582
10.69	0.0174582	0.0176509
10.6919	0.0176509	0.0176945
10.6938	0.0176945	0.0178577
10.6957	0.0178577	0.0180005
10.6976	0.0180005	0.0181254
10.6994	0.0181254	0.0182348
10.7013	0.0182348	0.0183304
10.7032	0.0183304	0.0184141
10.7051	0.0184141	0.0184874
10.707	0.0184874	0.0184264
10.7089	0.0184264	0.0183731
10.7306	0.0183731	0.0183265
10.7325	0.0183265	0.0184107
10.7344	0.0184107	0.0184843
10.7363	0.0184843	0.0185488
10.7381	0.0185488	0.0186052
10.74	0.0186052	0.0185295
10.7419	0.0185295	0.0182134
10.7438	0.0182134	0.0176867
10.7457	0.0176867	0.0166008
10.7476	0.0166008	0.0156507
10.7495	0.0156507	0.0148194
10.7514	0.0148194	0.014217
10.7532	0.014217	0.0136899
10.7551	0.0136899	0.0132286
10.757	0.0132286	0.012825
10.7589	0.012825	0.0123469
10.7608	0.0123469	0.0119285
10.7627	0.0119285	0.0115625
10.7646	0.0115625	0.0112422
10.7665	0.0112422	0.0109619
10.7684	0.0109619	0.0108417
10.7702	0.0108417	0.0107365
10.7721	0.0107365	0.0106444
10.774	0.0106444	0.0105638
10.7759	0.0105638	0.0103684
10.7778	0.0103684	0.0101973
10.7797	0.0101973	0.0102977
10.7816	0.0102977	0.0103854
10.7835	0.0103854	0.0104623
10.7853	0.0104623	0.0105295
10.7872	0.0105295	0.0107133
10.7891	0.0107133	0.0108741
10.791	0.0108741	0.0110149
10.7929	0.0110149	0.011013
10.7948	0.011013	0.0110114
10.7967	0.0110114	0.01101
10.7986	0.01101	0.0110087
10.8004	0.0110087	0.0110076
10.8023	0.0110076	0.0110067
10.8042	0.0110067	0.0111308
10.8061	0.0111308	0.0112395
10.808	0.0112395	0.0113345
10.8099	0.0113345	0.0112927
10.8118	0.0112927	0.0112561
10.8137	0.0112561	0.0112241
10.8156	0.0112241	0.0111961
10.8174	0.0111961	0.0111716
10.8193	0.0111716	0.0111501
10.8212	0.0111501	0.0112564
10.8231	0.0112564	0.0113493
10.825	0.0113493	0.0113057
10.8269	0.0113057	0.0115175
10.8288	0.0115175	0.0117028
10.8307	0.0117028	0.0118649
10.8325	0.0118649	0.0120068
10.8344	0.0120068	0.012131
10.8363	0.012131	0.0122396
10.8382	0.0122396	0.0124596
10.8401	0.0124596	0.0126522
10.842	0.0126522	0.0126957
10.8439	0.0126957	0.0127337
10.8458	0.0127337	0.012767
10.8476	0.012767	0.0127961
10.8495	0.0127961	0.0128216
10.8514	0.0128216	0.0128439
10.8533	0.0128439	0.0128634
10.8552	0.0128634	0.0130055
10.8571	0.0130055	0.0131298
10.859	0.0131298	0.0131136
10.8609	0.0131136	0.0130994
10.8628	0.0130994	0.013087
10.8646	0.013087	0.0130761
10.8665	0.0130761	0.0130666
10.8684	0.0130666	0.0130583
10.8703	0.0130583	0.013051
10.8722	0.013051	0.0131696
10.8741	0.0131696	0.0132734
10.876	0.0132734	0.0132392
10.8779	0.0132392	0.0132093
10.8797	0.0132093	0.0131832
10.8816	0.0131832	0.0134103
10.8835	0.0134103	0.013609
10.8854	0.013609	0.0137829
10.8873	0.0137829	0.013935
10.8892	0.013935	0.0140681
10.8911	0.0140681	0.0143096
10.893	0.0143096	0.0143959
10.8948	0.0143959	0.0144714
10.8967	0.0144714	0.0145375
10.8986	0.0145375	0.0145953
10.9005	0.0145953	0.0146459
10.9024	0.0146459	0.0146902
10.9043	0.0146902	0.0147289
10.9062	0.0147289	0.0147628
10.9081	0.0147628	0.0149174
10.926	0.0149174	0.0149277
10.9279	0.0149277	0.0149368
10.9298	0.0149368	0.0149447
10.9317	0.0149447	0.0149516
10.9336	0.0149516	0.0148326
10.9354	0.0148326	0.0144786
10.9373	0.0144786	0.0136687
10.9392	0.0136687	0.0129601
10.9411	0.0129601	0.0123401
10.943	0.0123401	0.0116726
10.9449	0.0116726	0.0110885
10.9468	0.0110885	0.0105775
10.9487	0.0105775	0.0101303
10.9505	0.0101303	0.009864
10.9524	0.009864	0.009631
10.9543	0.009631	0.00942712
10.9562	0.00942712	0.00924873
10.9581	0.00924873	0.00909264
10.96	0.00909264	0.00883106
10.9619	0.00883106	0.00860218
10.9638	0.00860218	0.0086519
10.9656	0.0086519	0.00869542
10.9675	0.00869542	0.00873349
10.9694	0.00873349	0.0088918
10.9713	0.0088918	0.00903033
10.9732	0.00903033	0.00915154
10.9751	0.00915154	0.00925759
10.977	0.00925759	0.00922539
10.9789	0.00922539	0.00919722
10.9808	0.00919722	0.00917257
10.9826	0.00917257	0.00915099
10.9845	0.00915099	0.00913212
10.9864	0.00913212	0.0092406
10.9883	0.0092406	0.00933553
10.9902	0.00933553	0.00941859
10.9921	0.00941859	0.00949126
10.994	0.00949126	0.00942985
10.9959	0.00942985	0.00937612
10.9977	0.00937612	0.00932911
10.9996	0.00932911	0.00928797
11.0015	0.00928797	0.00925197
11.0034	0.00925197	0.00934548
11.0053	0.00934548	0.00967729
11.0072	0.00967729	0.00996763
11.0091	0.00996763	0.0102217
11.011	0.0102217	0.010319
11.0128	0.010319	0.0104041
11.0147	0.0104041	0.0104786
11.0166	0.0104786	0.0105438
11.0185	0.0105438	0.0106008
11.0204	0.0106008	0.0106507
11.0223	0.0106507	0.0108194
11.0242	0.0108194	0.0109669
11.0261	0.0109669	0.0110961
11.028	0.0110961	0.0110841
11.0298	0.0110841	0.0110735
11.0317	0.0110735	0.0110644
11.0336	0.0110644	0.0110563
11.0355	0.0110563	0.0110493
11.0374	0.0110493	0.0110431
11.0393	0.0110431	0.0111627
11.0412	0.0111627	0.0112674
11.0431	0.0112674	0.011359
11.0449	0.011359	0.0113141
11.0468	0.0113141	0.0112748
11.0487	0.0112748	0.0112405
11.0506	0.0112405	0.0112104
11.0525	0.0112104	0.0114341
11.0544	0.0114341	0.0116298
11.0563	0.0116298	0.0118011
11.0582	0.0118011	0.012076
11.06	0.012076	0.0123165
11.0619	0.0123165	0.0124019
11.0638	0.0124019	0.0124767
11.0657	0.0124767	0.0125421
11.0676	0.0125421	0.0125993
11.0695	0.0125993	0.0126494
11.0714	0.0126494	0.0126932
11.0733	0.0126932	0.0127316
11.0752	0.0127316	0.0128901
11.077	0.0128901	0.0130289
11.0789	0.0130289	0.0130253
11.0808	0.0130253	0.0130221
11.0827	0.0130221	0.0130193
11.0846	0.0130193	0.0130169
11.0865	0.0130169	0.0130148
11.0884	0.0130148	0.013013
11.0903	0.013013	0.0130113
11.0921	0.0130113	0.0131349
11.094	0.0131349	0.0132431
11.0959	0.0132431	0.0132127
11.0978	0.0132127	0.0131861
11.0997	0.0131861	0.0131628
11.1016	0.0131628	0.0131425
11.1035	0.0131425	0.0131247
11.1054	0.0131247	0.0131091
11.1072	0.0131091	0.0133454
11.1091	0.0133454	0.0135523
11.111	0.0135523	0.0138582
11.1129	0.0138582	0.014001
11.1148	0.014001	0.0141258
11.1167	0.0141258	0.0142351
11.1186	0.0142351	0.0143307
11.1205	0.0143307	0.0144144
11.1224	0.0144144	0.0144876
11.1242	0.0144876	0.0145516
11.1261	0.0145516	0.0146077
11.128	0.0146077	0.0147817
11.1299	0.0147817	0.014809
11.1318	0.014809	0.0148329
11.1337	0.0148329	0.0148538
11.1356	0.0148538	0.014872
11.1375	0.014872	0.014888
11.1393	0.014888	0.014902
11.1412	0.014902	0.0149143
11.1431	0.0149143	0.014925
11.145	0.014925	0.0150594
11.1469	0.0150594	0.0150519
11.1488	0.0150519	0.0150455
11.1507	0.0150455	0.0150398
11.1526	0.0150398	0.0150348
11.1544	0.0150348	0.0150304
11.1563	0.0150304	0.0150266
11.1582	0.0150266	0.0150233
11.1601	0.0150233	0.0150204
11.162	0.0150204	0.0151428
11.1639	0.0151428	0.015125
11.1658	0.015125	0.0151094
11.1677	0.0151094	0.0150957
11.1696	0.0150957	0.0150837
11.1714	0.0150837	0.0153233
11.1733	0.0153233	0.0155329
11.1752	0.0155329	0.0157163
11.1771	0.0157163	0.0158767
11.179	0.0158767	0.0158921
11.1809	0.0158921	0.0160306
11.1828	0.0160306	0.0161518
11.1847	0.0161518	0.0162578
11.1865	0.0162578	0.0163506
11.1884	0.0163506	0.0164318
11.1903	0.0164318	0.0165028
11.1922	0.0165028	0.0165649
11.1941	0.0165649	0.0166193
11.196	0.0166193	0.0166669
11.1979	0.0166669	0.0167085
11.1998	0.0167085	0.016745
11.2016	0.016745	0.0167769
11.2035	0.0167769	0.0168047
11.2054	0.0168047	0.0168292
11.2073	0.0168292	0.0168505
11.2092	0.0168505	0.0168692
11.2111	0.0168692	0.0168855
11.213	0.0168855	0.0168999
11.2149	0.0168999	0.0169124
11.2168	0.0169124	0.0169233
11.2186	0.0169233	0.0169329
11.2205	0.0169329	0.0169413
11.2224	0.0169413	0.0169486
11.2243	0.0169486	0.0169551
11.2262	0.0169551	0.0169607
11.2281	0.0169607	0.0169656
11.23	0.0169656	0.0169699
11.2319	0.0169699	0.0169736
11.2337	0.0169736	0.0169769
11.2356	0.0169769	0.0169798
11.2375	0.0169798	0.0169823
11.2394	0.0169823	0.0169846
11.2413	0.0169846	0.0172365
11.2432	0.0172365	0.0174569
11.2451	0.0174569	0.0176498
11.247	0.0176498	0.0176936
11.2488	0.0176936	0.0178569
11.2507	0.0178569	0.0179998
11.2526	0.0179998	0.0181248
11.2545	0.0181248	0.0182342
11.2564	0.0182342	0.0183299
11.2583	0.0183299	0.0184137
11.2602	0.0184137	0.018487
11.2621	0.018487	0.0185511
11.264	0.0185511	0.0184822
11.2658	0.0184822	0.0185469
11.2677	0.0185469	0.0186036
11.2696	0.0186036	0.0186531
11.2715	0.0186531	0.0186965
11.2734	0.0186965	0.0187344
11.2753	0.0187344	0.0187676
11.2772	0.0187676	0.0187967
11.2791	0.0187967	0.0188221
11.2809	0.0188221	0.0187193
11.2828	0.0187193	0.0187544
11.2847	0.0187544	0.0187851
11.2866	0.0187851	0.018812
11.2885	0.018812	0.0188355
11.2904	0.0188355	0.018856
11.2923	0.018856	0.018874
11.2942	0.018874	0.0188898
11.297	0.0188898	0.0190286
11.3168	0.0190286	0.0189
11.3187	0.0189	0.0189125
11.3206	0.0189125	0.0189234
11.3225	0.0189234	0.018933
11.3244	0.018933	0.0189414
11.3263	0.0189414	0.0188237
11.3281	0.0188237	0.0184707
11.33	0.0184707	0.0180369
11.3319	0.0180369	0.0169073
11.3338	0.0169073	0.0159189
11.3357	0.0159189	0.015054
11.3376	0.015054	0.0142973
11.3395	0.0142973	0.0136351
11.3414	0.0136351	0.0131807
11.3536	0.0131807	0.0125331
11.3555	0.0125331	0.0120915
11.3656	0.0120915	0.011205
11.3706	0.011205	0.0106794
11.3766	0.0106794	0.0100945
11.3826	0.0100945	0.00958268
11.3876	0.00958268	0.00975984
11.3926	0.00975984	0.00978986
11.3977	0.00978986	0.00981613
11.3996	0.00981613	0.00946411
11.4036	0.00946411	0.0090311
11.4055	0.0090311	0.00865221
11.4096	0.00865221	0.00832068
11.4115	0.00832068	0.0080306
11.4156	0.0080306	0.00777677
11.4175	0.00777677	0.00780467
11.4206	0.00780467	0.00795409
11.4225	0.00795409	0.00783483
11.4256	0.00783483	0.00785547
11.4275	0.00785547	0.00774854
11.4294	0.00774854	0.00765497
11.4316	0.00765497	0.0074481
11.4335	0.0074481	0.00726709
11.4354	0.00726709	0.0071087
11.4376	0.0071087	0.00697011
11.4395	0.00697011	0.00684885
11.4414	0.00684885	0.00674274
11.4433	0.00674274	0.0068999
11.4451	0.0068999	0.00703741
11.447	0.00703741	0.00715773
11.4489	0.00715773	0.00713802
11.4508	0.00713802	0.00712076
11.4527	0.00712076	0.00710567
11.4546	0.00710567	0.00709246
11.4565	0.00709246	0.0072059
11.4584	0.0072059	0.00730516
11.4603	0.00730516	0.00739202
11.4621	0.00739202	0.00746801
11.464	0.00746801	0.00753451
11.4659	0.00753451	0.0074677
11.4678	0.0074677	0.00740924
11.4697	0.00740924	0.00735808
11.4716	0.00735808	0.00731332
11.4735	0.00731332	0.00739916
11.4754	0.00739916	0.00772426
11.4772	0.00772426	0.00800873
11.4791	0.00800873	0.00825764
11.481	0.00825764	0.00847543
11.4829	0.00847543	0.008541
11.4848	0.008541	0.00859838
11.4867	0.00859838	0.00864858
11.4886	0.00864858	0.00869251
11.4905	0.00869251	0.00873094
11.4923	0.00873094	0.00888957
11.4942	0.00888957	0.00902838
11.4961	0.00902838	0.00914983
11.498	0.00914983	0.0092561
11.4999	0.0092561	0.00922409
11.5018	0.00922409	0.00919608
11.5037	0.00919608	0.00917157
11.5056	0.00917157	0.00915012
11.5075	0.00915012	0.00913136
11.5093	0.00913136	0.00923993
11.5112	0.00923993	0.00933494
11.5131	0.00933494	0.00941807
11.515	0.00941807	0.00949081
11.5169	0.00949081	0.00967946
11.5188	0.00967946	0.00984453
11.5207	0.00984453	0.00998896
11.5226	0.00998896	0.0101153
11.5244	0.0101153	0.0102259
11.5263	0.0102259	0.0103227
11.5282	0.0103227	0.0105323
11.5301	0.0105323	0.0107158
11.532	0.0107158	0.0107513
11.5339	0.0107513	0.0107824
11.5358	0.0107824	0.0108096
11.5377	0.0108096	0.0108334
11.5395	0.0108334	0.0108542
11.5414	0.0108542	0.0108725
11.5433	0.0108725	0.0110134
11.5452	0.0110134	0.0111367
11.5471	0.0111367	0.0112446
11.549	0.0112446	0.0112141
11.5509	0.0112141	0.0111873
11.5528	0.0111873	0.0111639
11.5547	0.0111639	0.0111434
11.5565	0.0111434	0.0111255
11.5584	0.0111255	0.0111098
11.5603	0.0111098	0.0112211
11.5622	0.0112211	0.0113184
11.5641	0.0113184	0.0116536
11.566	0.0116536	0.0118219
11.5679	0.0118219	0.0119692
11.5698	0.0119692	0.012098
11.5716	0.012098	0.0122108
11.5735	0.0122108	0.0123094
11.5754	0.0123094	0.0123958
11.5773	0.0123958	0.0124713
11.5792	0.0124713	0.0126624
11.5811	0.0126624	0.0128296
11.583	0.0128296	0.0128509
11.5849	0.0128509	0.0128695
11.5867	0.0128695	0.0128858
11.5886	0.0128858	0.0129001
11.5905	0.0129001	0.0129126
11.5924	0.0129126	0.0129235
11.5943	0.0129235	0.0129331
11.5962	0.0129331	0.0130664
11.5981	0.0130664	0.0131831
11.6	0.0131831	0.0131602
11.6019	0.0131602	0.0131402
11.6037	0.0131402	0.0131227
11.6056	0.0131227	0.0131073
11.6075	0.0131073	0.0130939
11.6094	0.0130939	0.0130822
11.6113	0.0130822	0.0130719
11.6132	0.0130719	0.0131879
11.6151	0.0131879	0.0132894
11.617	0.0132894	0.0132533
11.6188	0.0132533	0.0134716
11.6207	0.0134716	0.0136626
11.6226	0.0136626	0.0138298
11.6245	0.0138298	0.0139761
11.6264	0.0139761	0.0141041
11.6283	0.0141041	0.0142161
11.6302	0.0142161	0.0143141
11.6321	0.0143141	0.0145248
11.6339	0.0145248	0.0145842
11.6358	0.0145842	0.0146362
11.6377	0.0146362	0.0146817
11.6396	0.0146817	0.0147214
11.6415	0.0147214	0.0147563
11.6434	0.0147563	0.0147867
11.6453	0.0147867	0.0148134
11.6472	0.0148134	0.0148367
11.6491	0.0148367	0.0149821
11.6509	0.0149821	0.0149844
11.6528	0.0149844	0.0149863
11.6547	0.0149863	0.014988
11.6566	0.014988	0.0149895
11.6585	0.0149895	0.0149908
11.6604	0.0149908	0.014992
11.6623	0.014992	0.014993
11.6642	0.014993	0.0149939
11.666	0.0149939	0.0151196
11.6679	0.0151196	0.0151047
11.6698	0.0151047	0.0150916
11.6717	0.0150916	0.0150801
11.6736	0.0150801	0.0150701
11.6755	0.0150701	0.0150614
11.6774	0.0150614	0.0150537
11.6793	0.0150537	0.015047
11.6811	0.015047	0.0152911
11.683	0.0152911	0.0155047
11.6849	0.0155047	0.0156916
11.6868	0.0156916	0.0158552
11.6887	0.0158552	0.0159983
11.6906	0.0159983	0.0161235
11.6925	0.0161235	0.0162331
11.6944	0.0162331	0.0163289
11.6963	0.0163289	0.0164128
11.6981	0.0164128	0.0164862
11.7	0.0164862	0.0165504
11.7019	0.0165504	0.0166066
11.7038	0.0166066	0.0166558
11.7057	0.0166558	0.0166988
11.7076	0.0166988	0.0167365
11.7095	0.0167365	0.0167694
11.7114	0.0167694	0.0167982
11.7132	0.0167982	0.0168235
11.7151	0.0168235	0.0168455
11.717	0.0168455	0.0168648
11.7189	0.0168648	0.0168817
11.7208	0.0168817	0.0168965
11.7227	0.0168965	0.0169094
11.7246	0.0169094	0.0169208
11.7265	0.0169208	0.0169307
11.7283	0.0169307	0.0169393
11.7302	0.0169393	0.0169469
11.7321	0.0169469	0.0169536
11.734	0.0169536	0.0169594
11.7359	0.0169594	0.0169644
11.7378	0.0169644	0.0169689
11.7397	0.0169689	0.0169728
11.7416	0.0169728	0.0169762
11.7435	0.0169762	0.0169792
11.7453	0.0169792	0.0169818
11.7472	0.0169818	0.016984
11.7491	0.016984	0.016986
11.751	0.016986	0.0169878
11.7529	0.0169878	0.0171143
11.7548	0.0171143	0.01735
11.7567	0.01735	0.0175563
11.7586	0.0175563	0.0177367
11.7604	0.0177367	0.0178946
11.7623	0.0178946	0.0180328
11.7642	0.0180328	0.0181537
11.7661	0.0181537	0.0182595
11.768	0.0182595	0.0182271
11.7699	0.0182271	0.0181987
11.7718	0.0181987	0.0182988
11.7737	0.0182988	0.0183865
11.7755	0.0183865	0.0184632
11.7774	0.0184632	0.0185303
11.7793	0.0185303	0.018589
11.7812	0.018589	0.0186404
11.7831	0.0186404	0.0186853
11.785	0.0186853	0.0185997
11.7869	0.0185997	0.0186497
11.7888	0.0186497	0.0186935
11.7907	0.0186935	0.0187318
11.7925	0.0187318	0.0187653
11.7944	0.0187653	0.0187947
11.7963	0.0187947	0.0188203
11.7982	0.0188203	0.0188428
11.8001	0.0188428	0.0188624
11.802	0.0188624	0.0187546
11.8039	0.0187546	0.0187853
11.8058	0.0187853	0.0188121
11.8076	0.0188121	0.0188356
11.8095	0.0188356	0.0188562
11.8114	0.0188562	0.0188741
11.8133	0.0188741	0.0188899
11.8152	0.0188899	0.0189036
11.8171	0.0189036	0.0189157
11.819	0.0189157	0.0188012
11.8209	0.0188012	0.0188261
11.8227	0.0188261	0.0188478
11.8246	0.0188478	0.0188668
11.8265	0.0188668	0.0188835
11.8284	0.0188835	0.018898
11.8303	0.018898	0.0189108
11.8322	0.0189108	0.0191719
11.8341	0.0191719	0.0194004
11.836	0.0194004	0.0194754
11.8379	0.0194754	0.019541
11.8397	0.019541	0.0197233
11.8416	0.0197233	0.0198829
11.8435	0.0198829	0.0200226
11.8454	0.0200226	0.0201447
11.8473	0.0201447	0.0202516
11.8492	0.0202516	0.0203452
11.8511	0.0203452	0.020427
11.853	0.020427	0.0203737
11.8548	0.0203737	0.020327
11.8567	0.020327	0.0204111
11.8586	0.0204111	0.0204847
11.8605	0.0204847	0.0205491
11.8624	0.0205491	0.0206055
11.8643	0.0206055	0.0206548
11.8662	0.0206548	0.0206979
11.8681	0.0206979	0.0207357
11.8699	0.0207357	0.0206437
11.8718	0.0206437	0.0205633
11.8737	0.0205633	0.0206179
11.8756	0.0206179	0.0206656
11.8775	0.0206656	0.0207074
11.8794	0.0207074	0.020744
11.8813	0.020744	0.020776
11.8832	0.020776	0.020804
11.8851	0.020804	0.0208285
11.8869	0.0208285	0.0207249
11.8888	0.0207249	0.0206343
11.8907	0.0206343	0.02068
11.8926	0.02068	0.02072
11.8945	0.02072	0.020755
11.8964	0.020755	0.0207856
11.8983	0.0207856	0.0208124
11.9002	0.0208124	0.0208359
11.902	0.0208359	0.0208564
11.9039	0.0208564	0.0207493
11.9058	0.0207493	0.0206557
11.9077	0.0206557	0.0206987
11.9096	0.0206987	0.0207364
11.9115	0.0207364	0.0207693
11.9134	0.0207693	0.0207982
11.9153	0.0207982	0.0208234
11.9171	0.0208234	0.0208455
11.919	0.0208455	0.0211148
11.9209	0.0211148	0.0212254
11.9228	0.0212254	0.0213223
11.9247	0.0213223	0.021407
11.9266	0.021407	0.0216061
11.9285	0.0216061	0.0217803
11.9304	0.0217803	0.0219328
11.9332	0.0219328	0.0221912
11.9559	0.0221912	0.0219173
11.9577	0.0219173	0.0218026
11.9596	0.0218026	0.0218273
11.9615	0.0218273	0.0218489
11.9634	0.0218489	0.0218678
11.9653	0.0218678	0.0218843
11.9672	0.0218843	0.0217738
11.9691	0.0217738	0.021427
11.971	0.021427	0.0208737
11.9728	0.0208737	0.0193895
11.9747	0.0193895	0.0180908
11.9766	0.0180908	0.0172044
11.9785	0.0172044	0.0164289
11.9804	0.0164289	0.0157503
11.9823	0.0157503	0.0152815
11.9842	0.0152815	0.0148713
11.9861	0.0148713	0.0145124
11.9879	0.0145124	0.0140733
11.9898	0.0140733	0.0136892
11.9917	0.0136892	0.013353
11.9936	0.013353	0.0130589
11.9955	0.0130589	0.0128015
11.9974	0.0128015	0.0125763
11.9993	0.0125763	0.0125043
12.0012	0.0125043	0.0124413
12.0031	0.0124413	0.0123861
12.0049	0.0123861	0.0122128
12.0068	0.0122128	0.0120612
12.0087	0.0120612	0.0119286
12.0106	0.0119286	0.0118125
12.0125	0.0118125	0.0117109
12.0144	0.0117109	0.0116221
12.0163	0.0116221	0.0116693
12.0182	0.0116693	0.0117106
12.02	0.0117106	0.0117468
12.0219	0.0117468	0.0116535
12.0238	0.0116535	0.0118218
12.0257	0.0118218	0.0119691
12.0276	0.0119691	0.0120979
12.0295	0.0120979	0.0122107
12.0314	0.0122107	0.0123093
12.0333	0.0123093	0.0123957
12.0351	0.0123957	0.0125962
12.037	0.0125962	0.0127717
12.0389	0.0127717	0.0128002
12.0408	0.0128002	0.0128252
12.0427	0.0128252	0.0128471
12.0446	0.0128471	0.0128662
12.0465	0.0128662	0.0128829
12.0484	0.0128829	0.0128975
12.0503	0.0128975	0.0129103
12.0521	0.0129103	0.0130465
12.054	0.0130465	0.0131657
12.0559	0.0131657	0.013145
12.0578	0.013145	0.0131269
12.0597	0.0131269	0.013111
12.0616	0.013111	0.0130971
12.0635	0.0130971	0.013085
12.0654	0.013085	0.0130744
12.0672	0.0130744	0.0130651
12.0691	0.0130651	0.0131819
12.071	0.0131819	0.0132842
12.0729	0.0132842	0.0132487
12.0748	0.0132487	0.0132176
12.0767	0.0132176	0.0131904
12.0786	0.0131904	0.0134166
12.0805	0.0134166	0.0136145
12.0823	0.0136145	0.0137877
12.0842	0.0137877	0.0139392
12.0861	0.0139392	0.0140718
12.088	0.0140718	0.0143129
12.0899	0.0143129	0.0143987
12.0918	0.0143987	0.0144739
12.0937	0.0144739	0.0145397
12.0956	0.0145397	0.0145972
12.0975	0.0145972	0.0146476
12.0993	0.0146476	0.0146916
12.1012	0.0146916	0.0147302
12.1031	0.0147302	0.0147639
12.105	0.0147639	0.0149184
12.1069	0.0149184	0.0149286
12.1088	0.0149286	0.0149375
12.1107	0.0149375	0.0149453
12.1126	0.0149453	0.0149522
12.1144	0.0149522	0.0149581
12.1163	0.0149581	0.0149634
12.1182	0.0149634	0.014968
12.1201	0.014968	0.014972
12.122	0.014972	0.0149755
12.1239	0.0149755	0.0149785
12.1258	0.0149785	0.0149812
12.1277	0.0149812	0.0149836
12.1295	0.0149836	0.0149856
12.1314	0.0149856	0.0149874
12.1333	0.0149874	0.014989
12.1352	0.014989	0.0149904
12.1371	0.0149904	0.0151166
12.139	0.0151166	0.015102
12.1409	0.015102	0.0150892
12.1428	0.0150892	0.0153281
12.1447	0.0153281	0.0155371
12.1465	0.0155371	0.0157199
12.1484	0.0157199	0.01588
12.1503	0.01588	0.01602
12.1522	0.01602	0.0161425
12.1541	0.0161425	0.0162497
12.156	0.0162497	0.0163434
12.1579	0.0163434	0.0164255
12.1598	0.0164255	0.0164973
12.1616	0.0164973	0.0165602
12.1635	0.0165602	0.0166151
12.1654	0.0166151	0.0166632
12.1673	0.0166632	0.0167053
12.1692	0.0167053	0.0167422
12.1711	0.0167422	0.0167744
12.173	0.0167744	0.0168026
12.1749	0.0168026	0.0168273
12.1767	0.0168273	0.0168489
12.1786	0.0168489	0.0168678
12.1805	0.0168678	0.0168843
12.1824	0.0168843	0.0168988
12.1843	0.0168988	0.0169114
12.1862	0.0169114	0.0169225
12.1881	0.0169225	0.0169322
12.19	0.0169322	0.0169406
12.1919	0.0169406	0.0169481
12.1937	0.0169481	0.0169546
12.1956	0.0169546	0.0169602
12.1975	0.0169602	0.0169652
12.1994	0.0169652	0.0169696
12.2013	0.0169696	0.0169734
12.2032	0.0169734	0.0169767
12.2051	0.0169767	0.0169796
12.207	0.0169796	0.0169822
12.2088	0.0169822	0.0169844
12.2107	0.0169844	0.0169863
12.2126	0.0169863	0.017238
12.2145	0.017238	0.0174583
12.2164	0.0174583	0.017651
12.2183	0.017651	0.0178196
12.2202	0.0178196	0.0179672
12.2221	0.0179672	0.0180963
12.2239	0.0180963	0.0180842
12.2258	0.0180842	0.0181987
12.2277	0.0181987	0.0182989
12.2296	0.0182989	0.0183865
12.2315	0.0183865	0.0184632
12.2334	0.0184632	0.0185303
12.2353	0.0185303	0.018589
12.2372	0.018589	0.0186404
12.2391	0.0186404	0.0186853
12.2409	0.0186853	0.0185997
12.2428	0.0185997	0.0186497
12.2447	0.0186497	0.0186935
12.2466	0.0186935	0.0187318
12.2485	0.0187318	0.0187653
12.2504	0.0187653	0.0187947
12.2523	0.0187947	0.0188203
12.2542	0.0188203	0.0188428
12.256	0.0188428	0.0188624
12.2579	0.0188624	0.0187546
12.2598	0.0187546	0.0187853
12.2617	0.0187853	0.0188121
12.2636	0.0188121	0.0188356
12.2655	0.0188356	0.0188562
12.2674	0.0188562	0.0188741
12.2693	0.0188741	0.0188899
12.2711	0.0188899	0.0189036
12.273	0.0189036	0.0189157
12.2749	0.0189157	0.0188012
12.2768	0.0188012	0.0188261
12.2787	0.0188261	0.0188478
12.2806	0.0188478	0.0188668
12.2825	0.0188668	0.0188835
12.2844	0.0188835	0.018898
12.2863	0.018898	0.0189108
12.2881	0.0189108	0.0189219
12.29	0.0189219	0.0189317
12.2919	0.0189317	0.0190652
12.2938	0.0190652	0.0191821
12.2957	0.0191821	0.0194093
12.2976	0.0194093	0.0196082
12.2995	0.0196082	0.0197821
12.3014	0.0197821	0.0199344
12.3032	0.0199344	0.0200676
12.3051	0.0200676	0.0201841
12.307	0.0201841	0.0202861
12.3089	0.0202861	0.0202503
12.3108	0.0202503	0.0202191
12.3127	0.0202191	0.0203167
12.3146	0.0203167	0.0204021
12.3165	0.0204021	0.0204768
12.3183	0.0204768	0.0205422
12.3202	0.0205422	0.0205994
12.3221	0.0205994	0.0206495
12.324	0.0206495	0.0206933
12.3259	0.0206933	0.0206067
12.3278	0.0206067	0.0205308
12.3297	0.0205308	0.0205895
12.3316	0.0205895	0.0206408
12.3335	0.0206408	0.0206857
12.3353	0.0206857	0.020725
12.3372	0.020725	0.0207594
12.3391	0.0207594	0.0207894
12.341	0.0207894	0.0208158
12.3429	0.0208158	0.0207138
12.3448	0.0207138	0.0206246
12.3467	0.0206246	0.0206715
12.3486	0.0206715	0.0207126
12.3504	0.0207126	0.0207485
12.3523	0.0207485	0.0207799
12.3542	0.0207799	0.0208074
12.3561	0.0208074	0.0208315
12.358	0.0208315	0.0207276
12.3599	0.0207276	0.0206366
12.3618	0.0206366	0.020557
12.3637	0.020557	0.0206124
12.3655	0.0206124	0.0206609
12.3674	0.0206609	0.0207032
12.3693	0.0207032	0.0207403
12.3712	0.0207403	0.0207728
12.3731	0.0207728	0.0208012
12.375	0.0208012	0.020701
12.3769	0.020701	0.0206134
12.3788	0.0206134	0.0207867
12.3807	0.0207867	0.0210634
12.3825	0.0210634	0.0213055
12.3844	0.0213055	0.0215173
12.3863	0.0215173	0.0217026
12.3882	0.0217026	0.0218648
12.3901	0.0218648	0.0220067
12.392	0.0220067	0.0220059
12.3939	0.0220059	0.0220051
12.3958	0.0220051	0.0220045
12.3976	0.0220045	0.0221289
12.3995	0.0221289	0.0222378
12.4014	0.0222378	0.0223331
12.4033	0.0223331	0.0224164
12.4052	0.0224164	0.0224894
12.4071	0.0224894	0.0225532
12.409	0.0225532	0.0224841
12.4109	0.0224841	0.0224236
12.4127	0.0224236	0.0223706
12.4146	0.0223706	0.0224493
12.4165	0.0224493	0.0225181
12.4184	0.0225181	0.0225784
12.4203	0.0225784	0.0226311
12.4222	0.0226311	0.0226772
12.4241	0.0226772	0.0227175
12.426	0.0227175	0.0226278
12.4279	0.0226278	0.0225494
12.4297	0.0225494	0.0224807
12.4316	0.0224807	0.0225456
12.4335	0.0225456	0.0226024
12.4354	0.0226024	0.0226521
12.4373	0.0226521	0.0226956
12.4392	0.0226956	0.0227336
12.4411	0.0227336	0.0227669
12.443	0.0227669	0.0226711
12.4448	0.0226711	0.0225872
12.4467	0.0225872	0.0225138
12.4486	0.0225138	0.0225746
12.4505	0.0225746	0.0226277
12.4524	0.0226277	0.0226743
12.4543	0.0226743	0.022715
12.4562	0.022715	0.0227506
12.4581	0.0227506	0.0227818
12.4599	0.0227818	0.0226841
12.4618	0.0226841	0.0225986
12.4637	0.0225986	0.0225237
12.4656	0.0225237	0.0225833
12.4675	0.0225833	0.0226354
12.4694	0.0226354	0.0226809
12.4713	0.0226809	0.0227208
12.4732	0.0227208	0.0230057
12.4751	0.0230057	0.023255
12.4769	0.023255	0.0233481
12.4788	0.0233481	0.0234296
12.4807	0.0234296	0.0235009
12.4826	0.0235009	0.0235633
12.4845	0.0235633	0.0237429
12.4864	0.0237429	0.0239
12.4883	0.0239	0.0240375
12.4902	0.0240375	0.0241578
12.492	0.0241578	0.0242631
12.4939	0.0242631	0.0242302
12.4958	0.0242302	0.0242014
12.4977	0.0242014	0.0241763
12.4996	0.0241763	0.0241542
12.5015	0.0241542	0.0242599
12.5034	0.0242599	0.0243525
12.5053	0.0243525	0.0244334
12.5071	0.0244334	0.0245042
12.509	0.0245042	0.0245662
12.5109	0.0245662	0.0244954
12.5128	0.0244954	0.0244335
12.5147	0.0244335	0.0243793
12.5166	0.0243793	0.0243319
12.5185	0.0243319	0.0244154
12.5204	0.0244154	0.0244885
12.5223	0.0244885	0.0245524
12.5241	0.0245524	0.0246084
12.526	0.0246084	0.0246573
12.5279	0.0246573	0.0245752
12.5298	0.0245752	0.0245033
12.5317	0.0245033	0.0244403
12.5336	0.0244403	0.0243853
12.5355	0.0243853	0.0244621
12.5374	0.0244621	0.0245294
12.5392	0.0245294	0.0245882
12.5411	0.0245882	0.0246397
12.543	0.0246397	0.0246847
12.5449	0.0246847	0.0245991
12.5468	0.0245991	0.0245242
12.5487	0.0245242	0.0244587
12.5506	0.0244587	0.0244014
12.5525	0.0244014	0.0244762
12.5543	0.0244762	0.0245417
12.5562	0.0245417	0.024599
12.5581	0.024599	0.0246491
12.56	0.0246491	0.024693
12.5619	0.024693	0.0246063
12.5638	0.0246063	0.0245305
12.5657	0.0245305	0.0244642
12.5676	0.0244642	0.0244062
12.5695	0.0244062	0.0244804
12.5713	0.0244804	0.0245454
12.5732	0.0245454	0.0246022
12.5751	0.0246022	0.0249019
12.577	0.0249019	0.0251642
12.5789	0.0251642	0.0252687
12.5808	0.0252687	0.0253601
12.5827	0.0253601	0.0254401
12.5846	0.0254401	0.0255101
12.5864	0.0255101	0.0255713
12.5883	0.0255713	0.0257499
12.5902	0.0257499	0.0259061
12.5921	0.0259061	0.0260429
12.594	0.0260429	0.0260375
12.5959	0.0260375	0.0260328
12.5978	0.0260328	0.0260287
12.5997	0.0260287	0.0260251
12.6015	0.0260251	0.026022
12.6034	0.026022	0.0260192
12.6053	0.0260192	0.0261418
12.6072	0.0261418	0.0262491
12.6091	0.0262491	0.026343
12.611	0.026343	0.0263001
12.6129	0.0263001	0.0262626
12.6148	0.0262626	0.0262298
12.6167	0.0262298	0.026201
12.6185	0.026201	0.0261759
12.6204	0.0261759	0.0262789
12.6223	0.0262789	0.0263691
12.6242	0.0263691	0.0264479
12.6261	0.0264479	0.0265169
12.628	0.0265169	0.0264523
12.6299	0.0264523	0.0263958
12.6318	0.0263958	0.0263463
12.6336	0.0263463	0.026303
12.6355	0.026303	0.0262651
12.6374	0.0262651	0.026357
12.6393	0.026357	0.0264374
12.6412	0.0264374	0.0265077
12.6431	0.0265077	0.0265692
12.645	0.0265692	0.0264981
12.6469	0.0264981	0.0264358
12.6487	0.0264358	0.0263813
12.6506	0.0263813	0.0263337
12.6525	0.0263337	0.026292
12.6544	0.026292	0.0263805
12.6563	0.0263805	0.0264579
12.6582	0.0264579	0.0265257
12.6601	0.0265257	0.026585
12.662	0.026585	0.0265118
12.6639	0.0265118	0.0264479
12.6657	0.0264479	0.0263919
12.6676	0.0263919	0.0263429
12.6695	0.0263429	0.0263
12.6714	0.0263	0.0263875
12.6733	0.0263875	0.0264641
12.6752	0.0264641	0.0265311
12.6771	0.0265311	0.0265897
12.679	0.0265897	0.026516
12.6808	0.026516	0.0264515
12.6827	0.0264515	0.026395
12.6846	0.026395	0.0263457
12.6865	0.0263457	0.0265525
12.6884	0.0265525	0.0267334
12.6903	0.0267334	0.0270167
12.6922	0.0270167	0.0272646
12.6941	0.0272646	0.0274816
12.6959	0.0274816	0.0275464
12.6978	0.0275464	0.0276031
12.6997	0.0276031	0.0276527
12.7016	0.0276527	0.0276961
12.7035	0.0276961	0.0277341
12.7054	0.0277341	0.0277673
12.7073	0.0277673	0.0279214
12.7092	0.0279214	0.0280562
12.7111	0.0280562	0.0281742
12.7129	0.0281742	0.0281524
12.7148	0.0281524	0.0281334
12.7167	0.0281334	0.0281167
12.7186	0.0281167	0.0281021
12.7205	0.0281021	0.0280893
12.7224	0.0280893	0.0280782
12.7243	0.0280782	0.0281934
12.7262	0.0281934	0.0282942
12.728	0.0282942	0.0283825
12.7299	0.0283825	0.0283346
12.7611	0.0283346	0.0282928
12.763	0.0282928	0.0282562
12.7649	0.0282562	0.0282242
12.7667	0.0282242	0.0281962
12.7686	0.0281962	0.0281716
12.7705	0.0281716	0.0281502
12.7724	0.0281502	0.0281314
12.7743	0.0281314	0.02824
12.7762	0.02824	0.028085
12.7781	0.028085	0.0276994
12.78	0.0276994	0.0269869
12.7819	0.0269869	0.0252386
12.7837	0.0252386	0.0237088
12.7856	0.0237088	0.0223702
12.7875	0.0223702	0.0211989
12.7894	0.0211989	0.020174
12.7913	0.020174	0.0192773
12.7932	0.0192773	0.0186176
12.7951	0.0186176	0.0180404
12.797	0.0180404	0.0174104
12.7988	0.0174104	0.0168591
12.8007	0.0168591	0.0163767
12.8026	0.0163767	0.0162046
12.8045	0.0162046	0.016054
12.8064	0.016054	0.0159223
12.8083	0.0159223	0.015807
12.8102	0.015807	0.0157061
12.8121	0.0157061	0.0157428
12.8139	0.0157428	0.01565
12.8158	0.01565	0.0155687
12.8177	0.0155687	0.0154976
12.8196	0.0154976	0.0154354
12.8215	0.0154354	0.015381
12.8234	0.015381	0.0153334
12.8253	0.0153334	0.0152917
12.8272	0.0152917	0.0152552
12.8291	0.0152552	0.0153483
12.8309	0.0153483	0.0153048
12.8328	0.0153048	0.0152667
12.8347	0.0152667	0.0152334
12.8366	0.0152334	0.0152042
12.8385	0.0152042	0.0151787
12.8404	0.0151787	0.0151563
12.8423	0.0151563	0.0151368
12.8442	0.0151368	0.0151197
12.846	0.0151197	0.0152297
12.8479	0.0152297	0.015201
12.8498	0.015201	0.0151759
12.8517	0.0151759	0.0151539
12.8546	0.0151539	0.0152597
12.8715	0.0152597	0.0152272
12.8734	0.0152272	0.0153238
12.8753	0.0153238	0.0154083
12.8772	0.0154083	0.0154823
12.8791	0.0154823	0.015547
12.881	0.015547	0.0153536
12.8829	0.0153536	0.0149344
12.8847	0.0149344	0.0139426
12.8866	0.0139426	0.0130748
12.8885	0.0130748	0.0124404
12.8904	0.0124404	0.0118854
12.8923	0.0118854	0.0113997
12.8942	0.0113997	0.0109747
12.8961	0.0109747	0.0106029
12.898	0.0106029	0.0101525
12.8999	0.0101525	0.00975847
12.9017	0.00975847	0.00941366
12.9036	0.00941366	0.00936195
12.9055	0.00936195	0.00931671
12.9074	0.00931671	0.00940212
12.9093	0.00940212	0.00947685
12.9112	0.00947685	0.00954225
12.9131	0.00954225	0.00959947
12.915	0.00959947	0.00952453
12.9168	0.00952453	0.00945897
12.9187	0.00945897	0.0094016
12.9206	0.0094016	0.0093514
12.9329	0.0093514	0.00918247
12.9348	0.00918247	0.00915966
12.9367	0.00915966	0.0091397
12.9398	0.0091397	0.00899724
12.9426	0.00899724	0.00862259
12.9458	0.00862259	0.00829476
12.9486	0.00829476	0.00800792
12.9508	0.00800792	0.00800692
12.9536	0.00800692	0.00800606
12.9558	0.00800606	0.0078803
12.9587	0.0078803	0.00789526
12.9609	0.00789526	0.00778335
12.9628	0.00778335	0.00768544
12.9647	0.00768544	0.00747475
12.9669	0.00747475	0.00729041
12.9687	0.00729041	0.00712911
12.9706	0.00712911	0.00698797
12.9728	0.00698797	0.00686447
12.9747	0.00686447	0.00675641
12.9766	0.00675641	0.00666186
12.9785	0.00666186	0.00682913
12.9804	0.00682913	0.00697549
12.9823	0.00697549	0.00710355
12.9842	0.00710355	0.00721561
12.986	0.00721561	0.00731366
12.9879	0.00731366	0.00727445
12.9898	0.00727445	0.00724014
12.9917	0.00724014	0.00721012
12.9936	0.00721012	0.00718386
12.9955	0.00718386	0.00728587
12.9974	0.00728587	0.00737514
12.9993	0.00737514	0.00745325
13.0011	0.00745325	0.00752159
13.003	0.00752159	0.00758139
13.0049	0.00758139	0.00750872
13.0068	0.00750872	0.00744513
13.0087	0.00744513	0.00738949
13.0106	0.00738949	0.0075908
13.0125	0.0075908	0.00776695
13.0144	0.00776695	0.00804608
13.0162	0.00804608	0.00829032
13.0181	0.00829032	0.00850403
13.02	0.00850403	0.00869103
13.0219	0.00869103	0.00872965
13.0238	0.00872965	0.00876344
13.0257	0.00876344	0.00879301
13.0276	0.00879301	0.00881888
13.0295	0.00881888	0.00884152
13.0314	0.00884152	0.00898633
13.0332	0.00898633	0.00911304
13.0351	0.00911304	0.00922391
13.037	0.00922391	0.00932092
13.0389	0.00932092	0.0092808
13.0408	0.0092808	0.0092457
13.0427	0.0092457	0.00921499
13.0446	0.00921499	0.00918812
13.0465	0.00918812	0.0091646
13.0483	0.0091646	0.00926903
13.0502	0.00926903	0.0096104
13.0521	0.0096104	0.0099091
13.054	0.0099091	0.0101705
13.0559	0.0101705	0.0102742
13.0578	0.0102742	0.0103649
13.0597	0.0103649	0.0104443
13.0616	0.0104443	0.0105137
13.0634	0.0105137	0.0105745
13.0653	0.0105745	0.0106277
13.0672	0.0106277	0.0107992
13.0691	0.0107992	0.0109493
13.071	0.0109493	0.0110807
13.0729	0.0110807	0.0110706
13.0748	0.0110706	0.0110618
13.0767	0.0110618	0.011054
13.0786	0.011054	0.0110473
13.0804	0.0110473	0.0110414
13.0823	0.0110414	0.0110362
13.0842	0.0110362	0.0111567
13.0861	0.0111567	0.0112621
13.088	0.0112621	0.0112293
13.0899	0.0112293	0.0112007
13.0918	0.0112007	0.0111756
13.0937	0.0111756	0.0111536
13.0955	0.0111536	0.0111344
13.0974	0.0111344	0.0113676
13.0993	0.0113676	0.0115717
13.1012	0.0115717	0.0118752
13.1031	0.0118752	0.0121408
13.105	0.0121408	0.0122482
13.1069	0.0122482	0.0123422
13.1088	0.0123422	0.0124244
13.1106	0.0124244	0.0124964
13.1125	0.0124964	0.0125593
13.1144	0.0125593	0.0126144
13.1163	0.0126144	0.0126626
13.1182	0.0126626	0.0128298
13.1201	0.0128298	0.0129761
13.122	0.0129761	0.012979
13.1239	0.012979	0.0129817
13.1258	0.0129817	0.012984
13.1276	0.012984	0.012986
13.1295	0.012986	0.0129877
13.1314	0.0129877	0.0129893
13.1333	0.0129893	0.0129906
13.1352	0.0129906	0.0131168
13.1371	0.0131168	0.0132272
13.139	0.0132272	0.0131988
13.1409	0.0131988	0.0131739
13.1427	0.0131739	0.0131522
13.1446	0.0131522	0.0131332
13.1465	0.0131332	0.0131165
13.1484	0.0131165	0.013102
13.1503	0.013102	0.0130892
13.1522	0.0130892	0.0133281
13.1541	0.0133281	0.013662
13.156	0.013662	0.0138293
13.1578	0.0138293	0.0139756
13.1597	0.0139756	0.0141037
13.1616	0.0141037	0.0142157
13.1635	0.0142157	0.0143138
13.1654	0.0143138	0.0143995
13.1673	0.0143995	0.0144746
13.1692	0.0144746	0.0145403
13.1711	0.0145403	0.0147227
13.173	0.0147227	0.0147574
13.1748	0.0147574	0.0147877
13.1767	0.0147877	0.0148143
13.1786	0.0148143	0.0148375
13.1805	0.0148375	0.0148578
13.1824	0.0148578	0.0148756
13.1843	0.0148756	0.0148911
13.1862	0.0148911	0.0149047
13.1881	0.0149047	0.0150416
13.1899	0.0150416	0.0150364
13.1918	0.0150364	0.0150319
13.1937	0.0150319	0.0150279
13.1956	0.0150279	0.0150244
13.1975	0.0150244	0.0150214
13.1994	0.0150214	0.0150187
13.2013	0.0150187	0.0150163
13.2032	0.0150163	0.0150143
13.205	0.0150143	0.0151375
13.2069	0.0151375	0.0151203
13.2088	0.0151203	0.0151053
13.2107	0.0151053	0.0150921
13.2126	0.0150921	0.0150806
13.2145	0.0150806	0.0150705
13.2334	0.0150705	0.0150617
13.2353	0.0150617	0.015179
13.2371	0.015179	0.0152816
13.239	0.0152816	0.0154964
13.2409	0.0154964	0.0155594
13.2428	0.0155594	0.0153644
13.2447	0.0153644	0.0149439
13.2466	0.0149439	0.0139509
13.2485	0.0139509	0.013207
13.2504	0.013207	0.0125562
13.2522	0.0125562	0.0119866
13.2541	0.0119866	0.0114883
13.256	0.0114883	0.0110523
13.2579	0.0110523	0.0105457
13.2598	0.0105457	0.0101025
13.2617	0.0101025	0.0097147
13.2636	0.0097147	0.00937537
13.2655	0.00937537	0.00932844
13.2674	0.00932844	0.00941239
13.2692	0.00941239	0.00948584
13.2711	0.00948584	0.00955011
13.273	0.00955011	0.00960635
13.2749	0.00960635	0.00953055
13.2768	0.00953055	0.00946423
13.2787	0.00946423	0.0094062
13.2806	0.0094062	0.00935543
13.2825	0.00935543	0.009311
13.2843	0.009311	0.00939712
13.2862	0.00939712	0.00947248
13.2881	0.00947248	0.00953842
13.29	0.00953842	0.00959612
13.2919	0.00959612	0.0095216
13.2938	0.0095216	0.0094564
13.2957	0.0094564	0.00939935
13.3089	0.00939935	0.00934943
13.3108	0.00934943	0.00943075
13.3127	0.00943075	0.00950191
13.3146	0.00950191	0.00943917
13.3186	0.00943917	0.00900927
13.3205	0.00900927	0.00888311
13.3237	0.00888311	0.00889772
13.3256	0.00889772	0.00866051
13.3287	0.00866051	0.00857794
13.3306	0.00857794	0.0083807
13.3325	0.0083807	0.00820811
13.3347	0.00820811	0.0079321
13.3366	0.0079321	0.00769058
13.3385	0.00769058	0.00747926
13.3406	0.00747926	0.00729435
13.3425	0.00729435	0.00713256
13.3444	0.00713256	0.00699099
13.3466	0.00699099	0.00686711
13.3485	0.00686711	0.00700872
13.3504	0.00700872	0.00713263
13.3523	0.00713263	0.00724105
13.3542	0.00724105	0.00733592
13.3561	0.00733592	0.00741893
13.358	0.00741893	0.00736656
13.3598	0.00736656	0.00732074
13.3617	0.00732074	0.00728065
13.3636	0.00728065	0.00724557
13.3655	0.00724557	0.00733987
13.3674	0.00733987	0.00742239
13.3693	0.00742239	0.00749459
13.3712	0.00749459	0.00755776
13.3731	0.00755776	0.00761304
13.3749	0.00761304	0.00753641
13.3768	0.00753641	0.00746936
13.3787	0.00746936	0.00741069
13.3806	0.00741069	0.00760935
13.3825	0.00760935	0.00778318
13.3844	0.00778318	0.00806029
13.3863	0.00806029	0.00830275
13.3882	0.00830275	0.0085149
13.39	0.0085149	0.00870054
13.3919	0.00870054	0.00873797
13.3938	0.00873797	0.00877073
13.3957	0.00877073	0.00879938
13.3976	0.00879938	0.00882446
13.3995	0.00882446	0.0088464
13.4014	0.0088464	0.0089906
13.4033	0.0089906	0.00911678
13.4052	0.00911678	0.00922718
13.407	0.00922718	0.00932378
13.4089	0.00932378	0.00928331
13.4108	0.00928331	0.00924789
13.4127	0.00924789	0.00921691
13.4146	0.00921691	0.00918979
13.4165	0.00918979	0.00916607
13.4184	0.00916607	0.00927031
13.4203	0.00927031	0.00961152
13.4221	0.00961152	0.00991008
13.424	0.00991008	0.0101713
13.4259	0.0101713	0.0102749
13.4278	0.0102749	0.0103655
13.4297	0.0103655	0.0104448
13.4316	0.0104448	0.0105142
13.4335	0.0105142	0.010575
13.4354	0.010575	0.0106281
13.4372	0.0106281	0.0107996
13.4391	0.0107996	0.0109496
13.441	0.0109496	0.0110809
13.4429	0.0110809	0.0110708
13.4448	0.0110708	0.011062
13.4467	0.011062	0.0110542
13.4486	0.0110542	0.0110474
13.4505	0.0110474	0.0110415
13.4524	0.0110415	0.0110363
13.4542	0.0110363	0.0111568
13.4561	0.0111568	0.0112622
13.458	0.0112622	0.0113544
13.4599	0.0113544	0.0113101
13.4618	0.0113101	0.0112713
13.4637	0.0112713	0.0112374
13.4656	0.0112374	0.0112077
13.4675	0.0112077	0.0114318
13.4693	0.0114318	0.0116278
13.4712	0.0116278	0.0117993
13.4731	0.0117993	0.0120744
13.475	0.0120744	0.0123151
13.4769	0.0123151	0.0124007
13.4788	0.0124007	0.0124756
13.4807	0.0124756	0.0125412
13.4826	0.0125412	0.0125985
13.4844	0.0125985	0.0126487
13.4863	0.0126487	0.0126926
13.4882	0.0126926	0.012731
13.4901	0.012731	0.0128897
13.492	0.0128897	0.0130285
13.4939	0.0130285	0.0130249
13.4958	0.0130249	0.0130218
13.4977	0.0130218	0.0130191
13.4996	0.0130191	0.0130167
13.5014	0.0130167	0.0130146
13.5033	0.0130146	0.0130128
13.5052	0.0130128	0.0130112
13.5071	0.0130112	0.0131348
13.509	0.0131348	0.0131179
13.5109	0.0131179	0.0131032
13.5128	0.0131032	0.0130903
13.5147	0.0130903	0.013079
13.5165	0.013079	0.0130691
13.5184	0.0130691	0.0130605
13.5203	0.0130605	0.0130529
13.5222	0.0130529	0.0132963
13.5241	0.0132963	0.0136343
13.526	0.0136343	0.013805
13.5279	0.013805	0.0139544
13.5298	0.0139544	0.0140851
13.5316	0.0140851	0.0141994
13.5335	0.0141994	0.0142995
13.5354	0.0142995	0.0143871
13.5373	0.0143871	0.0144637
13.5392	0.0144637	0.0145307
13.5411	0.0145307	0.0147144
13.543	0.0147144	0.0147501
13.5449	0.0147501	0.0147813
13.5468	0.0147813	0.0148087
13.5486	0.0148087	0.0148326
13.5505	0.0148326	0.0148535
13.5524	0.0148535	0.0148718
13.5543	0.0148718	0.0148878
13.5562	0.0148878	0.0149019
13.5581	0.0149019	0.0150391
13.56	0.0150391	0.0150342
13.5619	0.0150342	0.01503
13.5637	0.01503	0.0150262
13.5656	0.0150262	0.0150229
13.5675	0.0150229	0.0150201
13.5694	0.0150201	0.0150176
13.5713	0.0150176	0.0150154
13.5732	0.0150154	0.0150134
13.5751	0.0150134	0.0151368
13.577	0.0151368	0.0151197
13.5788	0.0151197	0.0151047
13.5807	0.0151047	0.0150916
13.5826	0.0150916	0.0150802
13.5845	0.0150802	0.0150701
13.5864	0.0150701	0.0153114
13.5883	0.0153114	0.0155225
13.5902	0.0155225	0.0157071
13.5921	0.0157071	0.0158688
13.594	0.0158688	0.0160102
13.5958	0.0160102	0.0161339
13.5977	0.0161339	0.0162422
13.5996	0.0162422	0.0163369
13.6015	0.0163369	0.0164198
13.6034	0.0164198	0.0164923
13.6053	0.0164923	0.0165558
13.6072	0.0165558	0.0166113
13.6091	0.0166113	0.0166599
13.6109	0.0166599	0.0167024
13.6128	0.0167024	0.0167396
13.6147	0.0167396	0.0167721
13.6166	0.0167721	0.0168006
13.6185	0.0168006	0.0168255
13.6204	0.0168255	0.0168474
13.6223	0.0168474	0.0168664
13.6242	0.0168664	0.0168831
13.626	0.0168831	0.0168977
13.6279	0.0168977	0.0169105
13.6298	0.0169105	0.0169217
13.6317	0.0169217	0.0169315
13.6336	0.0169315	0.0169401
13.6355	0.0169401	0.0169475
13.6374	0.0169475	0.0169541
13.6393	0.0169541	0.0169598
13.6412	0.0169598	0.0169649
13.643	0.0169649	0.0169693
13.6449	0.0169693	0.0169731
13.6468	0.0169731	0.0169765
13.6487	0.0169765	0.0169794
13.6506	0.0169794	0.016982
13.6525	0.016982	0.0169842
13.6544	0.0169842	0.0169862
13.6563	0.0169862	0.0172379
13.6581	0.0172379	0.0174582
13.6789	0.0174582	0.0174009
13.6808	0.0174009	0.0174758
13.6827	0.0174758	0.0175413
13.6846	0.0175413	0.0175987
13.6865	0.0175987	0.0176488
13.6884	0.0176488	0.0175677
13.6902	0.0175677	0.0172468
13.6921	0.0172468	0.0160909
13.694	0.0160909	0.0150795
13.6959	0.0150795	0.0143196
13.6978	0.0143196	0.0136547
13.6997	0.0136547	0.0130728
13.7016	0.0130728	0.0125637
13.7035	0.0125637	0.0121183
13.7053	0.0121183	0.0118535
13.7072	0.0118535	0.0116218
13.7091	0.0116218	0.0114191
13.711	0.0114191	0.0112417
13.7129	0.0112417	0.0109615
13.7148	0.0109615	0.0107163
13.7167	0.0107163	0.0105017
13.7186	0.0105017	0.010314
13.7204	0.010314	0.0101498
13.7223	0.0101498	0.0101311
13.7242	0.0101311	0.0101147
13.7261	0.0101147	0.0101003
13.728	0.0101003	0.0100878
13.7299	0.0100878	0.00995182
13.7318	0.00995182	0.00983284
13.7337	0.00983284	0.00972874
13.7356	0.00972874	0.00988764
13.7374	0.00988764	0.0100267
13.7393	0.0100267	0.0101484
13.7412	0.0101484	0.0103798
13.7431	0.0103798	0.0105823
13.745	0.0105823	0.0106345
13.7469	0.0106345	0.0106802
13.7488	0.0106802	0.0107202
13.7507	0.0107202	0.0107552
13.7525	0.0107552	0.0107858
13.7544	0.0107858	0.0108126
13.7563	0.0108126	0.010961
13.7582	0.010961	0.0110909
13.7601	0.0110909	0.0112045
13.762	0.0112045	0.0111789
13.7639	0.0111789	0.0111566
13.778	0.0111566	0.011137
13.7799	0.011137	0.0111199
13.7818	0.0111199	0.0111049
13.7837	0.0111049	0.0109668
13.7868	0.0109668	0.0107209
13.7887	0.0107209	0.0102558
13.7919	0.0102558	0.00997384
13.7938	0.00997384	0.0096021
13.7956	0.0096021	0.00927684
13.7978	0.00927684	0.00886723
13.7997	0.00886723	0.00850883
13.8016	0.00850883	0.00819523
13.8038	0.00819523	0.00792082
13.8057	0.00792082	0.00768072
13.8076	0.00768072	0.00747063
13.8095	0.00747063	0.0075368
13.8114	0.0075368	0.0075947
13.8133	0.0075947	0.00764536
13.8161	0.00764536	0.00781469
13.824	0.00781469	0.00758785
13.8259	0.00758785	0.00751437
13.8309	0.00751437	0.00757507
13.8359	0.00757507	0.00787819
13.8409	0.00787819	0.00814342
13.846	0.00814342	0.00837549
13.8479	0.00837549	0.00820355
13.8519	0.00820355	0.00792811
13.8538	0.00792811	0.00768709
13.8589	0.00768709	0.00760121
13.869	0.00760121	0.00727606
13.874	0.00727606	0.00736655
13.88	0.00736655	0.00719573
13.8859	0.00719573	0.00704626
13.891	0.00704626	0.00754048
13.896	0.00754048	0.00784792
13.901	0.00784792	0.00824193
13.9029	0.00824193	0.00808669
13.907	0.00808669	0.00770085
13.9089	0.00770085	0.00748825
13.913	0.00748825	0.00730221
13.9149	0.00730221	0.00713944
13.9189	0.00713944	0.00699701
13.9208	0.00699701	0.00712238
13.924	0.00712238	0.00735708
13.9259	0.00735708	0.00731245
13.9359	0.00731245	0.00702339
13.9391	0.00702339	0.00714547
13.9451	0.00714547	0.00700228
13.951	0.00700228	0.006877
13.9561	0.006877	0.00739237
13.9611	0.00739237	0.00771832
13.9661	0.00771832	0.00800353
13.968	0.00800353	0.00787809
13.9721	0.00787809	0.00764333
13.974	0.00764333	0.00731291
13.9781	0.00731291	0.0071488
13.98	0.0071488	0.0070052
13.9841	0.0070052	0.00687955
13.9859	0.00687955	0.0068946
13.9891	0.0068946	0.00728278
13.991	0.00728278	0.00712243
13.9941	0.00712243	0.00735713
13.996	0.00735713	0.00731248
13.9979	0.00731248	0.00727342
14.0001	0.00727342	0.00711425
14.002	0.00711425	0.00684996
14.0039	0.00684996	0.00674372
14.0061	0.00674372	0.00665075
14.008	0.00665075	0.00656941
14.0098	0.00656941	0.00649823
14.0117	0.00649823	0.00668595
14.0136	0.00668595	0.00672521
14.0155	0.00672521	0.00688456
14.0174	0.00688456	0.00702399
14.0193	0.00702399	0.00714599
14.0297	0.00714599	0.00700274
14.0316	0.00700274	0.0070024
14.0338	0.0070024	0.0070021
14.0388	0.0070021	0.00700183
14.0438	0.00700183	0.0073766
14.0457	0.0073766	0.00732953
14.0498	0.00732953	0.00716334
14.0517	0.00716334	0.00701792
14.0558	0.00701792	0.00689068
14.0577	0.00689068	0.00677934
14.0608	0.00677934	0.00705693
14.0627	0.00705693	0.00704981
14.0658	0.00704981	0.00716858
14.0677	0.00716858	0.00714751
14.0709	0.00714751	0.00725407
14.0728	0.00725407	0.00722231
14.0746	0.00722231	0.00719452
14.0768	0.00719452	0.00704521
14.0787	0.00704521	0.00691456
14.0806	0.00691456	0.00680024
14.0828	0.00680024	0.00670021
14.0847	0.00670021	0.00661268
14.0866	0.00661268	0.00653609
14.0885	0.00653609	0.00671908
14.0904	0.00671908	0.0068792
14.0923	0.0068792	0.0070193
14.0941	0.0070193	0.00714188
14.096	0.00714188	0.00724915
14.0979	0.00724915	0.007218
14.0998	0.007218	0.00719075
14.1017	0.00719075	0.00716691
14.1036	0.00716691	0.00714604
14.1055	0.00714604	0.00725279
14.1074	0.00725279	0.00734619
14.1092	0.00734619	0.00742792
14.1111	0.00742792	0.00749942
14.113	0.00749942	0.007562
14.1149	0.007562	0.00749175
14.1168	0.00749175	0.00743028
14.1187	0.00743028	0.00737649
14.1206	0.00737649	0.00757943
14.1225	0.00757943	0.007757
14.1244	0.007757	0.00803737
14.1262	0.00803737	0.0082827
14.1281	0.0082827	0.00849736
14.13	0.00849736	0.00868519
14.1319	0.00868519	0.00872454
14.1338	0.00872454	0.00875898
14.1357	0.00875898	0.0087891
14.1376	0.0087891	0.00881547
14.1395	0.00881547	0.00883853
14.1413	0.00883853	0.00898371
14.1432	0.00898371	0.00911075
14.1451	0.00911075	0.00922191
14.147	0.00922191	0.00931917
14.1489	0.00931917	0.00927927
14.1508	0.00927927	0.00924436
14.1527	0.00924436	0.00921382
14.1546	0.00921382	0.00918709
14.1564	0.00918709	0.0091637
14.1583	0.0091637	0.00926824
14.1602	0.00926824	0.00960971
14.1621	0.00960971	0.00990849
14.164	0.00990849	0.0101699
14.1659	0.0101699	0.0102737
14.1678	0.0102737	0.0103645
14.1697	0.0103645	0.0104439
14.1716	0.0104439	0.0105134
14.1734	0.0105134	0.0105743
14.1753	0.0105743	0.0106275
14.1772	0.0106275	0.010799
14.1791	0.010799	0.0109492
14.181	0.0109492	0.0109555
14.1829	0.0109555	0.0109611
14.1848	0.0109611	0.0109659
14.1867	0.0109659	0.0109702
14.1885	0.0109702	0.0109739
14.1904	0.0109739	0.0109772
14.1923	0.0109772	0.011105
14.1942	0.011105	0.0112169
14.1961	0.0112169	0.0113148
14.198	0.0113148	0.0112754
14.1999	0.0112754	0.011241
14.2018	0.011241	0.0112109
14.2036	0.0112109	0.0111845
14.2055	0.0111845	0.0111615
14.2074	0.0111615	0.0113913
14.2093	0.0113913	0.0115924
14.2112	0.0115924	0.0118933
14.2131	0.0118933	0.0121567
14.215	0.0121567	0.0122621
14.2169	0.0122621	0.0123543
14.2188	0.0123543	0.012435
14.2206	0.012435	0.0125056
14.2225	0.0125056	0.0125674
14.2244	0.0125674	0.0126215
14.2263	0.0126215	0.0126688
14.2282	0.0126688	0.0128352
14.2301	0.0128352	0.0129808
14.232	0.0129808	0.0129832
14.2339	0.0129832	0.0129853
14.2357	0.0129853	0.0129871
14.2376	0.0129871	0.0129888
14.2395	0.0129888	0.0129902
14.2414	0.0129902	0.0129914
14.2433	0.0129914	0.0129925
14.2452	0.0129925	0.0131184
14.2471	0.0131184	0.0132286
14.249	0.0132286	0.0132
14.2508	0.0132	0.013175
14.2527	0.013175	0.0131531
14.2546	0.0131531	0.013134
14.2565	0.013134	0.0131173
14.2584	0.0131173	0.0131026
14.2603	0.0131026	0.0130898
14.2622	0.0130898	0.0132035
14.2641	0.0132035	0.0135531
14.266	0.0135531	0.013734
14.2678	0.013734	0.0138922
14.2697	0.0138922	0.0140307
14.2716	0.0140307	0.0141519
14.2735	0.0141519	0.0142579
14.2754	0.0142579	0.0143506
14.2773	0.0143506	0.0144318
14.2792	0.0144318	0.0145028
14.2811	0.0145028	0.01469
14.2829	0.01469	0.0147287
14.2848	0.0147287	0.0147626
14.2867	0.0147626	0.0147923
14.2886	0.0147923	0.0148183
14.2905	0.0148183	0.014841
14.2924	0.014841	0.0148609
14.2943	0.0148609	0.0148783
14.2962	0.0148783	0.0148935
14.298	0.0148935	0.0150318
14.2999	0.0150318	0.0150278
14.3018	0.0150278	0.0150243
14.3037	0.0150243	0.0150213
14.3056	0.0150213	0.0150186
14.3075	0.0150186	0.0150163
14.3094	0.0150163	0.0150143
14.3113	0.0150143	0.0150125
14.3132	0.0150125	0.0150109
14.315	0.0150109	0.0151346
14.3169	0.0151346	0.0151177
14.3188	0.0151177	0.015103
14.3207	0.015103	0.0150901
14.3226	0.0150901	0.0150789
14.3245	0.0150789	0.015069
14.3264	0.015069	0.0153104
14.3283	0.0153104	0.0155216
14.3301	0.0155216	0.0157064
14.332	0.0157064	0.0158681
14.3339	0.0158681	0.0160096
14.3358	0.0160096	0.0161334
14.3377	0.0161334	0.0162417
14.3396	0.0162417	0.0163365
14.3415	0.0163365	0.0164194
14.3434	0.0164194	0.016492
14.3452	0.016492	0.0165555
14.3471	0.0165555	0.0166111
14.349	0.0166111	0.0166597
14.3509	0.0166597	0.0167022
14.3528	0.0167022	0.0167394
14.3547	0.0167394	0.016772
14.3566	0.016772	0.0168005
14.3585	0.0168005	0.0168254
14.3604	0.0168254	0.0168473
14.3622	0.0168473	0.0168664
14.3641	0.0168664	0.0168831
14.366	0.0168831	0.0168977
14.3679	0.0168977	0.0169105
14.3698	0.0169105	0.0169217
14.3717	0.0169217	0.0169315
14.3736	0.0169315	0.01694
14.3755	0.01694	0.0169475
14.3773	0.0169475	0.0169541
14.3792	0.0169541	0.0169598
14.3811	0.0169598	0.0169648
14.383	0.0169648	0.0169692
14.3849	0.0169692	0.0169731
14.3868	0.0169731	0.0169764
14.3887	0.0169764	0.0169794
14.3906	0.0169794	0.016982
14.3924	0.016982	0.0169842
14.3943	0.0169842	0.0169862
14.3962	0.0169862	0.0169879
14.3981	0.0169879	0.0172394
14.4	0.0172394	0.0174595
14.4019	0.0174595	0.0175271
14.4227	0.0175271	0.0174612
14.4245	0.0174612	0.0175285
14.4264	0.0175285	0.0175875
14.4283	0.0175875	0.017639
14.4302	0.017639	0.0176841
14.4321	0.0176841	0.0175986
14.434	0.0175986	0.0172738
14.4359	0.0172738	0.0159896
14.4378	0.0159896	0.0148659
14.4396	0.0148659	0.0141326
14.4415	0.0141326	0.0134911
14.4529	0.0134911	0.0126797
14.4548	0.0126797	0.0120947
14.4566	0.0120947	0.0115829
14.4598	0.0115829	0.011135
14.4626	0.011135	0.0104931
14.4658	0.0104931	0.0099315
14.4686	0.0099315	0.00944006
14.4717	0.00944006	0.00901005
14.4746	0.00901005	0.0086338
14.4768	0.0086338	0.00855457
14.4796	0.00855457	0.00848525
14.4818	0.00848525	0.00829959
14.4856	0.00829959	0.00838714
14.4934	0.00838714	0.00808875
14.5117	0.00808875	0.00770266
14.5177	0.00770266	0.00748982
14.5237	0.00748982	0.0073036
14.5297	0.0073036	0.00714065
14.5347	0.00714065	0.00762307
14.5397	0.00762307	0.00792018
14.5447	0.00792018	0.00818016
14.5466	0.00818016	0.00803264
14.5507	0.00803264	0.00777856
14.5526	0.00777856	0.00755624
14.5567	0.00755624	0.00736171
14.5586	0.00736171	0.00719149
14.5627	0.00719149	0.00704256
14.5646	0.00704256	0.00716224
14.5677	0.00716224	0.00739196
14.5696	0.00739196	0.00734296
14.5727	0.00734296	0.00742509
14.5746	0.00742509	0.00737195
14.5765	0.00737195	0.00732546
14.5787	0.00732546	0.00715978
14.5806	0.00715978	0.0070148
14.5825	0.0070148	0.00688795
14.5847	0.00688795	0.00677696
14.5866	0.00677696	0.00667984
14.5885	0.00667984	0.00659486
14.5903	0.00659486	0.0067705
14.5922	0.0067705	0.00692419
14.5941	0.00692419	0.00705866
14.596	0.00705866	0.00717633
14.5979	0.00717633	0.00715429
14.5998	0.00715429	0.007135
14.6017	0.007135	0.00711813
14.6036	0.00711813	0.00710336
14.6054	0.00710336	0.00721544
14.6073	0.00721544	0.00731351
14.6092	0.00731351	0.00739932
14.6111	0.00739932	0.0074744
14.613	0.0074744	0.0074151
14.6149	0.0074151	0.00736322
14.6168	0.00736322	0.00731781
14.6187	0.00731781	0.00727809
14.6205	0.00727809	0.00736833
14.6224	0.00736833	0.00769728
14.6243	0.00769728	0.00798512
14.6262	0.00798512	0.00823698
14.6281	0.00823698	0.00845736
14.63	0.00845736	0.00852519
14.6319	0.00852519	0.00858454
14.6338	0.00858454	0.00863647
14.6357	0.00863647	0.00868191
14.6375	0.00868191	0.00872167
14.6394	0.00872167	0.00888146
14.6413	0.00888146	0.00902128
14.6432	0.00902128	0.00914362
14.6451	0.00914362	0.00925067
14.647	0.00925067	0.00921933
14.6489	0.00921933	0.00919192
14.6508	0.00919192	0.00916793
14.6526	0.00916793	0.00914694
14.6545	0.00914694	0.00912857
14.6564	0.00912857	0.0092375
14.6583	0.0092375	0.00933281
14.6602	0.00933281	0.00941621
14.6621	0.00941621	0.00948918
14.664	0.00948918	0.00967803
14.6659	0.00967803	0.00984328
14.6677	0.00984328	0.00998787
14.6696	0.00998787	0.0101144
14.6715	0.0101144	0.0102251
14.6734	0.0102251	0.0103219
14.6753	0.0103219	0.0105317
14.6772	0.0105317	0.0107152
14.6791	0.0107152	0.0108758
14.681	0.0108758	0.0108914
14.6829	0.0108914	0.0109049
14.6847	0.0109049	0.0109168
14.6866	0.0109168	0.0109272
14.6885	0.0109272	0.0109363
14.6904	0.0109363	0.0109443
14.6923	0.0109443	0.0110762
14.6942	0.0110762	0.0111917
14.6961	0.0111917	0.0112927
14.698	0.0112927	0.0112562
14.6998	0.0112562	0.0112241
14.7017	0.0112241	0.0111961
14.7036	0.0111961	0.0111716
14.7055	0.0111716	0.0111501
14.7074	0.0111501	0.0111314
14.7093	0.0111314	0.01124
14.7112	0.01124	0.011585
14.7131	0.011585	0.0118868
14.7149	0.0118868	0.012026
14.7168	0.012026	0.0121477
14.7187	0.0121477	0.0122543
14.7206	0.0122543	0.0123475
14.7225	0.0123475	0.012429
14.7244	0.012429	0.0125004
14.7263	0.0125004	0.0125629
14.7282	0.0125629	0.0127425
14.7301	0.0127425	0.0128997
14.7319	0.0128997	0.0129122
14.7338	0.0129122	0.0129232
14.7357	0.0129232	0.0129328
14.7376	0.0129328	0.0129412
14.7395	0.0129412	0.0129485
14.7414	0.0129485	0.012955
14.7433	0.012955	0.0129606
14.7452	0.0129606	0.0130905
14.747	0.0130905	0.0132042
14.7489	0.0132042	0.0131787
14.7508	0.0131787	0.0131564
14.7527	0.0131564	0.0131368
14.7546	0.0131368	0.0131197
14.7565	0.0131197	0.0131047
14.7584	0.0131047	0.0130916
14.7603	0.0130916	0.0130802
14.7621	0.0130802	0.0131952
14.764	0.0131952	0.0132958
14.7659	0.0132958	0.0135088
14.7678	0.0135088	0.0136952
14.7697	0.0136952	0.0138583
14.7716	0.0138583	0.014001
14.7735	0.014001	0.0141259
14.7754	0.0141259	0.0142351
14.7773	0.0142351	0.0143308
14.7791	0.0143308	0.0144144
14.781	0.0144144	0.0146126
14.7829	0.0146126	0.014661
14.7848	0.014661	0.0147034
14.7867	0.0147034	0.0147405
14.7886	0.0147405	0.0147729
14.7905	0.0147729	0.0148013
14.7924	0.0148013	0.0148261
14.7942	0.0148261	0.0148479
14.7961	0.0148479	0.0148669
14.798	0.0148669	0.0150085
14.7999	0.0150085	0.0150075
14.8018	0.0150075	0.0150065
14.8037	0.0150065	0.0150057
14.8056	0.0150057	0.015005
14.8075	0.015005	0.0150044
14.8093	0.0150044	0.0150038
14.8112	0.0150038	0.0150033
14.8131	0.0150033	0.0150029
14.815	0.0150029	0.0151276
14.8169	0.0151276	0.0151116
14.8188	0.0151116	0.0150977
14.8207	0.0150977	0.0150855
14.8226	0.0150855	0.0150748
14.8245	0.0150748	0.0150654
14.8263	0.0150654	0.0150572
14.8282	0.0150572	0.0153001
14.8301	0.0153001	0.0155126
14.832	0.0155126	0.0156985
14.8339	0.0156985	0.0158612
14.8358	0.0158612	0.0160035
14.8377	0.0160035	0.0161281
14.8396	0.0161281	0.0162371
14.8414	0.0162371	0.0163325
14.8433	0.0163325	0.0164159
14.8452	0.0164159	0.0164889
14.8471	0.0164889	0.0165528
14.849	0.0165528	0.0164837
14.8509	0.0164837	0.0165482
14.8528	0.0165482	0.0166047
14.8547	0.0166047	0.0166541
14.8565	0.0166541	0.0166973
14.8584	0.0166973	0.0167352
14.8603	0.0167352	0.0167683
14.8622	0.0167683	0.0167972
14.8641	0.0167972	0.0168226
14.866	0.0168226	0.0168448
14.8679	0.0168448	0.0168642
14.8698	0.0168642	0.0168811
14.8717	0.0168811	0.016896
14.8735	0.016896	0.016909
14.8754	0.016909	0.0169204
14.8773	0.0169204	0.0169303
14.8792	0.0169303	0.016939
14.8811	0.016939	0.0169467
14.883	0.0169467	0.0169533
14.8849	0.0169533	0.0169592
14.8868	0.0169592	0.0169643
14.8886	0.0169643	0.0169687
14.8905	0.0169687	0.0169726
14.8924	0.0169726	0.0169761
14.8943	0.0169761	0.016979
14.8962	0.016979	0.0169817
14.8981	0.0169817	0.016984
14.9	0.016984	0.017111
14.9019	0.017111	0.0173471
14.9037	0.0173471	0.0175537
14.9056	0.0175537	0.0177345
14.9075	0.0177345	0.0178927
14.9094	0.0178927	0.0180311
14.9113	0.0180311	0.0181522
14.9132	0.0181522	0.0182582
14.9151	0.0182582	0.0183509
14.917	0.0183509	0.018307
14.9189	0.018307	0.0183937
14.9207	0.0183937	0.0184695
14.9226	0.0184695	0.0185358
14.9245	0.0185358	0.0185938
14.9264	0.0185938	0.0186446
14.9283	0.0186446	0.018689
14.9302	0.018689	0.0187279
14.9321	0.0187279	0.0187619
14.934	0.0187619	0.0186667
14.9358	0.0186667	0.0187083
14.9377	0.0187083	0.0187448
14.9396	0.0187448	0.0187767
14.9415	0.0187767	0.0188046
14.9434	0.0188046	0.018829
14.9453	0.018829	0.0188504
14.9472	0.0188504	0.0188691
14.9491	0.0188691	0.0188855
14.9509	0.0188855	0.0187748
14.9528	0.0187748	0.0188029
14.9547	0.0188029	0.0188276
14.9566	0.0188276	0.0188491
14.9585	0.0188491	0.018868
14.9604	0.018868	0.0188845
14.9623	0.0188845	0.0188989
14.9642	0.0188989	0.0189116
14.9661	0.0189116	0.0189226
14.9679	0.0189226	0.0188073
14.9698	0.0188073	0.0188314
14.9717	0.0188314	0.0188524
14.9736	0.0188524	0.0188709
14.9755	0.0188709	0.018887
14.9774	0.018887	0.0189012
14.9793	0.0189012	0.0191635
14.9812	0.0191635	0.0193931
14.983	0.0193931	0.0195939
14.9849	0.0195939	0.0196447
14.9868	0.0196447	0.0196891
14.9887	0.0196891	0.019853
14.9906	0.019853	0.0199963
14.9925	0.0199963	0.0201218
14.9944	0.0201218	0.0202316
14.9963	0.0202316	0.0203276
14.9981	0.0203276	0.0204117
15	0.0204117	0.0204852
15.0019	0.0204852	0.0204246
15.0038	0.0204246	0.0203715
15.0057	0.0203715	0.0204501
15.0076	0.0204501	0.0205188
15.0095	0.0205188	0.0205789
15.0114	0.0205789	0.0206316
15.0133	0.0206316	0.0206776
15.0151	0.0206776	0.0207179
15.017	0.0207179	0.0207532
15.0189	0.0207532	0.020659
15.0208	0.020659	0.0205767
15.0227	0.0205767	0.0206296
15.0246	0.0206296	0.0206759
15.0265	0.0206759	0.0207164
15.0284	0.0207164	0.0207518
15.0302	0.0207518	0.0207829
15.0321	0.0207829	0.02081
15.034	0.02081	0.0208338
15.0359	0.0208338	0.0207295
15.0378	0.0207295	0.0206383
15.0397	0.0206383	0.0206835
15.0416	0.0206835	0.0207231
15.0435	0.0207231	0.0207577
15.0453	0.0207577	0.020788
15.0472	0.020788	0.0208145
15.0491	0.0208145	0.0208377
15.051	0.0208377	0.020858
15.0529	0.020858	0.0207507
15.0548	0.0207507	0.0206569
15.0567	0.0206569	0.0206998
15.0586	0.0206998	0.0207373
15.0605	0.0207373	0.0207701
15.0623	0.0207701	0.0207989
15.0642	0.0207989	0.020824
15.0661	0.020824	0.021096
15.068	0.021096	0.021334
15.0699	0.021334	0.0214173
15.0718	0.0214173	0.0214901
15.0737	0.0214901	0.0215538
15.0756	0.0215538	0.0217346
15.0774	0.0217346	0.0218928
15.0793	0.0218928	0.0220312
15.0812	0.0220312	0.0221523
15.0831	0.0221523	0.0222582
15.085	0.0222582	0.022226
15.0869	0.022226	0.0221977
15.0888	0.0221977	0.022173
15.0907	0.022173	0.0221514
15.0925	0.0221514	0.0222575
15.0944	0.0222575	0.0223503
15.0963	0.0223503	0.0224315
15.0982	0.0224315	0.0225026
15.1001	0.0225026	0.0225647
15.1029	0.0225647	0.0226191
15.1265	0.0226191	0.0225417
15.1284	0.0225417	0.022599
15.1303	0.022599	0.0226491
15.1322	0.0226491	0.022693
15.1341	0.022693	0.0227314
15.136	0.0227314	0.02264
15.1379	0.02264	0.022435
15.1397	0.022435	0.0221306
15.1416	0.0221306	0.0216143
15.1435	0.0216143	0.0202875
15.1454	0.0202875	0.0191265
15.1473	0.0191265	0.0182357
15.1492	0.0182357	0.0174563
15.1511	0.0174563	0.0167742
15.153	0.0167742	0.0160524
15.1549	0.0160524	0.0154209
15.1567	0.0154209	0.0148683
15.1586	0.0148683	0.0143847
15.1605	0.0143847	0.0139617
15.1624	0.0139617	0.0135914
15.1643	0.0135914	0.0133925
15.1662	0.0133925	0.0132184
15.1681	0.0132184	0.0130661
15.17	0.0130661	0.0128079
15.1718	0.0128079	0.0125819
15.1737	0.0125819	0.0123842
15.1756	0.0123842	0.0122111
15.1775	0.0122111	0.0120597
15.1794	0.0120597	0.0119273
15.1813	0.0119273	0.0119364
15.1832	0.0119364	0.0119443
15.1851	0.0119443	0.0122013
15.1869	0.0122013	0.0123011
15.1888	0.0123011	0.0123885
15.1907	0.0123885	0.0124649
15.1926	0.0124649	0.0125318
15.1945	0.0125318	0.0125903
15.1964	0.0125903	0.0126415
15.1983	0.0126415	0.0126863
15.2002	0.0126863	0.0128506
15.2021	0.0128506	0.0129942
15.2039	0.0129942	0.012995
15.2058	0.012995	0.0129956
15.2077	0.0129956	0.0129961
15.2096	0.0129961	0.0129966
15.2115	0.0129966	0.012997
15.2134	0.012997	0.0129974
15.2153	0.0129974	0.0129977
15.2172	0.0129977	0.013123
15.219	0.013123	0.0132326
15.2209	0.0132326	0.0132036
15.2228	0.0132036	0.0131781
15.2247	0.0131781	0.0131558
15.2266	0.0131558	0.0131364
15.2285	0.0131364	0.0131193
15.2304	0.0131193	0.0131044
15.2323	0.0131044	0.0130914
15.2341	0.0130914	0.0132049
15.236	0.0132049	0.0133043
15.2379	0.0133043	0.0132663
15.2398	0.0132663	0.013483
15.2417	0.013483	0.0136726
15.2436	0.0136726	0.0138385
15.2455	0.0138385	0.0139837
15.2474	0.0139837	0.0141108
15.2493	0.0141108	0.0142219
15.2511	0.0142219	0.0143192
15.253	0.0143192	0.0145293
15.2549	0.0145293	0.0145881
15.2568	0.0145881	0.0146396
15.2587	0.0146396	0.0146847
15.2606	0.0146847	0.0147241
15.2625	0.0147241	0.0147586
15.2644	0.0147586	0.0147887
15.2662	0.0147887	0.0148151
15.2681	0.0148151	0.0148383
15.27	0.0148383	0.0149835
15.2719	0.0149835	0.0149855
15.2738	0.0149855	0.0149873
15.2757	0.0149873	0.0149889
15.2776	0.0149889	0.0149903
15.2795	0.0149903	0.0149915
15.2813	0.0149915	0.0149926
15.2832	0.0149926	0.0149935
15.2851	0.0149935	0.0149943
15.287	0.0149943	0.01512
15.2889	0.01512	0.015105
15.2908	0.015105	0.0150919
15.2927	0.0150919	0.0150804
15.2946	0.0150804	0.0150704
15.2965	0.0150704	0.0150616
15.2983	0.0150616	0.0150539
15.3002	0.0150539	0.0150471
15.3021	0.0150471	0.0152912
15.304	0.0152912	0.0155048
15.3059	0.0155048	0.0156917
15.3078	0.0156917	0.0158553
15.3097	0.0158553	0.0159984
15.3116	0.0159984	0.0161236
15.3134	0.0161236	0.0162331
15.3153	0.0162331	0.016329
15.3172	0.016329	0.0164129
15.3191	0.0164129	0.0164862
15.321	0.0164862	0.0164255
15.3229	0.0164255	0.0164973
15.3248	0.0164973	0.0165601
15.3267	0.0165601	0.0166151
15.3285	0.0166151	0.0166632
15.3304	0.0166632	0.0167053
15.3323	0.0167053	0.0167421
15.3342	0.0167421	0.0167744
15.3371	0.0167744	0.0169276
15.355	0.0169276	0.0168116
15.3616	0.0168116	0.0165852
15.3635	0.0165852	0.016387
15.3654	0.016387	0.0159637
15.3673	0.0159637	0.0154682
15.3691	0.0154682	0.0146597
15.371	0.0146597	0.0138272
15.3729	0.0138272	0.0129738
15.3748	0.0129738	0.0122271
15.3767	0.0122271	0.0115737
15.3786	0.0115737	0.011002
15.3805	0.011002	0.0106267
15.3824	0.0106267	0.0102984
15.3842	0.0102984	0.0100111
15.3861	0.0100111	0.0100097
15.388	0.0100097	0.0100085
15.3899	0.0100085	0.00988243
15.3918	0.00988243	0.00977213
15.3937	0.00977213	0.00967561
15.3956	0.00967561	0.00959116
15.3975	0.00959116	0.00951726
15.3993	0.00951726	0.00957761
15.4012	0.00957761	0.0096304
15.4031	0.0096304	0.0096766
15.405	0.0096766	0.00971703
15.4069	0.00971703	0.0096274
15.4088	0.0096274	0.00954897
15.4107	0.00954897	0.00948035
15.4126	0.00948035	0.00942031
15.4145	0.00942031	0.00936777
15.4163	0.00936777	0.0094468
15.4182	0.0094468	0.00951595
15.4201	0.00951595	0.00957645
15.422	0.00957645	0.0096294
15.4239	0.0096294	0.00955072
15.4258	0.00955072	0.00973188
15.4277	0.00973188	0.00989039
15.4296	0.00989039	0.0100291
15.4324	0.0100291	0.0102755
15.4437	0.0102755	0.010116
15.4456	0.010116	0.0101015
15.4475	0.0101015	0.0100888
15.4494	0.0100888	0.0100777
15.4535	0.0100777	0.00956801
15.4554	0.00956801	0.00937201
15.4585	0.00937201	0.00932551
15.4604	0.00932551	0.00903482
15.4635	0.00903482	0.00890546
15.4654	0.00890546	0.00866728
15.4673	0.00866728	0.00845887
15.4695	0.00845887	0.00815151
15.4714	0.00815151	0.00788257
15.4733	0.00788257	0.00764725
15.4755	0.00764725	0.00744134
15.4774	0.00744134	0.00726117
15.4793	0.00726117	0.00710353
15.4814	0.00710353	0.00696559
15.4833	0.00696559	0.00709489
15.4852	0.00709489	0.00720803
15.4871	0.00720803	0.00730702
15.489	0.00730702	0.00739364
15.4909	0.00739364	0.00734444
15.4928	0.00734444	0.00730138
15.4947	0.00730138	0.00726371
15.4966	0.00726371	0.00723075
15.4984	0.00723075	0.0073269
15.5003	0.0073269	0.00741104
15.5022	0.00741104	0.00748466
15.5041	0.00748466	0.00754908
15.506	0.00754908	0.00748044
15.5079	0.00748044	0.00742039
15.5098	0.00742039	0.00736784
15.5117	0.00736784	0.00732186
15.5135	0.00732186	0.00740662
15.5154	0.00740662	0.0077308
15.5173	0.0077308	0.00801445
15.5192	0.00801445	0.00826264
15.5211	0.00826264	0.00847981
15.523	0.00847981	0.00854483
15.5249	0.00854483	0.00860173
15.5268	0.00860173	0.00865151
15.5286	0.00865151	0.00869507
15.5305	0.00869507	0.00873319
15.5324	0.00873319	0.00889154
15.5343	0.00889154	0.0090301
15.5362	0.0090301	0.00915133
15.5381	0.00915133	0.00925742
15.54	0.00925742	0.00922524
15.5419	0.00922524	0.00919708
15.5438	0.00919708	0.00917245
15.5456	0.00917245	0.00915089
15.5475	0.00915089	0.00913203
15.5494	0.00913203	0.00924053
15.5513	0.00924053	0.00933546
15.5532	0.00933546	0.00941853
15.5664	0.00941853	0.00949121
15.5683	0.00949121	0.00967981
15.5702	0.00967981	0.00984483
15.5721	0.00984483	0.00986423
15.5762	0.00986423	0.0093812
15.578	0.0093812	0.00920855
15.5812	0.00920855	0.00918248
15.5831	0.00918248	0.00890967
15.5862	0.00890967	0.00879596
15.5881	0.00879596	0.00857147
15.59	0.00857147	0.00825003
15.5922	0.00825003	0.00796878
15.5941	0.00796878	0.00772268
15.596	0.00772268	0.00750734
15.5982	0.00750734	0.00731893
15.6001	0.00731893	0.00715406
15.6019	0.00715406	0.0070098
15.6041	0.0070098	0.00688358
15.606	0.00688358	0.00702313
15.6079	0.00702313	0.00702024
15.6098	0.00702024	0.00714271
15.6117	0.00714271	0.00712487
15.6136	0.00712487	0.00710926
15.6155	0.00710926	0.0072206
15.6174	0.0072206	0.00731802
15.6192	0.00731802	0.00740327
15.6211	0.00740327	0.00747786
15.623	0.00747786	0.00754313
15.6249	0.00754313	0.00747524
15.6268	0.00747524	0.00741583
15.6287	0.00741583	0.00736385
15.6306	0.00736385	0.00731837
15.6325	0.00731837	0.00740357
15.6344	0.00740357	0.00747813
15.6362	0.00747813	0.00754336
15.6381	0.00754336	0.00785044
15.64	0.00785044	0.00811913
15.6419	0.00811913	0.00822924
15.6438	0.00822924	0.00832559
15.6457	0.00832559	0.00840989
15.6476	0.00840989	0.00848365
15.6495	0.00848365	0.00854819
15.6513	0.00854819	0.00872967
15.6532	0.00872967	0.00888846
15.6551	0.00888846	0.0090274
15.657	0.0090274	0.00914898
15.6589	0.00914898	0.00913035
15.6608	0.00913035	0.00911406
15.6627	0.00911406	0.0090998
15.6646	0.0090998	0.00908733
15.6664	0.00908733	0.00907641
15.6683	0.00907641	0.00919186
15.6702	0.00919186	0.00929287
15.6721	0.00929287	0.00938126
15.674	0.00938126	0.00945861
15.6759	0.00945861	0.00940128
15.6778	0.00940128	0.00960112
15.6797	0.00960112	0.00977598
15.6816	0.00977598	0.00992898
15.6834	0.00992898	0.0100629
15.6853	0.0100629	0.01018
15.6872	0.01018	0.0104075
15.6891	0.0104075	0.0106066
15.691	0.0106066	0.0106557
15.6929	0.0106557	0.0106988
15.6948	0.0106988	0.0107364
15.6967	0.0107364	0.0107694
15.6985	0.0107694	0.0107982
15.7004	0.0107982	0.0108234
15.7023	0.0108234	0.0109705
15.7042	0.0109705	0.0110992
15.7061	0.0110992	0.0112118
15.708	0.0112118	0.0111853
15.7099	0.0111853	0.0111621
15.7118	0.0111621	0.0111419
15.7136	0.0111419	0.0111241
15.7155	0.0111241	0.0111086
15.7174	0.0111086	0.011095
15.7193	0.011095	0.0112082
15.7212	0.0112082	0.0113071
15.7231	0.0113071	0.0113938
15.725	0.0113938	0.0115945
15.7269	0.0115945	0.0117702
15.7288	0.0117702	0.0119239
15.7306	0.0119239	0.0120584
15.7325	0.0120584	0.0121761
15.7344	0.0121761	0.0122791
15.7363	0.0122791	0.0123692
15.7382	0.0123692	0.0125731
15.7401	0.0125731	0.0127514
15.742	0.0127514	0.0127825
15.7439	0.0127825	0.0128097
15.7457	0.0128097	0.0128335
15.7476	0.0128335	0.0128543
15.7495	0.0128543	0.0128725
15.7514	0.0128725	0.0128884
15.7533	0.0128884	0.0129024
15.7552	0.0129024	0.0130396
15.7571	0.0130396	0.0131596
15.759	0.0131596	0.0131397
15.7618	0.0131397	0.0132472
15.776	0.0132472	0.0130913
15.7778	0.0130913	0.0130799
15.7797	0.0130799	0.0130699
15.7816	0.0130699	0.0130612
15.7835	0.0130612	0.0128035
15.7857	0.0128035	0.0119531
15.7876	0.0119531	0.011209
15.7895	0.011209	0.0105578
15.7917	0.0105578	0.0099881
15.7936	0.0099881	0.00948959
15.7955	0.00948959	0.00930339
15.7973	0.00930339	0.00914047
15.8002	0.00914047	0.00912291
15.808	0.00912291	0.00873254
15.8099	0.00873254	0.00839098
15.815	0.00839098	0.0083421
15.82	0.0083421	0.00854934
15.825	0.00854934	0.00885567
15.8301	0.00885567	0.00912371
15.8319	0.00912371	0.00873325
15.836	0.00873325	0.00839159
15.8379	0.00839159	0.00809264
15.842	0.00809264	0.00783106
15.8439	0.00783106	0.00760218
15.848	0.00760218	0.00727691
15.8499	0.00727691	0.00724229
15.853	0.00724229	0.007587
15.8549	0.007587	0.00751363
15.858	0.00751363	0.00769943
15.8599	0.00769943	0.007487
15.8618	0.007487	0.00742612
15.864	0.00742612	0.00724786
15.8669	0.00724786	0.00721687
15.8747	0.00721687	0.00693976
15.8779	0.00693976	0.00694729
15.8839	0.00694729	0.00682888
15.8898	0.00682888	0.00672527
15.8949	0.00672527	0.00725961
15.8999	0.00725961	0.00760216
15.9049	0.00760216	0.00790189
15.9068	0.00790189	0.00778915
15.9109	0.00778915	0.00756551
15.9159	0.00756551	0.00774482
15.926	0.00774482	0.00752672
15.931	0.00752672	0.00771088
15.937	0.00771088	0.00749702
15.943	0.00749702	0.00718489
15.948	0.00718489	0.00766178
15.953	0.00766178	0.00807905
15.9581	0.00807905	0.00831917
15.96	0.00831917	0.00802928
15.9641	0.00802928	0.00777561
15.9659	0.00777561	0.00755366
15.97	0.00755366	0.00735945
15.9719	0.00735945	0.00718952
15.976	0.00718952	0.00704083
15.9779	0.00704083	0.00703573
15.981	0.00703573	0.00740626
15.9829	0.00740626	0.00723048
15.9861	0.00723048	0.00745167
15.988	0.00745167	0.00727021
15.9898	0.00727021	0.00723643
15.992	0.00723643	0.00708188
15.9939	0.00708188	0.00694664
15.9958	0.00694664	0.00682831
15.998	0.00682831	0.00672477
15.9999	0.00672477	0.00663418
16.0018	0.00663418	0.0065549
16.0046	0.0065549	0.00686054
16.0125	0.00686054	0.00675297
16.0144	0.00675297	0.00678385
16.0194	0.00678385	0.00706087
16.0244	0.00706087	0.00742826
16.0295	0.00742826	0.00774973
16.0345	0.00774973	0.00803101
16.0364	0.00803101	0.00790213
16.0405	0.00790213	0.00766437
16.0424	0.00766437	0.00745632
16.0465	0.00745632	0.00727428
16.0483	0.00727428	0.00711499
16.0524	0.00711499	0.00697562
16.0543	0.00697562	0.00710367
16.0575	0.00710367	0.00734071
16.0593	0.00734071	0.00729812
16.0625	0.00729812	0.00738585
16.0644	0.00738585	0.00733762
16.0663	0.00733762	0.00729542
16.0685	0.00729542	0.00713349
16.0704	0.00713349	0.0069918
16.0722	0.0069918	0.00686783
16.0744	0.00686783	0.00675935
16.0763	0.00675935	0.00666443
16.0782	0.00666443	0.00658138
16.0801	0.00658138	0.0067587
16.082	0.0067587	0.00678887
16.0839	0.00678887	0.00681526
16.0858	0.00681526	0.00683835
16.0877	0.00683835	0.00685855
16.0895	0.00685855	0.00700123
16.0914	0.00700123	0.00712608
16.0933	0.00712608	0.00723532
16.0952	0.00723532	0.00733091
16.0971	0.00733091	0.00741454
16.099	0.00741454	0.00736272
16.1009	0.00736272	0.00731738
16.1028	0.00731738	0.00727771
16.1046	0.00727771	0.007243
16.1065	0.007243	0.00733762
16.1084	0.00733762	0.00742042
16.1103	0.00742042	0.00749286
16.1122	0.00749286	0.00780626
16.1141	0.00780626	0.00808047
16.116	0.00808047	0.00819541
16.1179	0.00819541	0.00829599
16.1198	0.00829599	0.00838399
16.1216	0.00838399	0.00846099
16.1235	0.00846099	0.00852836
16.1254	0.00852836	0.00871232
16.1273	0.00871232	0.00887328
16.1292	0.00887328	0.00901412
16.1311	0.00901412	0.00913735
16.133	0.00913735	0.00912018
16.1349	0.00912018	0.00910516
16.1367	0.00910516	0.00909202
16.1386	0.00909202	0.00908051
16.1405	0.00908051	0.00907045
16.1424	0.00907045	0.00918664
16.1443	0.00918664	0.00928831
16.1462	0.00928831	0.00937727
16.1481	0.00937727	0.00945511
16.15	0.00945511	0.00939822
16.1518	0.00939822	0.00934845
16.1537	0.00934845	0.00955489
16.1556	0.00955489	0.00973553
16.1575	0.00973553	0.00989359
16.1594	0.00989359	0.0100319
16.1613	0.0100319	0.0102779
16.1632	0.0102779	0.0104932
16.1651	0.0104932	0.0106815
16.167	0.0106815	0.0107213
16.1688	0.0107213	0.0107562
16.1707	0.0107562	0.0107866
16.1726	0.0107866	0.0108133
16.1745	0.0108133	0.0108366
16.1764	0.0108366	0.0108571
16.1783	0.0108571	0.0109999
16.1802	0.0109999	0.0111249
16.1821	0.0111249	0.0112343
16.1839	0.0112343	0.011205
16.1858	0.011205	0.0111794
16.1877	0.0111794	0.011157
16.1896	0.011157	0.0111374
16.1915	0.0111374	0.0111202
16.1934	0.0111202	0.0111052
16.1953	0.0111052	0.011217
16.1972	0.011217	0.0113149
16.199	0.0113149	0.0114005
16.2009	0.0114005	0.0116005
16.2028	0.0116005	0.0117754
16.2047	0.0117754	0.0119285
16.2066	0.0119285	0.0120624
16.2085	0.0120624	0.0121796
16.2104	0.0121796	0.0122822
16.2123	0.0122822	0.0123719
16.2142	0.0123719	0.0125754
16.216	0.0125754	0.0127535
16.2179	0.0127535	0.0127843
16.2198	0.0127843	0.0128113
16.2217	0.0128113	0.0128348
16.2236	0.0128348	0.0128555
16.2255	0.0128555	0.0128736
16.2274	0.0128736	0.0128894
16.2293	0.0128894	0.0129032
16.2311	0.0129032	0.0130403
16.233	0.0130403	0.0131603
16.2349	0.0131603	0.0131402
16.2368	0.0131402	0.0131227
16.2387	0.0131227	0.0131074
16.2406	0.0131074	0.0130939
16.2425	0.0130939	0.0130822
16.2444	0.0130822	0.0130719
16.2462	0.0130719	0.0130629
16.2481	0.0130629	0.0131801
16.25	0.0131801	0.0132826
16.2519	0.0132826	0.0132472
16.2538	0.0132472	0.0132163
16.2557	0.0132163	0.0134393
16.2576	0.0134393	0.0136344
16.2595	0.0136344	0.0138051
16.2614	0.0138051	0.0139544
16.2632	0.0139544	0.0140851
16.2651	0.0140851	0.0141995
16.267	0.0141995	0.0144246
16.2689	0.0144246	0.0144965
16.2708	0.0144965	0.0145594
16.2727	0.0145594	0.0146145
16.2746	0.0146145	0.0146627
16.2765	0.0146627	0.0147048
16.2783	0.0147048	0.0147417
16.2802	0.0147417	0.014774
16.2821	0.014774	0.0148023
16.284	0.0148023	0.014952
16.2859	0.014952	0.014958
16.2878	0.014958	0.0149632
16.2897	0.0149632	0.0149678
16.2916	0.0149678	0.0149719
16.2934	0.0149719	0.0149754
16.2953	0.0149754	0.0149785
16.2972	0.0149785	0.0149811
16.2991	0.0149811	0.0149835
16.301	0.0149835	0.0149856
16.3029	0.0149856	0.0149874
16.3048	0.0149874	0.0149889
16.3067	0.0149889	0.0149903
16.3086	0.0149903	0.0149915
16.3104	0.0149915	0.0149926
16.3123	0.0149926	0.0149935
16.3142	0.0149935	0.0149943
16.3161	0.0149943	0.01512
16.318	0.01512	0.015355
16.3199	0.015355	0.0155607
16.3218	0.0155607	0.0157406
16.3237	0.0157406	0.015898
16.3255	0.015898	0.0160357
16.3274	0.0160357	0.0161563
16.3293	0.0161563	0.0162617
16.3312	0.0162617	0.016354
16.3501	0.016354	0.0163098
16.352	0.0163098	0.016271
16.3539	0.016271	0.0162372
16.3558	0.0162372	0.0162075
16.3576	0.0162075	0.0161816
16.3595	0.0161816	0.0159089
16.3614	0.0159089	0.0154203
16.3633	0.0154203	0.0144927
16.3652	0.0144927	0.0136811
16.3671	0.0136811	0.012971
16.369	0.012971	0.0122246
16.3709	0.0122246	0.0115715
16.3727	0.0115715	0.0110001
16.3746	0.0110001	0.0105001
16.3765	0.0105001	0.0101876
16.3784	0.0101876	0.00991413
16.3803	0.00991413	0.00967486
16.3822	0.00967486	0.0097155
16.3841	0.0097155	0.00975107
16.386	0.00975107	0.00965718
16.3878	0.00965718	0.00957503
16.3897	0.00957503	0.00950315
16.3916	0.00950315	0.00944026
16.3935	0.00944026	0.00938523
16.3954	0.00938523	0.00946207
16.4077	0.00946207	0.00927931
16.4096	0.00927931	0.0092444
16.4114	0.0092444	0.00921385
16.4146	0.00921385	0.00918712
16.4174	0.00918712	0.00878873
16.4206	0.00878873	0.00844014
16.4234	0.00844014	0.00813512
16.4256	0.00813512	0.00811823
16.4284	0.00811823	0.00810345
16.4306	0.00810345	0.00796552
16.4335	0.00796552	0.00796983
16.4357	0.00796983	0.0078486
16.4375	0.0078486	0.00774252
16.4394	0.00774252	0.00752471
16.4416	0.00752471	0.00733412
16.4435	0.00733412	0.00716735
16.4454	0.00716735	0.00702143
16.4476	0.00702143	0.00689375
16.4495	0.00689375	0.00678203
16.4514	0.00678203	0.00668428
16.4533	0.00668428	0.00684874
16.4552	0.00684874	0.00699265
16.457	0.00699265	0.00711857
16.4589	0.00711857	0.00710375
16.4608	0.00710375	0.00709078
16.4627	0.00709078	0.00707943
16.4646	0.00707943	0.0070695
16.4665	0.0070695	0.00718581
16.4684	0.00718581	0.00728759
16.4703	0.00728759	0.00737664
16.4721	0.00737664	0.00745456
16.474	0.00745456	0.00752274
16.4759	0.00752274	0.00745739
16.4778	0.00745739	0.00740022
16.4797	0.00740022	0.00735019
16.4816	0.00735019	0.00730642
16.4835	0.00730642	0.00739311
16.4854	0.00739311	0.00771897
16.4873	0.00771897	0.0080041
16.4891	0.0080041	0.00825359
16.491	0.00825359	0.00847189
16.4929	0.00847189	0.0085379
16.4948	0.0085379	0.00859567
16.4967	0.00859567	0.00864621
16.4986	0.00864621	0.00869043
16.5005	0.00869043	0.00872913
16.5024	0.00872913	0.00888798
16.5042	0.00888798	0.00902699
16.5061	0.00902699	0.00914861
16.508	0.00914861	0.00925503
16.5099	0.00925503	0.00922316
16.5118	0.00922316	0.00919526
16.5137	0.00919526	0.00917085
16.5156	0.00917085	0.0091495
16.5175	0.0091495	0.00913081
16.5193	0.00913081	0.00923946
16.5212	0.00923946	0.00933452
16.5231	0.00933452	0.00941771
16.525	0.00941771	0.00974049
16.5269	0.00974049	0.00989793
16.5288	0.00989793	0.0100357
16.5307	0.0100357	0.0101562
16.5326	0.0101562	0.0102617
16.5345	0.0102617	0.010354
16.5363	0.010354	0.0104347
16.5382	0.0104347	0.0106304
16.5401	0.0106304	0.0108016
16.542	0.0108016	0.0109514
16.5439	0.0109514	0.0109575
16.5458	0.0109575	0.0109628
16.5477	0.0109628	0.0109674
16.5496	0.0109674	0.0109715
16.5514	0.0109715	0.0109751
16.5533	0.0109751	0.0109782
16.5552	0.0109782	0.0111059
16.5571	0.0111059	0.0112177
16.559	0.0112177	0.0111905
16.5609	0.0111905	0.0111667
16.5628	0.0111667	0.0111458
16.5647	0.0111458	0.0111276
16.5665	0.0111276	0.0111116
16.5684	0.0111116	0.0110977
16.5703	0.0110977	0.0112105
16.5732	0.0112105	0.0116842
16.5864	0.0116842	0.0115986
16.5883	0.0115986	0.0116488
16.5901	0.0116488	0.0118177
16.592	0.0118177	0.0119655
16.5939	0.0119655	0.0117198
16.5961	0.0117198	0.0110048
16.598	0.0110048	0.0103792
16.5999	0.0103792	0.00983182
16.6021	0.00983182	0.00935285
16.604	0.00935285	0.00880874
16.6059	0.00880874	0.00845765
16.6081	0.00845765	0.00815044
16.61	0.00815044	0.00788163
16.6118	0.00788163	0.00789643
16.6137	0.00789643	0.00790938
16.6156	0.00790938	0.0077957
16.6175	0.0077957	0.00782124
16.6194	0.00782124	0.00784359
16.6213	0.00784359	0.00786314
16.6232	0.00786314	0.00788024
16.6251	0.00788024	0.00789521
16.627	0.00789521	0.00778331
16.6288	0.00778331	0.0076854
16.6307	0.0076854	0.00759972
16.6326	0.00759972	0.00752476
16.6345	0.00752476	0.00758416
16.6364	0.00758416	0.00763614
16.6383	0.00763614	0.00768162
16.6402	0.00768162	0.00772142
16.6421	0.00772142	0.00775624
16.6439	0.00775624	0.00791171
16.6458	0.00791171	0.00804775
16.6477	0.00804775	0.00816678
16.6496	0.00816678	0.00827093
16.6515	0.00827093	0.00836206
16.6534	0.00836206	0.0085668
16.6553	0.0085668	0.00874595
16.6572	0.00874595	0.00890271
16.659	0.00890271	0.00903987
16.6609	0.00903987	0.00903488
16.6628	0.00903488	0.00903052
16.6647	0.00903052	0.00902671
16.6666	0.00902671	0.00902337
16.6685	0.00902337	0.00902045
16.6704	0.00902045	0.00914289
16.6723	0.00914289	0.00925003
16.6742	0.00925003	0.00934378
16.676	0.00934378	0.0094258
16.6779	0.0094258	0.00937258
16.6798	0.00937258	0.009326
16.6817	0.009326	0.00928525
16.6836	0.00928525	0.0094996
16.6855	0.0094996	0.00968715
16.6874	0.00968715	0.00985125
16.6893	0.00985125	0.0101198
16.6911	0.0101198	0.0103549
16.693	0.0103549	0.0105605
16.6949	0.0105605	0.0106154
16.6968	0.0106154	0.0106635
16.6987	0.0106635	0.0107056
16.7006	0.0107056	0.0107424
16.7025	0.0107424	0.0107746
16.7044	0.0107746	0.0108028
16.7062	0.0108028	0.0109524
16.7081	0.0109524	0.0110834
16.71	0.0110834	0.0111979
16.7119	0.0111979	0.0111732
16.7138	0.0111732	0.0111515
16.7157	0.0111515	0.0111326
16.7176	0.0111326	0.011116
16.7195	0.011116	0.0111015
16.7214	0.0111015	0.0110888
16.7232	0.0110888	0.0112027
16.7251	0.0112027	0.0113024
16.727	0.0113024	0.0113896
16.7289	0.0113896	0.0113409
16.7308	0.0113409	0.0115483
16.7327	0.0115483	0.0117297
16.7346	0.0117297	0.0118885
16.7365	0.0118885	0.0120275
16.7383	0.0120275	0.012149
16.7402	0.012149	0.0122554
16.7431	0.0122554	0.0125985
16.7563	0.0125985	0.0125237
16.7582	0.0125237	0.0125832
16.7601	0.0125832	0.0126353
16.7619	0.0126353	0.0125559
16.7638	0.0125559	0.0122364
16.766	0.0122364	0.0114569
16.7679	0.0114569	0.0107747
16.7698	0.0107747	0.0101779
16.772	0.0101779	0.00965566
16.7739	0.00965566	0.0091987
16.7758	0.0091987	0.00879887
16.778	0.00879887	0.00832401
16.7799	0.00832401	0.00803351
16.7818	0.00803351	0.00802932
16.7836	0.00802932	0.00802565
16.7855	0.00802565	0.00802244
16.7874	0.00802244	0.00801964
16.7893	0.00801964	0.00801718
16.7997	0.00801718	0.00776504
16.8016	0.00776504	0.00766941
16.8038	0.00766941	0.00758573
16.8088	0.00758573	0.00751251
16.8138	0.00751251	0.00782345
16.8157	0.00782345	0.00772052
16.8198	0.00772052	0.00750545
16.8217	0.00750545	0.00731727
16.8258	0.00731727	0.00715261
16.8277	0.00715261	0.00700853
16.8308	0.00700853	0.00725747
16.8327	0.00725747	0.00722528
16.8359	0.00722528	0.00732212
16.8377	0.00732212	0.00728186
16.8409	0.00728186	0.00737162
16.8428	0.00737162	0.00732517
16.8447	0.00732517	0.00728452
16.8469	0.00728452	0.00712396
16.8488	0.00712396	0.00698346
16.8506	0.00698346	0.00686053
16.8528	0.00686053	0.00675296
16.8547	0.00675296	0.00665884
16.8566	0.00665884	0.00657649
16.8585	0.00657649	0.00675442
16.8604	0.00675442	0.00691012
16.8623	0.00691012	0.00704635
16.8642	0.00704635	0.00716556
16.8661	0.00716556	0.00726987
16.8679	0.00726987	0.00723613
16.8698	0.00723613	0.00720661
16.8717	0.00720661	0.00718079
16.8736	0.00718079	0.00715819
16.8755	0.00715819	0.00726341
16.8774	0.00726341	0.00735549
16.8793	0.00735549	0.00743605
16.8812	0.00743605	0.00750654
16.883	0.00750654	0.00756823
16.8849	0.00756823	0.0074972
16.8868	0.0074972	0.00743505
16.8887	0.00743505	0.00738067
16.8906	0.00738067	0.00758308
16.8925	0.00758308	0.0077602
16.8944	0.0077602	0.00804017
16.8963	0.00804017	0.00828515
16.8982	0.00828515	0.0084995
16.9	0.0084995	0.00868707
16.9019	0.00868707	0.00872618
16.9038	0.00872618	0.00876041
16.9057	0.00876041	0.00879036
16.9076	0.00879036	0.00881656
16.9095	0.00881656	0.00883949
16.9114	0.00883949	0.00898455
16.9133	0.00898455	0.00911148
16.9151	0.00911148	0.00922255
16.917	0.00922255	0.00931973
16.9189	0.00931973	0.00927976
16.9208	0.00927976	0.00924479
16.9227	0.00924479	0.00921419
16.9246	0.00921419	0.00918742
16.9265	0.00918742	0.00916399
16.9284	0.00916399	0.00926849
16.9302	0.00926849	0.00960993
16.9321	0.00960993	0.00990869
16.934	0.00990869	0.0101701
16.9359	0.0101701	0.0102738
16.9378	0.0102738	0.0103646
16.9397	0.0103646	0.010444
16.9416	0.010444	0.0105135
16.9435	0.0105135	0.0105743
16.9454	0.0105743	0.0106275
16.9472	0.0106275	0.0107991
16.9491	0.0107991	0.0109492
16.951	0.0109492	0.0110806
16.9529	0.0110806	0.0110705
16.9548	0.0110705	0.0110617
16.9567	0.0110617	0.011054
16.9586	0.011054	0.0110472
16.9605	0.0110472	0.0110413
16.9623	0.0110413	0.0110362
16.9642	0.0110362	0.0111566
16.9661	0.0111566	0.0112621
16.968	0.0112621	0.0113543
16.9699	0.0113543	0.01131
16.9718	0.01131	0.0112713
16.9737	0.0112713	0.0112373
16.9756	0.0112373	0.0112077
16.9774	0.0112077	0.0114317
16.9793	0.0114317	0.0116278
16.9812	0.0116278	0.0117993
16.9831	0.0117993	0.0120744
16.985	0.0120744	0.0121901
16.9869	0.0121901	0.0122913
16.9888	0.0122913	0.0123799
16.9907	0.0123799	0.0124574
16.9926	0.0124574	0.0125252
16.9944	0.0125252	0.0125846
16.9963	0.0125846	0.0126365
16.9982	0.0126365	0.0128069
17.0001	0.0128069	0.0129561
17.002	0.0129561	0.0129616
17.0039	0.0129616	0.0129664
17.0058	0.0129664	0.0129706
17.0077	0.0129706	0.0129743
17.0095	0.0129743	0.0129775
17.0114	0.0129775	0.0129803
17.0133	0.0129803	0.0129827
17.0152	0.0129827	0.0131099
17.0171	0.0131099	0.0132212
17.019	0.0132212	0.0131935
17.0209	0.0131935	0.0131693
17.0228	0.0131693	0.0131482
17.0246	0.0131482	0.0131296
17.0265	0.0131296	0.0131134
17.0284	0.0131134	0.0130993
17.0303	0.0130993	0.0130868
17.0322	0.0130868	0.013201
17.0341	0.013201	0.0135509
17.036	0.0135509	0.013732
17.0379	0.013732	0.0138905
17.0398	0.0138905	0.0140292
17.0416	0.0140292	0.0141505
17.0435	0.0141505	0.0142567
17.0454	0.0142567	0.0143496
17.0473	0.0143496	0.0144309
17.0492	0.0144309	0.0145021
17.0511	0.0145021	0.0146893
17.053	0.0146893	0.0147281
17.0549	0.0147281	0.0147621
17.0567	0.0147621	0.0147919
17.0586	0.0147919	0.0148179
17.0605	0.0148179	0.0148406
17.0624	0.0148406	0.0148606
17.0643	0.0148606	0.014878
17.0662	0.014878	0.0148932
17.0681	0.0148932	0.0150316
17.07	0.0150316	0.0150276
17.0718	0.0150276	0.0150242
17.0737	0.0150242	0.0150212
17.0756	0.0150212	0.0150185
17.0775	0.0150185	0.0150162
17.0794	0.0150162	0.0150142
17.0813	0.0150142	0.0150124
17.0832	0.0150124	0.0150108
17.0851	0.0150108	0.0151345
17.087	0.0151345	0.0151177
17.0888	0.0151177	0.015103
17.0907	0.015103	0.0150901
17.0926	0.0150901	0.0150788
17.0945	0.0150788	0.015069
17.0964	0.015069	0.0153104
17.0983	0.0153104	0.0155216
17.1002	0.0155216	0.0157064
17.1021	0.0157064	0.0158681
17.1039	0.0158681	0.0160096
17.1058	0.0160096	0.0161334
17.1077	0.0161334	0.0162417
17.1096	0.0162417	0.0163365
17.1115	0.0163365	0.0164194
17.1134	0.0164194	0.016492
17.1153	0.016492	0.0165555
17.1172	0.0165555	0.0166111
17.119	0.0166111	0.0166597
17.1209	0.0166597	0.0167022
17.1228	0.0167022	0.0167394
17.1247	0.0167394	0.016772
17.1266	0.016772	0.0168005
17.1285	0.0168005	0.0168254
17.1304	0.0168254	0.0168473
17.1323	0.0168473	0.0168664
17.1342	0.0168664	0.0168831
17.136	0.0168831	0.0168977
17.1559	0.0168977	0.0167855
17.1578	0.0167855	0.0168123
17.1596	0.0168123	0.0168357
17.1615	0.0168357	0.0168563
17.1634	0.0168563	0.0168742
17.1653	0.0168742	0.01664
17.1672	0.01664	0.01631
17.1691	0.01631	0.0152712
17.171	0.0152712	0.0142373
17.1729	0.0142373	0.0133327
17.1747	0.0133327	0.0125411
17.1766	0.0125411	0.0118484
17.1785	0.0118484	0.0113674
17.1804	0.0113674	0.0111965
17.1823	0.0111965	0.0110469
17.1842	0.0110469	0.010916
17.1861	0.010916	0.0108015
17.188	0.0108015	0.0105763
17.1898	0.0105763	0.0103793
17.1917	0.0103793	0.0102069
17.1936	0.0102069	0.010056
17.1955	0.010056	0.00992402
17.1974	0.00992402	0.00993352
17.1993	0.00993352	0.00994183
17.2012	0.00994183	0.0099491
17.2031	0.0099491	0.00995546
17.205	0.00995546	0.00983603
17.2068	0.00983603	0.00973152
17.2191	0.00973152	0.00964008
17.221	0.00964008	0.00956007
17.2229	0.00956007	0.00949006
17.226	0.00949006	0.0094288
17.2289	0.0094288	0.0090002
17.232	0.0090002	0.00862518
17.2348	0.00862518	0.00829703
17.237	0.00829703	0.0083849
17.2399	0.0083849	0.00821179
17.2421	0.00821179	0.00818531
17.2449	0.00818531	0.00803715
17.2471	0.00803715	0.0080325
17.249	0.0080325	0.00777844
17.2509	0.00777844	0.00755614
17.2531	0.00755614	0.00736162
17.255	0.00736162	0.00719141
17.2568	0.00719141	0.00704249
17.259	0.00704249	0.00691218
17.2609	0.00691218	0.00679815
17.2628	0.00679815	0.00669838
17.2647	0.00669838	0.00686109
17.2666	0.00686109	0.00687845
17.2685	0.00687845	0.00701864
17.2704	0.00701864	0.00714131
17.2723	0.00714131	0.00724865
17.2741	0.00724865	0.00734257
17.276	0.00734257	0.00742475
17.2779	0.00742475	0.00737165
17.2798	0.00737165	0.00732519
17.2817	0.00732519	0.00728454
17.2836	0.00728454	0.00724898
17.2855	0.00724898	0.00734285
17.2874	0.00734285	0.007425
17.2893	0.007425	0.00749687
17.2911	0.00749687	0.00755976
17.293	0.00755976	0.00761479
17.2949	0.00761479	0.00753794
17.2968	0.00753794	0.0077207
17.2987	0.0077207	0.00788061
17.3006	0.00788061	0.00802054
17.3025	0.00802054	0.00814297
17.3044	0.00814297	0.0083751
17.3062	0.0083751	0.00857821
17.3081	0.00857821	0.00875593
17.31	0.00875593	0.00891144
17.3119	0.00891144	0.00892251
17.3138	0.00892251	0.0089322
17.3157	0.0089322	0.00894067
17.3176	0.00894067	0.00894809
17.3195	0.00894809	0.00895458
17.3213	0.00895458	0.00908525
17.3232	0.00908525	0.0091996
17.3251	0.0091996	0.00929965
17.327	0.00929965	0.00938719
17.3289	0.00938719	0.00933879
17.3308	0.00933879	0.00929644
17.3327	0.00929644	0.00925939
17.3346	0.00925939	0.00922696
17.3365	0.00922696	0.00944859
17.3383	0.00944859	0.00964252
17.3402	0.00964252	0.0099372
17.3421	0.0099372	0.0101951
17.344	0.0101951	0.0104207
17.3459	0.0104207	0.0104931
17.3478	0.0104931	0.0105565
17.3497	0.0105565	0.0106119
17.3516	0.0106119	0.0106604
17.3534	0.0106604	0.0107029
17.3553	0.0107029	0.01074
17.3572	0.01074	0.0108975
17.3591	0.0108975	0.0110353
17.361	0.0110353	0.0110309
17.3629	0.0110309	0.011027
17.3648	0.011027	0.0110237
17.3667	0.0110237	0.0110207
17.3685	0.0110207	0.0110181
17.3704	0.0110181	0.0110158
17.3723	0.0110158	0.0111389
17.3742	0.0111389	0.0112465
17.3761	0.0112465	0.0113407
17.378	0.0113407	0.0112981
17.3799	0.0112981	0.0112608
17.3818	0.0112608	0.0112282
17.3837	0.0112282	0.0114497
17.3855	0.0114497	0.0116435
17.3874	0.0116435	0.0118131
17.3893	0.0118131	0.0119614
17.3912	0.0119614	0.0122162
17.3931	0.0122162	0.0124392
17.395	0.0124392	0.0125093
17.3969	0.0125093	0.0125706
17.3988	0.0125706	0.0126243
17.4006	0.0126243	0.0126713
17.4025	0.0126713	0.0127124
17.4044	0.0127124	0.0127483
17.4063	0.0127483	0.0127798
17.4082	0.0127798	0.0129323
17.4101	0.0129323	0.0130658
17.412	0.0130658	0.0130575
17.4139	0.0130575	0.0130504
17.4157	0.0130504	0.0130441
17.4176	0.0130441	0.0130385
17.4195	0.0130385	0.0130337
17.4214	0.0130337	0.0130295
17.4233	0.0130295	0.0130258
17.4252	0.0130258	0.0131476
17.4271	0.0131476	0.0132541
17.429	0.0132541	0.0132224
17.4309	0.0132224	0.0131946
17.4327	0.0131946	0.0131703
17.4346	0.0131703	0.013149
17.4365	0.013149	0.0131304
17.4384	0.0131304	0.0133641
17.4403	0.0133641	0.0135686
17.4422	0.0135686	0.0137475
17.4441	0.0137475	0.014029
17.446	0.014029	0.0141504
17.4478	0.0141504	0.0142566
17.4497	0.0142566	0.0143495
17.4516	0.0143495	0.0144308
17.4535	0.0144308	0.014502
17.4554	0.014502	0.0145642
17.4573	0.0145642	0.0146187
17.4592	0.0146187	0.0146664
17.4611	0.0146664	0.0148331
17.4629	0.0148331	0.0148539
17.4648	0.0148539	0.0148722
17.4667	0.0148722	0.0148882
17.4686	0.0148882	0.0149021
17.4705	0.0149021	0.0149144
17.4724	0.0149144	0.0149251
17.4743	0.0149251	0.0149344
17.4762	0.0149344	0.0149426
17.4781	0.0149426	0.0150748
17.4799	0.0150748	0.0150655
17.4818	0.0150655	0.0150573
17.4837	0.0150573	0.0150501
17.4856	0.0150501	0.0150438
17.4884	0.0150438	0.0151634
17.5054	0.0151634	0.0151429
17.5168	0.0151429	0.0141251
17.5186	0.0141251	0.0133594
17.5205	0.0133594	0.0126895
17.5237	0.0126895	0.0121033
17.5265	0.0121033	0.0113404
17.5296	0.0113404	0.0106729
17.5325	0.0106729	0.0100887
17.5356	0.0100887	0.00957765
17.5385	0.00957765	0.00913045
17.5407	0.00913045	0.00898914
17.5435	0.00898914	0.0088655
17.5457	0.0088655	0.00863231
17.5485	0.00863231	0.00855327
17.5507	0.00855327	0.00835911
17.5526	0.00835911	0.00818922
17.5545	0.00818922	0.00791557
17.5567	0.00791557	0.00767612
17.5586	0.00767612	0.00746661
17.5605	0.00746661	0.00728328
17.5627	0.00728328	0.00712287
17.5646	0.00712287	0.00698251
17.5664	0.00698251	0.0068597
17.5683	0.0068597	0.00700223
17.5702	0.00700223	0.00712695
17.5721	0.00712695	0.00723608
17.574	0.00723608	0.00720657
17.5759	0.00720657	0.00718075
17.5778	0.00718075	0.00715816
17.5797	0.00715816	0.00713839
17.5815	0.00713839	0.00724609
17.5834	0.00724609	0.00734033
17.5853	0.00734033	0.00742279
17.5872	0.00742279	0.00749494
17.5891	0.00749494	0.00755807
17.591	0.00755807	0.00748831
17.5929	0.00748831	0.00742727
17.5948	0.00742727	0.00737386
17.5966	0.00737386	0.00732713
17.5985	0.00732713	0.00741124
17.6004	0.00741124	0.00773483
17.6023	0.00773483	0.00801798
17.6042	0.00801798	0.00826573
17.6061	0.00826573	0.00848251
17.608	0.00848251	0.0085472
17.6099	0.0085472	0.0086038
17.6118	0.0086038	0.00865332
17.6136	0.00865332	0.00869666
17.6155	0.00869666	0.00873457
17.6174	0.00873457	0.00889275
17.6193	0.00889275	0.00903116
17.6212	0.00903116	0.00915226
17.6231	0.00915226	0.00925823
17.625	0.00925823	0.00922595
17.6269	0.00922595	0.00919771
17.6287	0.00919771	0.00917299
17.6306	0.00917299	0.00915137
17.6325	0.00915137	0.00913245
17.6344	0.00913245	0.00924089
17.6363	0.00924089	0.00933578
17.6382	0.00933578	0.00941881
17.6401	0.00941881	0.00974145
17.642	0.00974145	0.00989877
17.6438	0.00989877	0.0100364
17.6457	0.0100364	0.0101569
17.6476	0.0101569	0.0102623
17.6495	0.0102623	0.0103545
17.6514	0.0103545	0.0104352
17.6533	0.0104352	0.0106308
17.6552	0.0106308	0.0108019
17.6571	0.0108019	0.0109517
17.659	0.0109517	0.0109577
17.6608	0.0109577	0.010963
17.6627	0.010963	0.0109676
17.6646	0.0109676	0.0109717
17.6665	0.0109717	0.0109752
17.6684	0.0109752	0.0109783
17.6703	0.0109783	0.011106
17.6722	0.011106	0.0112178
17.6741	0.0112178	0.0113155
17.6759	0.0113155	0.0112761
17.6778	0.0112761	0.0112416
17.6797	0.0112416	0.0112114
17.6816	0.0112114	0.011185
17.6835	0.011185	0.0111618
17.6854	0.0111618	0.0111416
17.6873	0.0111416	0.0113739
17.6892	0.0113739	0.0117022
17.691	0.0117022	0.0119894
17.6929	0.0119894	0.0121157
17.6948	0.0121157	0.0122263
17.6967	0.0122263	0.012323
17.6986	0.012323	0.0124076
17.7005	0.0124076	0.0124817
17.7024	0.0124817	0.0125464
17.7043	0.0125464	0.0126031
17.7203	0.0126031	0.0125277
17.7222	0.0125277	0.0127118
17.7241	0.0127118	0.0128728
17.726	0.0128728	0.0128887
17.7279	0.0128887	0.0126526
17.7301	0.0126526	0.011821
17.7319	0.011821	0.0110934
17.7338	0.0110934	0.0104567
17.736	0.0104567	0.00989964
17.7379	0.00989964	0.00941218
17.7398	0.00941218	0.00923566
17.7417	0.00923566	0.0090812
17.7436	0.0090812	0.00882105
17.7455	0.00882105	0.00871842
17.7474	0.00871842	0.00862862
17.7493	0.00862862	0.00855004
17.7511	0.00855004	0.00848128
17.753	0.00848128	0.00842112
17.7549	0.00842112	0.00824348
17.7568	0.00824348	0.00808805
17.7587	0.00808805	0.00795204
17.7606	0.00795204	0.00783304
17.7625	0.00783304	0.0078539
17.7644	0.0078539	0.00787217
17.7662	0.00787217	0.00788814
17.7681	0.00788814	0.00790213
17.77	0.00790213	0.00791436
17.7719	0.00791436	0.00805007
17.7738	0.00805007	0.00816881
17.7757	0.00816881	0.0082727
17.7776	0.0082727	0.00836362
17.7795	0.00836362	0.00844316
17.7813	0.00844316	0.00863777
17.7832	0.00863777	0.00880805
17.7851	0.00880805	0.00895704
17.787	0.00895704	0.00908741
17.7889	0.00908741	0.00907648
17.7908	0.00907648	0.00906692
17.7927	0.00906692	0.00905856
17.7946	0.00905856	0.00905124
17.7965	0.00905124	0.00904483
17.7983	0.00904483	0.00916423
17.8002	0.00916423	0.0092687
17.8021	0.0092687	0.00936011
17.804	0.00936011	0.0094401
17.8059	0.0094401	0.00938508
17.8078	0.00938508	0.00933695
17.8097	0.00933695	0.00929483
17.8116	0.00929483	0.00950798
17.8134	0.00950798	0.00969448
17.8153	0.00969448	0.00985767
17.8172	0.00985767	0.0101255
17.8191	0.0101255	0.0103598
17.821	0.0103598	0.0104398
17.8229	0.0104398	0.0105098
17.8248	0.0105098	0.0105711
17.8267	0.0105711	0.0106247
17.8285	0.0106247	0.0106716
17.8304	0.0106716	0.0107127
17.8323	0.0107127	0.0108736
17.8342	0.0108736	0.0110144
17.8361	0.0110144	0.0111376
17.838	0.0111376	0.0111204
17.8399	0.0111204	0.0111053
17.8418	0.0111053	0.0110922
17.8437	0.0110922	0.0110806
17.8455	0.0110806	0.0110706
17.8474	0.0110706	0.0110617
17.8493	0.0110617	0.011179
17.8512	0.011179	0.0112816
17.8531	0.0112816	0.0113714
17.855	0.0113714	0.011325
17.8569	0.011325	0.0112844
17.8588	0.0112844	0.0114988
17.8606	0.0114988	0.0116865
17.8625	0.0116865	0.0118507
17.8644	0.0118507	0.0119943
17.8663	0.0119943	0.01212
17.8682	0.01212	0.012355
17.8701	0.012355	0.0125607
17.8729	0.0125607	0.0127406
17.8861	0.0127406	0.012648
17.888	0.012648	0.012692
17.8899	0.012692	0.0126055
17.9	0.0126055	0.0117798
17.9009	0.0117798	0.0109323
17.906	0.0109323	0.0101908
17.912	0.0101908	0.00966694
17.9179	0.00966694	0.00920858
17.923	0.00920858	0.0094325
17.928	0.0094325	0.00950344
17.933	0.00950344	0.00969051
17.9349	0.00969051	0.0093542
17.939	0.0093542	0.00880992
17.9409	0.00880992	0.00845868
17.945	0.00845868	0.00815135
17.9469	0.00815135	0.00788243
17.9509	0.00788243	0.00764712
17.9528	0.00764712	0.00769123
17.956	0.00769123	0.00785483
17.9579	0.00785483	0.00774797
17.961	0.00774797	0.00790448
17.9629	0.00790448	0.00779142
17.9648	0.00779142	0.00769249
17.967	0.00769249	0.00735593
17.9689	0.00735593	0.00718644
17.9708	0.00718644	0.00703813
17.973	0.00703813	0.00690836
17.9748	0.00690836	0.00679482
17.9767	0.00679482	0.00669547
17.9786	0.00669547	0.00685853
17.9805	0.00685853	0.00700121
17.9824	0.00700121	0.00712606
17.9843	0.00712606	0.0072353
17.9862	0.0072353	0.00733089
17.9881	0.00733089	0.00741453
17.9899	0.00741453	0.00736271
17.9918	0.00736271	0.00731737
17.9937	0.00731737	0.0072777
17.9956	0.0072777	0.00724299
17.9975	0.00724299	0.00733761
17.9994	0.00733761	0.00742041
18.0013	0.00742041	0.00749286
18.0032	0.00749286	0.00755625
18.005	0.00755625	0.00761172
18.0069	0.00761172	0.00753526
18.0088	0.00753526	0.00746835
18.0107	0.00746835	0.0076598
18.0126	0.0076598	0.00782733
18.0145	0.00782733	0.00797391
18.0164	0.00797391	0.00822717
18.0183	0.00822717	0.00844878
18.0202	0.00844878	0.00864268
18.022	0.00864268	0.00881234
18.0239	0.00881234	0.0088358
18.0258	0.0088358	0.00885632
18.0277	0.00885632	0.00887428
18.0296	0.00887428	0.00889
18.0315	0.00889	0.00890375
18.0334	0.00890375	0.00904078
18.0353	0.00904078	0.00916068
18.0371	0.00916068	0.00926559
18.039	0.00926559	0.00935739
18.0409	0.00935739	0.00931272
18.0428	0.00931272	0.00927363
18.0447	0.00927363	0.00923943
18.0466	0.00923943	0.0092095
18.0485	0.0092095	0.00918331
18.0504	0.00918331	0.0092854
18.0522	0.0092854	0.00962472
18.0541	0.00962472	0.00992163
18.056	0.00992163	0.0101814
18.0579	0.0101814	0.0102837
18.0598	0.0102837	0.0103733
18.0617	0.0103733	0.0104516
18.0636	0.0104516	0.0105202
18.0655	0.0105202	0.0105801
18.0674	0.0105801	0.0106326
18.0692	0.0106326	0.0108035
18.0711	0.0108035	0.0109531
18.073	0.0109531	0.011084
18.0749	0.011084	0.0110735
18.0768	0.0110735	0.0110643
18.0787	0.0110643	0.0110562
18.0806	0.0110562	0.0110492
18.0825	0.0110492	0.0110431
18.0843	0.0110431	0.0110377
18.0862	0.0110377	0.011158
18.0881	0.011158	0.0112632
18.09	0.0112632	0.0113553
18.0919	0.0113553	0.0113109
18.0938	0.0113109	0.011272
18.0957	0.011272	0.011238
18.0976	0.011238	0.0112083
18.0994	0.0112083	0.0114322
18.1013	0.0114322	0.0116282
18.1032	0.0116282	0.0117997
18.1051	0.0117997	0.0120747
18.107	0.0120747	0.0123154
18.1089	0.0123154	0.012401
18.1108	0.012401	0.0124758
18.1127	0.0124758	0.0125414
18.1146	0.0125414	0.0125987
18.1164	0.0125987	0.0126489
18.1183	0.0126489	0.0126927
18.1202	0.0126927	0.0127312
18.1221	0.0127312	0.0128898
18.124	0.0128898	0.0129035
18.1259	0.0129035	0.0129156
18.1278	0.0129156	0.0129261
18.1297	0.0129261	0.0129354
18.1315	0.0129354	0.0129435
18.1334	0.0129435	0.0129505
18.1353	0.0129505	0.0129567
18.1372	0.0129567	0.0130871
18.1391	0.0130871	0.0132012
18.141	0.0132012	0.0131761
18.1429	0.0131761	0.0131541
18.1448	0.0131541	0.0131348
18.1466	0.0131348	0.013118
18.1485	0.013118	0.0131032
18.1504	0.0131032	0.0130903
18.1523	0.0130903	0.013079
18.1542	0.013079	0.0133191
18.1561	0.0133191	0.0136542
18.158	0.0136542	0.0138225
18.1599	0.0138225	0.0139697
18.1618	0.0139697	0.0140984
18.1636	0.0140984	0.0142111
18.1655	0.0142111	0.0143097
18.1674	0.0143097	0.014396
18.1693	0.014396	0.0144715
18.1712	0.0144715	0.0145376
18.1731	0.0145376	0.0147204
18.175	0.0147204	0.0147553
18.1769	0.0147553	0.0147859
18.1787	0.0147859	0.0148127
18.1806	0.0148127	0.0148361
18.1825	0.0148361	0.0148566
18.1844	0.0148566	0.0148745
18.1863	0.0148745	0.0148902
18.1882	0.0148902	0.0149039
18.1901	0.0149039	0.0150409
18.192	0.0150409	0.0150358
18.1938	0.0150358	0.0150313
18.1957	0.0150313	0.0150274
18.1976	0.0150274	0.015024
18.1995	0.015024	0.015021
18.2014	0.015021	0.0150184
18.2033	0.0150184	0.0150161
18.2052	0.0150161	0.0150141
18.2071	0.0150141	0.0151373
18.209	0.0151373	0.0151201
18.2108	0.0151201	0.0151051
18.2127	0.0151051	0.015092
18.2146	0.015092	0.0150805
18.2165	0.0150805	0.0153204
18.2184	0.0153204	0.0155304
18.2203	0.0155304	0.0157141
18.2222	0.0157141	0.0158748
18.2241	0.0158748	0.0160155
18.2259	0.0160155	0.0161385
18.2278	0.0161385	0.0162462
18.2297	0.0162462	0.0163404
18.2316	0.0163404	0.0164229
18.2335	0.0164229	0.016495
18.2354	0.016495	0.0165581
18.2373	0.0165581	0.0166134
18.2392	0.0166134	0.0166617
18.241	0.0166617	0.016704
18.2429	0.016704	0.016741
18.2448	0.016741	0.0167734
18.2467	0.0167734	0.0168017
18.2486	0.0168017	0.0168265
18.2505	0.0168265	0.0168482
18.2524	0.0168482	0.0168672
18.2543	0.0168672	0.0168838
18.2562	0.0168838	0.0168983
18.258	0.0168983	0.016911
18.2599	0.016911	0.0169221
18.2618	0.0169221	0.0169319
18.2637	0.0169319	0.0169404
18.2656	0.0169404	0.0169478
18.2675	0.0169478	0.0169543
18.2694	0.0169543	0.0169601
18.2713	0.0169601	0.016965
18.2731	0.016965	0.0169694
18.275	0.0169694	0.0169732
18.2769	0.0169732	0.0169766
18.2788	0.0169766	0.0169795
18.2807	0.0169795	0.0169821
18.2826	0.0169821	0.0169843
18.2845	0.0169843	0.0169863
18.2864	0.0169863	0.016988
18.2882	0.016988	0.0172395
18.2901	0.0172395	0.0174596
18.292	0.0174596	0.0176521
18.2939	0.0176521	0.0176956
18.2958	0.0176956	0.0178586
18.2977	0.0178586	0.0180013
18.2996	0.0180013	0.0181261
18.3015	0.0181261	0.0182354
18.3034	0.0182354	0.018331
18.3052	0.018331	0.0184146
18.3071	0.0184146	0.0184878
18.309	0.0184878	0.0185518
18.3109	0.0185518	0.0184828
18.3128	0.0184828	0.0185475
18.3147	0.0185475	0.018604
18.3166	0.018604	0.0186535
18.3185	0.0186535	0.0186968
18.3203	0.0186968	0.0187347
18.3222	0.0187347	0.0187679
18.3241	0.0187679	0.0187969
18.326	0.0187969	0.0188223
18.3279	0.0188223	0.0187195
18.3298	0.0187195	0.0187546
18.3317	0.0187546	0.0187852
18.3336	0.0187852	0.0188121
18.3354	0.0188121	0.0188356
18.3373	0.0188356	0.0188561
18.3392	0.0188561	0.0188741
18.3411	0.0188741	0.0188898
18.343	0.0188898	0.0189036
18.3449	0.0189036	0.0187907
18.3468	0.0187907	0.0188168
18.3487	0.0188168	0.0188397
18.3506	0.0188397	0.0188598
18.3524	0.0188598	0.0188773
18.3543	0.0188773	0.0188926
18.3562	0.0188926	0.018906
18.3581	0.018906	0.0189178
18.36	0.0189178	0.0188031
18.3619	0.0188031	0.0187027
18.3638	0.0187027	0.0187398
18.3657	0.0187398	0.0187724
18.3675	0.0187724	0.0190508
18.3694	0.0190508	0.0192945
18.3713	0.0192945	0.0195077
18.3732	0.0195077	0.0196942
18.3751	0.0196942	0.0198574
18.377	0.0198574	0.0198752
18.3789	0.0198752	0.0198908
18.3808	0.0198908	0.0200295
18.3826	0.0200295	0.0201508
18.3845	0.0201508	0.0202569
18.3864	0.0202569	0.0203498
18.3883	0.0203498	0.0204311
18.3902	0.0204311	0.0205022
18.3921	0.0205022	0.0205644
18.394	0.0205644	0.0204939
18.3959	0.0204939	0.0204321
18.3978	0.0204321	0.0205031
18.3996	0.0205031	0.0205652
18.4015	0.0205652	0.0206196
18.4034	0.0206196	0.0206671
18.4053	0.0206671	0.0207087
18.4072	0.0207087	0.0207451
18.4091	0.0207451	0.020777
18.411	0.020777	0.0206799
18.4129	0.0206799	0.0205949
18.4147	0.0205949	0.0206455
18.4166	0.0206455	0.0206898
18.4185	0.0206898	0.0207286
18.4204	0.0207286	0.0207625
18.4223	0.0207625	0.0207922
18.4242	0.0207922	0.0208182
18.4261	0.0208182	0.0208409
18.428	0.0208409	0.0207358
18.4298	0.0207358	0.0206438
18.4317	0.0206438	0.0206883
18.4336	0.0206883	0.0207273
18.4355	0.0207273	0.0207614
18.4374	0.0207614	0.0207912
18.4393	0.0207912	0.0208173
18.4412	0.0208173	0.0208401
18.4431	0.0208401	0.0208601
18.445	0.0208601	0.0207526
18.4468	0.0207526	0.0206585
18.4487	0.0206585	0.0207012
18.4506	0.0207012	0.0207386
18.4525	0.0207386	0.0207712
18.4544	0.0207712	0.0210498
18.4563	0.0210498	0.0212936
18.4582	0.0212936	0.0215069
18.4601	0.0215069	0.0216935
18.4619	0.0216935	0.0217319
18.4638	0.0217319	0.0217654
18.4657	0.0217654	0.0217947
18.4676	0.0217947	0.0219454
18.4695	0.0219454	0.0220772
18.4714	0.0220772	0.0221925
18.4733	0.0221925	0.0222935
18.4752	0.0222935	0.0223818
18.477	0.0223818	0.0224591
18.4789	0.0224591	0.0224017
18.4808	0.0224017	0.0223515
18.4827	0.0223515	0.0223075
18.4846	0.0223075	0.0223941
18.4865	0.0223941	0.0224698
18.4884	0.0224698	0.0225361
18.4903	0.0225361	0.0225941
18.4922	0.0225941	0.0226448
18.494	0.0226448	0.0226892
18.4959	0.0226892	0.0226031
18.4978	0.0226031	0.0225277
18.4997	0.0225277	0.0224617
18.5016	0.0224617	0.022529
18.5035	0.022529	0.0225879
18.5054	0.0225879	0.0226394
18.5073	0.0226394	0.0226845
18.5091	0.0226845	0.0227239
18.511	0.0227239	0.0227584
18.5129	0.0227584	0.0226636
18.5148	0.0226636	0.0225807
18.5177	0.0225807	0.0226331
18.5412	0.0226331	0.0225539
18.5431	0.0225539	0.0226097
18.546	0.0226097	0.0226585
18.5573	0.0226585	0.0209512
18.5582	0.0209512	0.0194573
18.5601	0.0194573	0.0182751
18.562	0.0182751	0.0172407
18.5652	0.0172407	0.0162106
18.568	0.0162106	0.0148093
18.5702	0.0148093	0.0139581
18.573	0.0139581	0.0132134
18.5752	0.0132134	0.0125617
18.578	0.0125617	0.0119915
18.5802	0.0119915	0.0113676
18.5821	0.0113676	0.0108216
18.584	0.0108216	0.0102189
18.5862	0.0102189	0.00969154
18.5881	0.00969154	0.0092301
18.59	0.0092301	0.00870134
18.5922	0.00870134	0.00836367
18.5941	0.00836367	0.00806821
18.596	0.00806821	0.00780968
18.5979	0.00780968	0.00783347
18.5997	0.00783347	0.00772929
18.6016	0.00772929	0.00763813
18.6035	0.00763813	0.00768336
18.6054	0.00768336	0.00772294
18.6073	0.00772294	0.00775757
18.6092	0.00775757	0.00778787
18.6111	0.00778787	0.00781439
18.613	0.00781439	0.00771259
18.6148	0.00771259	0.00762352
18.6167	0.00762352	0.00754558
18.6186	0.00754558	0.00747738
18.6205	0.00747738	0.00754271
18.6224	0.00754271	0.00759987
18.6243	0.00759987	0.00764988
18.6262	0.00764988	0.00769365
18.6281	0.00769365	0.00773194
18.63	0.00773194	0.00789045
18.6318	0.00789045	0.00802914
18.6337	0.00802914	0.0081505
18.6356	0.0081505	0.00825669
18.6375	0.00825669	0.0083496
18.6394	0.0083496	0.0085559
18.6413	0.0085559	0.00873641
18.6432	0.00873641	0.00889436
18.6451	0.00889436	0.00903256
18.6469	0.00903256	0.00902849
18.6488	0.00902849	0.00902493
18.6507	0.00902493	0.00902182
18.6526	0.00902182	0.00901909
18.6545	0.00901909	0.0090167
18.6564	0.0090167	0.00913961
18.6583	0.00913961	0.00924716
18.6602	0.00924716	0.00934127
18.662	0.00934127	0.00942361
18.6639	0.00942361	0.00937066
18.6658	0.00937066	0.00932432
18.6677	0.00932432	0.00928378
18.6696	0.00928378	0.00949831
18.6715	0.00949831	0.00968602
18.6734	0.00968602	0.00985027
18.6753	0.00985027	0.010119
18.6772	0.010119	0.0103541
18.679	0.0103541	0.0105598
18.6809	0.0105598	0.0106149
18.6828	0.0106149	0.010663
18.6847	0.010663	0.0107051
18.6866	0.0107051	0.010742
18.6885	0.010742	0.0107742
18.6904	0.0107742	0.0108025
18.6923	0.0108025	0.0109522
18.6941	0.0109522	0.0110831
18.696	0.0110831	0.0111977
18.6979	0.0111977	0.011173
18.6998	0.011173	0.0111514
18.7017	0.0111514	0.0111325
18.7036	0.0111325	0.0111159
18.7055	0.0111159	0.0111014
18.7074	0.0111014	0.0110887
18.7092	0.0110887	0.0112027
18.7111	0.0112027	0.0113023
18.713	0.0113023	0.0113895
18.7149	0.0113895	0.0113408
18.7168	0.0113408	0.0115482
18.7187	0.0115482	0.0117297
18.7206	0.0117297	0.0118885
18.7225	0.0118885	0.0120274
18.7244	0.0120274	0.012149
18.7262	0.012149	0.0122554
18.7281	0.0122554	0.0124735
18.73	0.0124735	0.0126643
18.7319	0.0126643	0.0127062
18.7338	0.0127062	0.012743
18.7357	0.012743	0.0127751
18.7376	0.0127751	0.0128032
18.7395	0.0128032	0.0128278
18.7413	0.0128278	0.0128493
18.7432	0.0128493	0.0128682
18.7451	0.0128682	0.0130096
18.747	0.0130096	0.0131334
18.7489	0.0131334	0.0131168
18.7508	0.0131168	0.0131022
18.7527	0.0131022	0.0130894
18.7546	0.0130894	0.0130782
18.7564	0.0130782	0.0130684
18.7583	0.0130684	0.0130599
18.7602	0.0130599	0.0130524
18.7621	0.0130524	0.0131708
18.764	0.0131708	0.0132745
18.7659	0.0132745	0.0132402
18.7678	0.0132402	0.0132102
18.7697	0.0132102	0.0131839
18.7716	0.0131839	0.0134109
18.7734	0.0134109	0.0136095
18.7753	0.0136095	0.0137833
18.7772	0.0137833	0.0139354
18.7791	0.0139354	0.0140685
18.781	0.0140685	0.0141849
18.7829	0.0141849	0.0142868
18.7848	0.0142868	0.014376
18.8018	0.014376	0.014079
18.8027	0.014079	0.0138191
18.8046	0.0138191	0.0137167
18.8065	0.0137167	0.0136271
18.8084	0.0136271	0.0135487
18.8103	0.0135487	0.0133551
18.8125	0.0133551	0.0124357
18.8143	0.0124357	0.0116313
18.8162	0.0116313	0.0111774
18.8181	0.0111774	0.0107802
18.82	0.0107802	0.0104327
18.8219	0.0104327	0.0100036
18.8238	0.0100036	0.00962814
18.8257	0.00962814	0.00929962
18.8276	0.00929962	0.00901217
18.8294	0.00901217	0.00888564
18.8313	0.00888564	0.00877494
18.8332	0.00877494	0.00867807
18.8351	0.00867807	0.00859331
18.837	0.00859331	0.00839415
18.8389	0.00839415	0.00821988
18.8408	0.00821988	0.00806739
18.8427	0.00806739	0.00793397
18.8446	0.00793397	0.00794222
18.8464	0.00794222	0.00794944
18.8483	0.00794944	0.00820576
18.8502	0.00820576	0.00843004
18.8521	0.00843004	0.00862629
18.854	0.00862629	0.008673
18.8559	0.008673	0.00871387
18.8578	0.00871387	0.00874964
18.8597	0.00874964	0.00878094
18.8615	0.00878094	0.00880832
18.8634	0.00880832	0.00895728
18.8653	0.00895728	0.00908762
18.8672	0.00908762	0.00920166
18.8691	0.00920166	0.00930146
18.871	0.00930146	0.00926377
18.8729	0.00926377	0.0092308
18.8748	0.0092308	0.00920195
18.8766	0.00920195	0.00917671
18.8785	0.00917671	0.00915462
18.8804	0.00915462	0.00926029
18.8823	0.00926029	0.00935275
18.8842	0.00935275	0.00943366
18.8861	0.00943366	0.00950445
18.888	0.00950445	0.00969139
18.8899	0.00969139	0.00985497
18.8918	0.00985497	0.0099981
18.8936	0.0099981	0.0101233
18.8955	0.0101233	0.0102329
18.8974	0.0102329	0.0103288
18.8993	0.0103288	0.0105377
18.9012	0.0105377	0.0107205
18.9031	0.0107205	0.0108804
18.905	0.0108804	0.0108954
18.9069	0.0108954	0.0109085
18.9087	0.0109085	0.0109199
18.9106	0.0109199	0.0109299
18.9125	0.0109299	0.0109387
18.9144	0.0109387	0.0109463
18.9163	0.0109463	0.011078
18.9182	0.011078	0.0111933
18.9201	0.0111933	0.0112941
18.922	0.0112941	0.0112574
18.9238	0.0112574	0.0112252
18.9257	0.0112252	0.011197
18.9276	0.011197	0.0111724
18.9295	0.0111724	0.0111509
18.9314	0.0111509	0.011132
18.9333	0.011132	0.0112405
18.9352	0.0112405	0.0115854
18.9371	0.0115854	0.0118873
18.939	0.0118873	0.0120263
18.9408	0.0120263	0.0121481
18.9427	0.0121481	0.0122545
18.9446	0.0122545	0.0123477
18.9465	0.0123477	0.0124293
18.9484	0.0124293	0.0125006
18.9503	0.0125006	0.012563
18.9522	0.012563	0.0127426
18.9541	0.0127426	0.0128998
18.9559	0.0128998	0.0129123
18.9578	0.0129123	0.0129233
18.9597	0.0129233	0.0129329
18.9616	0.0129329	0.0129413
18.9635	0.0129413	0.0129486
18.9654	0.0129486	0.012955
18.9673	0.012955	0.0129607
18.9692	0.0129607	0.0130906
18.971	0.0130906	0.0132043
18.9729	0.0132043	0.0131787
18.9748	0.0131787	0.0131564
18.9767	0.0131564	0.0131368
18.9786	0.0131368	0.0131197
18.9805	0.0131197	0.0131048
18.9824	0.0131048	0.0130917
18.9843	0.0130917	0.0130802
18.9862	0.0130802	0.0131952
18.988	0.0131952	0.0132958
18.9899	0.0132958	0.0135088
18.9918	0.0135088	0.0136952
18.9937	0.0136952	0.0138583
18.9956	0.0138583	0.014001
18.9975	0.014001	0.0141259
18.9994	0.0141259	0.0142352
19.0013	0.0142352	0.0143308
19.0031	0.0143308	0.0144144
19.005	0.0144144	0.0146126
19.0069	0.0146126	0.014661
19.0088	0.014661	0.0147034
19.0107	0.0147034	0.0147405
19.0126	0.0147405	0.0147729
19.0145	0.0147729	0.0148013
19.0164	0.0148013	0.0148261
19.0182	0.0148261	0.0148479
19.0201	0.0148479	0.0148669
19.022	0.0148669	0.0150085
19.0239	0.0150085	0.0150075
19.0258	0.0150075	0.0150065
19.0277	0.0150065	0.0150057
19.0296	0.0150057	0.015005
19.0315	0.015005	0.0150044
19.0334	0.0150044	0.0150038
19.0352	0.0150038	0.0150033
19.0371	0.0150033	0.0150029
19.039	0.0150029	0.0151276
19.0409	0.0151276	0.0151116
19.0428	0.0151116	0.0150977
19.0447	0.0150977	0.0150855
19.0466	0.0150855	0.0150748
19.0485	0.0150748	0.0150654
19.0503	0.0150654	0.0150572
19.0522	0.0150572	0.0150501
19.0541	0.0150501	0.0152938
19.056	0.0152938	0.0155071
19.0579	0.0155071	0.0156937
19.0598	0.0156937	0.015857
19.0617	0.015857	0.0159999
19.0636	0.0159999	0.0161249
19.0654	0.0161249	0.0162343
19.0673	0.0162343	0.01633
19.0692	0.01633	0.0164137
19.0711	0.0164137	0.016487
19.073	0.016487	0.0164261
19.0749	0.0164261	0.0164979
19.0768	0.0164979	0.0165606
19.0787	0.0165606	0.0166156
19.0806	0.0166156	0.0166636
19.0824	0.0166636	0.0167057
19.0843	0.0167057	0.0167425
19.0862	0.0167425	0.0167746
19.0881	0.0167746	0.0168028
19.09	0.0168028	0.0168275
19.0919	0.0168275	0.016849
19.0938	0.016849	0.0168679
19.0957	0.0168679	0.0168844
19.0975	0.0168844	0.0168989
19.0994	0.0168989	0.0169115
19.1013	0.0169115	0.0169226
19.1032	0.0169226	0.0169322
19.1051	0.0169322	0.0169407
19.107	0.0169407	0.0169481
19.1089	0.0169481	0.0169546
19.1108	0.0169546	0.0169603
19.1126	0.0169603	0.0169652
19.1145	0.0169652	0.0169696
19.1164	0.0169696	0.0169734
19.1183	0.0169734	0.0169767
19.1202	0.0169767	0.0169796
19.1221	0.0169796	0.0169822
19.124	0.0169822	0.0171094
19.1259	0.0171094	0.0173457
19.1278	0.0173457	0.0175525
19.1296	0.0175525	0.0177334
19.1315	0.0177334	0.0178918
19.1334	0.0178918	0.0180303
19.1353	0.0180303	0.0181515
19.1372	0.0181515	0.0182576
19.1391	0.0182576	0.0183504
19.141	0.0183504	0.0183066
19.1429	0.0183066	0.0183933
19.1447	0.0183933	0.0184691
19.1466	0.0184691	0.0185355
19.1485	0.0185355	0.0185935
19.1504	0.0185935	0.0186443
19.1523	0.0186443	0.0186888
19.1542	0.0186888	0.0187277
19.1561	0.0187277	0.0187617
19.158	0.0187617	0.0186665
19.1598	0.0186665	0.0187082
19.1617	0.0187082	0.0187447
19.1636	0.0187447	0.0187766
19.1655	0.0187766	0.0188045
19.1674	0.0188045	0.018829
19.1693	0.018829	0.0188503
19.1712	0.0188503	0.018869
19.1731	0.018869	0.0188854
19.175	0.0188854	0.0187747
19.1768	0.0187747	0.0188029
19.1787	0.0188029	0.0188275
19.1806	0.0188275	0.0188491
19.1825	0.0188491	0.018868
19.1844	0.018868	0.0188845
19.1863	0.0188845	0.0188989
19.1882	0.0188989	0.0189115
19.1901	0.0189115	0.0189226
19.1919	0.0189226	0.0188073
19.1938	0.0188073	0.0188314
19.1957	0.0188314	0.0188524
19.1976	0.0188524	0.0188709
19.1995	0.0188709	0.018887
19.2014	0.018887	0.0189011
19.2033	0.0189011	0.0191635
19.2052	0.0191635	0.0193931
19.207	0.0193931	0.0195939
19.2089	0.0195939	0.0196447
19.2108	0.0196447	0.0196891
19.2127	0.0196891	0.019853
19.2146	0.019853	0.0199963
19.2165	0.0199963	0.0201218
19.2184	0.0201218	0.0202316
19.2203	0.0202316	0.0203276
19.2222	0.0203276	0.0204117
19.224	0.0204117	0.0204852
19.2259	0.0204852	0.0204246
19.2278	0.0204246	0.0203715
19.2297	0.0203715	0.0204501
19.2316	0.0204501	0.0205188
19.2335	0.0205188	0.0205789
19.2354	0.0205789	0.0206316
19.2373	0.0206316	0.0206776
19.2391	0.0206776	0.0207179
19.241	0.0207179	0.0207532
19.2429	0.0207532	0.020659
19.2448	0.020659	0.0205767
19.2467	0.0205767	0.0206296
19.2486	0.0206296	0.0206759
19.2505	0.0206759	0.0207164
19.2524	0.0207164	0.0207518
19.2542	0.0207518	0.0207829
19.2561	0.0207829	0.02081
19.258	0.02081	0.0208338
19.2599	0.0208338	0.0207295
19.2618	0.0207295	0.0206383
19.2637	0.0206383	0.0206835
19.2656	0.0206835	0.0207231
19.2675	0.0207231	0.0207577
19.2694	0.0207577	0.020788
19.2712	0.020788	0.0208145
19.2731	0.0208145	0.0208377
19.275	0.0208377	0.020858
19.2769	0.020858	0.0207507
19.2788	0.0207507	0.0206569
19.2807	0.0206569	0.0206998
19.2826	0.0206998	0.0207373
19.2845	0.0207373	0.0207701
19.2863	0.0207701	0.0207989
19.2882	0.0207989	0.020824
19.2901	0.020824	0.021096
19.292	0.021096	0.021334
19.2939	0.021334	0.0214173
19.2958	0.0214173	0.0214901
19.2977	0.0214901	0.0215538
19.2996	0.0215538	0.0217346
19.3014	0.0217346	0.0218928
19.3033	0.0218928	0.0220312
19.3052	0.0220312	0.0221523
19.3071	0.0221523	0.0222582
19.309	0.0222582	0.022226
19.3109	0.022226	0.0221977
19.3128	0.0221977	0.022173
19.3147	0.022173	0.0221514
19.3166	0.0221514	0.0222575
19.3184	0.0222575	0.0223503
19.3203	0.0223503	0.0224315
19.3222	0.0224315	0.0225026
19.3241	0.0225026	0.0225647
19.326	0.0225647	0.0224941
19.3279	0.0224941	0.0224324
19.3298	0.0224324	0.0223783
19.3317	0.0223783	0.022456
19.3335	0.022456	0.022524
19.3354	0.022524	0.0225835
19.3373	0.0225835	0.0226356
19.3392	0.0226356	0.0226811
19.3411	0.0226811	0.022721
19.343	0.022721	0.0226309
19.3449	0.0226309	0.022552
19.3468	0.022552	0.022483
19.3486	0.022483	0.0225476
19.3505	0.0225476	0.0226042
19.3524	0.0226042	0.0226537
19.3543	0.0226537	0.0226969
19.3562	0.0226969	0.0227348
19.3581	0.0227348	0.022768
19.36	0.022768	0.022672
19.3619	0.022672	0.022588
19.3638	0.022588	0.0225145
19.3656	0.0225145	0.0225752
19.3675	0.0225752	0.0226283
19.3694	0.0226283	0.0226747
19.3713	0.0226747	0.0227154
19.3732	0.0227154	0.022751
19.3751	0.022751	0.0227821
19.377	0.0227821	0.0226843
19.3789	0.0226843	0.0225988
19.3807	0.0225988	0.0225239
19.3826	0.0225239	0.0225835
19.3845	0.0225835	0.0228855
19.3864	0.0228855	0.0231498
19.3883	0.0231498	0.0233811
19.3902	0.0233811	0.0235835
19.3921	0.0235835	0.0237605
19.394	0.0237605	0.0237905
19.3958	0.0237905	0.0238167
19.3977	0.0238167	0.0238396
19.3996	0.0238396	0.0238596
19.4015	0.0238596	0.0240022
19.4034	0.0240022	0.0241269
19.4053	0.0241269	0.024236
19.4072	0.024236	0.0243315
19.4091	0.0243315	0.0244151
19.411	0.0244151	0.0243632
19.4128	0.0243632	0.0243178
19.4147	0.0243178	0.0242781
19.4166	0.0242781	0.0242433
19.4185	0.0242433	0.0243379
19.4204	0.0243379	0.0244207
19.4223	0.0244207	0.0244931
19.4242	0.0244931	0.0245564
19.4261	0.0245564	0.0246119
19.4279	0.0246119	0.0245354
19.4298	0.0245354	0.0244685
19.4317	0.0244685	0.0244099
19.4336	0.0244099	0.0243587
19.4355	0.0243587	0.0244388
19.4374	0.0244388	0.024509
19.4393	0.024509	0.0245704
19.4412	0.0245704	0.0246241
19.443	0.0246241	0.0246711
19.4449	0.0246711	0.0245872
19.4468	0.0245872	0.0245138
19.4487	0.0245138	0.0244496
19.4506	0.0244496	0.0243934
19.4534	0.0243934	0.0245942
19.4789	0.0245942	0.0243949
19.4808	0.0243949	0.0243456
19.4827	0.0243456	0.0243024
19.4846	0.0243024	0.0242646
19.4865	0.0242646	0.0243565
19.4884	0.0243565	0.0244369
19.4902	0.0244369	0.0245073
19.4921	0.0245073	0.0243189
19.494	0.0243189	0.023904
19.4959	0.023904	0.023166
19.4978	0.023166	0.0216453
19.4997	0.0216453	0.0203146
19.5016	0.0203146	0.0191503
19.5035	0.0191503	0.0181315
19.5054	0.0181315	0.0172401
19.5072	0.0172401	0.0165851
19.5091	0.0165851	0.0160119
19.511	0.0160119	0.0155104
19.5129	0.0155104	0.0149466
19.5148	0.0149466	0.0147033
19.5167	0.0147033	0.0144904
19.5186	0.0144904	0.0143041
19.5205	0.0143041	0.0141411
19.5223	0.0141411	0.0139984
19.5242	0.0139984	0.0138736
19.5261	0.0138736	0.0138894
19.528	0.0138894	0.0139033
19.5299	0.0139033	0.0137903
19.5318	0.0137903	0.0136916
19.5337	0.0136916	0.0136051
19.5356	0.0136051	0.0135295
19.5374	0.0135295	0.0134633
19.5393	0.0134633	0.0134054
19.5412	0.0134054	0.0133547
19.5431	0.0133547	0.0134354
19.545	0.0134354	0.0133809
19.5469	0.0133809	0.0133333
19.5488	0.0133333	0.0132917
19.5507	0.0132917	0.0132552
19.5526	0.0132552	0.0132233
19.5544	0.0132233	0.0131954
19.5563	0.0131954	0.013171
19.5582	0.013171	0.0132746
19.5601	0.0132746	0.0133653
19.562	0.0133653	0.0133196
19.5639	0.0133196	0.0132797
19.5658	0.0132797	0.0132447
19.5677	0.0132447	0.0132141
19.5695	0.0132141	0.0134373
19.5714	0.0134373	0.0136327
19.5733	0.0136327	0.0138036
19.5752	0.0138036	0.0139531
19.5771	0.0139531	0.014209
19.579	0.014209	0.0143079
19.5809	0.0143079	0.0143944
19.5828	0.0143944	0.0144701
19.5846	0.0144701	0.0145363
19.5865	0.0145363	0.0145943
19.5884	0.0145943	0.014645
19.5903	0.014645	0.0146894
19.5922	0.0146894	0.0147282
19.5941	0.0147282	0.0148872
19.596	0.0148872	0.0149013
19.5979	0.0149013	0.0149136
19.5998	0.0149136	0.0149244
19.6016	0.0149244	0.0149339
19.6035	0.0149339	0.0149421
19.6054	0.0149421	0.0149494
19.6073	0.0149494	0.0149557
19.6092	0.0149557	0.0149612
19.6111	0.0149612	0.0150911
19.613	0.0150911	0.0150797
19.6149	0.0150797	0.0150697
19.6167	0.0150697	0.015061
19.6186	0.015061	0.0150534
19.6205	0.0150534	0.0150467
19.6224	0.0150467	0.0150409
19.6243	0.0150409	0.0150358
19.6262	0.0150358	0.0150313
19.6281	0.0150313	0.0151524
19.63	0.0151524	0.0151333
19.6318	0.0151333	0.0151167
19.6337	0.0151167	0.0153521
19.6356	0.0153521	0.0155581
19.6375	0.0155581	0.0157383
19.6394	0.0157383	0.015896
19.6413	0.015896	0.016034
19.6432	0.016034	0.0161548
19.6451	0.0161548	0.0162604
19.647	0.0162604	0.0163529
19.6488	0.0163529	0.0164338
19.6507	0.0164338	0.0165045
19.6526	0.0165045	0.0165665
19.6545	0.0165665	0.0166207
19.6564	0.0166207	0.0166681
19.6583	0.0166681	0.0167096
19.6602	0.0167096	0.0167459
19.6621	0.0167459	0.0167776
19.6639	0.0167776	0.0168054
19.6658	0.0168054	0.0168298
19.6677	0.0168298	0.016851
19.6696	0.016851	0.0168697
19.6715	0.0168697	0.0168859
19.6734	0.0168859	0.0169002
19.6753	0.0169002	0.0169127
19.6772	0.0169127	0.0169236
19.679	0.0169236	0.0169331
19.6809	0.0169331	0.0169415
19.6828	0.0169415	0.0169488
19.6847	0.0169488	0.0169552
19.6866	0.0169552	0.0169608
19.6885	0.0169608	0.0169657
19.6904	0.0169657	0.01697
19.6923	0.01697	0.0169737
19.6942	0.0169737	0.016977
19.696	0.016977	0.0169799
19.6979	0.0169799	0.0169824
19.6998	0.0169824	0.0169846
19.7017	0.0169846	0.0169865
19.7036	0.0169865	0.0172382
19.7055	0.0172382	0.0174584
19.7074	0.0174584	0.0176511
19.7093	0.0176511	0.0178197
19.7111	0.0178197	0.0179673
19.713	0.0179673	0.0180964
19.7149	0.0180964	0.0180843
19.7168	0.0180843	0.0181988
19.7187	0.0181988	0.0182989
19.7206	0.0182989	0.0183866
19.7225	0.0183866	0.0184632
19.7244	0.0184632	0.0185303
19.7262	0.0185303	0.018589
19.7281	0.018589	0.0186404
19.73	0.0186404	0.0186854
19.7319	0.0186854	0.0185997
19.7338	0.0185997	0.0186497
19.7357	0.0186497	0.0186935
19.7376	0.0186935	0.0187318
19.7395	0.0187318	0.0187653
19.7414	0.0187653	0.0187947
19.7432	0.0187947	0.0188203
19.7451	0.0188203	0.0188428
19.747	0.0188428	0.0188624
19.7489	0.0188624	0.0187546
19.7508	0.0187546	0.0187853
19.7527	0.0187853	0.0188121
19.7546	0.0188121	0.0188356
19.7565	0.0188356	0.0188562
19.7583	0.0188562	0.0188742
19.7602	0.0188742	0.0188899
19.7621	0.0188899	0.0189036
19.764	0.0189036	0.0189157
19.7659	0.0189157	0.0188012
19.7678	0.0188012	0.0188261
19.7697	0.0188261	0.0188478
19.7716	0.0188478	0.0188668
19.7734	0.0188668	0.0188835
19.7753	0.0188835	0.018898
19.7772	0.018898	0.0189108
19.7791	0.0189108	0.0189219
19.781	0.0189219	0.0188067
19.7829	0.0188067	0.0189559
19.7848	0.0189559	0.0190864
19.7867	0.0190864	0.0193256
19.7886	0.0193256	0.0195349
19.7904	0.0195349	0.019718
19.7923	0.019718	0.0198783
19.7942	0.0198783	0.0200185
19.7961	0.0200185	0.0201412
19.798	0.0201412	0.0201235
19.7999	0.0201235	0.0201081
19.8018	0.0201081	0.0202196
19.8037	0.0202196	0.0203171
19.8055	0.0203171	0.0204025
19.8074	0.0204025	0.0204772
19.8093	0.0204772	0.0205425
19.8112	0.0205425	0.0205997
19.8131	0.0205997	0.0206497
19.815	0.0206497	0.0205685
19.8169	0.0205685	0.0204975
19.8188	0.0204975	0.0205603
19.8206	0.0205603	0.0206152
19.8225	0.0206152	0.0206633
19.8244	0.0206633	0.0207054
19.8263	0.0207054	0.0207422
19.8282	0.0207422	0.0207745
19.8301	0.0207745	0.0208027
19.832	0.0208027	0.0207023
19.8339	0.0207023	0.0206145
19.8358	0.0206145	0.0206627
19.8376	0.0206627	0.0207049
19.8395	0.0207049	0.0207418
19.8414	0.0207418	0.020774
19.8433	0.020774	0.0208023
19.8452	0.0208023	0.020827
19.8471	0.020827	0.0208486
19.849	0.0208486	0.0207425
19.8509	0.0207425	0.0206497
19.8527	0.0206497	0.0206935
19.8546	0.0206935	0.0207318
19.8565	0.0207318	0.0207653
19.8584	0.0207653	0.0207947
19.8603	0.0207947	0.0208203
19.8631	0.0208203	0.0209678
19.8858	0.0209678	0.0208468
19.8877	0.0208468	0.020991
19.8896	0.020991	0.0211171
19.8914	0.0211171	0.0212275
19.8933	0.0212275	0.021324
19.8952	0.021324	0.0214085
19.8971	0.0214085	0.0213575
19.899	0.0213575	0.0209378
19.9009	0.0209378	0.0204456
19.9028	0.0204456	0.0190149
19.9047	0.0190149	0.017763
19.9066	0.017763	0.0169176
19.9084	0.0169176	0.0161779
19.9103	0.0161779	0.0156557
19.9122	0.0156557	0.0151987
19.9141	0.0151987	0.0147989
19.916	0.0147989	0.014324
19.9179	0.014324	0.0139085
19.9198	0.0139085	0.013545
19.9217	0.013545	0.0132268
19.9235	0.0132268	0.0129485
19.9254	0.0129485	0.0127049
19.9273	0.0127049	0.0126168
19.9292	0.0126168	0.0125397
19.9311	0.0125397	0.0124722
19.933	0.0124722	0.0122882
19.9349	0.0122882	0.0121272
19.9368	0.0121272	0.0119863
19.9386	0.0119863	0.011863
19.9405	0.011863	0.0117551
19.9424	0.0117551	0.0116607
19.9443	0.0116607	0.0117031
19.9462	0.0117031	0.0117402
19.9481	0.0117402	0.0117727
19.95	0.0117727	0.0116761
19.9519	0.0116761	0.0115916
19.9538	0.0115916	0.0117677
19.9556	0.0117677	0.0119217
19.9575	0.0119217	0.0120565
19.9594	0.0120565	0.0121744
19.9613	0.0121744	0.0122776
19.9632	0.0122776	0.0124929
19.9651	0.0124929	0.0126813
19.967	0.0126813	0.0127211
19.9689	0.0127211	0.012756
19.9707	0.012756	0.0127865
19.9726	0.0127865	0.0128132
19.9745	0.0128132	0.0128365
19.9764	0.0128365	0.012857
19.9783	0.012857	0.0128748
19.9802	0.0128748	0.0130155
19.9821	0.0130155	0.0131386
19.984	0.0131386	0.0131212
19.9858	0.0131212	0.0131061
19.9877	0.0131061	0.0130928
19.9896	0.0130928	0.0130812
19.9915	0.0130812	0.0130711
19.9934	0.0130711	0.0130622
19.9953	0.0130622	0.0130544
19.9972	0.0130544	0.0131726
19.9991	0.0131726	0.013276
