1.00419	0	0.004
1.0093	0.004	0.004125
1.01119	0.004125	0.00448437
1.01308	0.00448437	0.00504883
1.01497	0.00504883	0.00566772
1.01685	0.00566772	0.00645926
1.01874	0.00645926	0.00740185
1.02063	0.00740185	0.00785162
1.02252	0.00785162	0.00824517
1.02441	0.00824517	0.00858952
1.02629	0.00858952	0.00914083
1.02818	0.00914083	0.00974822
1.03007	0.00974822	0.0102797
1.03196	0.0102797	0.0108697
1.03385	0.0108697	0.011136
1.03573	0.011136	0.011369
1.03762	0.011369	0.0115729
1.03951	0.0115729	0.0117513
1.05461	0.0117513	0.0116574
1.0565	0.0116574	0.0117002
1.05839	0.0117002	0.0117377
1.06028	0.0117377	0.0117705
1.06217	0.0117705	0.0119242
1.06405	0.0119242	0.0120586
1.06594	0.0120586	0.0120513
1.06783	0.0120513	0.0119199
1.06972	0.0119199	0.0118049
1.07161	0.0118049	0.0117043
1.07349	0.0117043	0.0116163
1.07538	0.0116163	0.0115392
1.07727	0.0115392	0.0115968
1.07916	0.0115968	0.0116472
1.08105	0.0116472	0.0116913
1.08293	0.0116913	0.0116049
1.08482	0.0116049	0.0115293
1.08671	0.0115293	0.0112131
1.0886	0.0112131	0.0109365
1.09049	0.0109365	0.0106944
1.09237	0.0106944	0.0106076
1.09426	0.0106076	0.0105317
1.09615	0.0105317	0.0104652
1.09804	0.0104652	0.0104071
1.09993	0.0104071	0.0102312
1.10277	0.0102312	0.00995228
2.31001	0.00995228	0.0344582
2.31598	0.0344582	0.030776
2.32196	0.030776	0.027679
2.32699	0.027679	0.0255941
2.32888	0.0255941	0.0232698
2.33296	0.0232698	0.0211111
2.33485	0.0211111	0.0194722
2.33799	0.0194722	0.0181632
2.33988	0.0181632	0.0167678
2.34302	0.0167678	0.0157968
2.34491	0.0157968	0.0146972
2.34805	0.0146972	0.0139851
2.3509	0.0139851	0.0131119
2.361	0.0131119	0.0120979
2.36318	0.0120979	0.0112107
2.36603	0.0112107	0.0108094
2.36821	0.0108094	0.0103332
2.372	0.0103332	0.00979154
2.37419	0.00979154	0.00931759
2.37703	0.00931759	0.00927789
2.38711	0.00927789	0.00874316
2.38931	0.00874316	0.00840026
2.39214	0.00840026	0.00822523
2.39528	0.00822523	0.00794708
2.39811	0.00794708	0.00770369
2.40125	0.00770369	0.00749073
2.40409	0.00749073	0.00730439
2.40628	0.00730439	0.00739134
2.40912	0.00739134	0.00746742
2.41132	0.00746742	0.00740899
2.41415	0.00740899	0.00748287
2.41635	0.00748287	0.00742251
2.41918	0.00742251	0.0074947
2.42138	0.0074947	0.00743286
2.42421	0.00743286	0.00750375
2.42641	0.00750375	0.00744078
2.42829	0.00744078	0.00738568
2.43018	0.00738568	0.00721247
2.43238	0.00721247	0.00706091
2.43427	0.00706091	0.0069283
2.43616	0.0069283	0.00681226
2.43836	0.00681226	0.00671073
2.44024	0.00671073	0.00662189
2.44213	0.00662189	0.00654415
2.44433	0.00654415	0.00647613
2.44622	0.00647613	0.00641661
2.44811	0.00641661	0.00636454
2.4503	0.00636454	0.00631897
2.45219	0.00631897	0.0062791
2.45408	0.0062791	0.00624421
2.45628	0.00624421	0.00621368
2.45817	0.00621368	0.00643697
2.46005	0.00643697	0.00663235
2.46194	0.00663235	0.0066783
2.46383	0.0066783	0.00671852
2.46572	0.00671852	0.0067537
2.46761	0.0067537	0.00678449
2.46949	0.00678449	0.00693643
2.47138	0.00693643	0.00706937
2.47327	0.00706937	0.0071857
2.47516	0.0071857	0.00728749
2.47705	0.00728749	0.00737655
2.47893	0.00737655	0.00732948
2.48082	0.00732948	0.0072883
2.48271	0.0072883	0.00725226
2.4846	0.00725226	0.00722073
2.48649	0.00722073	0.00731813
2.48837	0.00731813	0.00740337
2.49026	0.00740337	0.00747795
2.49215	0.00747795	0.0075432
2.49404	0.0075432	0.0076003
2.49593	0.0076003	0.00752526
2.49781	0.00752526	0.00745961
2.4997	0.00745961	0.00740215
2.50159	0.00740215	0.00735188
2.50348	0.00735188	0.0074329
2.50537	0.0074329	0.00750379
2.50725	0.00750379	0.00756581
2.50914	0.00756581	0.00762009
2.51103	0.00762009	0.00766757
2.51292	0.00766757	0.00758413
2.51481	0.00758413	0.00751111
2.51669	0.00751111	0.00744722
2.51858	0.00744722	0.00739132
2.52047	0.00739132	0.0074674
2.52236	0.0074674	0.00753398
2.52425	0.00753398	0.00759223
2.52613	0.00759223	0.0076432
2.52802	0.0076432	0.0076878
2.52991	0.0076878	0.00760182
2.5318	0.00760182	0.0075266
2.53369	0.0075266	0.00746077
2.53557	0.00746077	0.00740317
2.53746	0.00740317	0.00747778
2.53935	0.00747778	0.00754305
2.54124	0.00754305	0.00760017
2.54313	0.00760017	0.00765015
2.54501	0.00765015	0.00769388
2.5469	0.00769388	0.00760715
2.54879	0.00760715	0.00753125
2.55068	0.00753125	0.00746484
2.55257	0.00746484	0.00740674
2.55445	0.00740674	0.00748089
2.55634	0.00748089	0.00754578
2.55823	0.00754578	0.00760256
2.56012	0.00760256	0.00765224
2.56201	0.00765224	0.00769571
2.56389	0.00769571	0.00760875
2.56578	0.00760875	0.00753265
2.56767	0.00753265	0.00746607
2.56956	0.00746607	0.00740781
2.57145	0.00740781	0.00748183
2.57333	0.00748183	0.0075466
2.57522	0.0075466	0.00760328
2.57711	0.00760328	0.00765287
2.579	0.00765287	0.00757126
2.58089	0.00757126	0.00749985
2.58277	0.00749985	0.00743737
2.58466	0.00743737	0.0073827
2.58655	0.0073827	0.00745986
2.58844	0.00745986	0.00752738
2.59033	0.00752738	0.00758645
2.59221	0.00758645	0.00763815
2.5941	0.00763815	0.00768338
2.59599	0.00768338	0.00759795
2.59788	0.00759795	0.00752321
2.59977	0.00752321	0.00745781
2.60165	0.00745781	0.00740058
2.60354	0.00740058	0.00747551
2.60543	0.00747551	0.00754107
2.60732	0.00754107	0.00759844
2.60921	0.00759844	0.00764863
2.61109	0.00764863	0.00769255
2.61298	0.00769255	0.00760598
2.61487	0.00760598	0.00753023
2.61676	0.00753023	0.00746395
2.61865	0.00746395	0.00740596
2.62053	0.00740596	0.00748022
2.62242	0.00748022	0.00754519
2.62431	0.00754519	0.00760204
2.6262	0.00760204	0.00765178
2.62809	0.00765178	0.00769531
2.62997	0.00769531	0.0076084
2.63186	0.0076084	0.00753235
2.63375	0.00753235	0.0074658
2.63564	0.0074658	0.00740758
2.63753	0.00740758	0.00748163
2.63941	0.00748163	0.00754642
2.6413	0.00754642	0.00760312
2.64319	0.00760312	0.00765273
2.64508	0.00765273	0.00769614
2.64697	0.00769614	0.00760912
2.64885	0.00760912	0.00753298
2.65074	0.00753298	0.00746636
2.65263	0.00746636	0.00740806
2.65452	0.00740806	0.00748205
2.65641	0.00748205	0.0075468
2.65829	0.0075468	0.00760345
2.66018	0.00760345	0.00765302
2.66207	0.00765302	0.00769639
2.66396	0.00769639	0.00760934
2.66585	0.00760934	0.00753317
2.66773	0.00753317	0.00746652
2.66962	0.00746652	0.00740821
2.67151	0.00740821	0.00748218
2.6734	0.00748218	0.00754691
2.67529	0.00754691	0.00760354
2.67717	0.00760354	0.0076531
2.67906	0.0076531	0.00769646
2.68095	0.00769646	0.0076094
2.68284	0.0076094	0.00753323
2.68473	0.00753323	0.00746657
2.68661	0.00746657	0.00740825
2.6885	0.00740825	0.00748222
2.69039	0.00748222	0.00754694
2.69228	0.00754694	0.00760357
2.69417	0.00760357	0.00765313
2.69605	0.00765313	0.00769649
2.69794	0.00769649	0.00760943
2.69983	0.00760943	0.00753325
2.70172	0.00753325	0.00746659
2.70361	0.00746659	0.00740827
2.70549	0.00740827	0.00748223
2.70738	0.00748223	0.00754695
2.70927	0.00754695	0.00760358
2.71116	0.00760358	0.00765314
2.71305	0.00765314	0.00769649
2.71493	0.00769649	0.00760943
2.71682	0.00760943	0.00753325
2.71871	0.00753325	0.0074666
2.7206	0.0074666	0.00740827
2.72249	0.00740827	0.00748224
2.72437	0.00748224	0.00754696
2.72626	0.00754696	0.00760359
2.72815	0.00760359	0.00765314
2.73004	0.00765314	0.00769649
2.73193	0.00769649	0.00760943
2.73381	0.00760943	0.00753325
2.7357	0.00753325	0.0074666
2.73759	0.0074666	0.00740827
2.73948	0.00740827	0.00748224
2.74137	0.00748224	0.00754696
2.74325	0.00754696	0.00760359
2.74514	0.00760359	0.00765314
2.74703	0.00765314	0.0076965
2.74892	0.0076965	0.00760943
2.75081	0.00760943	0.00753325
2.75269	0.00753325	0.0074666
2.75458	0.0074666	0.00740827
2.75647	0.00740827	0.00748224
2.75836	0.00748224	0.00754696
2.76025	0.00754696	0.00760359
2.76213	0.00760359	0.00765314
2.76402	0.00765314	0.0076965
2.76591	0.0076965	0.00760943
2.7678	0.00760943	0.00753325
2.76969	0.00753325	0.0074666
2.77157	0.0074666	0.00740827
2.77346	0.00740827	0.00748224
2.77535	0.00748224	0.00754696
2.77724	0.00754696	0.00760359
2.77913	0.00760359	0.00765314
2.78101	0.00765314	0.0076965
2.7829	0.0076965	0.00760943
2.78479	0.00760943	0.00753325
2.78668	0.00753325	0.0074666
2.78857	0.0074666	0.00740827
2.79045	0.00740827	0.00748224
2.79234	0.00748224	0.00754696
2.79423	0.00754696	0.00760359
2.79612	0.00760359	0.00765314
2.79801	0.00765314	0.0076965
2.79989	0.0076965	0.00760943
2.80178	0.00760943	0.00753325
2.80367	0.00753325	0.0074666
2.80556	0.0074666	0.00740827
2.80745	0.00740827	0.00748224
2.80933	0.00748224	0.00754696
2.81122	0.00754696	0.00760359
2.81311	0.00760359	0.00765314
2.815	0.00765314	0.0075715
2.81689	0.0075715	0.00750006
2.81877	0.00750006	0.00743755
2.82066	0.00743755	0.00738286
2.82255	0.00738286	0.00746
2.82444	0.00746	0.0075275
2.82633	0.0075275	0.00758656
2.82821	0.00758656	0.00763824
2.8301	0.00763824	0.00768346
2.83199	0.00768346	0.00759803
2.83388	0.00759803	0.00752327
2.83577	0.00752327	0.00745786
2.83765	0.00745786	0.00740063
2.83954	0.00740063	0.00747555
2.84143	0.00747555	0.00754111
2.84332	0.00754111	0.00759847
2.84521	0.00759847	0.00764866
2.84709	0.00764866	0.00769258
2.84898	0.00769258	0.007606
2.85087	0.007606	0.00753025
2.85276	0.00753025	0.00746397
2.85465	0.00746397	0.00740597
2.85653	0.00740597	0.00748023
2.85842	0.00748023	0.0075452
2.86031	0.0075452	0.00760205
2.8622	0.00760205	0.00765179
2.86409	0.00765179	0.00769532
2.86597	0.00769532	0.0076084
2.86786	0.0076084	0.00753235
2.86975	0.00753235	0.00746581
2.87164	0.00746581	0.00740758
2.87353	0.00740758	0.00748163
2.87541	0.00748163	0.00754643
2.8773	0.00754643	0.00760312
2.87919	0.00760312	0.00765273
2.88108	0.00765273	0.00769614
2.88297	0.00769614	0.00760912
2.88485	0.00760912	0.00753298
2.88674	0.00753298	0.00746636
2.88863	0.00746636	0.00740807
2.89052	0.00740807	0.00748206
2.89241	0.00748206	0.0075468
2.89429	0.0075468	0.00760345
2.89618	0.00760345	0.00765302
2.89807	0.00765302	0.00769639
2.89996	0.00769639	0.00760934
2.90185	0.00760934	0.00753317
2.90373	0.00753317	0.00746652
2.90562	0.00746652	0.00740821
2.90751	0.00740821	0.00748218
2.9094	0.00748218	0.00754691
2.91129	0.00754691	0.00760354
2.91317	0.00760354	0.0076531
2.91506	0.0076531	0.00769646
2.91695	0.00769646	0.0076094
2.91884	0.0076094	0.00753323
2.92073	0.00753323	0.00746657
2.92261	0.00746657	0.00740825
2.9245	0.00740825	0.00748222
2.92639	0.00748222	0.00754694
2.92828	0.00754694	0.00760357
2.93017	0.00760357	0.00765313
2.93205	0.00765313	0.00769649
2.93394	0.00769649	0.00760943
2.93583	0.00760943	0.00753325
2.93772	0.00753325	0.00746659
2.93961	0.00746659	0.00740827
2.94149	0.00740827	0.00748223
2.94338	0.00748223	0.00754695
2.94527	0.00754695	0.00760358
2.94716	0.00760358	0.00765314
2.94905	0.00765314	0.00769649
2.95093	0.00769649	0.00760943
2.95282	0.00760943	0.00753325
2.95471	0.00753325	0.0074666
2.9566	0.0074666	0.00740827
2.95849	0.00740827	0.00748224
2.96037	0.00748224	0.00754696
2.96226	0.00754696	0.00760359
2.96415	0.00760359	0.00765314
2.96604	0.00765314	0.00769649
2.96793	0.00769649	0.00760943
2.96981	0.00760943	0.00753325
2.9717	0.00753325	0.0074666
2.97359	0.0074666	0.00740827
2.97548	0.00740827	0.00748224
2.97737	0.00748224	0.00754696
2.97925	0.00754696	0.00760359
2.98114	0.00760359	0.00765314
2.98303	0.00765314	0.0076965
2.98492	0.0076965	0.00760943
2.98681	0.00760943	0.00753325
2.98869	0.00753325	0.0074666
2.99058	0.0074666	0.00740827
2.99247	0.00740827	0.00748224
2.99436	0.00748224	0.00754696
2.99625	0.00754696	0.00760359
2.99813	0.00760359	0.00765314
3.00002	0.00765314	0.0076965
3.00191	0.0076965	0.00760943
3.0038	0.00760943	0.00753325
3.00569	0.00753325	0.0074666
3.00757	0.0074666	0.00740827
3.00946	0.00740827	0.00748224
3.01135	0.00748224	0.00754696
3.01324	0.00754696	0.00760359
3.01513	0.00760359	0.00765314
3.01701	0.00765314	0.0076965
3.0189	0.0076965	0.00760943
3.02079	0.00760943	0.00753325
3.02268	0.00753325	0.0074666
3.02457	0.0074666	0.00740827
3.02645	0.00740827	0.00748224
3.02834	0.00748224	0.00754696
3.03023	0.00754696	0.00760359
3.03212	0.00760359	0.00765314
3.03401	0.00765314	0.0076965
3.03589	0.0076965	0.00760943
3.03778	0.00760943	0.00753325
3.03967	0.00753325	0.0074666
3.04156	0.0074666	0.00740827
3.04345	0.00740827	0.00748224
3.04533	0.00748224	0.00754696
3.04722	0.00754696	0.00760359
3.04911	0.00760359	0.00765314
3.051	0.00765314	0.0075715
3.05289	0.0075715	0.00750006
3.05477	0.00750006	0.00743755
3.05666	0.00743755	0.00738286
3.05855	0.00738286	0.00746
3.06044	0.00746	0.0075275
3.06233	0.0075275	0.00758656
3.06421	0.00758656	0.00763824
3.0661	0.00763824	0.00768346
3.06799	0.00768346	0.00759803
3.06988	0.00759803	0.00752327
3.07177	0.00752327	0.00745786
3.07365	0.00745786	0.00740063
3.07554	0.00740063	0.00747555
3.07743	0.00747555	0.00754111
3.07932	0.00754111	0.00759847
3.08121	0.00759847	0.00764866
3.08309	0.00764866	0.00769258
3.08498	0.00769258	0.007606
3.08687	0.007606	0.00753025
3.08876	0.00753025	0.00746397
3.09065	0.00746397	0.00740597
3.09253	0.00740597	0.00748023
3.09442	0.00748023	0.0075452
3.09631	0.0075452	0.00760205
3.0982	0.00760205	0.00765179
3.10009	0.00765179	0.00769532
3.10197	0.00769532	0.0076084
3.10386	0.0076084	0.00753235
3.10575	0.00753235	0.00746581
3.10764	0.00746581	0.00740758
3.10953	0.00740758	0.00748163
3.11141	0.00748163	0.00754643
3.1133	0.00754643	0.00760312
3.11519	0.00760312	0.00765273
3.11708	0.00765273	0.00769614
3.11897	0.00769614	0.00760912
3.12841	0.00760912	0.00740798
3.13062	0.00740798	0.00723198
3.13251	0.00723198	0.00707799
3.13565	0.00707799	0.00706824
3.13754	0.00706824	0.00705971
3.14068	0.00705971	0.00717724
3.14257	0.00717724	0.00715509
3.14571	0.00715509	0.0072607
3.1476	0.0072607	0.00722811
3.15074	0.00722811	0.0073246
3.15263	0.0073246	0.00728402
3.15452	0.00728402	0.00724852
3.15671	0.00724852	0.00709246
3.1586	0.00709246	0.0069559
3.16049	0.0069559	0.00683641
3.16269	0.00683641	0.00673186
3.16458	0.00673186	0.00664037
3.16646	0.00664037	0.00656033
3.16866	0.00656033	0.00649029
3.17055	0.00649029	0.006429
3.17244	0.006429	0.00637537
3.17464	0.00637537	0.00632845
3.17652	0.00632845	0.0062874
3.17841	0.0062874	0.00625147
3.1803	0.00625147	0.00647004
3.18219	0.00647004	0.00666128
3.18408	0.00666128	0.00682862
3.18596	0.00682862	0.00685004
3.18785	0.00685004	0.00686879
3.18974	0.00686879	0.00688519
3.19163	0.00688519	0.00689954
3.19352	0.00689954	0.0070371
3.1954	0.0070371	0.00715746
3.19729	0.00715746	0.00726278
3.19918	0.00726278	0.00735493
3.20107	0.00735493	0.00743556
3.20296	0.00743556	0.00738112
3.20484	0.00738112	0.00733348
3.20673	0.00733348	0.00729179
3.20862	0.00729179	0.00725532
3.21051	0.00725532	0.0073484
3.2124	0.0073484	0.00742985
3.21428	0.00742985	0.00750112
3.21617	0.00750112	0.00756348
3.21806	0.00756348	0.00761804
3.21995	0.00761804	0.00754079
3.22184	0.00754079	0.00747319
3.22372	0.00747319	0.00741404
3.22561	0.00741404	0.00736228
3.2275	0.00736228	0.007442
3.22939	0.007442	0.00751175
3.23128	0.00751175	0.00757278
3.23316	0.00757278	0.00762618
3.23505	0.00762618	0.00767291
3.23694	0.00767291	0.00758879
3.23883	0.00758879	0.00751519
3.24072	0.00751519	0.00745079
3.2426	0.00745079	0.00739445
3.24449	0.00739445	0.00747014
3.24638	0.00747014	0.00753637
3.24827	0.00753637	0.00759432
3.25016	0.00759432	0.00764503
3.25204	0.00764503	0.0076894
3.25393	0.0076894	0.00760323
3.25582	0.00760323	0.00752782
3.25771	0.00752782	0.00746184
3.2596	0.00746184	0.00740411
3.26148	0.00740411	0.0074786
3.26337	0.0074786	0.00754377
3.26526	0.00754377	0.0076008
3.26715	0.0076008	0.0076507
3.26904	0.0076507	0.00769436
3.27092	0.00769436	0.00760757
3.27281	0.00760757	0.00753162
3.27566	0.00753162	0.00759017
3.28352	0.00759017	0.0073914
3.28573	0.0073914	0.00721747
3.28762	0.00721747	0.00706529
3.29076	0.00706529	0.00705713
3.29265	0.00705713	0.00704999
3.29579	0.00704999	0.00716874
3.29768	0.00716874	0.00714764
3.30082	0.00714764	0.00725419
3.30271	0.00725419	0.00722241
3.30585	0.00722241	0.00731961
3.30774	0.00731961	0.00727966
3.30963	0.00727966	0.0072447
3.31183	0.0072447	0.00708911
3.31372	0.00708911	0.00695297
3.3156	0.00695297	0.00683385
3.3178	0.00683385	0.00672962
3.31969	0.00672962	0.00663842
3.32158	0.00663842	0.00655861
3.32378	0.00655861	0.00648879
3.32566	0.00648879	0.00642769
3.32755	0.00642769	0.00637423
3.32975	0.00637423	0.00632745
3.33164	0.00632745	0.00628652
3.33353	0.00628652	0.0062507
3.33541	0.0062507	0.00646936
3.3373	0.00646936	0.00666069
3.33919	0.00666069	0.00682811
3.34108	0.00682811	0.00697459
3.34297	0.00697459	0.00697777
3.34485	0.00697777	0.00698055
3.34674	0.00698055	0.00698298
3.34863	0.00698298	0.00698511
3.35052	0.00698511	0.00711197
3.35241	0.00711197	0.00722297
3.35429	0.00722297	0.0073201
3.35618	0.0073201	0.00740508
3.35807	0.00740508	0.00747945
3.35996	0.00747945	0.00741952
3.36185	0.00741952	0.00736708
3.36373	0.00736708	0.00732119
3.36562	0.00732119	0.00728104
3.36751	0.00728104	0.00737091
3.3694	0.00737091	0.00744955
3.37129	0.00744955	0.00751835
3.37317	0.00751835	0.00757856
3.37506	0.00757856	0.00763124
3.37695	0.00763124	0.00755233
3.37884	0.00755233	0.00748329
3.38073	0.00748329	0.00742288
3.38261	0.00742288	0.00737002
3.3845	0.00737002	0.00744877
3.38639	0.00744877	0.00751767
3.38828	0.00751767	0.00757796
3.39017	0.00757796	0.00763072
3.39205	0.00763072	0.00767688
3.39394	0.00767688	0.00759227
3.39583	0.00759227	0.00751823
3.39772	0.00751823	0.00745345
3.39961	0.00745345	0.00739677
3.40149	0.00739677	0.00747217
3.40338	0.00747217	0.00753815
3.40527	0.00753815	0.00759588
3.40716	0.00759588	0.0076464
3.40905	0.0076464	0.0076906
3.41093	0.0076906	0.00760427
3.41282	0.00760427	0.00752874
3.41471	0.00752874	0.00746265
3.4166	0.00746265	0.00740481
3.41849	0.00740481	0.00747921
3.42037	0.00747921	0.00754431
3.42226	0.00754431	0.00760127
3.42415	0.00760127	0.00765111
3.42604	0.00765111	0.00769472
3.42793	0.00769472	0.00760788
3.42981	0.00760788	0.0075319
3.4317	0.0075319	0.00746541
3.43359	0.00746541	0.00740723
3.43548	0.00740723	0.00748133
3.43737	0.00748133	0.00754616
3.43925	0.00754616	0.00760289
3.44114	0.00760289	0.00765253
3.44303	0.00765253	0.00769596
3.44492	0.00769596	0.00760897
3.44681	0.00760897	0.00753284
3.44869	0.00753284	0.00746624
3.45058	0.00746624	0.00740796
3.45247	0.00740796	0.00748196
3.45436	0.00748196	0.00754672
3.45625	0.00754672	0.00760338
3.45813	0.00760338	0.00765296
3.46002	0.00765296	0.00769634
3.46191	0.00769634	0.00760929
3.4638	0.00760929	0.00753313
3.46569	0.00753313	0.00746649
3.46757	0.00746649	0.00740818
3.46946	0.00740818	0.00748215
3.47135	0.00748215	0.00754688
3.47324	0.00754688	0.00760352
3.47513	0.00760352	0.00765308
3.47701	0.00765308	0.00769645
3.4789	0.00769645	0.00760939
3.48079	0.00760939	0.00753322
3.48268	0.00753322	0.00746656
3.48457	0.00746656	0.00740824
3.48645	0.00740824	0.00748221
3.48834	0.00748221	0.00754694
3.49778	0.00754694	0.00722857
3.50598	0.00722857	0.00695
3.50787	0.00695	0.00695625
3.51008	0.00695625	0.00683672
3.5129	0.00683672	0.00685713
3.51511	0.00685713	0.00699999
3.51793	0.00699999	0.00699999
3.52014	0.00699999	0.00712499
3.52296	0.00712499	0.00710936
3.52517	0.00710936	0.00722069
3.52799	0.00722069	0.0071931
3.5302	0.0071931	0.00729397
3.53209	0.00729397	0.00725722
3.53398	0.00725722	0.00710007
3.53618	0.00710007	0.00696256
3.53806	0.00696256	0.00684224
3.53995	0.00684224	0.00673696
3.54215	0.00673696	0.00664484
3.54404	0.00664484	0.00656423
3.54593	0.00656423	0.0064937
3.54812	0.0064937	0.00643199
3.55001	0.00643199	0.00637799
3.5519	0.00637799	0.00633074
3.5541	0.00633074	0.0062894
3.55599	0.0062894	0.00612822
3.55788	0.00612822	0.0062372
3.55976	0.0062372	0.00645755
3.56165	0.00645755	0.00652535
3.56354	0.00652535	0.00670968
3.56543	0.00670968	0.00687097
3.56732	0.00687097	0.0070121
3.5692	0.0070121	0.00713559
3.57109	0.00713559	0.00724364
3.57298	0.00724364	0.00721318
3.57487	0.00721318	0.00718653
3.57676	0.00718653	0.00716322
3.57864	0.00716322	0.00714282
3.58053	0.00714282	0.00724996
3.58242	0.00724996	0.00734372
3.58431	0.00734372	0.00742575
3.5862	0.00742575	0.00749753
3.58808	0.00749753	0.00756034
3.58997	0.00756034	0.0074903
3.59186	0.0074903	0.00742901
3.59375	0.00742901	0.00737538
3.59564	0.00737538	0.00732846
3.59752	0.00732846	0.0074124
3.59941	0.0074124	0.00748585
3.6013	0.00748585	0.00755012
3.60319	0.00755012	0.00760635
3.60508	0.00760635	0.00765556
3.60696	0.00765556	0.00757361
3.60885	0.00757361	0.00750191
3.61074	0.00750191	0.00743917
3.61263	0.00743917	0.00738428
3.61452	0.00738428	0.00746124
3.6164	0.00746124	0.00752858
3.61829	0.00752858	0.00758751
3.62018	0.00758751	0.00763907
3.62207	0.00763907	0.00768419
3.62396	0.00768419	0.00759866
3.62584	0.00759866	0.00752383
3.62773	0.00752383	0.00745835
3.62962	0.00745835	0.00740106
3.63151	0.00740106	0.00747592
3.6334	0.00747592	0.00754143
3.63528	0.00754143	0.00759875
3.63717	0.00759875	0.00764891
3.63906	0.00764891	0.00769279
3.64095	0.00769279	0.00760619
3.64284	0.00760619	0.00753042
3.64472	0.00753042	0.00746412
3.64661	0.00746412	0.0074061
3.6485	0.0074061	0.00748034
3.65039	0.00748034	0.0075453
3.65228	0.0075453	0.00760213
3.65416	0.00760213	0.00765187
3.65605	0.00765187	0.00769538
3.65794	0.00769538	0.00760846
3.65983	0.00760846	0.0075324
3.66172	0.0075324	0.00746585
3.6636	0.00746585	0.00740762
3.66549	0.00740762	0.00748167
3.66738	0.00748167	0.00754646
3.66927	0.00754646	0.00760315
3.67116	0.00760315	0.00765275
3.67304	0.00765275	0.00769616
3.67493	0.00769616	0.00760914
3.67778	0.00760914	0.007658
3.68564	0.007658	0.00745075
3.68785	0.00745075	0.0072694
3.68974	0.0072694	0.00711073
3.69288	0.00711073	0.00709689
3.69477	0.00709689	0.00708477
3.69791	0.00708477	0.00719918
3.6998	0.00719918	0.00717428
3.70294	0.00717428	0.0072775
3.70483	0.0072775	0.00724281
3.70797	0.00724281	0.00733746
3.70986	0.00733746	0.00729527
3.71175	0.00729527	0.00725836
3.71395	0.00725836	0.00710107
3.71583	0.00710107	0.00696343
3.71772	0.00696343	0.006843
3.71992	0.006843	0.00673763
3.72181	0.00673763	0.00664542
3.7237	0.00664542	0.00656475
3.72589	0.00656475	0.00649415
3.72778	0.00649415	0.00643238
3.72967	0.00643238	0.00637833
3.73187	0.00637833	0.00633104
3.73376	0.00633104	0.00628966
3.73564	0.00628966	0.00625345
3.73753	0.00625345	0.00647177
3.73942	0.00647177	0.0066628
3.74131	0.0066628	0.00682995
3.7432	0.00682995	0.00697621
3.74508	0.00697621	0.00710418
3.74697	0.00710418	0.00709116
3.74886	0.00709116	0.00707976
3.75075	0.00707976	0.00706979
3.75264	0.00706979	0.00706107
3.75452	0.00706107	0.00717843
3.75641	0.00717843	0.00728113
3.7583	0.00728113	0.00737099
3.76019	0.00737099	0.00744961
3.76208	0.00744961	0.00751841
3.76396	0.00751841	0.00745361
3.76585	0.00745361	0.00739691
3.76774	0.00739691	0.00734729
3.76963	0.00734729	0.00730388
3.77152	0.00730388	0.00739089
3.7734	0.00739089	0.00746703
3.77529	0.00746703	0.00753365
3.77718	0.00753365	0.00759195
3.77907	0.00759195	0.00764295
3.78096	0.00764295	0.00756258
3.78284	0.00756258	0.00749226
3.78473	0.00749226	0.00743073
3.78662	0.00743073	0.00737689
3.78851	0.00737689	0.00745478
3.7904	0.00745478	0.00752293
3.79228	0.00752293	0.00758256
3.79417	0.00758256	0.00763474
3.79606	0.00763474	0.0076804
3.79795	0.0076804	0.00759535
3.79984	0.00759535	0.00752093
3.80172	0.00752093	0.00745581
3.80361	0.00745581	0.00739884
3.8055	0.00739884	0.00747398
3.80739	0.00747398	0.00753973
3.80928	0.00753973	0.00759726
3.81116	0.00759726	0.00764761
3.81305	0.00764761	0.00769166
3.81494	0.00769166	0.0076052
3.81683	0.0076052	0.00752955
3.81872	0.00752955	0.00746335
3.8206	0.00746335	0.00740543
3.82249	0.00740543	0.00747975
3.82438	0.00747975	0.00754478
3.82627	0.00754478	0.00760169
3.82816	0.00760169	0.00765147
3.83004	0.00765147	0.00769504
3.83193	0.00769504	0.00760816
3.83382	0.00760816	0.00753214
3.83571	0.00753214	0.00746562
3.8376	0.00746562	0.00740742
3.83948	0.00740742	0.00748149
3.84137	0.00748149	0.0075463
3.84326	0.0075463	0.00760302
3.84515	0.00760302	0.00765264
3.84704	0.00765264	0.00769606
3.84892	0.00769606	0.00760905
3.85081	0.00760905	0.00753292
3.8527	0.00753292	0.0074663
3.85459	0.0074663	0.00740802
3.85648	0.00740802	0.00748201
3.85836	0.00748201	0.00754676
3.86025	0.00754676	0.00760342
3.86214	0.00760342	0.00765299
3.86403	0.00765299	0.00769637
3.86592	0.00769637	0.00760932
3.8678	0.00760932	0.00753315
3.86969	0.00753315	0.00746651
3.87158	0.00746651	0.0074082
3.87347	0.0074082	0.00748217
3.87536	0.00748217	0.0075469
3.87724	0.0075469	0.00760353
3.87913	0.00760353	0.00765309
3.88102	0.00765309	0.00769646
3.88291	0.00769646	0.0076094
3.8848	0.0076094	0.00753322
3.88668	0.00753322	0.00746657
3.88857	0.00746657	0.00740825
3.89046	0.00740825	0.00748222
3.89235	0.00748222	0.00754694
3.89424	0.00754694	0.00760357
3.89612	0.00760357	0.00765312
3.89801	0.00765312	0.00769648
3.8999	0.00769648	0.00760942
3.90179	0.00760942	0.00753324
3.90368	0.00753324	0.00746659
3.90556	0.00746659	0.00740826
3.90745	0.00740826	0.00748223
3.90934	0.00748223	0.00754695
3.91123	0.00754695	0.00760358
3.91312	0.00760358	0.00765314
3.915	0.00765314	0.00769649
3.91689	0.00769649	0.00760943
3.91878	0.00760943	0.00753325
3.92067	0.00753325	0.0074666
3.92256	0.0074666	0.00740827
3.92444	0.00740827	0.00748224
3.92633	0.00748224	0.00754696
3.92822	0.00754696	0.00760359
3.93011	0.00760359	0.00765314
3.932	0.00765314	0.00757149
3.93388	0.00757149	0.00750006
3.93577	0.00750006	0.00743755
3.93766	0.00743755	0.00738285
3.93955	0.00738285	0.00746
3.94144	0.00746	0.0075275
3.94332	0.0075275	0.00758656
3.94521	0.00758656	0.00763824
3.9471	0.00763824	0.00768346
3.94899	0.00768346	0.00759803
3.95088	0.00759803	0.00752327
3.95276	0.00752327	0.00745786
3.95465	0.00745786	0.00740063
3.95654	0.00740063	0.00747555
3.95843	0.00747555	0.00754111
3.96032	0.00754111	0.00759847
3.9622	0.00759847	0.00764866
3.96409	0.00764866	0.00769258
3.96598	0.00769258	0.007606
3.96787	0.007606	0.00753025
3.96976	0.00753025	0.00746397
3.97164	0.00746397	0.00740597
3.97353	0.00740597	0.00748023
3.97542	0.00748023	0.0075452
3.97731	0.0075452	0.00760205
3.98015	0.00760205	0.00777679
3.98802	0.00777679	0.00755469
3.99023	0.00755469	0.00748536
3.99212	0.00748536	0.00729969
3.99526	0.00729969	0.00726222
3.99715	0.00726222	0.00722945
4.00029	0.00722945	0.00732576
4.00218	0.00732576	0.00728504
4.00532	0.00728504	0.00737441
4.00721	0.00737441	0.00732761
4.01035	0.00732761	0.00741166
4.01224	0.00741166	0.0073602
4.01412	0.0073602	0.00731518
4.01632	0.00731518	0.00715078
4.01821	0.00715078	0.00700693
4.0201	0.00700693	0.00688106
4.0223	0.00688106	0.00677093
4.02419	0.00677093	0.00667456
4.02607	0.00667456	0.00659024
4.02827	0.00659024	0.00651646
4.03016	0.00651646	0.0064519
4.03205	0.0064519	0.00639541
4.03425	0.00639541	0.00634599
4.03613	0.00634599	0.00630274
4.03802	0.00630274	0.0062649
4.03991	0.0062649	0.00635678
4.0418	0.00635678	0.00643719
4.04369	0.00643719	0.00650754
4.04557	0.00650754	0.00656909
4.04746	0.00656909	0.00674796
4.04935	0.00674796	0.00690446
4.05124	0.00690446	0.0070414
4.05313	0.0070414	0.00716123
4.05501	0.00716123	0.00726607
4.0569	0.00726607	0.00723281
4.05879	0.00723281	0.00720371
4.06068	0.00720371	0.00717825
4.06257	0.00717825	0.00715597
4.06445	0.00715597	0.00726147
4.06634	0.00726147	0.00735379
4.06823	0.00735379	0.00743456
4.07012	0.00743456	0.00750524
4.07201	0.00750524	0.00756709
4.07389	0.00756709	0.0074962
4.07578	0.0074962	0.00743418
4.07767	0.00743418	0.0073799
4.07956	0.0073799	0.00733242
4.08145	0.00733242	0.00741586
4.08333	0.00741586	0.00748888
4.08522	0.00748888	0.00755277
4.08711	0.00755277	0.00760867
4.089	0.00760867	0.00753259
4.09089	0.00753259	0.00746601
4.09277	0.00746601	0.00740776
4.09466	0.00740776	0.00735679
4.09655	0.00735679	0.00743719
4.09844	0.00743719	0.00750754
4.10033	0.00750754	0.0075691
4.10221	0.0075691	0.00762296
4.1041	0.00762296	0.00767009
4.10599	0.00767009	0.00758633
4.10788	0.00758633	0.00751304
4.10977	0.00751304	0.00744891
4.11165	0.00744891	0.00739279
4.11354	0.00739279	0.00746869
4.11543	0.00746869	0.00753511
4.11732	0.00753511	0.00759322
4.11921	0.00759322	0.00764406
4.12109	0.00764406	0.00768856
4.12298	0.00768856	0.00760249
4.12487	0.00760249	0.00752717
4.12676	0.00752717	0.00746128
4.12865	0.00746128	0.00740362
4.13053	0.00740362	0.00747817
4.13242	0.00747817	0.00754339
4.13431	0.00754339	0.00760047
4.1362	0.00760047	0.00765041
4.13809	0.00765041	0.00769411
4.13997	0.00769411	0.00760734
4.14186	0.00760734	0.00753143
4.14375	0.00753143	0.007465
4.14564	0.007465	0.00740687
4.14753	0.00740687	0.00748101
4.14941	0.00748101	0.00754589
4.1513	0.00754589	0.00760265
4.15319	0.00760265	0.00765232
4.15508	0.00765232	0.00769578
4.15697	0.00769578	0.0076088
4.15885	0.0076088	0.0075327
4.16074	0.0075327	0.00746612
4.16263	0.00746612	0.00740785
4.16452	0.00740785	0.00748187
4.16641	0.00748187	0.00754664
4.16829	0.00754664	0.00760331
4.17018	0.00760331	0.00765289
4.17207	0.00765289	0.00769628
4.17396	0.00769628	0.00760924
4.17585	0.00760924	0.00753309
4.17773	0.00753309	0.00746645
4.17962	0.00746645	0.00740814
4.18151	0.00740814	0.00748213
4.1834	0.00748213	0.00754686
4.18529	0.00754686	0.0076035
4.18717	0.0076035	0.00765306
4.18906	0.00765306	0.00769643
4.19095	0.00769643	0.00760938
4.19284	0.00760938	0.0075332
4.19473	0.0075332	0.00746655
4.19661	0.00746655	0.00740823
4.1985	0.00740823	0.0074822
4.20039	0.0074822	0.00754693
4.20228	0.00754693	0.00760356
4.20417	0.00760356	0.00765312
4.20605	0.00765312	0.00769648
4.20794	0.00769648	0.00760941
4.20983	0.00760941	0.00753324
4.21172	0.00753324	0.00746658
4.21361	0.00746658	0.00740826
4.21549	0.00740826	0.00748223
4.21738	0.00748223	0.00754695
4.21927	0.00754695	0.00760358
4.22116	0.00760358	0.00765313
4.22305	0.00765313	0.00769649
4.22493	0.00769649	0.00760943
4.22682	0.00760943	0.00753325
4.22871	0.00753325	0.00746659
4.2306	0.00746659	0.00740827
4.23249	0.00740827	0.00748223
4.23437	0.00748223	0.00754695
4.23626	0.00754695	0.00760358
4.23815	0.00760358	0.00765314
4.24004	0.00765314	0.00769649
4.24193	0.00769649	0.00760943
4.24381	0.00760943	0.00753325
4.2457	0.00753325	0.0074666
4.24759	0.0074666	0.00740827
4.24948	0.00740827	0.00748224
4.25137	0.00748224	0.00754696
4.25325	0.00754696	0.00760359
4.25514	0.00760359	0.00765314
4.25703	0.00765314	0.0076965
4.25892	0.0076965	0.00760943
4.26081	0.00760943	0.00753325
4.26269	0.00753325	0.0074666
4.26458	0.0074666	0.00740827
4.26647	0.00740827	0.00748224
4.26836	0.00748224	0.00754696
4.27025	0.00754696	0.00760359
4.27213	0.00760359	0.00765314
4.27402	0.00765314	0.0076965
4.27591	0.0076965	0.00760943
4.2778	0.00760943	0.00753325
4.27969	0.00753325	0.0074666
4.28157	0.0074666	0.00740827
4.28346	0.00740827	0.00748224
4.28535	0.00748224	0.00754696
4.28724	0.00754696	0.00760359
4.28913	0.00760359	0.00765314
4.29101	0.00765314	0.0076965
4.2929	0.0076965	0.00760943
4.29479	0.00760943	0.00753325
4.29668	0.00753325	0.0074666
4.29857	0.0074666	0.00740827
4.30045	0.00740827	0.00748224
4.30234	0.00748224	0.00754696
4.30423	0.00754696	0.00760359
4.30612	0.00760359	0.00765314
4.30801	0.00765314	0.0076965
4.30989	0.0076965	0.00760943
4.31178	0.00760943	0.00753325
4.31367	0.00753325	0.0074666
4.31556	0.0074666	0.00740827
4.31745	0.00740827	0.00748224
4.31933	0.00748224	0.00754696
4.32122	0.00754696	0.00760359
4.32311	0.00760359	0.00765314
4.325	0.00765314	0.0075715
4.32689	0.0075715	0.00750006
4.32877	0.00750006	0.00743755
4.33066	0.00743755	0.00738286
4.33255	0.00738286	0.00746
4.33444	0.00746	0.0075275
4.33633	0.0075275	0.00758656
4.33821	0.00758656	0.00763824
4.3401	0.00763824	0.00768346
4.34199	0.00768346	0.00759803
4.34388	0.00759803	0.00752327
4.34577	0.00752327	0.00745786
4.34765	0.00745786	0.00740063
4.34954	0.00740063	0.00747555
4.35143	0.00747555	0.00754111
4.35332	0.00754111	0.00759847
4.35521	0.00759847	0.00764866
4.35709	0.00764866	0.00769258
4.35898	0.00769258	0.007606
4.36087	0.007606	0.00753025
4.36276	0.00753025	0.00746397
4.36465	0.00746397	0.00740597
4.36653	0.00740597	0.00748023
4.36842	0.00748023	0.0075452
4.37031	0.0075452	0.00760205
4.3722	0.00760205	0.00765179
4.37409	0.00765179	0.00769532
4.37597	0.00769532	0.0076084
4.37786	0.0076084	0.00753235
4.38071	0.00753235	0.00759081
4.38857	0.00759081	0.00739196
4.39078	0.00739196	0.00721796
4.39267	0.00721796	0.00706572
4.39581	0.00706572	0.0070575
4.3977	0.0070575	0.00705031
4.40084	0.00705031	0.00716902
4.40273	0.00716902	0.00714789
4.40587	0.00714789	0.00725441
4.40776	0.00725441	0.00722261
4.4109	0.00722261	0.00731978
4.41279	0.00731978	0.00727981
4.41468	0.00727981	0.00724483
4.41688	0.00724483	0.00708923
4.41876	0.00708923	0.00695307
4.42065	0.00695307	0.00683394
4.42285	0.00683394	0.0067297
4.42474	0.0067297	0.00663848
4.42663	0.00663848	0.00655867
4.42883	0.00655867	0.00648884
4.43071	0.00648884	0.00642773
4.4326	0.00642773	0.00637427
4.4348	0.00637427	0.00632748
4.43669	0.00632748	0.00628655
4.43858	0.00628655	0.00625073
4.44046	0.00625073	0.00646939
4.44235	0.00646939	0.00666071
4.44424	0.00666071	0.00682812
4.44613	0.00682812	0.00697461
4.44802	0.00697461	0.00710278
4.4499	0.00710278	0.00708993
4.45179	0.00708993	0.00707869
4.45368	0.00707869	0.00706885
4.45557	0.00706885	0.00706025
4.45746	0.00706025	0.00717772
4.45934	0.00717772	0.0072805
4.46123	0.0072805	0.00737044
4.46312	0.00737044	0.00744913
4.46501	0.00744913	0.00751799
4.4669	0.00751799	0.00745324
4.46878	0.00745324	0.00739659
4.47067	0.00739659	0.00734701
4.47256	0.00734701	0.00730364
4.47445	0.00730364	0.00739068
4.47634	0.00739068	0.00746684
4.47918	0.00746684	0.00765849
4.48704	0.00765849	0.00745118
4.48925	0.00745118	0.00739478
4.49114	0.00739478	0.00722043
4.49428	0.00722043	0.00719288
4.49617	0.00719288	0.00716877
4.49932	0.00716877	0.00727267
4.5012	0.00727267	0.00723859
4.50435	0.00723859	0.00733376
4.50623	0.00733376	0.00729204
4.50938	0.00729204	0.00738054
4.51126	0.00738054	0.00733297
4.51315	0.00733297	0.00729135
4.51631	0.00729135	0.00725493
4.52417	0.00725493	0.00709806
4.52638	0.00709806	0.0070858
4.52827	0.0070858	0.00695008
4.53141	0.00695008	0.00695632
4.5333	0.00695632	0.00696178
4.53644	0.00696178	0.00709156
4.53833	0.00709156	0.00708011
4.54147	0.00708011	0.0071951
4.54336	0.0071951	0.00717071
4.5465	0.00717071	0.00727437
4.54839	0.00727437	0.00724007
4.55028	0.00724007	0.00721006
4.55248	0.00721006	0.0070588
4.55436	0.0070588	0.00692645
4.55625	0.00692645	0.00681065
4.55845	0.00681065	0.00670932
4.5613	0.00670932	0.00674565
4.56916	0.00674565	0.00665244
4.57137	0.00665244	0.00669589
4.57326	0.00669589	0.0066089
4.5764	0.0066089	0.00665779
4.57829	0.00665779	0.00670057
4.58143	0.00670057	0.00686299
4.58332	0.00686299	0.00688012
4.58646	0.00688012	0.0070201
4.58835	0.0070201	0.00701759
4.59149	0.00701759	0.00714039
4.59338	0.00714039	0.00712284
4.59527	0.00712284	0.00710749
4.59747	0.00710749	0.00696905
4.59935	0.00696905	0.00684792
4.60124	0.00684792	0.00674193
4.60344	0.00674193	0.00664919
4.60533	0.00664919	0.00656804
4.60722	0.00656804	0.00649703
4.60941	0.00649703	0.0064349
4.6113	0.0064349	0.00638054
4.61319	0.00638054	0.00633297
4.61539	0.00633297	0.00629135
4.61728	0.00629135	0.00625493
4.61916	0.00625493	0.00622306
4.62136	0.00622306	0.00619518
4.62325	0.00619518	0.00617078
4.62514	0.00617078	0.00639944
4.62703	0.00639944	0.00659951
4.62892	0.00659951	0.00664957
4.6308	0.00664957	0.00669337
4.63269	0.00669337	0.0067317
4.63458	0.0067317	0.00676523
4.63647	0.00676523	0.00691958
4.63836	0.00691958	0.00705463
4.64024	0.00705463	0.0071728
4.64213	0.0071728	0.0072762
4.64402	0.0072762	0.00736668
4.64591	0.00736668	0.00732084
4.6478	0.00732084	0.00728073
4.64968	0.00728073	0.00724564
4.65157	0.00724564	0.00721494
4.65346	0.00721494	0.00731307
4.65535	0.00731307	0.00739893
4.65724	0.00739893	0.00747407
4.65912	0.00747407	0.00753981
4.66101	0.00753981	0.00759733
4.6629	0.00759733	0.00752266
4.66479	0.00752266	0.00745733
4.66668	0.00745733	0.00740016
4.66856	0.00740016	0.00735014
4.67045	0.00735014	0.00743137
4.67234	0.00743137	0.00750245
4.67423	0.00750245	0.00756465
4.67612	0.00756465	0.00761906
4.678	0.00761906	0.00766668
4.67989	0.00766668	0.00758335
4.68178	0.00758335	0.00751043
4.68367	0.00751043	0.00744662
4.68556	0.00744662	0.00739079
4.68744	0.00739079	0.00746694
4.68933	0.00746694	0.00753358
4.69122	0.00753358	0.00759188
4.69311	0.00759188	0.00764289
4.695	0.00764289	0.00756253
4.69688	0.00756253	0.00749221
4.69877	0.00749221	0.00743069
4.70066	0.00743069	0.00737685
4.70255	0.00737685	0.00745474
4.70444	0.00745474	0.0075229
4.70632	0.0075229	0.00758254
4.70821	0.00758254	0.00763472
4.7101	0.00763472	0.00768038
4.71199	0.00768038	0.00759533
4.71388	0.00759533	0.00752091
4.71576	0.00752091	0.0074558
4.71765	0.0074558	0.00739883
4.71954	0.00739883	0.00747397
4.72143	0.00747397	0.00753972
4.72332	0.00753972	0.00759726
4.7252	0.00759726	0.0076476
4.72709	0.0076476	0.00769165
4.72898	0.00769165	0.00760519
4.73087	0.00760519	0.00752954
4.73276	0.00752954	0.00746335
4.73464	0.00746335	0.00740543
4.73653	0.00740543	0.00747975
4.73842	0.00747975	0.00754478
4.74031	0.00754478	0.00760169
4.7422	0.00760169	0.00765147
4.74408	0.00765147	0.00769504
4.74597	0.00769504	0.00760816
4.74786	0.00760816	0.00753214
4.74975	0.00753214	0.00746562
4.75164	0.00746562	0.00740742
4.75352	0.00740742	0.00748149
4.75541	0.00748149	0.0075463
4.7573	0.0075463	0.00760302
4.75919	0.00760302	0.00765264
4.76108	0.00765264	0.00769606
4.76296	0.00769606	0.00760905
4.76485	0.00760905	0.00753292
4.76674	0.00753292	0.0074663
4.76863	0.0074663	0.00740802
4.77052	0.00740802	0.00748201
4.7724	0.00748201	0.00754676
4.77429	0.00754676	0.00760341
4.77618	0.00760341	0.00765299
4.77807	0.00765299	0.00769636
4.77996	0.00769636	0.00760932
4.78184	0.00760932	0.00753315
4.78373	0.00753315	0.00746651
4.78562	0.00746651	0.00740819
4.78751	0.00740819	0.00748217
4.7894	0.00748217	0.0075469
4.79128	0.0075469	0.00760353
4.79317	0.00760353	0.00765309
4.79506	0.00765309	0.00769645
4.79695	0.00769645	0.0076094
4.79884	0.0076094	0.00753322
4.80072	0.00753322	0.00746657
4.80261	0.00746657	0.00740825
4.8045	0.00740825	0.00748222
4.80639	0.00748222	0.00754694
4.80828	0.00754694	0.00760357
4.81016	0.00760357	0.00765312
4.81205	0.00765312	0.00769648
4.81394	0.00769648	0.00760942
4.81583	0.00760942	0.00753324
4.81772	0.00753324	0.00746659
4.8196	0.00746659	0.00740826
4.82149	0.00740826	0.00748223
4.82338	0.00748223	0.00754695
4.82527	0.00754695	0.00760358
4.82716	0.00760358	0.00765314
4.82904	0.00765314	0.00769649
4.83093	0.00769649	0.00760943
4.83282	0.00760943	0.00753325
4.83471	0.00753325	0.0074666
4.8366	0.0074666	0.00740827
4.83848	0.00740827	0.00748224
4.84037	0.00748224	0.00754696
4.84226	0.00754696	0.00760359
4.84415	0.00760359	0.00765314
4.84604	0.00765314	0.00769649
4.84792	0.00769649	0.00760943
4.84981	0.00760943	0.00753325
4.8517	0.00753325	0.0074666
4.85359	0.0074666	0.00740827
4.85548	0.00740827	0.00748224
4.85736	0.00748224	0.00754696
4.85925	0.00754696	0.00760359
4.86869	0.00760359	0.00727814
4.8709	0.00727814	0.00711837
4.87279	0.00711837	0.00697857
4.87593	0.00697857	0.00698125
4.87782	0.00698125	0.00698359
4.88096	0.00698359	0.00711064
4.88285	0.00711064	0.00709681
4.88599	0.00709681	0.00720971
4.88884	0.00720971	0.0073085
4.89701	0.0073085	0.00714493
4.89986	0.00714493	0.00700182
4.90205	0.00700182	0.00687659
4.90583	0.00687659	0.00676702
4.90803	0.00676702	0.00667114
4.91086	0.00667114	0.00683724
4.91306	0.00683724	0.00698259
4.91589	0.00698259	0.00698477
4.91809	0.00698477	0.00711167
4.92092	0.00711167	0.00709771
4.92312	0.00709771	0.0072105
4.92595	0.0072105	0.00718418
4.92815	0.00718418	0.00728616
4.93194	0.00728616	0.00737539
4.93983	0.00737539	0.00707847
4.94297	0.00707847	0.00681866
4.94486	0.00681866	0.00684132
4.948	0.00684132	0.00711116
4.95083	0.00711116	0.00697226
4.95397	0.00697226	0.00672573
4.95586	0.00672573	0.00676001
4.959	0.00676001	0.00704001
4.96089	0.00704001	0.00703501
4.96404	0.00703501	0.00728063
4.96592	0.00728063	0.00712055
4.96907	0.00712055	0.00735548
4.97095	0.00735548	0.00718605
4.9741	0.00718605	0.00741279
4.97598	0.00741279	0.00723619
4.97787	0.00723619	0.00720667
4.98007	0.00720667	0.00705583
4.98196	0.00705583	0.00692385
4.98385	0.00692385	0.00680837
4.98604	0.00680837	0.00670733
4.98793	0.00670733	0.00661891
4.98982	0.00661891	0.00654155
4.99202	0.00654155	0.00647385
4.99391	0.00647385	0.00641462
4.9958	0.00641462	0.00636279
4.99799	0.00636279	0.00619244
4.99988	0.00619244	0.00616839
5.00177	0.00616839	0.00614734
5.00397	0.00614734	0.00612892
5.00586	0.00612892	0.0061128
5.00774	0.0061128	0.0063487
5.00963	0.0063487	0.00655512
5.01152	0.00655512	0.00673572
5.01341	0.00673572	0.00689376
5.0153	0.00689376	0.00703204
5.01718	0.00703204	0.00715303
5.01907	0.00715303	0.0072589
5.02096	0.0072589	0.00722654
5.02285	0.00722654	0.00719822
5.02474	0.00719822	0.00717344
5.02662	0.00717344	0.00715176
5.02851	0.00715176	0.00725779
5.0304	0.00725779	0.00735057
5.03229	0.00735057	0.00743175
5.03418	0.00743175	0.00750278
5.03606	0.00750278	0.00756493
5.03795	0.00756493	0.00749431
5.03984	0.00749431	0.00743252
5.04173	0.00743252	0.00737846
5.04362	0.00737846	0.00733115
5.0455	0.00733115	0.00741476
5.04739	0.00741476	0.00748791
5.04928	0.00748791	0.00755192
5.05117	0.00755192	0.00760793
5.05306	0.00760793	0.00765694
5.05494	0.00765694	0.00757482
5.05683	0.00757482	0.00750297
5.05872	0.00750297	0.0074401
5.06061	0.0074401	0.00738508
5.0625	0.00738508	0.00746195
5.06438	0.00746195	0.0075292
5.06627	0.0075292	0.00758805
5.06816	0.00758805	0.00763955
5.07005	0.00763955	0.0076846
5.07194	0.0076846	0.00759903
5.07382	0.00759903	0.00752415
5.07571	0.00752415	0.00745863
5.0776	0.00745863	0.0074013
5.07949	0.0074013	0.00747614
5.08138	0.00747614	0.00754162
5.08326	0.00754162	0.00759892
5.08515	0.00759892	0.00764905
5.08704	0.00764905	0.00769292
5.08893	0.00769292	0.0076063
5.09082	0.0076063	0.00753052
5.0927	0.00753052	0.0074642
5.09459	0.0074642	0.00740618
5.09648	0.00740618	0.0074804
5.09837	0.0074804	0.00754535
5.10026	0.00754535	0.00760218
5.10214	0.00760218	0.00765191
5.10403	0.00765191	0.00769542
5.10592	0.00769542	0.00760849
5.10781	0.00760849	0.00753243
5.11065	0.00753243	0.00759088
5.11852	0.00759088	0.00739202
5.12671	0.00739202	0.00709301
5.1286	0.00709301	0.00708139
5.13081	0.00708139	0.00694621
5.13363	0.00694621	0.00695294
5.13584	0.00695294	0.00695882
5.13866	0.00695882	0.00708897
5.14087	0.00708897	0.00707785
5.14369	0.00707785	0.00719311
5.1459	0.00719311	0.00716897
5.14872	0.00716897	0.00727285
5.15093	0.00727285	0.00723874
5.15282	0.00723874	0.0072089
5.15471	0.0072089	0.00705779
5.15691	0.00705779	0.00692556
5.16573	0.00692556	0.00668487
5.16793	0.00668487	0.00659926
5.16983	0.00659926	0.00652435
5.17296	0.00652435	0.00658381
5.17486	0.00658381	0.00663583
5.17799	0.00663583	0.00680635
5.17989	0.00680635	0.00683056
5.18302	0.00683056	0.00710174
5.18492	0.00710174	0.00708902
5.18805	0.00708902	0.00732789
5.18995	0.00732789	0.0071619
5.19184	0.0071619	0.00714167
5.19402	0.00714167	0.00699896
5.19592	0.00699896	0.00687409
5.19781	0.00687409	0.00676483
5.2	0.00676483	0.00654422
5.2019	0.00654422	0.00647619
5.20379	0.00647619	0.00641667
5.20597	0.00641667	0.00636458
5.20787	0.00636458	0.00631901
5.20976	0.00631901	0.00627913
5.21195	0.00627913	0.00624424
5.21385	0.00624424	0.00621371
5.21573	0.00621371	0.006187
5.21762	0.006187	0.00641362
5.21951	0.00641362	0.00661192
5.2214	0.00661192	0.00678543
5.22329	0.00678543	0.00693725
5.22517	0.00693725	0.00707009
5.22706	0.00707009	0.00718633
5.22895	0.00718633	0.00716304
5.23084	0.00716304	0.00714266
5.23273	0.00714266	0.00712483
5.23461	0.00712483	0.00710922
5.2365	0.00710922	0.00722057
5.23839	0.00722057	0.007318
5.24028	0.007318	0.00740325
5.24217	0.00740325	0.00747784
5.24405	0.00747784	0.00754311
5.24594	0.00754311	0.00747522
5.24783	0.00747522	0.00741582
5.24972	0.00741582	0.00736384
5.25161	0.00736384	0.00731836
5.25349	0.00731836	0.00740356
5.25538	0.00740356	0.00747812
5.25727	0.00747812	0.00754335
5.25916	0.00754335	0.00760043
5.26105	0.00760043	0.00765038
5.26293	0.00765038	0.00756908
5.26482	0.00756908	0.00749794
5.26671	0.00749794	0.0074357
5.2686	0.0074357	0.00738124
5.27049	0.00738124	0.00745858
5.27237	0.00745858	0.00752626
5.27426	0.00752626	0.00758548
5.27615	0.00758548	0.00763729
5.27804	0.00763729	0.00768263
5.27993	0.00768263	0.0075973
5.28181	0.0075973	0.00752264
5.2837	0.00752264	0.00745731
5.28559	0.00745731	0.00740014
5.28748	0.00740014	0.00747513
5.28937	0.00747513	0.00754073
5.29125	0.00754073	0.00759814
5.29314	0.00759814	0.00764837
5.29503	0.00764837	0.00769233
5.29692	0.00769233	0.00760579
5.29881	0.00760579	0.00753006
5.30069	0.00753006	0.0074638
5.30258	0.0074638	0.00740583
5.30447	0.00740583	0.0074801
5.30636	0.0074801	0.00754509
5.30825	0.00754509	0.00760195
5.31013	0.00760195	0.00765171
5.31202	0.00765171	0.00769524
5.31391	0.00769524	0.00760834
5.3158	0.00760834	0.00753229
5.31769	0.00753229	0.00746576
5.31957	0.00746576	0.00740754
5.32146	0.00740754	0.00748159
5.32335	0.00748159	0.00754639
5.32524	0.00754639	0.00760309
5.32713	0.00760309	0.00765271
5.32901	0.00765271	0.00769612
5.3309	0.00769612	0.0076091
5.33279	0.0076091	0.00753296
5.33468	0.00753296	0.00746634
5.33657	0.00746634	0.00740805
5.33845	0.00740805	0.00748204
5.34034	0.00748204	0.00754679
5.34223	0.00754679	0.00760344
5.34412	0.00760344	0.00765301
5.34601	0.00765301	0.00769638
5.34789	0.00769638	0.00760933
5.34978	0.00760933	0.00753317
5.35167	0.00753317	0.00746652
5.35356	0.00746652	0.00740821
5.35545	0.00740821	0.00748218
5.35733	0.00748218	0.00754691
5.35922	0.00754691	0.00760354
5.36111	0.00760354	0.0076531
5.363	0.0076531	0.00757146
5.36489	0.00757146	0.00750003
5.36677	0.00750003	0.00743752
5.36866	0.00743752	0.00738283
5.37055	0.00738283	0.00745998
5.37244	0.00745998	0.00752748
5.37433	0.00752748	0.00758655
5.37621	0.00758655	0.00763823
5.3781	0.00763823	0.00768345
5.37999	0.00768345	0.00759802
5.38188	0.00759802	0.00752326
5.38377	0.00752326	0.00745786
5.38565	0.00745786	0.00740062
5.38754	0.00740062	0.00747555
5.38943	0.00747555	0.0075411
5.39132	0.0075411	0.00759846
5.39321	0.00759846	0.00764866
5.39509	0.00764866	0.00769257
5.39698	0.00769257	0.007606
5.39887	0.007606	0.00753025
5.40831	0.00753025	0.00733897
5.41052	0.00733897	0.0071716
5.41241	0.0071716	0.00702515
5.41555	0.00702515	0.007022
5.41744	0.007022	0.00701925
5.42058	0.00701925	0.00714184
5.42247	0.00714184	0.00712411
5.42561	0.00712411	0.0072336
5.4275	0.0072336	0.0072044
5.43064	0.0072044	0.00730385
5.43253	0.00730385	0.00726587
5.43442	0.00726587	0.00723263
5.43662	0.00723263	0.00707855
5.43851	0.00707855	0.00694373
5.44039	0.00694373	0.00682577
5.44259	0.00682577	0.00672254
5.44448	0.00672254	0.00663223
5.44637	0.00663223	0.0065532
5.44857	0.0065532	0.00648405
5.45045	0.00648405	0.00642354
5.45234	0.00642354	0.0063706
5.45454	0.0063706	0.00632427
5.45643	0.00632427	0.00628374
5.45832	0.00628374	0.00624827
5.4602	0.00624827	0.00646724
5.46209	0.00646724	0.00665883
5.46398	0.00665883	0.00670148
5.46587	0.00670148	0.00673879
5.46776	0.00673879	0.00677144
5.46964	0.00677144	0.00680001
5.47153	0.00680001	0.00695001
5.47342	0.00695001	0.00708126
5.47531	0.00708126	0.0071961
5.4772	0.0071961	0.00729659
5.47908	0.00729659	0.00738451
5.48097	0.00738451	0.00733645
5.48286	0.00733645	0.00729439
5.48475	0.00729439	0.00725759
5.48664	0.00725759	0.00722539
5.48852	0.00722539	0.00732222
5.49041	0.00732222	0.00740694
5.4923	0.00740694	0.00748107
5.49419	0.00748107	0.00754594
5.49608	0.00754594	0.00760269
5.49796	0.00760269	0.00752736
5.49985	0.00752736	0.00746144
5.50174	0.00746144	0.00740376
5.50363	0.00740376	0.00735329
5.50647	0.00735329	0.00755913
5.51434	0.00755913	0.00736424
5.51655	0.00736424	0.00719371
5.51844	0.00719371	0.00704449
5.52158	0.00704449	0.00703893
5.52347	0.00703893	0.00703406
5.52661	0.00703406	0.00715481
5.5285	0.00715481	0.00713545
5.53164	0.00713545	0.00724352
5.53353	0.00724352	0.00721308
5.53667	0.00721308	0.00731144
5.53856	0.00731144	0.00727251
5.54044	0.00727251	0.00723845
5.54264	0.00723845	0.00708364
5.54453	0.00708364	0.00694819
5.54642	0.00694819	0.00682966
5.54862	0.00682966	0.00672595
5.55051	0.00672595	0.00663521
5.55239	0.00663521	0.00655581
5.55459	0.00655581	0.00648633
5.55648	0.00648633	0.00642554
5.55837	0.00642554	0.00637235
5.56057	0.00637235	0.0063258
5.56245	0.0063258	0.00628508
5.56434	0.00628508	0.00624944
5.56623	0.00624944	0.00646826
5.56812	0.00646826	0.00665973
5.57001	0.00665973	0.00682726
5.57189	0.00682726	0.00684885
5.57378	0.00684885	0.00686775
5.57567	0.00686775	0.00688428
5.57756	0.00688428	0.00689874
5.57945	0.00689874	0.0070364
5.58133	0.0070364	0.00715685
5.58322	0.00715685	0.00726224
5.58511	0.00726224	0.00735446
5.587	0.00735446	0.00731015
5.58889	0.00731015	0.00727138
5.59077	0.00727138	0.00723746
5.59266	0.00723746	0.00720778
5.59455	0.00720778	0.0073068
5.59644	0.0073068	0.00739345
5.59833	0.00739345	0.00746927
5.60021	0.00746927	0.00753561
5.6021	0.00753561	0.00759366
5.60399	0.00759366	0.00751945
5.60588	0.00751945	0.00745452
5.60777	0.00745452	0.00739771
5.60965	0.00739771	0.00734799
5.61154	0.00734799	0.00742949
5.61343	0.00742949	0.00750081
5.61532	0.00750081	0.0075632
5.61721	0.0075632	0.0076178
5.61909	0.0076178	0.00766558
5.62098	0.00766558	0.00758238
5.62287	0.00758238	0.00750958
5.62476	0.00750958	0.00744588
5.62665	0.00744588	0.00739015
5.62853	0.00739015	0.00746638
5.63042	0.00746638	0.00753308
5.63231	0.00753308	0.00759144
5.6342	0.00759144	0.00764251
5.63609	0.00764251	0.0076872
5.63797	0.0076872	0.0076013
5.63986	0.0076013	0.00752614
5.64175	0.00752614	0.00746037
5.64364	0.00746037	0.00740282
5.64553	0.00740282	0.00747747
5.64741	0.00747747	0.00754278
5.6493	0.00754278	0.00759994
5.65119	0.00759994	0.00764994
5.65308	0.00764994	0.0076937
5.65497	0.0076937	0.00760699
5.65685	0.00760699	0.00753111
5.65874	0.00753111	0.00746472
5.66063	0.00746472	0.00740663
5.66252	0.00740663	0.0074808
5.66441	0.0074808	0.0075457
5.66629	0.0075457	0.00760249
5.66818	0.00760249	0.00765218
5.67007	0.00765218	0.00769565
5.67196	0.00769565	0.0076087
5.67385	0.0076087	0.00753261
5.67573	0.00753261	0.00746603
5.67762	0.00746603	0.00740778
5.67951	0.00740778	0.00748181
5.6814	0.00748181	0.00754658
5.68329	0.00754658	0.00760326
5.68517	0.00760326	0.00765285
5.68706	0.00765285	0.00769624
5.68895	0.00769624	0.00760921
5.69084	0.00760921	0.00753306
5.69273	0.00753306	0.00746643
5.69461	0.00746643	0.00740812
5.6965	0.00740812	0.00748211
5.69839	0.00748211	0.00754684
5.70028	0.00754684	0.00760349
5.70217	0.00760349	0.00765305
5.70405	0.00765305	0.00769642
5.70594	0.00769642	0.00760936
5.70783	0.00760936	0.00753319
5.70972	0.00753319	0.00746654
5.71161	0.00746654	0.00740823
5.71349	0.00740823	0.0074822
5.71538	0.0074822	0.00754692
5.72482	0.00754692	0.00722856
5.72703	0.00722856	0.00707499
5.72892	0.00707499	0.00694061
5.73206	0.00694061	0.00707304
5.73395	0.00707304	0.00693891
5.73709	0.00693891	0.00719654
5.73898	0.00719654	0.00704697
5.74212	0.00704697	0.0072911
5.74401	0.0072911	0.00725471
5.74716	0.00725471	0.00747287
5.74904	0.00747287	0.00741376
5.75093	0.00741376	0.00723704
5.75313	0.00723704	0.00708241
5.75502	0.00708241	0.00694711
5.75691	0.00694711	0.00682872
5.7591	0.00682872	0.00672513
5.76099	0.00672513	0.00650949
5.76288	0.00650949	0.0064458
5.76508	0.0064458	0.00639008
5.76697	0.00639008	0.00634132
5.76885	0.00634132	0.00629865
5.77105	0.00629865	0.00626132
5.77294	0.00626132	0.00622865
5.77483	0.00622865	0.00620007
5.77672	0.00620007	0.00642506
5.7786	0.00642506	0.00649693
5.78049	0.00649693	0.00668481
5.78238	0.00668481	0.00684921
5.78427	0.00684921	0.00699306
5.78616	0.00699306	0.00711893
5.78804	0.00711893	0.00722906
5.78993	0.00722906	0.00720043
5.79182	0.00720043	0.00717537
5.79371	0.00717537	0.00715345
5.7956	0.00715345	0.00713427
5.79748	0.00713427	0.00724248
5.79937	0.00724248	0.00733717
5.80126	0.00733717	0.00742003
5.80315	0.00742003	0.00749252
5.80504	0.00749252	0.00755596
5.80692	0.00755596	0.00748646
5.80881	0.00748646	0.00742565
5.8107	0.00742565	0.00737245
5.81259	0.00737245	0.00732589
5.81448	0.00732589	0.00741015
5.81636	0.00741015	0.00748388
5.81825	0.00748388	0.0075484
5.82769	0.0075484	0.00722985
5.8299	0.00722985	0.00707612
5.83179	0.00707612	0.0069416
5.83493	0.0069416	0.0069489
5.83682	0.0069489	0.00695529
5.83996	0.00695529	0.00708588
5.84185	0.00708588	0.00707514
5.845	0.00707514	0.00719075
5.84688	0.00719075	0.00716691
5.85003	0.00716691	0.00739604
5.85191	0.00739604	0.00734653
5.8538	0.00734653	0.00730322
5.856	0.00730322	0.00714032
5.85789	0.00714032	0.00699778
5.85978	0.00699778	0.00687305
5.86197	0.00687305	0.00663892
5.86386	0.00663892	0.00655906
5.86575	0.00655906	0.00648917
5.86795	0.00648917	0.00642803
5.86984	0.00642803	0.00637452
5.87172	0.00637452	0.00632771
5.87392	0.00632771	0.00628674
5.87581	0.00628674	0.0062509
5.8777	0.0062509	0.00621954
5.87959	0.00621954	0.00644209
5.88148	0.00644209	0.00663683
5.88336	0.00663683	0.00680723
5.88525	0.00680723	0.00695632
5.88714	0.00695632	0.00708678
5.88903	0.00708678	0.00720094
5.89092	0.00720094	0.00717582
5.8928	0.00717582	0.00715384
5.89469	0.00715384	0.00713461
5.89658	0.00713461	0.00711778
5.89847	0.00711778	0.00722806
5.90036	0.00722806	0.00732455
5.90224	0.00732455	0.00740898
5.90413	0.00740898	0.00748286
5.90602	0.00748286	0.0075475
5.90791	0.0075475	0.00747906
5.9098	0.00747906	0.00741918
5.91168	0.00741918	0.00736678
5.91357	0.00736678	0.00732093
5.91546	0.00732093	0.00740582
5.91735	0.00740582	0.00748009
5.91924	0.00748009	0.00754508
5.92112	0.00754508	0.00760194
5.92301	0.00760194	0.0076517
5.9249	0.0076517	0.00757024
5.92679	0.00757024	0.00749896
5.92868	0.00749896	0.00743659
5.93056	0.00743659	0.00738201
5.93245	0.00738201	0.00745926
5.93434	0.00745926	0.00752685
5.93623	0.00752685	0.007586
5.93812	0.007586	0.00763775
5.94	0.00763775	0.00768303
5.94189	0.00768303	0.00759765
5.94378	0.00759765	0.00752294
5.94567	0.00752294	0.00745757
5.94756	0.00745757	0.00740038
5.94944	0.00740038	0.00747533
5.95133	0.00747533	0.00754091
5.95322	0.00754091	0.0075983
5.95511	0.0075983	0.00764851
5.957	0.00764851	0.00756745
5.95888	0.00756745	0.00749651
5.96077	0.00749651	0.00743445
5.96266	0.00743445	0.00738014
5.96455	0.00738014	0.00745762
5.96644	0.00745762	0.00752542
5.96832	0.00752542	0.00758474
5.97021	0.00758474	0.00763665
5.9721	0.00763665	0.00768207
5.97399	0.00768207	0.00759681
5.97588	0.00759681	0.00752221
5.97776	0.00752221	0.00745693
5.97965	0.00745693	0.00739981
5.98154	0.00739981	0.00747484
5.98343	0.00747484	0.00754048
5.98532	0.00754048	0.00759792
5.9872	0.00759792	0.00764818
5.98909	0.00764818	0.00769216
5.99098	0.00769216	0.00760564
6.00042	0.00760564	0.00740493
6.00263	0.00740493	0.00722932
6.00452	0.00722932	0.00707565
6.00766	0.00707565	0.00706619
6.00955	0.00706619	0.00705792
6.01269	0.00705792	0.00717568
6.01458	0.00717568	0.00715372
6.01772	0.00715372	0.0072595
6.01961	0.0072595	0.00722706
6.02275	0.00722706	0.00732368
6.02464	0.00732368	0.00728322
6.03377	0.00728322	0.00699782
6.04166	0.00699782	0.00674809
6.04384	0.00674809	0.00677958
6.04574	0.00677958	0.00668213
6.04887	0.00668213	0.00672186
6.05077	0.00672186	0.00675663
6.0539	0.00675663	0.00691205
6.0558	0.00691205	0.00692304
6.05893	0.00692304	0.00705766
6.06084	0.00705766	0.00705045
6.06396	0.00705045	0.00716915
6.06587	0.00716915	0.007148
6.06775	0.007148	0.0071295
6.06994	0.0071295	0.00698831
6.07184	0.00698831	0.00686477
6.07373	0.00686477	0.00675668
6.07591	0.00675668	0.00666209
6.07781	0.00666209	0.00657933
6.0797	0.00657933	0.00650691
6.08189	0.00650691	0.00644355
6.08379	0.00644355	0.0063881
6.08568	0.0063881	0.00633959
6.08786	0.00633959	0.00629714
6.08976	0.00629714	0.00626
6.09165	0.00626	0.0062275
6.09384	0.0062275	0.00619906
6.09574	0.00619906	0.00617418
6.09763	0.00617418	0.0064024
6.09951	0.0064024	0.0066021
6.1014	0.0066021	0.00677684
6.10329	0.00677684	0.00692974
6.10518	0.00692974	0.00706352
6.10707	0.00706352	0.00718058
6.10895	0.00718058	0.00715801
6.11084	0.00715801	0.00713825
6.11273	0.00713825	0.00712097
6.11462	0.00712097	0.00710585
6.11651	0.00710585	0.00721762
6.11839	0.00721762	0.00731541
6.12028	0.00731541	0.00740099
6.12217	0.00740099	0.00747586
6.12406	0.00747586	0.00754138
6.12595	0.00754138	0.00747371
6.12783	0.00747371	0.00741449
6.12972	0.00741449	0.00736268
6.13161	0.00736268	0.00731735
6.1335	0.00731735	0.00740268
6.13539	0.00740268	0.00747734
6.13727	0.00747734	0.00754267
6.13916	0.00754267	0.00759984
6.14105	0.00759984	0.00764986
6.14294	0.00764986	0.00756863
6.14483	0.00756863	0.00749755
6.14671	0.00749755	0.00743535
6.1486	0.00743535	0.00738093
6.15049	0.00738093	0.00745832
6.15238	0.00745832	0.00752603
6.15427	0.00752603	0.00758527
6.15615	0.00758527	0.00763711
6.15804	0.00763711	0.00768247
6.15993	0.00768247	0.00759716
6.16182	0.00759716	0.00752252
6.16371	0.00752252	0.0074572
6.16559	0.0074572	0.00740005
6.16748	0.00740005	0.00747504
6.16937	0.00747504	0.00754066
6.17126	0.00754066	0.00759808
6.17315	0.00759808	0.00764832
6.17503	0.00764832	0.00769228
6.17692	0.00769228	0.00760574
6.17881	0.00760574	0.00753003
6.1807	0.00753003	0.00746377
6.18259	0.00746377	0.0074058
6.18447	0.0074058	0.00748008
6.18636	0.00748008	0.00754507
6.18825	0.00754507	0.00760193
6.19014	0.00760193	0.00765169
6.19203	0.00765169	0.00769523
6.19391	0.00769523	0.00760832
6.1958	0.00760832	0.00753228
6.19769	0.00753228	0.00746575
6.19958	0.00746575	0.00740753
6.20147	0.00740753	0.00748159
6.20335	0.00748159	0.00754639
6.20524	0.00754639	0.00760309
6.20713	0.00760309	0.0076527
6.20902	0.0076527	0.00769611
6.21091	0.00769611	0.0076091
6.21279	0.0076091	0.00753296
6.21468	0.00753296	0.00746634
6.21657	0.00746634	0.00740805
6.21846	0.00740805	0.00748204
6.22035	0.00748204	0.00754679
6.22223	0.00754679	0.00760344
6.22412	0.00760344	0.00765301
6.22601	0.00765301	0.00769638
6.2279	0.00769638	0.00760933
6.22979	0.00760933	0.00753316
6.23167	0.00753316	0.00746652
6.23356	0.00746652	0.0074082
6.23545	0.0074082	0.00748218
6.23734	0.00748218	0.0075469
6.23923	0.0075469	0.00760354
6.24111	0.00760354	0.0076531
6.243	0.0076531	0.00769646
6.24489	0.00769646	0.0076094
6.24678	0.0076094	0.00753323
6.24867	0.00753323	0.00746657
6.25055	0.00746657	0.00740825
6.25244	0.00740825	0.00748222
6.25433	0.00748222	0.00754694
6.25622	0.00754694	0.00760357
6.25811	0.00760357	0.00765313
6.25999	0.00765313	0.00757148
6.26188	0.00757148	0.00750005
6.26377	0.00750005	0.00743754
6.26566	0.00743754	0.00738285
6.26755	0.00738285	0.00745999
6.26943	0.00745999	0.00752749
6.27132	0.00752749	0.00758656
6.27321	0.00758656	0.00763824
6.2751	0.00763824	0.00768346
6.27699	0.00768346	0.00759802
6.27887	0.00759802	0.00752327
6.28076	0.00752327	0.00745786
6.28265	0.00745786	0.00740063
6.28454	0.00740063	0.00747555
6.28643	0.00747555	0.00754111
6.28831	0.00754111	0.00759847
6.29116	0.00759847	0.00777366
6.29902	0.00777366	0.00755195
6.30123	0.00755195	0.00748296
6.30312	0.00748296	0.00729759
6.30626	0.00729759	0.00726039
6.30815	0.00726039	0.00722784
6.31129	0.00722784	0.00732436
6.31318	0.00732436	0.00728381
6.31632	0.00728381	0.00737334
6.31821	0.00737334	0.00732667
6.32135	0.00732667	0.00741084
6.32324	0.00741084	0.00735948
6.32513	0.00735948	0.00731455
6.32733	0.00731455	0.00715023
6.32922	0.00715023	0.00700645
6.3311	0.00700645	0.00688064
6.3333	0.00688064	0.00677056
6.33519	0.00677056	0.00667424
6.33708	0.00667424	0.00658996
6.33928	0.00658996	0.00651621
6.34116	0.00651621	0.00645169
6.34305	0.00645169	0.00639523
6.34525	0.00639523	0.00634582
6.34714	0.00634582	0.0063026
6.34903	0.0063026	0.00626477
6.35092	0.00626477	0.00635667
6.3528	0.00635667	0.00643709
6.35469	0.00643709	0.00650745
6.35658	0.00650745	0.00656902
6.35847	0.00656902	0.00674789
6.36036	0.00674789	0.0069044
6.36224	0.0069044	0.00704135
6.36413	0.00704135	0.00716118
6.36602	0.00716118	0.00726604
6.36791	0.00726604	0.00723278
6.3698	0.00723278	0.00720368
6.37168	0.00720368	0.00717822
6.37357	0.00717822	0.00715594
6.37546	0.00715594	0.00726145
6.37735	0.00726145	0.00735377
6.37924	0.00735377	0.00743455
6.38112	0.00743455	0.00750523
6.38301	0.00750523	0.00756707
6.3849	0.00756707	0.00749619
6.38679	0.00749619	0.00743416
6.38868	0.00743416	0.00737989
6.39056	0.00737989	0.00733241
6.39245	0.00733241	0.00741586
6.39434	0.00741586	0.00748887
6.39623	0.00748887	0.00755276
6.39812	0.00755276	0.00760867
6.4	0.00760867	0.00765758
6.40189	0.00765758	0.00757539
6.40378	0.00757539	0.00750346
6.40567	0.00750346	0.00744053
6.40756	0.00744053	0.00738546
6.40944	0.00738546	0.00746228
6.41133	0.00746228	0.00752949
6.41322	0.00752949	0.00758831
6.41511	0.00758831	0.00763977
6.417	0.00763977	0.0075598
6.41888	0.0075598	0.00748982
6.42077	0.00748982	0.00742859
6.42266	0.00742859	0.00737502
6.42455	0.00737502	0.00745314
6.42644	0.00745314	0.0075215
6.42832	0.0075215	0.00758131
6.43021	0.00758131	0.00763365
6.4321	0.00763365	0.00767944
6.43399	0.00767944	0.00759451
6.43588	0.00759451	0.0075202
6.43776	0.0075202	0.00745517
6.43965	0.00745517	0.00739827
6.44154	0.00739827	0.00747349
6.44343	0.00747349	0.0075393
6.44532	0.0075393	0.00759689
6.4472	0.00759689	0.00764728
6.44909	0.00764728	0.00769137
6.45098	0.00769137	0.00760495
6.45287	0.00760495	0.00752933
6.45476	0.00752933	0.00746316
6.45664	0.00746316	0.00740527
6.45853	0.00740527	0.00747961
6.46042	0.00747961	0.00754465
6.46231	0.00754465	0.00760157
6.4642	0.00760157	0.00765138
6.46608	0.00765138	0.00769495
6.46797	0.00769495	0.00760808
6.46986	0.00760808	0.00753207
6.47175	0.00753207	0.00746556
6.47364	0.00746556	0.00740737
6.47552	0.00740737	0.00748145
6.47741	0.00748145	0.00754626
6.4793	0.00754626	0.00760298
6.48119	0.00760298	0.00765261
6.48308	0.00765261	0.00769603
6.48496	0.00769603	0.00760903
6.48685	0.00760903	0.0075329
6.48874	0.0075329	0.00746629
6.49063	0.00746629	0.007408
6.49252	0.007408	0.007482
6.4944	0.007482	0.00754675
6.49629	0.00754675	0.00760341
6.49818	0.00760341	0.00765298
6.50007	0.00765298	0.00769636
6.50196	0.00769636	0.00760931
6.50384	0.00760931	0.00753315
6.50573	0.00753315	0.0074665
6.50762	0.0074665	0.00740819
6.50951	0.00740819	0.00748217
6.5114	0.00748217	0.0075469
6.51328	0.0075469	0.00760353
6.51517	0.00760353	0.00765309
6.51706	0.00765309	0.00769645
6.51895	0.00769645	0.0076094
6.52084	0.0076094	0.00753322
6.52272	0.00753322	0.00746657
6.52461	0.00746657	0.00740825
6.5265	0.00740825	0.00748222
6.52839	0.00748222	0.00754694
6.53028	0.00754694	0.00760357
6.53216	0.00760357	0.00765312
6.53405	0.00765312	0.00769648
6.53594	0.00769648	0.00760942
6.53783	0.00760942	0.00753324
6.53972	0.00753324	0.00746659
6.5416	0.00746659	0.00740826
6.54349	0.00740826	0.00748223
6.54538	0.00748223	0.00754695
6.54727	0.00754695	0.00760358
6.54916	0.00760358	0.00765314
6.55104	0.00765314	0.00769649
6.55293	0.00769649	0.00760943
6.55482	0.00760943	0.00753325
6.55671	0.00753325	0.0074666
6.5586	0.0074666	0.00740827
6.56048	0.00740827	0.00748224
6.56237	0.00748224	0.00754696
6.56426	0.00754696	0.00760359
6.56615	0.00760359	0.00765314
6.56804	0.00765314	0.00769649
6.56992	0.00769649	0.00760943
6.57181	0.00760943	0.00753325
6.5737	0.00753325	0.0074666
6.57559	0.0074666	0.00740827
6.57748	0.00740827	0.00748224
6.57936	0.00748224	0.00754696
6.58125	0.00754696	0.00760359
6.58314	0.00760359	0.00765314
6.58503	0.00765314	0.0076965
6.58692	0.0076965	0.00760943
6.5888	0.00760943	0.00753325
6.59069	0.00753325	0.0074666
6.59258	0.0074666	0.00740827
6.59447	0.00740827	0.00748224
6.59636	0.00748224	0.00754696
6.59824	0.00754696	0.00760359
6.60013	0.00760359	0.00765314
6.60202	0.00765314	0.0076965
6.60391	0.0076965	0.00760943
6.6058	0.00760943	0.00753325
6.60768	0.00753325	0.0074666
6.60957	0.0074666	0.00740827
6.61146	0.00740827	0.00748224
6.61335	0.00748224	0.00754696
6.61524	0.00754696	0.00760359
6.61712	0.00760359	0.00765314
6.61901	0.00765314	0.0076965
6.6209	0.0076965	0.00760943
6.62279	0.00760943	0.00753325
6.62468	0.00753325	0.0074666
6.62656	0.0074666	0.00740827
6.62845	0.00740827	0.00748224
6.63034	0.00748224	0.00754696
6.63223	0.00754696	0.00760359
6.63412	0.00760359	0.00765314
6.636	0.00765314	0.0076965
6.63789	0.0076965	0.00760943
6.63978	0.00760943	0.00753325
6.64167	0.00753325	0.0074666
6.64356	0.0074666	0.00740827
6.64544	0.00740827	0.00748224
6.64733	0.00748224	0.00754696
6.64922	0.00754696	0.00760359
6.65111	0.00760359	0.00765314
6.653	0.00765314	0.0075715
6.65488	0.0075715	0.00750006
6.65677	0.00750006	0.00743755
6.65962	0.00743755	0.00750786
6.66748	0.00750786	0.00731937
6.66969	0.00731937	0.00715445
6.67158	0.00715445	0.00701014
6.67472	0.00701014	0.00700888
6.67661	0.00700888	0.00700777
6.67975	0.00700777	0.00713179
6.68164	0.00713179	0.00711532
6.68478	0.00711532	0.00722591
6.68667	0.00722591	0.00719767
6.68981	0.00719767	0.00729796
6.6917	0.00729796	0.00726071
6.69359	0.00726071	0.00722812
6.69579	0.00722812	0.00707461
6.69767	0.00707461	0.00694028
6.69956	0.00694028	0.00682274
6.70176	0.00682274	0.0067199
6.70365	0.0067199	0.00662991
6.70554	0.00662991	0.00655117
6.70773	0.00655117	0.00648228
6.70962	0.00648228	0.00642199
6.71151	0.00642199	0.00636924
6.71371	0.00636924	0.00632309
6.7156	0.00632309	0.0062827
6.71748	0.0062827	0.00624736
6.71937	0.00624736	0.00646644
6.72126	0.00646644	0.00665813
6.72315	0.00665813	0.00682587
6.72504	0.00682587	0.00697263
6.72692	0.00697263	0.00697605
6.72881	0.00697605	0.00697905
6.7307	0.00697905	0.00698167
6.73259	0.00698167	0.00698396
6.73448	0.00698396	0.00711096
6.73636	0.00711096	0.00722209
6.73825	0.00722209	0.00731933
6.74014	0.00731933	0.00740441
6.74203	0.00740441	0.00747886
6.74392	0.00747886	0.007419
6.7458	0.007419	0.00736663
6.74769	0.00736663	0.0073208
6.74958	0.0073208	0.0072807
6.75147	0.0072807	0.00737061
6.75336	0.00737061	0.00744928
6.75524	0.00744928	0.00751812
6.75713	0.00751812	0.00757836
6.75902	0.00757836	0.00763106
6.76091	0.00763106	0.00755218
6.7628	0.00755218	0.00748315
6.76468	0.00748315	0.00742276
6.76657	0.00742276	0.00736991
6.76846	0.00736991	0.00744867
6.77035	0.00744867	0.00751759
6.77224	0.00751759	0.00757789
6.77412	0.00757789	0.00763065
6.77601	0.00763065	0.00767682
6.7779	0.00767682	0.00759222
6.77979	0.00759222	0.00751819
6.78168	0.00751819	0.00745342
6.78356	0.00745342	0.00739674
6.78545	0.00739674	0.00747215
6.78734	0.00747215	0.00753813
6.78923	0.00753813	0.00759586
6.79112	0.00759586	0.00764638
6.793	0.00764638	0.00769058
6.79489	0.00769058	0.00760426
6.79678	0.00760426	0.00752872
6.79867	0.00752872	0.00746263
6.80056	0.00746263	0.0074048
6.80244	0.0074048	0.0074792
6.80433	0.0074792	0.0075443
6.80622	0.0075443	0.00760126
6.80811	0.00760126	0.00765111
6.81	0.00765111	0.00756972
6.81188	0.00756972	0.0074985
6.81377	0.0074985	0.00743619
6.81566	0.00743619	0.00738166
6.81755	0.00738166	0.00745896
6.81944	0.00745896	0.00752659
6.82132	0.00752659	0.00758576
6.82321	0.00758576	0.00763754
6.8251	0.00763754	0.00768285
6.82699	0.00768285	0.00759749
6.82888	0.00759749	0.0075228
6.83076	0.0075228	0.00745745
6.83265	0.00745745	0.00740027
6.83454	0.00740027	0.00747524
6.83643	0.00747524	0.00754083
6.83832	0.00754083	0.00759823
6.8402	0.00759823	0.00764845
6.84209	0.00764845	0.00769239
6.84398	0.00769239	0.00760584
6.84587	0.00760584	0.00753011
6.84776	0.00753011	0.00746385
6.84964	0.00746385	0.00740587
6.85153	0.00740587	0.00748013
6.85342	0.00748013	0.00754512
6.85531	0.00754512	0.00760198
6.8572	0.00760198	0.00765173
6.85908	0.00765173	0.00769526
6.86097	0.00769526	0.00760835
6.86286	0.00760835	0.00753231
6.86475	0.00753231	0.00746577
6.86664	0.00746577	0.00740755
6.86852	0.00740755	0.0074816
6.87041	0.0074816	0.0075464
6.8723	0.0075464	0.0076031
6.87419	0.0076031	0.00765271
6.87608	0.00765271	0.00769612
6.87796	0.00769612	0.00760911
6.87985	0.00760911	0.00753297
6.88174	0.00753297	0.00746635
6.88363	0.00746635	0.00740805
6.88552	0.00740805	0.00748205
6.8874	0.00748205	0.00754679
6.88929	0.00754679	0.00760344
6.89118	0.00760344	0.00765301
6.89307	0.00765301	0.00769638
6.89496	0.00769638	0.00760934
6.89684	0.00760934	0.00753317
6.89873	0.00753317	0.00746652
6.90062	0.00746652	0.00740821
6.90251	0.00740821	0.00748218
6.9044	0.00748218	0.00754691
6.90628	0.00754691	0.00760354
6.90817	0.00760354	0.0076531
6.91006	0.0076531	0.00769646
6.91195	0.00769646	0.0076094
6.91384	0.0076094	0.00753323
6.91572	0.00753323	0.00746657
6.91761	0.00746657	0.00740825
6.9195	0.00740825	0.00748222
6.92139	0.00748222	0.00754694
6.92328	0.00754694	0.00760357
6.92516	0.00760357	0.00765313
6.92705	0.00765313	0.00769649
6.92894	0.00769649	0.00760942
6.93083	0.00760942	0.00753325
6.93272	0.00753325	0.00746659
6.9346	0.00746659	0.00740827
6.93649	0.00740827	0.00748223
6.93838	0.00748223	0.00754695
6.94027	0.00754695	0.00760358
6.94216	0.00760358	0.00765314
6.94404	0.00765314	0.00769649
6.94593	0.00769649	0.00760943
6.94782	0.00760943	0.00753325
6.94971	0.00753325	0.0074666
6.9516	0.0074666	0.00740827
6.95348	0.00740827	0.00748224
6.95537	0.00748224	0.00754696
6.95726	0.00754696	0.00760359
6.95915	0.00760359	0.00765314
6.96104	0.00765314	0.00769649
6.96292	0.00769649	0.00760943
6.96481	0.00760943	0.00753325
6.9667	0.00753325	0.0074666
6.96859	0.0074666	0.00740827
6.97048	0.00740827	0.00748224
6.97236	0.00748224	0.00754696
6.97425	0.00754696	0.00760359
6.97614	0.00760359	0.00765314
6.97803	0.00765314	0.0076965
6.97992	0.0076965	0.00760943
6.9818	0.00760943	0.00753325
6.98369	0.00753325	0.0074666
6.98558	0.0074666	0.00740827
6.98747	0.00740827	0.00748224
6.98936	0.00748224	0.00754696
6.99124	0.00754696	0.00760359
6.99313	0.00760359	0.00765314
6.99502	0.00765314	0.0076965
6.99691	0.0076965	0.00760943
6.9988	0.00760943	0.00753325
7.00068	0.00753325	0.0074666
7.00257	0.0074666	0.00740827
7.00446	0.00740827	0.00748224
7.00635	0.00748224	0.00754696
7.00824	0.00754696	0.00760359
7.01012	0.00760359	0.00765314
7.01201	0.00765314	0.0076965
7.0139	0.0076965	0.00760943
7.01579	0.00760943	0.00753325
7.01768	0.00753325	0.0074666
7.01956	0.0074666	0.00740827
7.02145	0.00740827	0.00748224
7.02334	0.00748224	0.00754696
7.02523	0.00754696	0.00760359
7.02712	0.00760359	0.00765314
7.029	0.00765314	0.0076965
7.03089	0.0076965	0.00760943
7.03278	0.00760943	0.00753325
7.03467	0.00753325	0.0074666
7.03656	0.0074666	0.00740827
7.03844	0.00740827	0.00748224
7.04033	0.00748224	0.00754696
7.04222	0.00754696	0.00760359
7.04411	0.00760359	0.00765314
7.046	0.00765314	0.0075715
7.04788	0.0075715	0.00750006
7.04977	0.00750006	0.00743755
7.05166	0.00743755	0.00738286
7.05355	0.00738286	0.00746
7.05544	0.00746	0.0075275
7.05732	0.0075275	0.00758656
7.05921	0.00758656	0.00763824
7.0611	0.00763824	0.00768346
7.06299	0.00768346	0.00759803
7.06488	0.00759803	0.00752327
7.06676	0.00752327	0.00745786
7.06865	0.00745786	0.00740063
7.07054	0.00740063	0.00747555
7.07243	0.00747555	0.00754111
7.07432	0.00754111	0.00759847
7.0762	0.00759847	0.00764866
7.07809	0.00764866	0.00769258
7.07998	0.00769258	0.007606
7.08187	0.007606	0.00753025
7.08376	0.00753025	0.00746397
7.08564	0.00746397	0.00740597
7.08753	0.00740597	0.00748023
7.08942	0.00748023	0.0075452
7.09131	0.0075452	0.00760205
7.0932	0.00760205	0.00765179
7.09508	0.00765179	0.00769532
7.09697	0.00769532	0.0076084
7.09886	0.0076084	0.00753235
7.10075	0.00753235	0.00746581
7.10264	0.00746581	0.00740758
7.10452	0.00740758	0.00748163
7.10641	0.00748163	0.00754643
7.1083	0.00754643	0.00760312
7.11019	0.00760312	0.00765273
7.11208	0.00765273	0.00769614
7.11396	0.00769614	0.00760912
7.11585	0.00760912	0.00753298
7.11774	0.00753298	0.00746636
7.11963	0.00746636	0.00740807
7.12152	0.00740807	0.00748206
7.1234	0.00748206	0.0075468
7.12529	0.0075468	0.00760345
7.12718	0.00760345	0.00765302
7.12907	0.00765302	0.00769639
7.13096	0.00769639	0.00760934
7.13284	0.00760934	0.00753317
7.13473	0.00753317	0.00746652
7.13662	0.00746652	0.00740821
7.13851	0.00740821	0.00748218
7.1404	0.00748218	0.00754691
7.14228	0.00754691	0.00760354
7.14417	0.00760354	0.0076531
7.14606	0.0076531	0.00769646
7.14795	0.00769646	0.0076094
7.14984	0.0076094	0.00753323
7.15172	0.00753323	0.00746657
7.15361	0.00746657	0.00740825
7.1555	0.00740825	0.00748222
7.15739	0.00748222	0.00754694
7.15928	0.00754694	0.00760357
7.16116	0.00760357	0.00765313
7.16305	0.00765313	0.00769649
7.16494	0.00769649	0.00760943
7.16683	0.00760943	0.00753325
7.16872	0.00753325	0.00746659
7.1706	0.00746659	0.00740827
7.17249	0.00740827	0.00748223
7.17438	0.00748223	0.00754695
7.17627	0.00754695	0.00760358
7.17816	0.00760358	0.00765314
7.18004	0.00765314	0.00769649
7.18193	0.00769649	0.00760943
7.18382	0.00760943	0.00753325
7.18571	0.00753325	0.0074666
7.1876	0.0074666	0.00740827
7.18948	0.00740827	0.00748224
7.19137	0.00748224	0.00754696
7.19326	0.00754696	0.00760359
7.19515	0.00760359	0.00765314
7.19704	0.00765314	0.00769649
7.19892	0.00769649	0.00760943
7.20081	0.00760943	0.00753325
7.2027	0.00753325	0.0074666
7.20459	0.0074666	0.00740827
7.20648	0.00740827	0.00748224
7.20836	0.00748224	0.00754696
7.2178	0.00754696	0.00722859
7.22002	0.00722859	0.00707501
7.2219	0.00707501	0.00694064
7.22505	0.00694064	0.00707306
7.22693	0.00707306	0.00693892
7.23008	0.00693892	0.00719656
7.23196	0.00719656	0.00704699
7.23511	0.00704699	0.00729111
7.237	0.00729111	0.00712972
7.24014	0.00712972	0.00736351
7.24203	0.00736351	0.00731807
7.24391	0.00731807	0.00727831
7.24611	0.00727831	0.00711852
7.248	0.00711852	0.0069787
7.24989	0.0069787	0.00685637
7.25209	0.00685637	0.00674932
7.25397	0.00674932	0.00653065
7.25586	0.00653065	0.00646432
7.25806	0.00646432	0.00640628
7.25995	0.00640628	0.0063555
7.26184	0.0063555	0.00631106
7.26404	0.00631106	0.00627218
7.26592	0.00627218	0.00623815
7.26781	0.00623815	0.00620838
7.2697	0.00620838	0.00643234
7.27159	0.00643234	0.00650329
7.27348	0.00650329	0.00669038
7.27536	0.00669038	0.00685408
7.27725	0.00685408	0.00699732
7.2801	0.00699732	0.00724766
7.28796	0.00724766	0.0070917
7.29017	0.0070917	0.00708024
7.29206	0.00708024	0.00694521
7.2952	0.00694521	0.00707705
7.29709	0.00707705	0.00706742
7.30023	0.00706742	0.007184
7.30212	0.007184	0.00716099
7.30526	0.00716099	0.00726587
7.30715	0.00726587	0.00723264
7.31029	0.00723264	0.00732856
7.31218	0.00732856	0.00728749
7.31407	0.00728749	0.00725155
7.31627	0.00725155	0.00709511
7.31815	0.00709511	0.00695822
7.32004	0.00695822	0.00683844
7.32224	0.00683844	0.00673363
7.32413	0.00673363	0.00664193
7.32602	0.00664193	0.00656169
7.32821	0.00656169	0.00649148
7.3301	0.00649148	0.00643004
7.33199	0.00643004	0.00625128
7.33419	0.00625128	0.00621987
7.33608	0.00621987	0.00619239
7.33796	0.00619239	0.00616834
7.33985	0.00616834	0.0063973
7.34174	0.0063973	0.00647263
7.34363	0.00647263	0.00653855
7.34552	0.00653855	0.00672123
7.3474	0.00672123	0.00688108
7.34929	0.00688108	0.00702094
7.35118	0.00702094	0.00714333
7.35307	0.00714333	0.00725041
7.35496	0.00725041	0.00721911
7.35684	0.00721911	0.00719172
7.35873	0.00719172	0.00716775
7.36062	0.00716775	0.00714678
7.36251	0.00714678	0.00725344
7.3644	0.00725344	0.00734676
7.36628	0.00734676	0.00742841
7.36817	0.00742841	0.00749986
7.37006	0.00749986	0.00756238
7.37195	0.00756238	0.00749208
7.37384	0.00749208	0.00743057
7.37572	0.00743057	0.00737675
7.37761	0.00737675	0.00732965
7.3795	0.00732965	0.00741345
7.38139	0.00741345	0.00748677
7.38328	0.00748677	0.00755092
7.38516	0.00755092	0.00760705
7.38705	0.00760705	0.00765617
7.38894	0.00765617	0.00757415
7.39083	0.00757415	0.00750238
7.39272	0.00750238	0.00743958
7.3946	0.00743958	0.00738463
7.39649	0.00738463	0.00746155
7.39838	0.00746155	0.00752886
7.40027	0.00752886	0.00758775
7.40216	0.00758775	0.00763928
7.40404	0.00763928	0.00768437
7.40593	0.00768437	0.00759883
7.40782	0.00759883	0.00752397
7.40971	0.00752397	0.00745847
7.4116	0.00745847	0.00740116
7.41348	0.00740116	0.00747602
7.41537	0.00747602	0.00754152
7.41726	0.00754152	0.00759883
7.41915	0.00759883	0.00764897
7.42104	0.00764897	0.00769285
7.42292	0.00769285	0.00760624
7.42481	0.00760624	0.00753046
7.4267	0.00753046	0.00746415
7.42859	0.00746415	0.00740613
7.43048	0.00740613	0.00748037
7.43236	0.00748037	0.00754532
7.43425	0.00754532	0.00760216
7.43614	0.00760216	0.00765188
7.43803	0.00765188	0.0076954
7.43992	0.0076954	0.00760847
7.4418	0.00760847	0.00753241
7.44369	0.00753241	0.00746586
7.44558	0.00746586	0.00740763
7.44747	0.00740763	0.00748168
7.44936	0.00748168	0.00754646
7.45124	0.00754646	0.00760316
7.45313	0.00760316	0.00765276
7.45502	0.00765276	0.00769616
7.45691	0.00769616	0.00760914
7.4588	0.00760914	0.007533
7.46068	0.007533	0.00746637
7.46257	0.00746637	0.00740808
7.46446	0.00740808	0.00748207
7.46635	0.00748207	0.00754681
7.46824	0.00754681	0.00760346
7.47012	0.00760346	0.00765302
7.47201	0.00765302	0.0076964
7.4739	0.0076964	0.00760935
7.47579	0.00760935	0.00753318
7.47768	0.00753318	0.00746653
7.47956	0.00746653	0.00740821
7.48145	0.00740821	0.00748218
7.48334	0.00748218	0.00754691
7.48523	0.00754691	0.00760355
7.48712	0.00760355	0.0076531
7.489	0.0076531	0.00769646
7.49089	0.00769646	0.00760941
7.49278	0.00760941	0.00753323
7.49467	0.00753323	0.00746658
7.49656	0.00746658	0.00740825
7.49844	0.00740825	0.00748222
7.50033	0.00748222	0.00754694
7.50222	0.00754694	0.00760358
7.50411	0.00760358	0.00765313
7.506	0.00765313	0.00757149
7.50788	0.00757149	0.00750005
7.50977	0.00750005	0.00743754
7.51166	0.00743754	0.00738285
7.51355	0.00738285	0.00745999
7.51544	0.00745999	0.00752749
7.51732	0.00752749	0.00758656
7.51921	0.00758656	0.00763824
7.5211	0.00763824	0.00768346
7.52299	0.00768346	0.00759802
7.52488	0.00759802	0.00752327
7.52676	0.00752327	0.00745786
7.52865	0.00745786	0.00740063
7.53054	0.00740063	0.00747555
7.53243	0.00747555	0.00754111
7.53432	0.00754111	0.00759847
7.5362	0.00759847	0.00764866
7.53809	0.00764866	0.00769258
7.53998	0.00769258	0.007606
7.54187	0.007606	0.00753025
7.54376	0.00753025	0.00746397
7.54564	0.00746397	0.00740597
7.54753	0.00740597	0.00748023
7.54942	0.00748023	0.0075452
7.55131	0.0075452	0.00760205
7.5532	0.00760205	0.00765179
7.55508	0.00765179	0.00769532
7.55697	0.00769532	0.0076084
7.55886	0.0076084	0.00753235
7.56075	0.00753235	0.00746581
7.56264	0.00746581	0.00740758
7.56452	0.00740758	0.00748163
7.56641	0.00748163	0.00754643
7.5683	0.00754643	0.00760312
7.57019	0.00760312	0.00765273
7.57208	0.00765273	0.00769614
7.57396	0.00769614	0.00760912
7.57585	0.00760912	0.00753298
7.57774	0.00753298	0.00746636
7.57963	0.00746636	0.00740806
7.58152	0.00740806	0.00748206
7.5834	0.00748206	0.0075468
7.58529	0.0075468	0.00760345
7.58718	0.00760345	0.00765302
7.58907	0.00765302	0.00769639
7.59096	0.00769639	0.00760934
7.59284	0.00760934	0.00753317
7.59473	0.00753317	0.00746652
7.59662	0.00746652	0.00740821
7.59851	0.00740821	0.00748218
7.6004	0.00748218	0.00754691
7.60228	0.00754691	0.00760354
7.60417	0.00760354	0.0076531
7.60606	0.0076531	0.00769646
7.60795	0.00769646	0.0076094
7.60984	0.0076094	0.00753323
7.61172	0.00753323	0.00746657
7.61361	0.00746657	0.00740825
7.6155	0.00740825	0.00748222
7.61739	0.00748222	0.00754694
7.61928	0.00754694	0.00760357
7.62116	0.00760357	0.00765313
7.62305	0.00765313	0.00769649
7.62494	0.00769649	0.00760943
7.62683	0.00760943	0.00753325
7.62872	0.00753325	0.00746659
7.6306	0.00746659	0.00740827
7.63249	0.00740827	0.00748223
7.63438	0.00748223	0.00754695
7.63627	0.00754695	0.00760358
7.63816	0.00760358	0.00765314
7.64004	0.00765314	0.00769649
7.64193	0.00769649	0.00760943
7.64382	0.00760943	0.00753325
7.64571	0.00753325	0.0074666
7.6476	0.0074666	0.00740827
7.64948	0.00740827	0.00748224
7.65137	0.00748224	0.00754696
7.65326	0.00754696	0.00760359
7.65515	0.00760359	0.00765314
7.65704	0.00765314	0.00769649
7.65892	0.00769649	0.00760943
7.66081	0.00760943	0.00753325
7.6627	0.00753325	0.0074666
7.66459	0.0074666	0.00740827
7.66648	0.00740827	0.00748224
7.66836	0.00748224	0.00754696
7.67025	0.00754696	0.00760359
7.67214	0.00760359	0.00765314
7.67403	0.00765314	0.0076965
7.67592	0.0076965	0.00760943
7.6778	0.00760943	0.00753325
7.67969	0.00753325	0.0074666
7.68158	0.0074666	0.00740827
7.68347	0.00740827	0.00748224
7.68536	0.00748224	0.00754696
7.68724	0.00754696	0.00760359
7.68913	0.00760359	0.00765314
7.69102	0.00765314	0.0076965
7.69291	0.0076965	0.00760943
7.6948	0.00760943	0.00753325
7.69668	0.00753325	0.0074666
7.69857	0.0074666	0.00740827
7.70046	0.00740827	0.00748224
7.70235	0.00748224	0.00754696
7.70424	0.00754696	0.00760359
7.70612	0.00760359	0.00765314
7.70801	0.00765314	0.0076965
7.7099	0.0076965	0.00760943
7.71179	0.00760943	0.00753325
7.71368	0.00753325	0.0074666
7.71556	0.0074666	0.00740827
7.71745	0.00740827	0.00748224
7.71934	0.00748224	0.00754696
7.72123	0.00754696	0.00760359
7.72312	0.00760359	0.00765314
7.725	0.00765314	0.0076965
7.72689	0.0076965	0.00760943
7.72878	0.00760943	0.00753325
7.73067	0.00753325	0.0074666
7.73256	0.0074666	0.00740827
7.73444	0.00740827	0.00748224
7.73633	0.00748224	0.00754696
7.73822	0.00754696	0.00760359
7.74011	0.00760359	0.00765314
7.742	0.00765314	0.0075715
7.74388	0.0075715	0.00750006
7.74577	0.00750006	0.00743755
7.74766	0.00743755	0.00738286
7.74955	0.00738286	0.00746
7.75144	0.00746	0.0075275
7.75332	0.0075275	0.00758656
7.75521	0.00758656	0.00763824
7.7571	0.00763824	0.00768346
7.75899	0.00768346	0.00759803
7.76088	0.00759803	0.00752327
7.76276	0.00752327	0.00745786
7.76465	0.00745786	0.00740063
7.76654	0.00740063	0.00747555
7.76843	0.00747555	0.00754111
7.77032	0.00754111	0.00759847
7.7722	0.00759847	0.00764866
7.77409	0.00764866	0.00769258
7.77598	0.00769258	0.007606
7.77787	0.007606	0.00753025
7.77976	0.00753025	0.00746397
7.78164	0.00746397	0.00740597
7.78353	0.00740597	0.00748023
7.78542	0.00748023	0.0075452
7.78731	0.0075452	0.00760205
7.7892	0.00760205	0.00765179
7.79108	0.00765179	0.00769532
7.79297	0.00769532	0.0076084
7.79486	0.0076084	0.00753235
7.79675	0.00753235	0.00746581
7.79864	0.00746581	0.00740758
7.80052	0.00740758	0.00748163
7.80241	0.00748163	0.00754643
7.8043	0.00754643	0.00760312
7.80619	0.00760312	0.00765273
7.80808	0.00765273	0.00769614
7.80996	0.00769614	0.00760912
7.81185	0.00760912	0.00753298
7.81374	0.00753298	0.00746636
7.81563	0.00746636	0.00740807
7.81752	0.00740807	0.00748206
7.8194	0.00748206	0.0075468
7.82129	0.0075468	0.00760345
7.82318	0.00760345	0.00765302
7.82507	0.00765302	0.00769639
7.82696	0.00769639	0.00760934
7.82884	0.00760934	0.00753317
7.83073	0.00753317	0.00746652
7.83262	0.00746652	0.00740821
7.83451	0.00740821	0.00748218
7.8364	0.00748218	0.00754691
7.83828	0.00754691	0.00760354
7.84017	0.00760354	0.0076531
7.84206	0.0076531	0.00769646
7.84395	0.00769646	0.0076094
7.84584	0.0076094	0.00753323
7.84772	0.00753323	0.00746657
7.84961	0.00746657	0.00740825
7.8515	0.00740825	0.00748222
7.85339	0.00748222	0.00754694
7.85528	0.00754694	0.00760357
7.85716	0.00760357	0.00765313
7.85905	0.00765313	0.00769649
7.86094	0.00769649	0.00760943
7.86283	0.00760943	0.00753325
7.86472	0.00753325	0.00746659
7.8666	0.00746659	0.00740827
7.86849	0.00740827	0.00748223
7.87038	0.00748223	0.00754695
7.87227	0.00754695	0.00760358
7.87416	0.00760358	0.00765314
7.87604	0.00765314	0.00769649
7.87793	0.00769649	0.00760943
7.87982	0.00760943	0.00753325
7.88171	0.00753325	0.0074666
7.8836	0.0074666	0.00740827
7.88548	0.00740827	0.00748224
7.88737	0.00748224	0.00754696
7.88926	0.00754696	0.00760359
7.89115	0.00760359	0.00765314
7.89304	0.00765314	0.00769649
7.89492	0.00769649	0.00760943
7.89681	0.00760943	0.00753325
7.8987	0.00753325	0.0074666
7.90059	0.0074666	0.00740827
7.90248	0.00740827	0.00748224
7.90436	0.00748224	0.00754696
7.90625	0.00754696	0.00760359
7.90814	0.00760359	0.00765314
7.91003	0.00765314	0.0076965
7.91192	0.0076965	0.00760943
7.9138	0.00760943	0.00753325
7.91569	0.00753325	0.0074666
7.91758	0.0074666	0.00740827
7.91947	0.00740827	0.00748224
7.92136	0.00748224	0.00754696
7.92324	0.00754696	0.00760359
7.92513	0.00760359	0.00765314
7.92702	0.00765314	0.0076965
7.92891	0.0076965	0.00760943
7.9308	0.00760943	0.00753325
7.93268	0.00753325	0.0074666
7.93457	0.0074666	0.00740827
7.93646	0.00740827	0.00748224
7.93835	0.00748224	0.00754696
7.94024	0.00754696	0.00760359
7.94212	0.00760359	0.00765314
7.94401	0.00765314	0.0076965
7.9459	0.0076965	0.00760943
7.94779	0.00760943	0.00753325
7.94968	0.00753325	0.0074666
7.95156	0.0074666	0.00740827
7.95345	0.00740827	0.00748224
7.95534	0.00748224	0.00754696
7.95723	0.00754696	0.00760359
7.95912	0.00760359	0.00765314
7.961	0.00765314	0.0076965
7.96289	0.0076965	0.00760943
7.96478	0.00760943	0.00753325
7.96667	0.00753325	0.0074666
7.96856	0.0074666	0.00740827
7.97044	0.00740827	0.00748224
7.97233	0.00748224	0.00754696
7.97422	0.00754696	0.00760359
7.97611	0.00760359	0.00765314
7.978	0.00765314	0.0075715
7.97988	0.0075715	0.00750006
7.98177	0.00750006	0.00743755
7.98366	0.00743755	0.00738286
7.98555	0.00738286	0.00746
7.98744	0.00746	0.0075275
7.98932	0.0075275	0.00758656
7.99121	0.00758656	0.00763824
7.9931	0.00763824	0.00768346
7.99499	0.00768346	0.00759803
7.99688	0.00759803	0.00752327
7.99876	0.00752327	0.00745786
8.00065	0.00745786	0.00740063
8.00254	0.00740063	0.00747555
8.00443	0.00747555	0.00754111
8.00632	0.00754111	0.00759847
8.0082	0.00759847	0.00764866
8.01009	0.00764866	0.00769258
8.01198	0.00769258	0.007606
8.01387	0.007606	0.00753025
8.01576	0.00753025	0.00746397
8.01764	0.00746397	0.00740597
8.01953	0.00740597	0.00748023
8.02142	0.00748023	0.0075452
8.02331	0.0075452	0.00760205
8.0252	0.00760205	0.00765179
8.02708	0.00765179	0.00769532
8.02897	0.00769532	0.0076084
8.03086	0.0076084	0.00753235
8.03275	0.00753235	0.00746581
8.03464	0.00746581	0.00740758
8.03652	0.00740758	0.00748163
8.03841	0.00748163	0.00754643
8.0403	0.00754643	0.00760312
8.04219	0.00760312	0.00765273
8.04408	0.00765273	0.00769614
8.04596	0.00769614	0.00760912
8.04785	0.00760912	0.00753298
8.04974	0.00753298	0.00746636
8.05163	0.00746636	0.00740807
8.05352	0.00740807	0.00748206
8.0554	0.00748206	0.0075468
8.05729	0.0075468	0.00760345
8.05918	0.00760345	0.00765302
8.06107	0.00765302	0.00769639
8.06296	0.00769639	0.00760934
8.06484	0.00760934	0.00753317
8.06673	0.00753317	0.00746652
8.06862	0.00746652	0.00740821
8.07051	0.00740821	0.00748218
8.0724	0.00748218	0.00754691
8.07428	0.00754691	0.00760354
8.07617	0.00760354	0.0076531
8.07806	0.0076531	0.00769646
8.07995	0.00769646	0.0076094
8.08184	0.0076094	0.00753323
8.08372	0.00753323	0.00746657
8.08561	0.00746657	0.00740825
8.0875	0.00740825	0.00748222
8.09035	0.00748222	0.00767194
8.09821	0.00767194	0.00746295
8.10042	0.00746295	0.00728008
8.10231	0.00728008	0.00712007
8.10545	0.00712007	0.00710506
8.10734	0.00710506	0.00709193
8.11048	0.00709193	0.00720544
8.11237	0.00720544	0.00717976
8.11551	0.00717976	0.00728229
8.1174	0.00728229	0.007247
8.12054	0.007247	0.00734113
8.12243	0.00734113	0.00729848
8.12432	0.00729848	0.00726117
8.12652	0.00726117	0.00710353
8.1284	0.00710353	0.00696558
8.13029	0.00696558	0.00684489
8.13249	0.00684489	0.00673928
8.13438	0.00673928	0.00664687
8.13627	0.00664687	0.00656601
8.13846	0.00656601	0.00649526
8.14035	0.00649526	0.00643335
8.14224	0.00643335	0.00637918
8.14444	0.00637918	0.00633178
8.14633	0.00633178	0.00629031
8.14821	0.00629031	0.00625402
8.1501	0.00625402	0.00647227
8.15199	0.00647227	0.00653823
8.15388	0.00653823	0.00659595
8.15577	0.00659595	0.00664646
8.15765	0.00664646	0.00669065
8.15954	0.00669065	0.00685432
8.16143	0.00685432	0.00699753
8.16332	0.00699753	0.00712284
8.16521	0.00712284	0.00723248
8.16709	0.00723248	0.00732842
8.16898	0.00732842	0.00728737
8.17087	0.00728737	0.00725145
8.17276	0.00725145	0.00722002
8.17465	0.00722002	0.00719251
8.17653	0.00719251	0.00729345
8.17842	0.00729345	0.00738177
8.18031	0.00738177	0.00745905
8.1822	0.00745905	0.00752667
8.18409	0.00752667	0.00758583
8.18597	0.00758583	0.0075126
8.18786	0.0075126	0.00744853
8.18975	0.00744853	0.00739246
8.19164	0.00739246	0.0073434
8.19353	0.0073434	0.00742548
8.19541	0.00742548	0.00749729
8.1973	0.00749729	0.00756013
8.19919	0.00756013	0.00761511
8.20108	0.00761511	0.00766322
8.20297	0.00766322	0.00758032
8.20485	0.00758032	0.00750778
8.20674	0.00750778	0.00744431
8.20863	0.00744431	0.00738877
8.21052	0.00738877	0.00746517
8.21241	0.00746517	0.00753203
8.21429	0.00753203	0.00759052
8.21618	0.00759052	0.00764171
8.21807	0.00764171	0.00768649
8.21996	0.00768649	0.00760068
8.22185	0.00760068	0.00752559
8.22373	0.00752559	0.00745989
8.22562	0.00745989	0.00740241
8.22751	0.00740241	0.00747711
8.2294	0.00747711	0.00754247
8.23129	0.00754247	0.00759966
8.23317	0.00759966	0.0076497
8.23506	0.0076497	0.00769349
8.23695	0.00769349	0.0076068
8.23884	0.0076068	0.00753095
8.24073	0.00753095	0.00746458
8.24261	0.00746458	0.00740651
8.2445	0.00740651	0.00748069
8.24639	0.00748069	0.00754561
8.24828	0.00754561	0.00760241
8.25017	0.00760241	0.00765211
8.25205	0.00765211	0.00769559
8.25394	0.00769559	0.00760864
8.25583	0.00760864	0.00753256
8.25772	0.00753256	0.00746599
8.25961	0.00746599	0.00740774
8.26149	0.00740774	0.00748177
8.26338	0.00748177	0.00754655
8.26527	0.00754655	0.00760323
8.26716	0.00760323	0.00765283
8.26905	0.00765283	0.00769622
8.27093	0.00769622	0.0076092
8.27282	0.0076092	0.00753305
8.27471	0.00753305	0.00746641
8.2766	0.00746641	0.00740811
8.27849	0.00740811	0.0074821
8.28037	0.0074821	0.00754684
8.28226	0.00754684	0.00760348
8.28415	0.00760348	0.00765304
8.28604	0.00765304	0.00769641
8.28793	0.00769641	0.00760936
8.28981	0.00760936	0.00753319
8.2917	0.00753319	0.00746654
8.29359	0.00746654	0.00740822
8.29548	0.00740822	0.0074822
8.29832	0.0074822	0.00767192
8.30619	0.00767192	0.00746293
8.3084	0.00746293	0.00728006
8.31028	0.00728006	0.00712006
8.31343	0.00712006	0.00710505
8.31532	0.00710505	0.00709192
8.31846	0.00709192	0.00720543
8.32035	0.00720543	0.00717975
8.32349	0.00717975	0.00728228
8.32538	0.00728228	0.00724699
8.32852	0.00724699	0.00734112
8.33041	0.00734112	0.00729848
8.33229	0.00729848	0.00726117
8.33449	0.00726117	0.00710352
8.33638	0.00710352	0.00696558
8.33827	0.00696558	0.00684488
8.34047	0.00684488	0.00673927
8.34236	0.00673927	0.00664686
8.34424	0.00664686	0.006566
8.34644	0.006566	0.00649525
8.34833	0.00649525	0.00643335
8.35022	0.00643335	0.00637918
8.35242	0.00637918	0.00633178
8.3543	0.00633178	0.00629031
8.35619	0.00629031	0.00625402
8.35808	0.00625402	0.00647226
8.35997	0.00647226	0.00653823
8.36186	0.00653823	0.00659595
8.36374	0.00659595	0.00664646
8.36563	0.00664646	0.00669065
8.36752	0.00669065	0.00685432
8.36941	0.00685432	0.00699753
8.3713	0.00699753	0.00712284
8.37318	0.00712284	0.00723248
8.37507	0.00723248	0.00732842
8.37696	0.00732842	0.00728737
8.37885	0.00728737	0.00725145
8.38074	0.00725145	0.00722002
8.38262	0.00722002	0.00719251
8.38451	0.00719251	0.00729345
8.3864	0.00729345	0.00738177
8.38829	0.00738177	0.00745905
8.39018	0.00745905	0.00752667
8.39206	0.00752667	0.00758583
8.39395	0.00758583	0.0075126
8.39584	0.0075126	0.00744853
8.39773	0.00744853	0.00739246
8.39962	0.00739246	0.0073434
8.4015	0.0073434	0.00742548
8.40339	0.00742548	0.00749729
8.40528	0.00749729	0.00756013
8.40717	0.00756013	0.00761511
8.40906	0.00761511	0.00766322
8.41094	0.00766322	0.00758032
8.41283	0.00758032	0.00750778
8.41472	0.00750778	0.00744431
8.41661	0.00744431	0.00738877
8.4185	0.00738877	0.00746517
8.42038	0.00746517	0.00753203
8.42227	0.00753203	0.00759052
8.42416	0.00759052	0.00764171
8.42605	0.00764171	0.00768649
8.42794	0.00768649	0.00760068
8.42982	0.00760068	0.00752559
8.43171	0.00752559	0.00745989
8.4336	0.00745989	0.00740241
8.43549	0.00740241	0.00747711
8.43738	0.00747711	0.00754247
8.43926	0.00754247	0.00759966
8.44115	0.00759966	0.0076497
8.44304	0.0076497	0.00769349
8.44493	0.00769349	0.0076068
8.44682	0.0076068	0.00753095
8.4487	0.00753095	0.00746458
8.45059	0.00746458	0.00740651
8.45248	0.00740651	0.00748069
8.45437	0.00748069	0.00754561
8.45626	0.00754561	0.00760241
8.45814	0.00760241	0.00765211
8.46003	0.00765211	0.00769559
8.46192	0.00769559	0.00760864
8.46381	0.00760864	0.00753256
8.4657	0.00753256	0.00746599
8.46758	0.00746599	0.00740774
8.46947	0.00740774	0.00748177
8.47136	0.00748177	0.00754655
8.47325	0.00754655	0.00760323
8.47514	0.00760323	0.00765283
8.47702	0.00765283	0.00769622
8.47891	0.00769622	0.0076092
8.4808	0.0076092	0.00753305
8.48269	0.00753305	0.00746641
8.48458	0.00746641	0.00740811
8.48646	0.00740811	0.0074821
8.48835	0.0074821	0.00754684
8.49024	0.00754684	0.00760348
8.49213	0.00760348	0.00765304
8.49402	0.00765304	0.00769641
8.4959	0.00769641	0.00760936
8.49779	0.00760936	0.00753319
8.49968	0.00753319	0.00746654
8.50157	0.00746654	0.00740822
8.50346	0.00740822	0.0074822
8.50534	0.0074822	0.00754692
8.50723	0.00754692	0.00760355
8.50912	0.00760355	0.00765311
8.51101	0.00765311	0.00769647
8.5129	0.00769647	0.00760941
8.51478	0.00760941	0.00753324
8.51667	0.00753324	0.00746658
8.51856	0.00746658	0.00740826
8.52045	0.00740826	0.00748222
8.52234	0.00748222	0.00754695
8.52422	0.00754695	0.00760358
8.52611	0.00760358	0.00765313
8.528	0.00765313	0.00769649
8.52989	0.00769649	0.00760943
8.53178	0.00760943	0.00753325
8.53366	0.00753325	0.00746659
8.53555	0.00746659	0.00740827
8.53744	0.00740827	0.00748223
8.53933	0.00748223	0.00754695
8.54122	0.00754695	0.00760358
8.5431	0.00760358	0.00765314
8.54499	0.00765314	0.00757149
8.54688	0.00757149	0.00750006
8.54877	0.00750006	0.00743755
8.55066	0.00743755	0.00738285
8.55254	0.00738285	0.00746
8.55443	0.00746	0.0075275
8.55632	0.0075275	0.00758656
8.55821	0.00758656	0.00763824
8.5601	0.00763824	0.00768346
8.56198	0.00768346	0.00759803
8.56387	0.00759803	0.00752327
8.56576	0.00752327	0.00745786
8.56765	0.00745786	0.00740063
8.56954	0.00740063	0.00747555
8.57238	0.00747555	0.00766611
8.58024	0.00766611	0.00745784
8.58245	0.00745784	0.00727561
8.58434	0.00727561	0.00711616
8.58748	0.00711616	0.00710164
8.58937	0.00710164	0.00708894
8.59252	0.00708894	0.00720282
8.5944	0.00720282	0.00717747
8.59755	0.00717747	0.00728028
8.59943	0.00728028	0.00724524
8.60258	0.00724524	0.00733959
8.60446	0.00733959	0.00729714
8.60635	0.00729714	0.00726
8.60855	0.00726	0.0071025
8.61044	0.0071025	0.00696468
8.61233	0.00696468	0.0068441
8.61452	0.0068441	0.00673859
8.61641	0.00673859	0.00664626
8.6183	0.00664626	0.00656548
8.6205	0.00656548	0.00649479
8.62239	0.00649479	0.00643294
8.62428	0.00643294	0.00637883
8.62647	0.00637883	0.00633147
8.62836	0.00633147	0.00629004
8.63025	0.00629004	0.00625378
8.63214	0.00625378	0.00647206
8.63403	0.00647206	0.00666305
8.63591	0.00666305	0.00670517
8.6378	0.00670517	0.00674202
8.63969	0.00674202	0.00677427
8.64158	0.00677427	0.00680248
8.64347	0.00680248	0.00695217
8.64535	0.00695217	0.00708315
8.64724	0.00708315	0.00719776
8.64913	0.00719776	0.00729804
8.65102	0.00729804	0.00738578
8.65291	0.00738578	0.00733756
8.65479	0.00733756	0.00729536
8.65668	0.00729536	0.00725844
8.65857	0.00725844	0.00722614
8.66046	0.00722614	0.00732287
8.66235	0.00732287	0.00740751
8.66423	0.00740751	0.00748157
8.66612	0.00748157	0.00754638
8.66801	0.00754638	0.00760308
8.6699	0.00760308	0.00752769
8.67179	0.00752769	0.00746173
8.67367	0.00746173	0.00740401
8.67556	0.00740401	0.00735351
8.67745	0.00735351	0.00743432
8.67934	0.00743432	0.00750503
8.68123	0.00750503	0.0075669
8.68311	0.0075669	0.00762104
8.685	0.00762104	0.00766841
8.68689	0.00766841	0.00758486
8.68878	0.00758486	0.00751175
8.69067	0.00751175	0.00744778
8.69255	0.00744778	0.00739181
8.69444	0.00739181	0.00746783
8.69633	0.00746783	0.00753435
8.69822	0.00753435	0.00759256
8.70011	0.00759256	0.00764349
8.70199	0.00764349	0.00756305
8.70388	0.00756305	0.00749267
8.70577	0.00749267	0.00743109
8.70766	0.00743109	0.0073772
8.70955	0.0073772	0.00745505
8.71143	0.00745505	0.00752317
8.71332	0.00752317	0.00758277
8.71521	0.00758277	0.00763492
8.7171	0.00763492	0.00768056
8.71899	0.00768056	0.00759549
8.72087	0.00759549	0.00752105
8.72276	0.00752105	0.00745592
8.72465	0.00745592	0.00739893
8.72654	0.00739893	0.00747406
8.72843	0.00747406	0.00753981
8.73031	0.00753981	0.00759733
8.7322	0.00759733	0.00764766
8.73409	0.00764766	0.0076917
8.73598	0.0076917	0.00760524
8.73787	0.00760524	0.00752959
8.73975	0.00752959	0.00746339
8.74164	0.00746339	0.00740546
8.74353	0.00740546	0.00747978
8.74542	0.00747978	0.00754481
8.74731	0.00754481	0.00760171
8.74919	0.00760171	0.00765149
8.75108	0.00765149	0.00769505
8.75297	0.00769505	0.00760817
8.75486	0.00760817	0.00753215
8.75675	0.00753215	0.00746563
8.75863	0.00746563	0.00740743
8.76052	0.00740743	0.0074815
8.76241	0.0074815	0.00754631
8.7643	0.00754631	0.00760302
8.76619	0.00760302	0.00765264
8.76807	0.00765264	0.00769606
8.76996	0.00769606	0.00760905
8.77185	0.00760905	0.00753292
8.77374	0.00753292	0.00746631
8.77563	0.00746631	0.00740802
8.77751	0.00740802	0.00748201
8.7794	0.00748201	0.00754676
8.78129	0.00754676	0.00760342
8.78318	0.00760342	0.00765299
8.78507	0.00765299	0.00769637
8.78695	0.00769637	0.00760932
8.78884	0.00760932	0.00753315
8.79073	0.00753315	0.00746651
8.79262	0.00746651	0.0074082
8.79451	0.0074082	0.00748217
8.79639	0.00748217	0.0075469
8.79828	0.0075469	0.00760353
8.80017	0.00760353	0.00765309
8.80206	0.00765309	0.00769646
8.80395	0.00769646	0.0076094
8.80583	0.0076094	0.00753322
8.80772	0.00753322	0.00746657
8.80961	0.00746657	0.00740825
8.8115	0.00740825	0.00748222
8.81339	0.00748222	0.00754694
8.81527	0.00754694	0.00760357
8.81716	0.00760357	0.00765312
8.81905	0.00765312	0.00769648
8.82094	0.00769648	0.00760942
8.82283	0.00760942	0.00753324
8.82471	0.00753324	0.00746659
8.8266	0.00746659	0.00740826
8.82849	0.00740826	0.00748223
8.83038	0.00748223	0.00754695
8.83227	0.00754695	0.00760358
8.83415	0.00760358	0.00765314
8.83604	0.00765314	0.00769649
8.83793	0.00769649	0.00760943
8.83982	0.00760943	0.00753325
8.84171	0.00753325	0.0074666
8.84359	0.0074666	0.00740827
8.84548	0.00740827	0.00748224
8.84737	0.00748224	0.00754696
8.84926	0.00754696	0.00760359
8.85115	0.00760359	0.00765314
8.85303	0.00765314	0.00769649
8.85492	0.00769649	0.00760943
8.85681	0.00760943	0.00753325
8.8587	0.00753325	0.0074666
8.86059	0.0074666	0.00740827
8.86247	0.00740827	0.00748224
8.86436	0.00748224	0.00754696
8.86625	0.00754696	0.00760359
8.86814	0.00760359	0.00765314
8.87003	0.00765314	0.0076965
8.87191	0.0076965	0.00760943
8.8738	0.00760943	0.00753325
8.87569	0.00753325	0.0074666
8.87758	0.0074666	0.00740827
8.87947	0.00740827	0.00748224
8.88135	0.00748224	0.00754696
8.88324	0.00754696	0.00760359
8.88513	0.00760359	0.00765314
8.88702	0.00765314	0.0076965
8.88891	0.0076965	0.00760943
8.89079	0.00760943	0.00753325
8.89268	0.00753325	0.0074666
8.89457	0.0074666	0.00740827
8.89646	0.00740827	0.00748224
8.89835	0.00748224	0.00754696
8.90023	0.00754696	0.00760359
8.90212	0.00760359	0.00765314
8.90401	0.00765314	0.0076965
8.90685	0.0076965	0.00773443
8.91472	0.00773443	0.00751763
8.91693	0.00751763	0.00732792
8.91882	0.00732792	0.00716193
8.92196	0.00716193	0.00714169
8.92385	0.00714169	0.00712398
8.92699	0.00712398	0.00723348
8.92888	0.00723348	0.0072043
8.93202	0.0072043	0.00742876
8.93391	0.00742876	0.00737516
8.93705	0.00737516	0.00757827
8.93894	0.00757827	0.00738098
8.94083	0.00738098	0.00733336
8.94302	0.00733336	0.00716669
8.94491	0.00716669	0.00702085
8.9468	0.00702085	0.00689325
8.949	0.00689325	0.00665659
8.95089	0.00665659	0.00657452
8.95277	0.00657452	0.0065027
8.95593	0.0065027	0.00656486
8.96379	0.00656486	0.00649425
8.966	0.00649425	0.00668247
8.96789	0.00668247	0.00659716
8.97103	0.00659716	0.00677252
8.97292	0.00677252	0.00667595
8.97606	0.00667595	0.00696646
8.97795	0.00696646	0.00684565
8.98109	0.00684565	0.00711494
8.98298	0.00711494	0.00697558
8.98612	0.00697558	0.00722863
8.98801	0.00722863	0.00720005
8.9899	0.00720005	0.00717504
8.9921	0.00717504	0.00702816
8.99399	0.00702816	0.00677464
8.99588	0.00677464	0.00667781
8.99807	0.00667781	0.00659308
8.99996	0.00659308	0.00651895
9.00185	0.00651895	0.00645408
9.00405	0.00645408	0.00639732
9.00594	0.00639732	0.00634765
9.00782	0.00634765	0.0063042
9.01002	0.0063042	0.00626617
9.01191	0.00626617	0.0062329
9.0138	0.0062329	0.00620379
9.01569	0.00620379	0.00642831
9.01757	0.00642831	0.00649977
9.01946	0.00649977	0.0066873
9.02135	0.0066873	0.00685139
9.02324	0.00685139	0.00699496
9.02513	0.00699496	0.00712059
9.02701	0.00712059	0.00723052
9.0289	0.00723052	0.0072017
9.03079	0.0072017	0.00717649
9.03268	0.00717649	0.00715443
9.03457	0.00715443	0.00713512
9.03645	0.00713512	0.00724323
9.03834	0.00724323	0.00733783
9.04023	0.00733783	0.0074206
9.04212	0.0074206	0.00749302
9.04401	0.00749302	0.0075564
9.04589	0.0075564	0.00748685
9.04778	0.00748685	0.00742599
9.04967	0.00742599	0.00737274
9.05156	0.00737274	0.00732615
9.05345	0.00732615	0.00741038
9.05533	0.00741038	0.00748408
9.05722	0.00748408	0.00754857
9.05911	0.00754857	0.007605
9.061	0.007605	0.00752937
9.06289	0.00752937	0.0074632
9.06477	0.0074632	0.0074053
9.06666	0.0074053	0.00735464
9.06855	0.00735464	0.00743531
9.07044	0.00743531	0.00750589
9.07233	0.00750589	0.00756766
9.07421	0.00756766	0.0076217
9.0761	0.0076217	0.00766899
9.07799	0.00766899	0.00758536
9.07988	0.00758536	0.00751219
9.08177	0.00751219	0.00744817
9.08365	0.00744817	0.00739215
9.0865	0.00739215	0.00759313
9.09436	0.00759313	0.00739399
9.09657	0.00739399	0.00721974
9.09846	0.00721974	0.00706727
9.1016	0.00706727	0.00705886
9.10349	0.00705886	0.0070515
9.10663	0.0070515	0.00717006
9.11671	0.00717006	0.00689881
9.11861	0.00689881	0.00678646
9.12174	0.00678646	0.00681315
9.12458	0.00681315	0.0067115
9.12771	0.0067115	0.00662257
9.13056	0.00662257	0.00654475
9.13274	0.00654475	0.00672665
9.13559	0.00672665	0.00688582
9.13777	0.00688582	0.00690009
9.14062	0.00690009	0.00703758
9.1428	0.00703758	0.00703288
9.14565	0.00703288	0.00715377
9.14783	0.00715377	0.00713455
9.15068	0.00713455	0.00724273
9.15286	0.00724273	0.00721239
9.15475	0.00721239	0.00718584
9.15665	0.00718584	0.00703761
9.15884	0.00703761	0.00690791
9.16073	0.00690791	0.00679442
9.16263	0.00679442	0.00669511
9.16481	0.00669511	0.00660822
9.1667	0.00660822	0.0065322
9.1686	0.0065322	0.00646567
9.17079	0.00646567	0.00640746
9.17268	0.00640746	0.00635653
9.17458	0.00635653	0.00631196
9.17676	0.00631196	0.00627297
9.17865	0.00627297	0.00623884
9.18054	0.00623884	0.00645899
9.18243	0.00645899	0.00665161
9.18527	0.00665161	0.00694516
9.19313	0.00694516	0.00682702
9.19534	0.00682702	0.00672364
9.19723	0.00672364	0.00663318
9.20037	0.00663318	0.00667904
9.20226	0.00667904	0.00671916
9.2054	0.00671916	0.00687926
9.20729	0.00687926	0.00689435
9.21044	0.00689435	0.00703256
9.21232	0.00703256	0.00702849
9.21547	0.00702849	0.00714993
9.21735	0.00714993	0.00713119
9.21924	0.00713119	0.00711479
9.22837	0.00711479	0.00685044
9.23026	0.00685044	0.00674413
9.23247	0.00674413	0.00665112
9.23529	0.00665112	0.00669473
9.2375	0.00669473	0.00673289
9.24032	0.00673289	0.00689127
9.24253	0.00689127	0.00690486
9.24535	0.00690486	0.00704176
9.24756	0.00704176	0.00703654
9.25038	0.00703654	0.00715697
9.25259	0.00715697	0.00713735
9.25541	0.00713735	0.00724518
9.25762	0.00724518	0.00721453
9.25951	0.00721453	0.00718771
9.2614	0.00718771	0.00703925
9.2636	0.00703925	0.00690934
9.26548	0.00690934	0.00679567
9.26737	0.00679567	0.00669621
9.26957	0.00669621	0.00660919
9.27146	0.00660919	0.00653304
9.27335	0.00653304	0.00646641
9.27555	0.00646641	0.00640811
9.27743	0.00640811	0.00635709
9.27932	0.00635709	0.00631246
9.28152	0.00631246	0.0062734
9.28341	0.0062734	0.00623922
9.2853	0.00623922	0.00645932
9.28718	0.00645932	0.0066519
9.28907	0.0066519	0.00682042
9.29096	0.00682042	0.00684286
9.29285	0.00684286	0.00686251
9.29474	0.00686251	0.00687969
9.29662	0.00687969	0.00689473
9.29851	0.00689473	0.00703289
9.3004	0.00703289	0.00715378
9.30229	0.00715378	0.00725955
9.30418	0.00725955	0.00735211
9.30606	0.00735211	0.00743309
9.30795	0.00743309	0.00737896
9.30984	0.00737896	0.00733159
9.31173	0.00733159	0.00729014
9.31362	0.00729014	0.00725387
9.3155	0.00725387	0.00734714
9.31739	0.00734714	0.00742874
9.31928	0.00742874	0.00750015
9.32117	0.00750015	0.00756263
9.32306	0.00756263	0.0076173
9.32494	0.0076173	0.00754014
9.32683	0.00754014	0.00747262
9.32872	0.00747262	0.00741354
9.33061	0.00741354	0.00736185
9.3325	0.00736185	0.00744162
9.33438	0.00744162	0.00751142
9.33627	0.00751142	0.00757249
9.33816	0.00757249	0.00762593
9.34005	0.00762593	0.00767269
9.34194	0.00767269	0.0075886
9.34382	0.0075886	0.00751502
9.34571	0.00751502	0.00745065
9.3476	0.00745065	0.00739432
9.34949	0.00739432	0.00747002
9.35138	0.00747002	0.00753627
9.35326	0.00753627	0.00759424
9.35515	0.00759424	0.00764496
9.35704	0.00764496	0.00768934
9.35893	0.00768934	0.00760317
9.36082	0.00760317	0.00752777
9.3627	0.00752777	0.0074618
9.36459	0.0074618	0.00740407
9.36648	0.00740407	0.00747856
9.36837	0.00747856	0.00754374
9.37026	0.00754374	0.00760078
9.37214	0.00760078	0.00765068
9.37403	0.00765068	0.00769434
9.37592	0.00769434	0.00760755
9.37781	0.00760755	0.00753161
9.3797	0.00753161	0.00746516
9.38158	0.00746516	0.00740701
9.38347	0.00740701	0.00748113
9.38536	0.00748113	0.00754599
9.38725	0.00754599	0.00760274
9.38914	0.00760274	0.0076524
9.39102	0.0076524	0.00769585
9.39291	0.00769585	0.00760887
9.3948	0.00760887	0.00753276
9.39669	0.00753276	0.00746616
9.39858	0.00746616	0.00740789
9.40046	0.00740789	0.00748191
9.40235	0.00748191	0.00754667
9.40424	0.00754667	0.00760333
9.40613	0.00760333	0.00765292
9.40802	0.00765292	0.0076963
9.4099	0.0076963	0.00760926
9.41179	0.00760926	0.00753311
9.41368	0.00753311	0.00746647
9.41557	0.00746647	0.00740816
9.41746	0.00740816	0.00748214
9.41934	0.00748214	0.00754687
9.42123	0.00754687	0.00760351
9.42312	0.00760351	0.00765307
9.42501	0.00765307	0.00769644
9.4269	0.00769644	0.00760938
9.42878	0.00760938	0.00753321
9.43067	0.00753321	0.00746656
9.43256	0.00746656	0.00740824
9.43445	0.00740824	0.00748221
9.43634	0.00748221	0.00754693
9.43822	0.00754693	0.00760356
9.44011	0.00760356	0.00765312
9.442	0.00765312	0.00769648
9.44389	0.00769648	0.00760942
9.44578	0.00760942	0.00753324
9.44766	0.00753324	0.00746658
9.44955	0.00746658	0.00740826
9.45144	0.00740826	0.00748223
9.45333	0.00748223	0.00754695
9.45522	0.00754695	0.00760358
9.4571	0.00760358	0.00765313
9.45899	0.00765313	0.00757149
9.46088	0.00757149	0.00750005
9.46277	0.00750005	0.00743755
9.46466	0.00743755	0.00738285
9.46654	0.00738285	0.00745999
9.46843	0.00745999	0.0075275
9.47032	0.0075275	0.00758656
9.47221	0.00758656	0.00763824
9.4741	0.00763824	0.00768346
9.47598	0.00768346	0.00759802
9.47787	0.00759802	0.00752327
9.47976	0.00752327	0.00745786
9.48165	0.00745786	0.00740063
9.48354	0.00740063	0.00747555
9.48542	0.00747555	0.00754111
9.48731	0.00754111	0.00759847
9.4892	0.00759847	0.00764866
9.49109	0.00764866	0.00769258
9.49298	0.00769258	0.007606
9.49486	0.007606	0.00753025
9.49675	0.00753025	0.00746397
9.49864	0.00746397	0.00740597
9.50053	0.00740597	0.00748023
9.50242	0.00748023	0.0075452
9.5043	0.0075452	0.00760205
9.50619	0.00760205	0.00765179
9.50808	0.00765179	0.00769532
9.50997	0.00769532	0.0076084
9.51186	0.0076084	0.00753235
9.51374	0.00753235	0.00746581
9.51563	0.00746581	0.00740758
9.51752	0.00740758	0.00748163
9.51941	0.00748163	0.00754643
9.5213	0.00754643	0.00760312
9.52318	0.00760312	0.00765273
9.52507	0.00765273	0.00769614
9.52696	0.00769614	0.00760912
9.52885	0.00760912	0.00753298
9.53074	0.00753298	0.00746636
9.53262	0.00746636	0.00740806
9.53451	0.00740806	0.00748206
9.5364	0.00748206	0.0075468
9.53829	0.0075468	0.00760345
9.54018	0.00760345	0.00765302
9.54206	0.00765302	0.00769639
9.54395	0.00769639	0.00760934
9.54584	0.00760934	0.00753317
9.54773	0.00753317	0.00746652
9.54962	0.00746652	0.00740821
9.5515	0.00740821	0.00748218
9.55339	0.00748218	0.00754691
9.55528	0.00754691	0.00760354
9.55717	0.00760354	0.0076531
9.55906	0.0076531	0.00769646
9.56094	0.00769646	0.0076094
9.56283	0.0076094	0.00753323
9.56472	0.00753323	0.00746657
9.56661	0.00746657	0.00740825
9.5685	0.00740825	0.00748222
9.57038	0.00748222	0.00754694
9.57227	0.00754694	0.00760357
9.57512	0.00760357	0.00777813
9.58298	0.00777813	0.00743086
9.58519	0.00743086	0.007377
9.58708	0.007377	0.00720488
9.59022	0.00720488	0.00730427
9.59211	0.00730427	0.00726623
9.59525	0.00726623	0.00735795
9.59714	0.00735795	0.00731321
9.60028	0.00731321	0.00739906
9.60217	0.00739906	0.00734917
9.60531	0.00734917	0.00743053
9.6072	0.00743053	0.00737671
9.60909	0.00737671	0.00732962
9.61129	0.00732962	0.00716342
9.61317	0.00716342	0.00701799
9.61506	0.00701799	0.00689074
9.61726	0.00689074	0.0067794
9.61915	0.0067794	0.00668197
9.62104	0.00668197	0.00659673
9.62324	0.00659673	0.00652214
9.62512	0.00652214	0.00645687
9.62701	0.00645687	0.00639976
9.62921	0.00639976	0.00634979
9.6311	0.00634979	0.00630607
9.63299	0.00630607	0.00614281
9.63487	0.00614281	0.00624996
9.63676	0.00624996	0.00634371
9.63865	0.00634371	0.00642575
9.64054	0.00642575	0.00662253
9.64243	0.00662253	0.00679471
9.64431	0.00679471	0.00694537
9.6462	0.00694537	0.0070772
9.64809	0.0070772	0.00719255
9.64998	0.00719255	0.00716848
9.65187	0.00716848	0.00714742
9.65375	0.00714742	0.00712899
9.65564	0.00712899	0.00711287
9.65753	0.00711287	0.00722376
9.65942	0.00722376	0.00732079
9.66131	0.00732079	0.00740569
9.66319	0.00740569	0.00747998
9.66508	0.00747998	0.00754498
9.66697	0.00754498	0.00747686
9.66886	0.00747686	0.00741725
9.67075	0.00741725	0.00736509
9.67263	0.00736509	0.00731945
9.67452	0.00731945	0.00740452
9.67641	0.00740452	0.00747896
9.6783	0.00747896	0.00754409
9.68019	0.00754409	0.00760108
9.68207	0.00760108	0.00765094
9.68396	0.00765094	0.00756957
9.68585	0.00756957	0.00749838
9.68774	0.00749838	0.00743608
9.68963	0.00743608	0.00738157
9.69247	0.00738157	0.00758387
9.70033	0.00758387	0.00738589
9.70254	0.00738589	0.00721265
9.70443	0.00721265	0.00706107
9.70757	0.00706107	0.00705344
9.70946	0.00705344	0.00704676
9.7126	0.00704676	0.00716591
9.71449	0.00716591	0.00714517
9.71764	0.00714517	0.00725202
9.71952	0.00725202	0.00722052
9.72267	0.00722052	0.00731796
9.72455	0.00731796	0.00727821
9.72644	0.00727821	0.00724343
9.72864	0.00724343	0.007088
9.73053	0.007088	0.006952
9.73242	0.006952	0.006833
9.73461	0.006833	0.00672887
9.7365	0.00672887	0.00663777
9.73839	0.00663777	0.00655804
9.74059	0.00655804	0.00648829
9.74248	0.00648829	0.00642725
9.74436	0.00642725	0.00637385
9.74656	0.00637385	0.00632711
9.74845	0.00632711	0.00628622
9.75034	0.00628622	0.00625045
9.75223	0.00625045	0.00646914
9.75412	0.00646914	0.0066605
9.756	0.0066605	0.00682793
9.75789	0.00682793	0.00684944
9.75978	0.00684944	0.00686826
9.76167	0.00686826	0.00688473
9.76356	0.00688473	0.00689914
9.76544	0.00689914	0.00703674
9.76733	0.00703674	0.00715715
9.76922	0.00715715	0.00726251
9.77111	0.00726251	0.00735469
9.773	0.00735469	0.00731036
9.77488	0.00731036	0.00727156
9.77677	0.00727156	0.00723762
9.77866	0.00723762	0.00720791
9.78055	0.00720791	0.00730692
9.78244	0.00730692	0.00739356
9.78432	0.00739356	0.00746936
9.78621	0.00746936	0.00753569
9.7881	0.00753569	0.00759373
9.78999	0.00759373	0.00751951
9.79188	0.00751951	0.00745457
9.79376	0.00745457	0.00739775
9.79565	0.00739775	0.00734803
9.79754	0.00734803	0.00742953
9.79943	0.00742953	0.00750084
9.80132	0.00750084	0.00756323
9.8032	0.00756323	0.00761783
9.80509	0.00761783	0.0076656
9.80698	0.0076656	0.0075824
9.80887	0.0075824	0.0075096
9.81076	0.0075096	0.0074459
9.81264	0.0074459	0.00739016
9.81453	0.00739016	0.00746639
9.81642	0.00746639	0.00753309
9.81831	0.00753309	0.00759145
9.8202	0.00759145	0.00764252
9.82208	0.00764252	0.00768721
9.82397	0.00768721	0.00760131
9.82586	0.00760131	0.00752614
9.82775	0.00752614	0.00746037
9.82964	0.00746037	0.00740283
9.83152	0.00740283	0.00747747
9.83341	0.00747747	0.00754279
9.8353	0.00754279	0.00759994
9.83719	0.00759994	0.00764995
9.83908	0.00764995	0.0076937
9.84096	0.0076937	0.00760699
9.84285	0.00760699	0.00753111
9.84474	0.00753111	0.00746473
9.84663	0.00746473	0.00740663
9.84852	0.00740663	0.0074808
9.8504	0.0074808	0.0075457
9.85229	0.0075457	0.00760249
9.85418	0.00760249	0.00765218
9.85607	0.00765218	0.00769566
9.85796	0.00769566	0.0076087
9.85984	0.0076087	0.00753261
9.86173	0.00753261	0.00746603
9.86362	0.00746603	0.00740778
9.86551	0.00740778	0.00748181
9.8674	0.00748181	0.00754658
9.86928	0.00754658	0.00760326
9.87117	0.00760326	0.00765285
9.87306	0.00765285	0.00769624
9.87495	0.00769624	0.00760921
9.87684	0.00760921	0.00753306
9.87872	0.00753306	0.00746643
9.88061	0.00746643	0.00740812
9.8825	0.00740812	0.00748211
9.88439	0.00748211	0.00754684
9.88628	0.00754684	0.00760349
9.88816	0.00760349	0.00765305
9.89005	0.00765305	0.00769642
9.89194	0.00769642	0.00760936
9.89383	0.00760936	0.00753319
9.89572	0.00753319	0.00746654
9.8976	0.00746654	0.00740823
9.89949	0.00740823	0.0074822
9.90138	0.0074822	0.00754692
9.90327	0.00754692	0.00760356
9.90516	0.00760356	0.00765311
9.90704	0.00765311	0.00769647
9.90893	0.00769647	0.00760941
9.91082	0.00760941	0.00753324
9.91271	0.00753324	0.00746658
9.9146	0.00746658	0.00740826
9.91648	0.00740826	0.00748223
9.91837	0.00748223	0.00754695
9.92026	0.00754695	0.00760358
9.92215	0.00760358	0.00765313
9.92404	0.00765313	0.00769649
9.92592	0.00769649	0.00760943
9.92781	0.00760943	0.00753325
9.9297	0.00753325	0.00746659
9.93159	0.00746659	0.00740827
9.93348	0.00740827	0.00748223
9.93536	0.00748223	0.00754695
9.93725	0.00754695	0.00760358
9.93914	0.00760358	0.00765314
9.94103	0.00765314	0.00769649
9.94292	0.00769649	0.00760943
9.9448	0.00760943	0.00753325
9.94669	0.00753325	0.0074666
9.94858	0.0074666	0.00740827
9.95047	0.00740827	0.00748224
9.95236	0.00748224	0.00754696
9.95424	0.00754696	0.00760359
9.95613	0.00760359	0.00765314
9.95802	0.00765314	0.00769649
9.95991	0.00769649	0.00760943
9.9618	0.00760943	0.00753325
9.96368	0.00753325	0.0074666
9.96557	0.0074666	0.00740827
9.96746	0.00740827	0.00748224
9.96935	0.00748224	0.00754696
9.97124	0.00754696	0.00760359
9.97312	0.00760359	0.00765314
9.97501	0.00765314	0.0076965
9.9769	0.0076965	0.00760943
9.97879	0.00760943	0.00753325
9.98068	0.00753325	0.0074666
9.98256	0.0074666	0.00740827
9.98445	0.00740827	0.00748224
9.98634	0.00748224	0.00754696
9.98823	0.00754696	0.00760359
9.99012	0.00760359	0.00765314
9.992	0.00765314	0.0076965
9.99389	0.0076965	0.00760943
9.99578	0.00760943	0.00753325
9.99767	0.00753325	0.0074666
9.99956	0.0074666	0.00740827
10.0014	0.00740827	0.00748224
10.0033	0.00748224	0.00754696
10.0052	0.00754696	0.00760359
10.0071	0.00760359	0.00765314
10.009	0.00765314	0.0075715
10.0109	0.0075715	0.00750006
10.0128	0.00750006	0.00743755
10.0147	0.00743755	0.00738286
10.0165	0.00738286	0.00746
10.0184	0.00746	0.0075275
10.0203	0.0075275	0.00758656
10.0222	0.00758656	0.00763824
10.0241	0.00763824	0.00768346
10.026	0.00768346	0.00759803
10.0279	0.00759803	0.00752327
10.0298	0.00752327	0.00745786
10.0317	0.00745786	0.00740063
10.0335	0.00740063	0.00747555
10.0354	0.00747555	0.00754111
10.0373	0.00754111	0.00759847
10.0468	0.00759847	0.00727366
10.049	0.00727366	0.00711445
10.0509	0.00711445	0.00697514
10.054	0.00697514	0.00697825
10.0559	0.00697825	0.00698097
10.059	0.00698097	0.00723335
10.0609	0.00723335	0.00720418
10.0641	0.00720418	0.00742866
10.0659	0.00742866	0.00725007
10.0691	0.00725007	0.00746881
10.071	0.00746881	0.00728521
10.0729	0.00728521	0.00724956
10.0751	0.00724956	0.00709336
10.077	0.00709336	0.00695669
10.0788	0.00695669	0.00683711
10.081	0.00683711	0.00673247
10.0829	0.00673247	0.00664091
10.0848	0.00664091	0.00656079
10.087	0.00656079	0.00649069
10.0889	0.00649069	0.00642936
10.0908	0.00642936	0.00637569
10.093	0.00637569	0.00620373
10.0949	0.00620373	0.00617826
10.0968	0.00617826	0.00615598
10.0986	0.00615598	0.00638648
10.1005	0.00638648	0.00658817
10.1024	0.00658817	0.00676465
10.1043	0.00676465	0.00691907
10.1062	0.00691907	0.00705418
10.1081	0.00705418	0.00717241
10.11	0.00717241	0.00715086
10.1119	0.00715086	0.007132
10.1138	0.007132	0.0071155
10.1156	0.0071155	0.00710106
10.1175	0.00710106	0.00721343
10.1194	0.00721343	0.00731175
10.1223	0.00731175	0.00752278
10.1301	0.00752278	0.00733243
10.1323	0.00733243	0.00716588
10.1342	0.00716588	0.00702014
10.1374	0.00702014	0.00701762
10.1393	0.00701762	0.00701542
10.1424	0.00701542	0.00713849
10.1443	0.00713849	0.00712118
10.1474	0.00712118	0.00723103
10.1493	0.00723103	0.00720215
10.1525	0.00720215	0.00730188
10.1543	0.00730188	0.00726415
10.1562	0.00726415	0.00723113
10.1584	0.00723113	0.00707724
10.1603	0.00707724	0.00694258
10.1622	0.00694258	0.00682476
10.1644	0.00682476	0.00672166
10.1663	0.00672166	0.00663146
10.1682	0.00663146	0.00655252
10.1704	0.00655252	0.00648346
10.1723	0.00648346	0.00642302
10.1742	0.00642302	0.00637015
10.1764	0.00637015	0.00632388
10.1792	0.00632388	0.00640839
10.1871	0.00640839	0.00635734
10.1893	0.00635734	0.00643768
10.1912	0.00643768	0.00638296
10.1943	0.00638296	0.00646009
10.1962	0.00646009	0.00652758
10.1993	0.00652758	0.00671163
10.2012	0.00671163	0.00674768
10.2044	0.00674768	0.00690422
10.2063	0.00690422	0.00691619
10.2094	0.00691619	0.00705167
10.2113	0.00705167	0.00704521
10.2132	0.00704521	0.00703956
10.2154	0.00703956	0.00690961
10.2173	0.00690961	0.00679591
10.2191	0.00679591	0.00669642
10.2213	0.00669642	0.00660937
10.2232	0.00660937	0.0065332
10.2251	0.0065332	0.00646655
10.2273	0.00646655	0.00640823
10.2292	0.00640823	0.0063572
10.2311	0.0063572	0.00631255
10.2333	0.00631255	0.00627348
10.2352	0.00627348	0.00623929
10.2371	0.00623929	0.00620938
10.239	0.00620938	0.00630821
10.2408	0.00630821	0.00639468
10.2427	0.00639468	0.00647035
10.2446	0.00647035	0.00653655
10.2465	0.00653655	0.00671948
10.2484	0.00671948	0.00687955
10.2503	0.00687955	0.0070196
10.2522	0.0070196	0.00714215
10.2541	0.00714215	0.00724938
10.2559	0.00724938	0.00721821
10.2578	0.00721821	0.00719093
10.2597	0.00719093	0.00716707
10.2616	0.00716707	0.00714618
10.2635	0.00714618	0.00725291
10.2654	0.00725291	0.0073463
10.2673	0.0073463	0.00742801
10.2692	0.00742801	0.00749951
10.272	0.00749951	0.00768707
10.2799	0.00768707	0.00747618
10.2821	0.00747618	0.00741666
10.284	0.00741666	0.00723958
10.2871	0.00723958	0.00733463
10.289	0.00733463	0.0072928
10.2921	0.0072928	0.0075062
10.294	0.0075062	0.00744292
10.2972	0.00744292	0.00751256
10.2991	0.00751256	0.00744849
10.3022	0.00744849	0.00751743
10.3041	0.00751743	0.00745275
10.306	0.00745275	0.00727115
10.3082	0.00727115	0.00711226
10.3101	0.00711226	0.00697323
10.312	0.00697323	0.00685157
10.3142	0.00685157	0.00674513
10.316	0.00674513	0.00665198
10.3179	0.00665198	0.00657049
10.3201	0.00657049	0.00649918
10.322	0.00649918	0.00643678
10.3239	0.00643678	0.00638218
10.3261	0.00638218	0.00633441
10.328	0.00633441	0.00616761
10.3299	0.00616761	0.00614666
10.3318	0.00614666	0.00637832
10.3337	0.00637832	0.00645603
10.3355	0.00645603	0.00664903
10.3374	0.00664903	0.0068179
10.3393	0.0068179	0.00696566
10.3412	0.00696566	0.00709495
10.3431	0.00709495	0.00720808
10.345	0.00720808	0.00718207
10.3469	0.00718207	0.00715931
10.3488	0.00715931	0.0071394
10.3506	0.0071394	0.00712197
10.3525	0.00712197	0.00723173
10.3544	0.00723173	0.00732776
10.3563	0.00732776	0.00741179
10.3582	0.00741179	0.00748532
10.3601	0.00748532	0.00754965
10.362	0.00754965	0.00748094
10.3639	0.00748094	0.00742083
10.3658	0.00742083	0.00736822
10.3676	0.00736822	0.00732219
10.3695	0.00732219	0.00740692
10.3714	0.00740692	0.00748105
10.3733	0.00748105	0.00754592
10.3752	0.00754592	0.00760268
10.3771	0.00760268	0.00765234
10.379	0.00765234	0.0075708
10.3809	0.0075708	0.00749945
10.3827	0.00749945	0.00743702
10.3846	0.00743702	0.00738239
10.3865	0.00738239	0.00745959
10.3884	0.00745959	0.00752714
10.3903	0.00752714	0.00758625
10.3922	0.00758625	0.00763797
10.3941	0.00763797	0.00768322
10.396	0.00768322	0.00759782
10.3978	0.00759782	0.00752309
10.3997	0.00752309	0.0074577
10.4016	0.0074577	0.00740049
10.4035	0.00740049	0.00747543
10.4054	0.00747543	0.007541
10.4073	0.007541	0.00759837
10.4092	0.00759837	0.00764858
10.4111	0.00764858	0.0076925
10.413	0.0076925	0.00760594
10.4148	0.00760594	0.0075302
10.4167	0.0075302	0.00746392
10.4186	0.00746392	0.00740593
10.4205	0.00740593	0.00748019
10.4224	0.00748019	0.00754517
10.4243	0.00754517	0.00760202
10.4262	0.00760202	0.00765177
10.4281	0.00765177	0.0076953
10.4299	0.0076953	0.00760838
10.4318	0.00760838	0.00753234
10.4337	0.00753234	0.00746579
10.4356	0.00746579	0.00740757
10.4375	0.00740757	0.00748162
10.4394	0.00748162	0.00754642
10.4413	0.00754642	0.00760312
10.4432	0.00760312	0.00765273
10.445	0.00765273	0.00769613
10.4469	0.00769613	0.00760912
10.4488	0.00760912	0.00753298
10.4507	0.00753298	0.00746636
10.4526	0.00746636	0.00740806
10.4545	0.00740806	0.00748205
10.4564	0.00748205	0.0075468
10.4583	0.0075468	0.00760345
10.4602	0.00760345	0.00765301
10.462	0.00765301	0.00769639
10.4639	0.00769639	0.00760934
10.4658	0.00760934	0.00753317
10.4677	0.00753317	0.00746652
10.4696	0.00746652	0.00740821
10.4715	0.00740821	0.00748218
10.4734	0.00748218	0.00754691
10.4753	0.00754691	0.00760354
10.4771	0.00760354	0.0076531
10.479	0.0076531	0.00769646
10.4809	0.00769646	0.0076094
10.4828	0.0076094	0.00753323
10.4847	0.00753323	0.00746657
10.4866	0.00746657	0.00740825
10.4885	0.00740825	0.00748222
10.4904	0.00748222	0.00754694
10.4922	0.00754694	0.00760357
10.4941	0.00760357	0.00765313
10.496	0.00765313	0.00769649
10.4979	0.00769649	0.00760943
10.4998	0.00760943	0.00753325
10.5017	0.00753325	0.00746659
10.5036	0.00746659	0.00740827
10.5055	0.00740827	0.00748223
10.5074	0.00748223	0.00754695
10.5092	0.00754695	0.00760358
10.5111	0.00760358	0.00765314
10.513	0.00765314	0.00769649
10.5149	0.00769649	0.00760943
10.5168	0.00760943	0.00753325
10.5187	0.00753325	0.0074666
10.5206	0.0074666	0.00740827
10.5225	0.00740827	0.00748224
10.5243	0.00748224	0.00754696
10.5262	0.00754696	0.00760359
10.5281	0.00760359	0.00765314
10.53	0.00765314	0.00769649
10.5319	0.00769649	0.00760943
10.5338	0.00760943	0.00753325
10.5357	0.00753325	0.0074666
10.5376	0.0074666	0.00740827
10.5394	0.00740827	0.00748224
10.5413	0.00748224	0.00754696
10.5432	0.00754696	0.00760359
10.5451	0.00760359	0.00765314
10.547	0.00765314	0.0075715
10.5489	0.0075715	0.00750006
10.5508	0.00750006	0.00743755
10.5527	0.00743755	0.00738286
10.5546	0.00738286	0.00746
10.5564	0.00746	0.0075275
10.5583	0.0075275	0.00758656
10.5602	0.00758656	0.00763824
10.5621	0.00763824	0.00768346
10.564	0.00768346	0.00759803
10.5659	0.00759803	0.00752327
10.5678	0.00752327	0.00745786
10.5697	0.00745786	0.00740063
10.5715	0.00740063	0.00747555
10.5734	0.00747555	0.00754111
10.5753	0.00754111	0.00759847
10.5772	0.00759847	0.00764866
10.5791	0.00764866	0.00769258
10.581	0.00769258	0.007606
10.5829	0.007606	0.00753025
10.5848	0.00753025	0.00746397
10.5866	0.00746397	0.00740597
10.5885	0.00740597	0.00748023
10.5904	0.00748023	0.0075452
10.5923	0.0075452	0.00760205
10.5942	0.00760205	0.00765179
10.5961	0.00765179	0.00769532
10.598	0.00769532	0.0076084
10.5999	0.0076084	0.00753235
10.6018	0.00753235	0.00746581
10.6036	0.00746581	0.00740758
10.6055	0.00740758	0.00748163
10.6074	0.00748163	0.00754643
10.6093	0.00754643	0.00760312
10.6112	0.00760312	0.00765273
10.6131	0.00765273	0.00769614
10.615	0.00769614	0.00760912
10.6169	0.00760912	0.00753298
10.6187	0.00753298	0.00746636
10.6206	0.00746636	0.00740807
10.6225	0.00740807	0.00748206
10.6244	0.00748206	0.0075468
10.6263	0.0075468	0.00760345
10.6282	0.00760345	0.00765302
10.6301	0.00765302	0.00769639
10.632	0.00769639	0.00760934
10.6338	0.00760934	0.00753317
10.6357	0.00753317	0.00746652
10.6376	0.00746652	0.00740821
10.6395	0.00740821	0.00748218
10.6414	0.00748218	0.00754691
10.6433	0.00754691	0.00760354
10.6452	0.00760354	0.0076531
10.6471	0.0076531	0.00769646
10.649	0.00769646	0.0076094
10.6508	0.0076094	0.00753323
10.6527	0.00753323	0.00746657
10.6546	0.00746657	0.00740825
10.6565	0.00740825	0.00748222
10.6584	0.00748222	0.00754694
10.6603	0.00754694	0.00760357
10.6697	0.00760357	0.00727813
10.6719	0.00727813	0.00711836
10.6738	0.00711836	0.00697857
10.677	0.00697857	0.00698124
10.6788	0.00698124	0.00698359
10.682	0.00698359	0.00711064
10.6839	0.00711064	0.00709681
10.687	0.00709681	0.00733471
10.6889	0.00733471	0.00729287
10.6921	0.00729287	0.00750626
10.6939	0.00750626	0.00731798
10.6958	0.00731798	0.00727823
10.698	0.00727823	0.00711845
10.6999	0.00711845	0.00697864
10.7018	0.00697864	0.00685631
10.704	0.00685631	0.00674927
10.7059	0.00674927	0.00665561
10.7078	0.00665561	0.00657366
10.71	0.00657366	0.00637695
10.7119	0.00637695	0.00632983
10.7138	0.00632983	0.0062886
10.7159	0.0062886	0.00625253
10.7178	0.00625253	0.00622096
10.7197	0.00622096	0.00619334
10.7216	0.00619334	0.00641917
10.7235	0.00641917	0.00661678
10.7254	0.00661678	0.00678968
10.7273	0.00678968	0.00694097
10.7292	0.00694097	0.00707335
10.7311	0.00707335	0.00718918
10.7329	0.00718918	0.00716553
10.7348	0.00716553	0.00714484
10.7367	0.00714484	0.00712673
10.7386	0.00712673	0.00711089
10.7405	0.00711089	0.00722203
10.7424	0.00722203	0.00731928
10.7443	0.00731928	0.00740436
10.7462	0.00740436	0.00747882
10.748	0.00747882	0.00754397
10.7499	0.00754397	0.00747597
10.7518	0.00747597	0.00741647
10.7537	0.00741647	0.00736441
10.7556	0.00736441	0.00731886
10.7575	0.00731886	0.007404
10.7594	0.007404	0.0074785
10.7613	0.0074785	0.00754369
10.7631	0.00754369	0.00760073
10.765	0.00760073	0.00765064
10.7669	0.00765064	0.00756931
10.7688	0.00756931	0.00749814
10.7707	0.00749814	0.00743587
10.7726	0.00743587	0.00738139
10.7745	0.00738139	0.00745872
10.7764	0.00745872	0.00752638
10.7783	0.00752638	0.00758558
10.7801	0.00758558	0.00763738
10.782	0.00763738	0.00768271
10.7839	0.00768271	0.00759737
10.7858	0.00759737	0.0075227
10.7877	0.0075227	0.00745736
10.7896	0.00745736	0.00740019
10.7915	0.00740019	0.00747516
10.7934	0.00747516	0.00754077
10.7952	0.00754077	0.00759817
10.7971	0.00759817	0.0076484
10.799	0.0076484	0.00769235
10.8009	0.00769235	0.00760581
10.8028	0.00760581	0.00753008
10.8047	0.00753008	0.00746382
10.8066	0.00746382	0.00740584
10.8085	0.00740584	0.00748011
10.8103	0.00748011	0.0075451
10.8122	0.0075451	0.00760196
10.8141	0.00760196	0.00765171
10.816	0.00765171	0.00769525
10.8179	0.00769525	0.00760834
10.8198	0.00760834	0.0075323
10.8217	0.0075323	0.00746576
10.8236	0.00746576	0.00740754
10.8255	0.00740754	0.0074816
10.8273	0.0074816	0.0075464
10.8292	0.0075464	0.0076031
10.8311	0.0076031	0.00765271
10.833	0.00765271	0.00769612
10.8349	0.00769612	0.0076091
10.8368	0.0076091	0.00753297
10.8387	0.00753297	0.00746635
10.8406	0.00746635	0.00740805
10.8424	0.00740805	0.00748204
10.8443	0.00748204	0.00754679
10.8462	0.00754679	0.00760344
10.8481	0.00760344	0.00765301
10.85	0.00765301	0.00757138
10.8519	0.00757138	0.00749996
10.8538	0.00749996	0.00743746
10.8557	0.00743746	0.00738278
10.8575	0.00738278	0.00745993
10.8594	0.00745993	0.00752744
10.8613	0.00752744	0.00758651
10.8632	0.00758651	0.0076382
10.8651	0.0076382	0.00768342
10.8679	0.00768342	0.00772299
10.8758	0.00772299	0.00750762
10.878	0.00750762	0.00744416
10.8799	0.00744416	0.00726364
10.883	0.00726364	0.00735569
10.8849	0.00735569	0.00718623
10.8881	0.00718623	0.00741295
10.89	0.00741295	0.00723633
10.8931	0.00723633	0.00745679
10.895	0.00745679	0.00727469
10.8981	0.00727469	0.00749035
10.9	0.00749035	0.00742906
10.9019	0.00742906	0.00737542
10.9041	0.00737542	0.0072035
10.906	0.0072035	0.00705306
10.9079	0.00705306	0.00692143
10.9101	0.00692143	0.00680625
10.912	0.00680625	0.00658047
10.9139	0.00658047	0.00650791
10.9161	0.00650791	0.00644442
10.918	0.00644442	0.00638886
10.9198	0.00638886	0.00634026
10.922	0.00634026	0.00629772
10.9239	0.00629772	0.00626051
10.9258	0.00626051	0.00622794
10.9277	0.00622794	0.00644945
10.9296	0.00644945	0.00651827
10.9315	0.00651827	0.00670349
10.9334	0.00670349	0.00686555
10.9353	0.00686555	0.00700735
10.9371	0.00700735	0.00713144
10.939	0.00713144	0.00724
10.9409	0.00724	0.00721
10.9428	0.00721	0.00718375
10.9447	0.00718375	0.00716078
10.9466	0.00716078	0.00714068
10.9485	0.00714068	0.0072481
10.9504	0.0072481	0.00734209
10.9522	0.00734209	0.00742432
10.9541	0.00742432	0.00749628
10.956	0.00749628	0.00755925
10.9579	0.00755925	0.00748934
10.9598	0.00748934	0.00742817
10.9617	0.00742817	0.00737465
10.9636	0.00737465	0.00732782
10.9655	0.00732782	0.00741184
10.9674	0.00741184	0.00748536
10.9692	0.00748536	0.00754969
10.9711	0.00754969	0.00760598
10.973	0.00760598	0.00765523
10.9749	0.00765523	0.00757333
10.9768	0.00757333	0.00750166
10.9787	0.00750166	0.00743895
10.9806	0.00743895	0.00738408
10.9825	0.00738408	0.00746107
10.9843	0.00746107	0.00752844
10.9862	0.00752844	0.00758738
10.9881	0.00758738	0.00763896
10.99	0.00763896	0.00768409
10.9919	0.00768409	0.00759858
10.9938	0.00759858	0.00752376
10.9957	0.00752376	0.00745829
10.9976	0.00745829	0.007401
10.9994	0.007401	0.00747587
11.0013	0.00747587	0.00754139
11.0032	0.00754139	0.00759871
11.0051	0.00759871	0.00764888
11.007	0.00764888	0.00756776
11.0089	0.00756776	0.00749679
11.0108	0.00749679	0.00743469
11.0127	0.00743469	0.00738036
11.0146	0.00738036	0.00745781
11.0164	0.00745781	0.00752558
11.0183	0.00752558	0.00758489
11.0202	0.00758489	0.00763678
11.0221	0.00763678	0.00768218
11.024	0.00768218	0.00759691
11.0259	0.00759691	0.00752229
11.0278	0.00752229	0.007457
11.0297	0.007457	0.00739988
11.0315	0.00739988	0.00747489
11.0334	0.00747489	0.00754053
11.0353	0.00754053	0.00759796
11.0372	0.00759796	0.00764822
11.0391	0.00764822	0.00769219
11.041	0.00769219	0.00760567
11.0429	0.00760567	0.00752996
11.0448	0.00752996	0.00746371
11.0466	0.00746371	0.00740575
11.0485	0.00740575	0.00748003
11.0504	0.00748003	0.00754503
11.0523	0.00754503	0.0076019
11.0542	0.0076019	0.00765166
11.0561	0.00765166	0.0076952
11.058	0.0076952	0.0076083
11.0599	0.0076083	0.00753226
11.0618	0.00753226	0.00746573
11.0636	0.00746573	0.00740751
11.0655	0.00740751	0.00748157
11.0674	0.00748157	0.00754638
11.0693	0.00754638	0.00760308
11.0712	0.00760308	0.00765269
11.0731	0.00765269	0.00769611
11.075	0.00769611	0.00760909
11.0769	0.00760909	0.00753296
11.0787	0.00753296	0.00746634
11.0806	0.00746634	0.00740804
11.0825	0.00740804	0.00748204
11.0844	0.00748204	0.00754678
11.0863	0.00754678	0.00760344
11.0882	0.00760344	0.00765301
11.0901	0.00765301	0.00769638
11.092	0.00769638	0.00760933
11.0938	0.00760933	0.00753316
11.0957	0.00753316	0.00746652
11.0976	0.00746652	0.0074082
11.0995	0.0074082	0.00748218
11.1014	0.00748218	0.0075469
11.1033	0.0075469	0.00760354
11.1052	0.00760354	0.0076531
11.1071	0.0076531	0.00769646
11.109	0.00769646	0.0076094
11.1108	0.0076094	0.00753323
11.1127	0.00753323	0.00746657
11.1146	0.00746657	0.00740825
11.1165	0.00740825	0.00748222
11.1184	0.00748222	0.00754694
11.1203	0.00754694	0.00760357
11.1222	0.00760357	0.00765313
11.1241	0.00765313	0.00769648
11.1259	0.00769648	0.00760942
11.1278	0.00760942	0.00753325
11.1297	0.00753325	0.00746659
11.1316	0.00746659	0.00740826
11.1335	0.00740826	0.00748223
11.1354	0.00748223	0.00754695
11.1373	0.00754695	0.00760358
11.1392	0.00760358	0.00765314
11.141	0.00765314	0.00769649
11.1429	0.00769649	0.00760943
11.1448	0.00760943	0.00753325
11.1467	0.00753325	0.0074666
11.1486	0.0074666	0.00740827
11.1505	0.00740827	0.00748224
11.1524	0.00748224	0.00754696
11.1543	0.00754696	0.00760359
11.1562	0.00760359	0.00765314
11.158	0.00765314	0.00769649
11.1599	0.00769649	0.00760943
11.1618	0.00760943	0.00753325
11.1637	0.00753325	0.0074666
11.1656	0.0074666	0.00740827
11.1675	0.00740827	0.00748224
11.1694	0.00748224	0.00754696
11.1713	0.00754696	0.00760359
11.1731	0.00760359	0.00765314
11.175	0.00765314	0.0076965
11.1769	0.0076965	0.00760943
11.1788	0.00760943	0.00753325
11.1807	0.00753325	0.0074666
11.1826	0.0074666	0.00740827
11.1845	0.00740827	0.00748224
11.1864	0.00748224	0.00754696
11.1882	0.00754696	0.00760359
11.1901	0.00760359	0.00765314
11.192	0.00765314	0.0076965
11.1939	0.0076965	0.00760943
11.1958	0.00760943	0.00753325
11.1977	0.00753325	0.0074666
11.1996	0.0074666	0.00740827
11.2015	0.00740827	0.00748224
11.2034	0.00748224	0.00754696
11.2052	0.00754696	0.00760359
11.2071	0.00760359	0.00765314
11.209	0.00765314	0.0076965
11.2109	0.0076965	0.00760943
11.2128	0.00760943	0.00753325
11.2147	0.00753325	0.0074666
11.2166	0.0074666	0.00740827
11.2185	0.00740827	0.00748224
11.2203	0.00748224	0.00754696
11.2222	0.00754696	0.00760359
11.2241	0.00760359	0.00765314
11.226	0.00765314	0.0076965
11.2279	0.0076965	0.00760943
11.2298	0.00760943	0.00753325
11.2317	0.00753325	0.0074666
11.2336	0.0074666	0.00740827
11.2354	0.00740827	0.00748224
11.2373	0.00748224	0.00754696
11.2392	0.00754696	0.00760359
11.2411	0.00760359	0.00765314
11.243	0.00765314	0.0075715
11.2449	0.0075715	0.00750006
11.2468	0.00750006	0.00743755
11.2487	0.00743755	0.00738286
11.2506	0.00738286	0.00746
11.2524	0.00746	0.0075275
11.2543	0.0075275	0.00758656
11.2562	0.00758656	0.00763824
11.2581	0.00763824	0.00768346
11.26	0.00768346	0.00759803
11.2694	0.00759803	0.00739827
11.2716	0.00739827	0.00722349
11.2735	0.00722349	0.00707055
11.2767	0.00707055	0.00706173
11.2786	0.00706173	0.00705402
11.2817	0.00705402	0.00717226
11.2836	0.00717226	0.00715073
11.2867	0.00715073	0.00725689
11.2886	0.00725689	0.00722478
11.2918	0.00722478	0.00732168
11.2937	0.00732168	0.00728147
11.2955	0.00728147	0.00724628
11.2977	0.00724628	0.0070905
11.2996	0.0070905	0.00695419
11.3015	0.00695419	0.00683491
11.3037	0.00683491	0.00673055
11.3056	0.00673055	0.00663923
11.3075	0.00663923	0.00655932
11.3097	0.00655932	0.00648941
11.3116	0.00648941	0.00642823
11.3147	0.00642823	0.0064997
11.3226	0.0064997	0.00643724
11.3248	0.00643724	0.00650758
11.3267	0.00650758	0.00644414
11.3298	0.00644414	0.00651362
11.3399	0.00651362	0.00632442
11.3418	0.00632442	0.00628386
11.3449	0.00628386	0.00637338
11.3478	0.00637338	0.00632671
11.3509	0.00632671	0.00628587
11.3538	0.00628587	0.00625014
11.3569	0.00625014	0.00621887
11.3588	0.00621887	0.00644151
11.3619	0.00644151	0.00663632
11.3638	0.00663632	0.00668178
11.3669	0.00668178	0.00684656
11.3688	0.00684656	0.00686574
11.372	0.00686574	0.00700752
11.3739	0.00700752	0.00700658
11.377	0.00700658	0.00725576
11.3789	0.00725576	0.00722379
11.3808	0.00722379	0.00719581
11.383	0.00719581	0.00692133
11.3849	0.00692133	0.00680617
11.3868	0.00680617	0.0067054
11.389	0.0067054	0.00661722
11.3909	0.00661722	0.00654007
11.3927	0.00654007	0.00647256
11.3949	0.00647256	0.00641349
11.3968	0.00641349	0.0063618
11.3987	0.0063618	0.00631658
11.4009	0.00631658	0.006277
11.4028	0.006277	0.00624238
11.4047	0.00624238	0.00621208
11.4066	0.00621208	0.00643557
11.4085	0.00643557	0.00663112
11.4104	0.00663112	0.00680223
11.4122	0.00680223	0.00695195
11.4141	0.00695195	0.00708296
11.416	0.00708296	0.00719759
11.4179	0.00719759	0.00717289
11.4198	0.00717289	0.00715128
11.4217	0.00715128	0.00713237
11.4236	0.00713237	0.00711582
11.4255	0.00711582	0.00722634
11.4274	0.00722634	0.00732305
11.4292	0.00732305	0.00740767
11.4311	0.00740767	0.00748171
11.433	0.00748171	0.0075465
11.4349	0.0075465	0.00747818
11.4368	0.00747818	0.00741841
11.4387	0.00741841	0.00736611
11.4406	0.00736611	0.00732034
11.4425	0.00732034	0.0074053
11.4443	0.0074053	0.00747964
11.4462	0.00747964	0.00754468
11.4481	0.00754468	0.0076016
11.45	0.0076016	0.0076514
11.4519	0.0076514	0.00756997
11.4538	0.00756997	0.00749873
11.4557	0.00749873	0.00743638
11.4576	0.00743638	0.00738184
11.4594	0.00738184	0.00745911
11.4613	0.00745911	0.00752672
11.4632	0.00752672	0.00758588
11.4651	0.00758588	0.00763764
11.467	0.00763764	0.00755794
11.4689	0.00755794	0.00748819
11.4708	0.00748819	0.00742717
11.4727	0.00742717	0.00737377
11.4746	0.00737377	0.00745205
11.4764	0.00745205	0.00752054
11.4783	0.00752054	0.00758047
11.4802	0.00758047	0.00763291
11.4821	0.00763291	0.0076788
11.484	0.0076788	0.00759395
11.4859	0.00759395	0.00751971
11.4878	0.00751971	0.00745474
11.4897	0.00745474	0.0073979
11.4915	0.0073979	0.00747316
11.4934	0.00747316	0.00753901
11.4953	0.00753901	0.00759664
11.4972	0.00759664	0.00764706
11.4991	0.00764706	0.00769117
11.501	0.00769117	0.00760478
11.5029	0.00760478	0.00752918
11.5048	0.00752918	0.00746303
11.5066	0.00746303	0.00740515
11.5085	0.00740515	0.00747951
11.5104	0.00747951	0.00754457
11.5123	0.00754457	0.0076015
11.5142	0.0076015	0.00765131
11.5161	0.00765131	0.0076949
11.518	0.0076949	0.00760803
11.5199	0.00760803	0.00753203
11.5218	0.00753203	0.00746552
11.5236	0.00746552	0.00740733
11.5255	0.00740733	0.00748142
11.5274	0.00748142	0.00754624
11.5293	0.00754624	0.00760296
11.5312	0.00760296	0.00765259
11.5331	0.00765259	0.00769601
11.535	0.00769601	0.00760901
11.5369	0.00760901	0.00753289
11.5387	0.00753289	0.00746627
11.5406	0.00746627	0.00740799
11.5425	0.00740799	0.00748199
11.5444	0.00748199	0.00754674
11.5463	0.00754674	0.0076034
11.5482	0.0076034	0.00765297
11.5501	0.00765297	0.00769635
11.552	0.00769635	0.00760931
11.5538	0.00760931	0.00753314
11.5557	0.00753314	0.0074665
11.5576	0.0074665	0.00740819
11.5595	0.00740819	0.00748216
11.5614	0.00748216	0.00754689
11.5633	0.00754689	0.00760353
11.5652	0.00760353	0.00765309
11.5671	0.00765309	0.00769645
11.569	0.00769645	0.00760939
11.5708	0.00760939	0.00753322
11.5727	0.00753322	0.00746657
11.5746	0.00746657	0.00740825
11.5765	0.00740825	0.00748222
11.5784	0.00748222	0.00754694
11.5803	0.00754694	0.00760357
11.5822	0.00760357	0.00765312
11.5841	0.00765312	0.00769648
11.5859	0.00769648	0.00760942
11.5878	0.00760942	0.00753324
11.5897	0.00753324	0.00746659
11.5916	0.00746659	0.00740826
11.5935	0.00740826	0.00748223
11.5954	0.00748223	0.00754695
11.5973	0.00754695	0.00760358
11.5992	0.00760358	0.00765313
11.601	0.00765313	0.00769649
11.6029	0.00769649	0.00760943
11.6048	0.00760943	0.00753325
11.6067	0.00753325	0.00746659
11.6086	0.00746659	0.00740827
11.6105	0.00740827	0.00748224
11.6124	0.00748224	0.00754696
11.6143	0.00754696	0.00760359
11.6162	0.00760359	0.00765314
11.618	0.00765314	0.00769649
11.6199	0.00769649	0.00760943
11.6218	0.00760943	0.00753325
11.6237	0.00753325	0.0074666
11.6256	0.0074666	0.00740827
11.6275	0.00740827	0.00748224
11.6294	0.00748224	0.00754696
11.6313	0.00754696	0.00760359
11.6331	0.00760359	0.00765314
11.635	0.00765314	0.0076965
11.6369	0.0076965	0.00760943
11.6388	0.00760943	0.00753325
11.6407	0.00753325	0.0074666
11.6426	0.0074666	0.00740827
11.6445	0.00740827	0.00748224
11.6464	0.00748224	0.00754696
11.6482	0.00754696	0.00760359
11.6501	0.00760359	0.00765314
11.652	0.00765314	0.0076965
11.6539	0.0076965	0.00760943
11.6558	0.00760943	0.00753325
11.6577	0.00753325	0.0074666
11.6596	0.0074666	0.00740827
11.6615	0.00740827	0.00748224
11.6634	0.00748224	0.00754696
11.6652	0.00754696	0.00760359
11.6671	0.00760359	0.00765314
11.669	0.00765314	0.0076965
11.6709	0.0076965	0.00760943
11.6728	0.00760943	0.00753325
11.6747	0.00753325	0.0074666
11.6766	0.0074666	0.00740827
11.6785	0.00740827	0.00748224
11.6803	0.00748224	0.00754696
11.6822	0.00754696	0.00760359
11.6841	0.00760359	0.00765314
11.686	0.00765314	0.0076965
11.6879	0.0076965	0.00760943
11.6898	0.00760943	0.00753325
11.6917	0.00753325	0.0074666
11.6936	0.0074666	0.00740827
11.6954	0.00740827	0.00748224
11.6973	0.00748224	0.00754696
11.6992	0.00754696	0.00760359
11.7011	0.00760359	0.00765314
11.703	0.00765314	0.0075715
11.7049	0.0075715	0.00750006
11.7068	0.00750006	0.00743755
11.7087	0.00743755	0.00738286
11.7106	0.00738286	0.00746
11.7124	0.00746	0.0075275
11.7143	0.0075275	0.00758656
11.7162	0.00758656	0.00763824
11.7181	0.00763824	0.00768346
11.72	0.00768346	0.00759803
11.7219	0.00759803	0.00752327
11.7238	0.00752327	0.00745786
11.7257	0.00745786	0.00740063
11.7275	0.00740063	0.00747555
11.7294	0.00747555	0.00754111
11.7313	0.00754111	0.00759847
11.7332	0.00759847	0.00764866
11.7351	0.00764866	0.00769258
11.737	0.00769258	0.007606
11.7389	0.007606	0.00753025
11.7408	0.00753025	0.00746397
11.7426	0.00746397	0.00740597
11.7445	0.00740597	0.00748023
11.7464	0.00748023	0.0075452
11.7483	0.0075452	0.00760205
11.7502	0.00760205	0.00765179
11.7521	0.00765179	0.00769532
11.754	0.00769532	0.0076084
11.7559	0.0076084	0.00753235
11.7578	0.00753235	0.00746581
11.7596	0.00746581	0.00740758
11.7615	0.00740758	0.00748163
11.7634	0.00748163	0.00754643
11.7653	0.00754643	0.00760312
11.7672	0.00760312	0.00765273
11.7691	0.00765273	0.00769614
11.771	0.00769614	0.00760912
11.7729	0.00760912	0.00753298
11.7747	0.00753298	0.00746636
11.7766	0.00746636	0.00740807
11.7785	0.00740807	0.00748206
11.7804	0.00748206	0.0075468
11.7823	0.0075468	0.00760345
11.7842	0.00760345	0.00765302
11.7861	0.00765302	0.00769639
11.788	0.00769639	0.00760934
11.7898	0.00760934	0.00753317
11.7917	0.00753317	0.00746652
11.7936	0.00746652	0.00740821
11.7955	0.00740821	0.00748218
11.7974	0.00748218	0.00754691
11.7993	0.00754691	0.00760354
11.8012	0.00760354	0.0076531
11.8031	0.0076531	0.00769646
11.805	0.00769646	0.0076094
11.8068	0.0076094	0.00753323
11.8087	0.00753323	0.00746657
11.8106	0.00746657	0.00740825
11.8125	0.00740825	0.00748222
11.8144	0.00748222	0.00754694
11.8163	0.00754694	0.00760357
11.8182	0.00760357	0.00765313
11.8201	0.00765313	0.00769649
11.8219	0.00769649	0.00760943
11.8238	0.00760943	0.00753325
11.8257	0.00753325	0.00746659
11.8276	0.00746659	0.00740827
11.8295	0.00740827	0.00748223
11.8314	0.00748223	0.00754695
11.8333	0.00754695	0.00760358
11.8352	0.00760358	0.00765314
11.837	0.00765314	0.00769649
11.8389	0.00769649	0.00760943
11.8408	0.00760943	0.00753325
11.8427	0.00753325	0.0074666
11.8446	0.0074666	0.00740827
11.8465	0.00740827	0.00748224
11.8484	0.00748224	0.00754696
11.8503	0.00754696	0.00760359
11.8522	0.00760359	0.00765314
11.854	0.00765314	0.00769649
11.8559	0.00769649	0.00760943
11.8578	0.00760943	0.00753325
11.8597	0.00753325	0.0074666
11.8616	0.0074666	0.00740827
11.8635	0.00740827	0.00748224
11.8654	0.00748224	0.00754696
11.8673	0.00754696	0.00760359
11.8691	0.00760359	0.00765314
11.871	0.00765314	0.0076965
11.8729	0.0076965	0.00760943
11.8748	0.00760943	0.00753325
11.8767	0.00753325	0.0074666
11.8786	0.0074666	0.00740827
11.8805	0.00740827	0.00748224
11.8824	0.00748224	0.00754696
11.8842	0.00754696	0.00760359
11.8861	0.00760359	0.00765314
11.8956	0.00765314	0.0074465
11.8978	0.0074465	0.00726568
11.8997	0.00726568	0.00710747
11.9028	0.00710747	0.00709404
11.9047	0.00709404	0.00708228
11.9078	0.00708228	0.007197
11.9097	0.007197	0.00717237
11.9129	0.00717237	0.00727582
11.9148	0.00727582	0.00724135
11.9179	0.00724135	0.00733618
11.9198	0.00733618	0.00729415
11.9217	0.00729415	0.00725738
11.9239	0.00725738	0.00710021
11.9258	0.00710021	0.00696268
11.9277	0.00696268	0.00684235
11.9299	0.00684235	0.00673705
11.9317	0.00673705	0.00664492
11.9336	0.00664492	0.00656431
11.9358	0.00656431	0.00649377
11.9377	0.00649377	0.00643205
11.9396	0.00643205	0.00637804
11.9418	0.00637804	0.00633079
11.9437	0.00633079	0.00628944
11.9456	0.00628944	0.00625326
11.9478	0.00625326	0.0062216
11.9497	0.0062216	0.0061939
11.9516	0.0061939	0.00641966
11.9534	0.00641966	0.0066172
11.9553	0.0066172	0.00679005
11.9572	0.00679005	0.0069413
11.9591	0.0069413	0.00707363
11.961	0.00707363	0.00706443
11.9629	0.00706443	0.00705637
11.9648	0.00705637	0.00704933
11.9667	0.00704933	0.00704316
11.9685	0.00704316	0.00716276
11.9704	0.00716276	0.00726742
11.9723	0.00726742	0.00735899
11.9742	0.00735899	0.00743912
11.9761	0.00743912	0.00750923
11.978	0.00750923	0.00744557
11.9799	0.00744557	0.00738988
11.9818	0.00738988	0.00734114
11.9837	0.00734114	0.0072985
11.9855	0.0072985	0.00738618
11.9874	0.00738618	0.00746291
11.9893	0.00746291	0.00753005
11.9912	0.00753005	0.00758879
11.9931	0.00758879	0.00764019
11.995	0.00764019	0.00756017
11.9969	0.00756017	0.00749015
11.9988	0.00749015	0.00742888
12.0006	0.00742888	0.00737527
12.0025	0.00737527	0.00745336
12.0044	0.00745336	0.00752169
12.0063	0.00752169	0.00758148
12.0082	0.00758148	0.00763379
12.0101	0.00763379	0.00767957
12.012	0.00767957	0.00759462
12.0139	0.00759462	0.00752029
12.0157	0.00752029	0.00745526
12.0176	0.00745526	0.00739835
12.0195	0.00739835	0.00747355
12.0214	0.00747355	0.00753936
12.0233	0.00753936	0.00759694
12.0252	0.00759694	0.00764732
12.0271	0.00764732	0.00769141
12.029	0.00769141	0.00760498
12.0309	0.00760498	0.00752936
12.0327	0.00752936	0.00746319
12.0346	0.00746319	0.00740529
12.0365	0.00740529	0.00747963
12.0384	0.00747963	0.00754467
12.0403	0.00754467	0.00760159
12.0422	0.00760159	0.00765139
12.0441	0.00765139	0.00769496
12.046	0.00769496	0.00760809
12.0478	0.00760809	0.00753208
12.0497	0.00753208	0.00746557
12.0516	0.00746557	0.00740737
12.0535	0.00740737	0.00748145
12.0554	0.00748145	0.00754627
12.0573	0.00754627	0.00760299
12.0592	0.00760299	0.00765261
12.0611	0.00765261	0.00769604
12.0629	0.00769604	0.00760903
12.0648	0.00760903	0.0075329
12.0667	0.0075329	0.00746629
12.0686	0.00746629	0.007408
12.0705	0.007408	0.007482
12.0724	0.007482	0.00754675
12.0743	0.00754675	0.00760341
12.0762	0.00760341	0.00765298
12.0781	0.00765298	0.00769636
12.0799	0.00769636	0.00760931
12.0818	0.00760931	0.00753315
12.0837	0.00753315	0.0074665
12.0856	0.0074665	0.00740819
12.0875	0.00740819	0.00748217
12.0894	0.00748217	0.0075469
12.0913	0.0075469	0.00760353
12.0932	0.00760353	0.00765309
12.095	0.00765309	0.00769645
12.0969	0.00769645	0.0076094
12.0988	0.0076094	0.00753322
12.1007	0.00753322	0.00746657
12.1026	0.00746657	0.00740825
12.1045	0.00740825	0.00748222
12.1064	0.00748222	0.00754694
12.1083	0.00754694	0.00760357
12.1101	0.00760357	0.00765312
12.112	0.00765312	0.00769648
12.1139	0.00769648	0.00760942
12.1158	0.00760942	0.00753324
12.1177	0.00753324	0.00746659
12.1196	0.00746659	0.00740826
12.1215	0.00740826	0.00748223
12.1234	0.00748223	0.00754695
12.1253	0.00754695	0.00760358
12.1271	0.00760358	0.00765314
12.129	0.00765314	0.00769649
12.1309	0.00769649	0.00760943
12.1328	0.00760943	0.00753325
12.1347	0.00753325	0.0074666
12.1366	0.0074666	0.00740827
12.1385	0.00740827	0.00748224
12.1404	0.00748224	0.00754696
12.1422	0.00754696	0.00760359
12.1441	0.00760359	0.00765314
12.146	0.00765314	0.00769649
12.1479	0.00769649	0.00760943
12.1498	0.00760943	0.00753325
12.1517	0.00753325	0.0074666
12.1536	0.0074666	0.00740827
12.1555	0.00740827	0.00748224
12.1573	0.00748224	0.00754696
12.1592	0.00754696	0.00760359
12.1611	0.00760359	0.00765314
12.163	0.00765314	0.0076965
12.1649	0.0076965	0.00760943
12.1668	0.00760943	0.00753325
12.1687	0.00753325	0.0074666
12.1706	0.0074666	0.00740827
12.1725	0.00740827	0.00748224
12.1743	0.00748224	0.00754696
12.1762	0.00754696	0.00760359
12.1781	0.00760359	0.00765314
12.18	0.00765314	0.0076965
12.1819	0.0076965	0.00760943
12.1838	0.00760943	0.00753325
12.1857	0.00753325	0.0074666
12.1876	0.0074666	0.00740827
12.1894	0.00740827	0.00748224
12.1913	0.00748224	0.00754696
12.1932	0.00754696	0.00760359
12.1951	0.00760359	0.00765314
12.197	0.00765314	0.0075715
12.1989	0.0075715	0.00750006
12.2008	0.00750006	0.00743755
12.2027	0.00743755	0.00738286
12.2045	0.00738286	0.00746
12.2064	0.00746	0.0075275
12.2083	0.0075275	0.00758656
12.2102	0.00758656	0.00763824
12.2121	0.00763824	0.00768346
12.214	0.00768346	0.00759803
12.2159	0.00759803	0.00752327
12.2178	0.00752327	0.00745786
12.2197	0.00745786	0.00740063
12.2215	0.00740063	0.00747555
12.2234	0.00747555	0.00754111
12.2253	0.00754111	0.00759847
12.2272	0.00759847	0.00764866
12.2291	0.00764866	0.00769258
12.231	0.00769258	0.007606
12.2329	0.007606	0.00753025
12.2348	0.00753025	0.00746397
12.2366	0.00746397	0.00740597
12.2385	0.00740597	0.00748023
12.2404	0.00748023	0.0075452
12.2423	0.0075452	0.00760205
12.2442	0.00760205	0.00765179
12.2461	0.00765179	0.00769532
12.248	0.00769532	0.0076084
12.2499	0.0076084	0.00753235
12.2517	0.00753235	0.00746581
12.2536	0.00746581	0.00740758
12.2555	0.00740758	0.00748163
12.2574	0.00748163	0.00754643
12.2593	0.00754643	0.00760312
12.2612	0.00760312	0.00765273
12.2631	0.00765273	0.00769614
12.265	0.00769614	0.00760912
12.2669	0.00760912	0.00753298
12.2687	0.00753298	0.00746636
12.2706	0.00746636	0.00740807
12.2725	0.00740807	0.00748206
12.2744	0.00748206	0.0075468
12.2763	0.0075468	0.00760345
12.2782	0.00760345	0.00765302
12.2801	0.00765302	0.00769639
12.282	0.00769639	0.00760934
12.2838	0.00760934	0.00753317
12.2857	0.00753317	0.00746652
12.2876	0.00746652	0.00740821
12.2895	0.00740821	0.00748218
12.2914	0.00748218	0.00754691
12.2933	0.00754691	0.00760354
12.2952	0.00760354	0.0076531
12.2971	0.0076531	0.00769646
12.2989	0.00769646	0.0076094
12.3008	0.0076094	0.00753323
12.3027	0.00753323	0.00746657
12.3046	0.00746657	0.00740825
12.3065	0.00740825	0.00748222
12.3084	0.00748222	0.00754694
12.3103	0.00754694	0.00760357
12.3122	0.00760357	0.00765313
12.3141	0.00765313	0.00769649
12.3159	0.00769649	0.00760943
12.3178	0.00760943	0.00753325
12.3197	0.00753325	0.00746659
12.3216	0.00746659	0.00740827
12.3235	0.00740827	0.00748223
12.3254	0.00748223	0.00754695
12.3273	0.00754695	0.00760358
12.3292	0.00760358	0.00765314
12.331	0.00765314	0.00769649
12.3329	0.00769649	0.00760943
12.3348	0.00760943	0.00753325
12.3367	0.00753325	0.0074666
12.3386	0.0074666	0.00740827
12.3405	0.00740827	0.00748224
12.3424	0.00748224	0.00754696
12.3443	0.00754696	0.00760359
12.3461	0.00760359	0.00765314
12.348	0.00765314	0.00769649
12.3499	0.00769649	0.00760943
12.3518	0.00760943	0.00753325
12.3537	0.00753325	0.0074666
12.3556	0.0074666	0.00740827
12.3575	0.00740827	0.00748224
12.3594	0.00748224	0.00754696
12.3613	0.00754696	0.00760359
12.3631	0.00760359	0.00765314
12.365	0.00765314	0.0076965
12.3669	0.0076965	0.00760943
12.3688	0.00760943	0.00753325
12.3707	0.00753325	0.0074666
12.3726	0.0074666	0.00740827
12.3745	0.00740827	0.00748224
12.3764	0.00748224	0.00754696
12.3782	0.00754696	0.00760359
12.3801	0.00760359	0.00765314
12.382	0.00765314	0.0076965
12.3839	0.0076965	0.00760943
12.3858	0.00760943	0.00753325
12.3877	0.00753325	0.0074666
12.3896	0.0074666	0.00740827
12.3915	0.00740827	0.00748224
12.3933	0.00748224	0.00754696
12.3952	0.00754696	0.00760359
12.3971	0.00760359	0.00765314
12.399	0.00765314	0.0076965
12.4009	0.0076965	0.00760943
12.4028	0.00760943	0.00753325
12.4047	0.00753325	0.0074666
12.4066	0.0074666	0.00740827
12.4085	0.00740827	0.00748224
12.4103	0.00748224	0.00754696
12.4122	0.00754696	0.00760359
12.4141	0.00760359	0.00765314
12.416	0.00765314	0.0076965
12.4179	0.0076965	0.00760943
12.4198	0.00760943	0.00753325
12.4217	0.00753325	0.0074666
12.4236	0.0074666	0.00740827
12.4254	0.00740827	0.00748224
12.4273	0.00748224	0.00754696
12.4292	0.00754696	0.00760359
12.4311	0.00760359	0.00765314
12.433	0.00765314	0.0075715
12.4349	0.0075715	0.00750006
12.4368	0.00750006	0.00743755
12.4387	0.00743755	0.00738286
12.4405	0.00738286	0.00746
12.4424	0.00746	0.0075275
12.4443	0.0075275	0.00758656
12.4462	0.00758656	0.00763824
12.4481	0.00763824	0.00768346
12.45	0.00768346	0.00759803
12.4519	0.00759803	0.00752327
12.4538	0.00752327	0.00745786
12.4557	0.00745786	0.00740063
12.4575	0.00740063	0.00747555
12.4594	0.00747555	0.00754111
12.4613	0.00754111	0.00759847
12.4632	0.00759847	0.00764866
12.4651	0.00764866	0.00769258
12.467	0.00769258	0.007606
12.4689	0.007606	0.00753025
12.4708	0.00753025	0.00746397
12.4726	0.00746397	0.00740597
12.4745	0.00740597	0.00748023
12.4764	0.00748023	0.0075452
12.4783	0.0075452	0.00760205
12.4802	0.00760205	0.00765179
12.4821	0.00765179	0.00769532
12.484	0.00769532	0.0076084
12.4859	0.0076084	0.00753235
12.4877	0.00753235	0.00746581
12.4896	0.00746581	0.00740758
12.4915	0.00740758	0.00748163
12.4934	0.00748163	0.00754643
12.4953	0.00754643	0.00760312
12.4972	0.00760312	0.00765273
12.4991	0.00765273	0.00769614
12.501	0.00769614	0.00760912
12.5029	0.00760912	0.00753298
12.5047	0.00753298	0.00746636
12.5066	0.00746636	0.00740807
12.5085	0.00740807	0.00748206
12.5104	0.00748206	0.0075468
12.5123	0.0075468	0.00760345
12.5142	0.00760345	0.00765302
12.5161	0.00765302	0.00769639
12.518	0.00769639	0.00760934
12.5198	0.00760934	0.00753317
12.5217	0.00753317	0.00746652
12.5236	0.00746652	0.00740821
12.5255	0.00740821	0.00748218
12.5274	0.00748218	0.00754691
12.5293	0.00754691	0.00760354
12.5312	0.00760354	0.0076531
12.5331	0.0076531	0.00769646
12.5349	0.00769646	0.0076094
12.5368	0.0076094	0.00753323
12.5387	0.00753323	0.00746657
12.5406	0.00746657	0.00740825
12.5425	0.00740825	0.00748222
12.5444	0.00748222	0.00754694
12.5463	0.00754694	0.00760357
12.5482	0.00760357	0.00765313
12.5501	0.00765313	0.00769649
12.5519	0.00769649	0.00760943
12.5538	0.00760943	0.00753325
12.5557	0.00753325	0.00746659
12.5576	0.00746659	0.00740827
12.5595	0.00740827	0.00748223
12.5614	0.00748223	0.00754695
12.5633	0.00754695	0.00760358
12.5652	0.00760358	0.00765314
12.567	0.00765314	0.00769649
12.5689	0.00769649	0.00760943
12.5708	0.00760943	0.00753325
12.5727	0.00753325	0.0074666
12.5746	0.0074666	0.00740827
12.5765	0.00740827	0.00748224
12.5784	0.00748224	0.00754696
12.5803	0.00754696	0.00760359
12.5821	0.00760359	0.00765314
12.584	0.00765314	0.00769649
12.5859	0.00769649	0.00760943
12.5878	0.00760943	0.00753325
12.5897	0.00753325	0.0074666
12.5916	0.0074666	0.00740827
12.5935	0.00740827	0.00748224
12.5954	0.00748224	0.00754696
12.5973	0.00754696	0.00760359
12.5991	0.00760359	0.00765314
12.601	0.00765314	0.0076965
12.6029	0.0076965	0.00760943
12.6048	0.00760943	0.00753325
12.6067	0.00753325	0.0074666
12.6086	0.0074666	0.00740827
12.6105	0.00740827	0.00748224
12.6124	0.00748224	0.00754696
12.6142	0.00754696	0.00760359
12.6161	0.00760359	0.00765314
12.618	0.00765314	0.0076965
12.6199	0.0076965	0.00760943
12.6218	0.00760943	0.00753325
12.6237	0.00753325	0.0074666
12.6256	0.0074666	0.00740827
12.6275	0.00740827	0.00748224
12.6293	0.00748224	0.00754696
12.6312	0.00754696	0.00760359
12.6331	0.00760359	0.00765314
12.635	0.00765314	0.0076965
12.6369	0.0076965	0.00760943
12.6388	0.00760943	0.00753325
12.6407	0.00753325	0.0074666
12.6426	0.0074666	0.00740827
12.6445	0.00740827	0.00748224
12.6463	0.00748224	0.00754696
12.6482	0.00754696	0.00760359
12.6501	0.00760359	0.00765314
12.652	0.00765314	0.0076965
12.6539	0.0076965	0.00760943
12.6558	0.00760943	0.00753325
12.6577	0.00753325	0.0074666
12.6596	0.0074666	0.00740827
12.6614	0.00740827	0.00748224
12.6633	0.00748224	0.00754696
12.6652	0.00754696	0.00760359
12.6671	0.00760359	0.00765314
12.669	0.00765314	0.0075715
12.6709	0.0075715	0.00750006
12.6728	0.00750006	0.00743755
12.6747	0.00743755	0.00738286
12.6765	0.00738286	0.00746
12.6784	0.00746	0.0075275
12.6803	0.0075275	0.00758656
12.6822	0.00758656	0.00763824
12.6841	0.00763824	0.00768346
12.686	0.00768346	0.00759803
12.6879	0.00759803	0.00752327
12.6898	0.00752327	0.00745786
12.6917	0.00745786	0.00740063
12.7011	0.00740063	0.00722555
12.7033	0.00722555	0.00707236
12.7052	0.00707236	0.00693831
12.7083	0.00693831	0.00694602
12.7102	0.00694602	0.00695277
12.7134	0.00695277	0.00708367
12.7153	0.00708367	0.00707321
12.7184	0.00707321	0.00718906
12.7203	0.00718906	0.00716543
12.7234	0.00716543	0.00726975
12.7253	0.00726975	0.00723603
12.7272	0.00723603	0.00720653
12.7294	0.00720653	0.00705571
12.7313	0.00705571	0.00692375
12.7332	0.00692375	0.00680828
12.7354	0.00680828	0.00670724
12.7373	0.00670724	0.00661884
12.7391	0.00661884	0.00654148
12.7413	0.00654148	0.0064738
12.7432	0.0064738	0.00641457
12.7451	0.00641457	0.00636275
12.7473	0.00636275	0.0063174
12.7492	0.0063174	0.00627773
12.7511	0.00627773	0.00624301
12.753	0.00624301	0.00633764
12.7549	0.00633764	0.00642043
12.7568	0.00642043	0.00649288
12.7586	0.00649288	0.00655627
12.7605	0.00655627	0.00673673
12.7624	0.00673673	0.00689464
12.7643	0.00689464	0.00703281
12.7662	0.00703281	0.00715371
12.7681	0.00715371	0.00725949
12.77	0.00725949	0.00722706
12.7719	0.00722706	0.00719867
12.7738	0.00719867	0.00717384
12.7756	0.00717384	0.00715211
12.7775	0.00715211	0.00725809
12.7794	0.00725809	0.00735083
12.7813	0.00735083	0.00743198
12.7832	0.00743198	0.00750298
12.7851	0.00750298	0.00756511
12.787	0.00756511	0.00749447
12.7889	0.00749447	0.00743266
12.7907	0.00743266	0.00737858
12.7926	0.00737858	0.00733125
12.7945	0.00733125	0.00741485
12.7964	0.00741485	0.00748799
12.7983	0.00748799	0.00755199
12.8002	0.00755199	0.00760799
12.8021	0.00760799	0.00765699
12.804	0.00765699	0.00757487
12.8058	0.00757487	0.00750301
12.8077	0.00750301	0.00744013
12.8096	0.00744013	0.00738512
12.8115	0.00738512	0.00746198
12.8134	0.00746198	0.00752923
12.8153	0.00752923	0.00758807
12.8172	0.00758807	0.00763956
12.8191	0.00763956	0.00768462
12.821	0.00768462	0.00759904
12.8304	0.00759904	0.00739916
12.8326	0.00739916	0.00722426
12.8345	0.00722426	0.00707123
12.8376	0.00707123	0.00706233
12.8395	0.00706233	0.00705454
12.8427	0.00705454	0.00717272
12.8446	0.00717272	0.00715113
12.8477	0.00715113	0.00725724
12.8496	0.00725724	0.00722508
12.8527	0.00722508	0.00732195
12.8546	0.00732195	0.0072817
12.8565	0.0072817	0.00724649
12.8587	0.00724649	0.00709068
12.8606	0.00709068	0.00695434
12.8625	0.00695434	0.00683505
12.8647	0.00683505	0.00673067
12.8666	0.00673067	0.00663933
12.8685	0.00663933	0.00655942
12.8706	0.00655942	0.00648949
12.8725	0.00648949	0.0064283
12.8744	0.0064283	0.00637476
12.8766	0.00637476	0.00632792
12.8785	0.00632792	0.00628693
12.8804	0.00628693	0.00625106
12.8823	0.00625106	0.00646968
12.8842	0.00646968	0.00666097
12.8861	0.00666097	0.00682835
12.888	0.00682835	0.0068498
12.8898	0.0068498	0.00686858
12.8917	0.00686858	0.006885
12.8936	0.006885	0.00689938
12.8955	0.00689938	0.00703696
12.9049	0.00703696	0.00678233
12.9072	0.00678233	0.00668454
12.909	0.00668454	0.00659897
12.9122	0.00659897	0.0067741
12.9141	0.0067741	0.00680234
12.9172	0.00680234	0.00695205
12.9191	0.00695205	0.00695804
12.9222	0.00695804	0.00708828
12.9241	0.00708828	0.00707725
12.9273	0.00707725	0.00719259
12.9292	0.00719259	0.00716852
12.9311	0.00716852	0.00714745
12.9333	0.00714745	0.00700402
12.9351	0.00700402	0.00687852
12.937	0.00687852	0.0067687
12.9392	0.0067687	0.00667261
12.9411	0.00667261	0.00658854
12.943	0.00658854	0.00651497
12.9452	0.00651497	0.0064506
12.9471	0.0064506	0.00639427
12.949	0.00639427	0.00621999
12.9512	0.00621999	0.00619249
12.9531	0.00619249	0.00616843
12.955	0.00616843	0.00614737
12.9568	0.00614737	0.00637895
12.9587	0.00637895	0.00645658
12.9606	0.00645658	0.00652451
12.9625	0.00652451	0.00670895
12.9644	0.00670895	0.00687033
12.9663	0.00687033	0.00701154
12.9682	0.00701154	0.00713509
12.9701	0.00713509	0.00724321
12.9719	0.00724321	0.00721281
12.9738	0.00721281	0.0071862
12.9757	0.0071862	0.00716293
12.9776	0.00716293	0.00714256
12.9795	0.00714256	0.00724974
12.9814	0.00724974	0.00734352
12.9833	0.00734352	0.00742558
12.9852	0.00742558	0.00749738
12.987	0.00749738	0.00756021
12.9889	0.00756021	0.00749018
12.9908	0.00749018	0.00742891
12.9927	0.00742891	0.0073753
12.9946	0.0073753	0.00732838
12.9965	0.00732838	0.00741234
12.9984	0.00741234	0.00748579
13.0003	0.00748579	0.00755007
13.0022	0.00755007	0.00760631
13.004	0.00760631	0.00765552
13.0059	0.00765552	0.00757358
13.0078	0.00757358	0.00750188
13.0097	0.00750188	0.00743915
13.0116	0.00743915	0.00738425
13.0135	0.00738425	0.00746122
13.0154	0.00746122	0.00752857
13.0173	0.00752857	0.0075875
13.0191	0.0075875	0.00763906
13.021	0.00763906	0.00768418
13.0229	0.00768418	0.00759865
13.0248	0.00759865	0.00752382
13.0267	0.00752382	0.00745834
13.0286	0.00745834	0.00740105
13.0305	0.00740105	0.00747592
13.0324	0.00747592	0.00754143
13.0342	0.00754143	0.00759875
13.0361	0.00759875	0.00764891
13.038	0.00764891	0.00769279
13.0399	0.00769279	0.00760619
13.0418	0.00760619	0.00753042
13.0437	0.00753042	0.00746412
13.0456	0.00746412	0.0074061
13.0475	0.0074061	0.00748034
13.0494	0.00748034	0.00754529
13.0512	0.00754529	0.00760213
13.0531	0.00760213	0.00765186
13.055	0.00765186	0.00769538
13.0569	0.00769538	0.00760846
13.0588	0.00760846	0.0075324
13.0607	0.0075324	0.00746585
13.0626	0.00746585	0.00740762
13.0645	0.00740762	0.00748167
13.0663	0.00748167	0.00754646
13.0682	0.00754646	0.00760315
13.0701	0.00760315	0.00765275
13.072	0.00765275	0.00769616
13.0739	0.00769616	0.00760914
13.0758	0.00760914	0.007533
13.0777	0.007533	0.00746637
13.0796	0.00746637	0.00740808
13.0814	0.00740808	0.00748206
13.0833	0.00748206	0.00754681
13.0852	0.00754681	0.00760346
13.0871	0.00760346	0.00765302
13.089	0.00765302	0.00757139
13.0909	0.00757139	0.00749997
13.0928	0.00749997	0.00743747
13.0947	0.00743747	0.00738279
13.0966	0.00738279	0.00745994
13.0984	0.00745994	0.00752745
13.1003	0.00752745	0.00758652
13.1022	0.00758652	0.0076382
13.1041	0.0076382	0.00768342
13.106	0.00768342	0.007598
13.1079	0.007598	0.00752325
13.1098	0.00752325	0.00745784
13.1117	0.00745784	0.00740061
13.1135	0.00740061	0.00747553
13.1154	0.00747553	0.00754109
13.1173	0.00754109	0.00759845
13.1192	0.00759845	0.00764865
13.1211	0.00764865	0.00769257
13.123	0.00769257	0.00760599
13.1249	0.00760599	0.00753024
13.1268	0.00753024	0.00746396
13.1286	0.00746396	0.00740597
13.1305	0.00740597	0.00748022
13.1324	0.00748022	0.00754519
13.1343	0.00754519	0.00760204
13.1362	0.00760204	0.00765179
13.1381	0.00765179	0.00769531
13.14	0.00769531	0.0076084
13.1419	0.0076084	0.00753235
13.1438	0.00753235	0.0074658
13.1456	0.0074658	0.00740758
13.1475	0.00740758	0.00748163
13.1494	0.00748163	0.00754643
13.1513	0.00754643	0.00760312
13.1532	0.00760312	0.00765273
13.1551	0.00765273	0.00769614
13.157	0.00769614	0.00760912
13.1589	0.00760912	0.00753298
13.1607	0.00753298	0.00746636
13.1626	0.00746636	0.00740806
13.1645	0.00740806	0.00748205
13.1664	0.00748205	0.0075468
13.1683	0.0075468	0.00760345
13.1702	0.00760345	0.00765302
13.1721	0.00765302	0.00769639
13.174	0.00769639	0.00760934
13.1758	0.00760934	0.00753317
13.1777	0.00753317	0.00746652
13.1796	0.00746652	0.00740821
13.1815	0.00740821	0.00748218
13.1834	0.00748218	0.00754691
13.1853	0.00754691	0.00760354
13.1872	0.00760354	0.0076531
13.19	0.0076531	0.00782146
13.1979	0.00782146	0.00759378
13.2001	0.00759378	0.00751956
13.202	0.00751956	0.00720461
13.2051	0.00720461	0.00730404
13.207	0.00730404	0.00726603
13.2102	0.00726603	0.00748278
13.212	0.00748278	0.00742243
13.2152	0.00742243	0.00749462
13.2171	0.00749462	0.0074328
13.2202	0.0074328	0.0075037
13.2221	0.0075037	0.00744073
13.224	0.00744073	0.00726064
13.2262	0.00726064	0.00710306
13.2281	0.00710306	0.00696518
13.23	0.00696518	0.00684453
13.2322	0.00684453	0.00673896
13.2341	0.00673896	0.00664659
13.2359	0.00664659	0.00656577
13.2381	0.00656577	0.00649505
13.24	0.00649505	0.00643317
13.2419	0.00643317	0.00637902
13.2441	0.00637902	0.00633164
13.246	0.00633164	0.00629019
13.2479	0.00629019	0.00625391
13.2498	0.00625391	0.00647217
13.2517	0.00647217	0.00653815
13.2536	0.00653815	0.00659588
13.2554	0.00659588	0.0067714
13.2573	0.0067714	0.00692497
13.2592	0.00692497	0.00705935
13.2611	0.00705935	0.00717693
13.263	0.00717693	0.00715481
13.2649	0.00715481	0.00713546
13.2668	0.00713546	0.00711853
13.2687	0.00711853	0.00710371
13.2705	0.00710371	0.00721575
13.2724	0.00721575	0.00731378
13.2743	0.00731378	0.00739956
13.2762	0.00739956	0.00747461
13.2856	0.00747461	0.00729028
13.2879	0.00729028	0.007129
13.2897	0.007129	0.00698787
13.2929	0.00698787	0.00698939
13.2948	0.00698939	0.00699071
13.2979	0.00699071	0.00711687
13.2998	0.00711687	0.00710226
13.303	0.00710226	0.00721448
13.3048	0.00721448	0.00718767
13.308	0.00718767	0.00728921
13.3099	0.00728921	0.00725306
13.3118	0.00725306	0.00722143
13.314	0.00722143	0.00706875
13.3158	0.00706875	0.00693515
13.3177	0.00693515	0.00681826
13.3199	0.00681826	0.00671597
13.3218	0.00671597	0.00662648
13.3237	0.00662648	0.00654817
13.3259	0.00654817	0.00647965
13.3278	0.00647965	0.00641969
13.3297	0.00641969	0.00636723
13.3319	0.00636723	0.00632133
13.3338	0.00632133	0.00628116
13.3357	0.00628116	0.00624601
13.3375	0.00624601	0.00646526
13.3394	0.00646526	0.0066571
13.3413	0.0066571	0.00682497
13.3432	0.00682497	0.00697184
13.3451	0.00697184	0.00710036
13.347	0.00710036	0.00708782
13.3489	0.00708782	0.00707684
13.3508	0.00707684	0.00706723
13.3526	0.00706723	0.00705883
13.3545	0.00705883	0.00717648
13.3564	0.00717648	0.00727942
13.3583	0.00727942	0.00736949
13.3602	0.00736949	0.0074483
13.3621	0.0074483	0.00751726
13.364	0.00751726	0.00745261
13.3659	0.00745261	0.00739603
13.3678	0.00739603	0.00734653
13.3696	0.00734653	0.00730321
13.3715	0.00730321	0.00739031
13.3734	0.00739031	0.00746652
13.3753	0.00746652	0.0075332
13.3772	0.0075332	0.00759155
13.3791	0.00759155	0.00764261
13.381	0.00764261	0.00756228
13.3829	0.00756228	0.007492
13.3847	0.007492	0.0074305
13.3866	0.0074305	0.00737668
13.3885	0.00737668	0.0074546
13.3904	0.0074546	0.00752277
13.3923	0.00752277	0.00758243
13.3942	0.00758243	0.00763462
13.3961	0.00763462	0.00768029
13.398	0.00768029	0.00759526
13.3998	0.00759526	0.00752085
13.4017	0.00752085	0.00745574
13.4036	0.00745574	0.00739877
13.4055	0.00739877	0.00747393
13.4074	0.00747393	0.00753969
13.4093	0.00753969	0.00759722
13.4112	0.00759722	0.00764757
13.4131	0.00764757	0.00769162
13.415	0.00769162	0.00760517
13.4168	0.00760517	0.00752952
13.4187	0.00752952	0.00746333
13.4206	0.00746333	0.00740542
13.4225	0.00740542	0.00747974
13.4244	0.00747974	0.00754477
13.4263	0.00754477	0.00760167
13.4282	0.00760167	0.00765146
13.4301	0.00765146	0.00769503
13.4319	0.00769503	0.00760815
13.4338	0.00760815	0.00753213
13.4357	0.00753213	0.00746562
13.4376	0.00746562	0.00740741
13.4395	0.00740741	0.00748149
13.4414	0.00748149	0.0075463
13.4433	0.0075463	0.00760301
13.4452	0.00760301	0.00765264
13.447	0.00765264	0.00769606
13.4489	0.00769606	0.00760905
13.4508	0.00760905	0.00753292
13.4527	0.00753292	0.0074663
13.4546	0.0074663	0.00740801
13.4565	0.00740801	0.00748201
13.4584	0.00748201	0.00754676
13.4603	0.00754676	0.00760341
13.4622	0.00760341	0.00765299
13.464	0.00765299	0.00769636
13.4659	0.00769636	0.00760932
13.4678	0.00760932	0.00753315
13.4697	0.00753315	0.00746651
13.4716	0.00746651	0.00740819
13.4735	0.00740819	0.00748217
13.4754	0.00748217	0.0075469
13.4773	0.0075469	0.00760353
13.4791	0.00760353	0.00765309
13.481	0.00765309	0.00769645
13.4829	0.00769645	0.0076094
13.4848	0.0076094	0.00753322
13.4867	0.00753322	0.00746657
13.4886	0.00746657	0.00740825
13.4905	0.00740825	0.00748222
13.4924	0.00748222	0.00754694
13.4942	0.00754694	0.00760357
13.4961	0.00760357	0.00765312
13.498	0.00765312	0.00769648
13.4999	0.00769648	0.00760942
13.5018	0.00760942	0.00753324
13.5037	0.00753324	0.00746659
13.5056	0.00746659	0.00740826
13.5075	0.00740826	0.00748223
13.5094	0.00748223	0.00754695
13.5112	0.00754695	0.00760358
13.5131	0.00760358	0.00765314
13.515	0.00765314	0.00769649
13.5169	0.00769649	0.00760943
13.5188	0.00760943	0.00753325
13.5207	0.00753325	0.0074666
13.5226	0.0074666	0.00740827
13.5245	0.00740827	0.00748224
13.5263	0.00748224	0.00754696
13.5282	0.00754696	0.00760359
13.5301	0.00760359	0.00765314
13.532	0.00765314	0.00769649
13.5339	0.00769649	0.00760943
13.5358	0.00760943	0.00753325
13.5377	0.00753325	0.0074666
13.5396	0.0074666	0.00740827
13.5414	0.00740827	0.00748224
13.5433	0.00748224	0.00754696
13.5452	0.00754696	0.00760359
13.5471	0.00760359	0.00765314
13.549	0.00765314	0.0075715
13.5509	0.0075715	0.00750006
13.5528	0.00750006	0.00743755
13.5547	0.00743755	0.00738286
13.5566	0.00738286	0.00746
13.5584	0.00746	0.0075275
13.5603	0.0075275	0.00758656
13.5622	0.00758656	0.00763824
13.5641	0.00763824	0.00768346
13.566	0.00768346	0.00759803
13.5679	0.00759803	0.00752327
13.5698	0.00752327	0.00745786
13.5717	0.00745786	0.00740063
13.5735	0.00740063	0.00747555
13.5754	0.00747555	0.00754111
13.5773	0.00754111	0.00759847
13.5792	0.00759847	0.00764866
13.5811	0.00764866	0.00769258
13.583	0.00769258	0.007606
13.5849	0.007606	0.00753025
13.5868	0.00753025	0.00746397
13.5886	0.00746397	0.00740597
13.5905	0.00740597	0.00748023
13.5924	0.00748023	0.0075452
13.5943	0.0075452	0.00760205
13.5962	0.00760205	0.00765179
13.5981	0.00765179	0.00769532
13.6	0.00769532	0.0076084
13.6019	0.0076084	0.00753235
13.6038	0.00753235	0.00746581
13.6056	0.00746581	0.00740758
13.6075	0.00740758	0.00748163
13.6094	0.00748163	0.00754643
13.6113	0.00754643	0.00760312
13.6132	0.00760312	0.00765273
13.6151	0.00765273	0.00769614
13.617	0.00769614	0.00760912
13.6189	0.00760912	0.00753298
13.6207	0.00753298	0.00746636
13.6226	0.00746636	0.00740807
13.6245	0.00740807	0.00748206
13.6264	0.00748206	0.0075468
13.6283	0.0075468	0.00760345
13.6302	0.00760345	0.00765302
13.6321	0.00765302	0.00769639
13.634	0.00769639	0.00760934
13.6358	0.00760934	0.00753317
13.6377	0.00753317	0.00746652
13.6396	0.00746652	0.00740821
13.6491	0.00740821	0.00723218
13.6513	0.00723218	0.00707816
13.6532	0.00707816	0.00694339
13.6563	0.00694339	0.00695047
13.6582	0.00695047	0.00695666
13.6613	0.00695666	0.00708707
13.6632	0.00708707	0.00707619
13.6664	0.00707619	0.00719166
13.6683	0.00719166	0.00716771
13.6714	0.00716771	0.00727174
13.6733	0.00727174	0.00723777
13.6752	0.00723777	0.00720805
13.6774	0.00720805	0.00705704
13.6793	0.00705704	0.00692491
13.6811	0.00692491	0.0068093
13.6833	0.0068093	0.00670814
13.6852	0.00670814	0.00661962
13.6871	0.00661962	0.00654217
13.6893	0.00654217	0.00647439
13.6912	0.00647439	0.00641509
13.6931	0.00641509	0.00636321
13.6953	0.00636321	0.00631781
13.6972	0.00631781	0.00627808
13.6991	0.00627808	0.00624332
13.701	0.00624332	0.0063379
13.7028	0.0063379	0.00642067
13.7047	0.00642067	0.00649308
13.7066	0.00649308	0.00655645
13.7085	0.00655645	0.00673689
13.7104	0.00673689	0.00689478
13.7123	0.00689478	0.00703293
13.7142	0.00703293	0.00715381
13.7161	0.00715381	0.00725959
13.7179	0.00725959	0.00722714
13.7198	0.00722714	0.00719874
13.7217	0.00719874	0.0071739
13.7236	0.0071739	0.00715216
13.7255	0.00715216	0.00725814
13.7274	0.00725814	0.00735087
13.7293	0.00735087	0.00743201
13.7312	0.00743201	0.00750301
13.7331	0.00750301	0.00756513
13.7349	0.00756513	0.00749449
13.7368	0.00749449	0.00743268
13.7387	0.00743268	0.00737859
13.7406	0.00737859	0.00733127
13.7425	0.00733127	0.00741486
13.7444	0.00741486	0.007488
13.7463	0.007488	0.007552
13.7482	0.007552	0.007608
13.75	0.007608	0.007657
13.7519	0.007657	0.00757488
13.7614	0.00757488	0.00737801
13.7636	0.00737801	0.00720576
13.7655	0.00720576	0.00705504
13.7686	0.00705504	0.00704816
13.7705	0.00704816	0.00704214
13.7736	0.00704214	0.00716187
13.7755	0.00716187	0.00714164
13.7787	0.00714164	0.00724893
13.7806	0.00724893	0.00721782
13.7837	0.00721782	0.00731559
13.7856	0.00731559	0.00727614
13.7875	0.00727614	0.00724162
13.7897	0.00724162	0.00708642
13.7916	0.00708642	0.00695062
13.7935	0.00695062	0.00683179
13.7957	0.00683179	0.00672781
13.7975	0.00672781	0.00663684
13.7994	0.00663684	0.00655723
13.8016	0.00655723	0.00648758
13.8035	0.00648758	0.00642663
13.8054	0.00642663	0.0063733
13.8152	0.0063733	0.00632664
13.8174	0.00632664	0.00628581
13.8193	0.00628581	0.00625008
13.8224	0.00625008	0.00634382
13.8243	0.00634382	0.00642584
13.8274	0.00642584	0.00662261
13.8293	0.00662261	0.00666979
13.8325	0.00666979	0.00683606
13.8343	0.00683606	0.00685655
13.8384	0.00685655	0.00712448
13.8463	0.00712448	0.00698392
13.8485	0.00698392	0.00698593
13.8504	0.00698593	0.00686269
13.8535	0.00686269	0.00687985
13.8554	0.00687985	0.00689487
13.8586	0.00689487	0.00703301
13.8605	0.00703301	0.00702888
13.8636	0.00702888	0.00715027
13.8655	0.00715027	0.00713149
13.8686	0.00713149	0.00724005
13.8705	0.00724005	0.00721004
13.8737	0.00721004	0.00730879
13.8756	0.00730879	0.00727019
13.8774	0.00727019	0.00723642
13.8796	0.00723642	0.00708186
13.8885	0.00708186	0.00682163
13.8907	0.00682163	0.00671893
13.8926	0.00671893	0.00662906
13.8957	0.00662906	0.00667543
13.8976	0.00667543	0.006716
13.9007	0.006716	0.0068765
13.9026	0.0068765	0.00689194
13.9058	0.00689194	0.00703044
13.9077	0.00703044	0.00702664
13.9108	0.00702664	0.00714831
13.9127	0.00714831	0.00712977
13.9158	0.00712977	0.00723855
13.9177	0.00723855	0.00720873
13.9196	0.00720873	0.00718264
13.9218	0.00718264	0.00703481
13.9237	0.00703481	0.00690546
13.9256	0.00690546	0.00679227
13.9278	0.00679227	0.00669324
13.9297	0.00669324	0.00660658
13.9316	0.00660658	0.00653076
13.9337	0.00653076	0.00646442
13.9356	0.00646442	0.00640636
13.9375	0.00640636	0.00635557
13.9397	0.00635557	0.00631112
13.9416	0.00631112	0.00627223
13.9435	0.00627223	0.0062382
13.9457	0.0062382	0.00620843
13.9476	0.00620843	0.00618237
13.9495	0.00618237	0.00640957
13.9514	0.00640957	0.00660838
13.9608	0.00660838	0.00640733
13.963	0.00640733	0.00635641
13.9649	0.00635641	0.00631186
13.968	0.00631186	0.00652288
13.9699	0.00652288	0.00645752
13.9731	0.00645752	0.00677533
13.975	0.00677533	0.00667841
13.9781	0.00667841	0.00696861
13.98	0.00696861	0.00684753
13.9831	0.00684753	0.00711659
13.985	0.00711659	0.00710202
13.9869	0.00710202	0.00708926
13.9891	0.00708926	0.00695311
13.991	0.00695311	0.00670897
13.9929	0.00670897	0.00662035
13.9951	0.00662035	0.0065428
13.997	0.0065428	0.00647495
13.9989	0.00647495	0.00641558
14.0011	0.00641558	0.00636363
14.0029	0.00636363	0.00631818
14.0048	0.00631818	0.00627841
14.007	0.00627841	0.00624361
14.0089	0.00624361	0.00621315
14.0108	0.00621315	0.00618651
14.0127	0.00618651	0.0064132
14.0146	0.0064132	0.00648654
14.0165	0.00648654	0.00667573
14.0184	0.00667573	0.00684126
14.0202	0.00684126	0.0069861
14.0221	0.0069861	0.00711284
14.024	0.00711284	0.00722373
14.0259	0.00722373	0.00719577
14.0278	0.00719577	0.0071713
14.0297	0.0071713	0.00714988
14.0316	0.00714988	0.00713115
14.0335	0.00713115	0.00723975
14.0354	0.00723975	0.00733478
14.0372	0.00733478	0.00741794
14.0391	0.00741794	0.00749069
14.041	0.00749069	0.00755436
14.0429	0.00755436	0.00748506
14.0448	0.00748506	0.00742443
14.0467	0.00742443	0.00737138
14.0486	0.00737138	0.00732495
14.0505	0.00732495	0.00740933
14.0523	0.00740933	0.00748317
14.0542	0.00748317	0.00754777
14.0561	0.00754777	0.0076043
14.058	0.0076043	0.00765376
14.0599	0.00765376	0.00757204
14.0618	0.00757204	0.00750054
14.0637	0.00750054	0.00743797
14.0656	0.00743797	0.00738322
14.0674	0.00738322	0.00746032
14.0693	0.00746032	0.00752778
14.0712	0.00752778	0.00758681
14.0731	0.00758681	0.00763845
14.075	0.00763845	0.00768365
14.0769	0.00768365	0.00759819
14.0788	0.00759819	0.00752342
14.0807	0.00752342	0.00745799
14.0826	0.00745799	0.00740074
14.0844	0.00740074	0.00747565
14.0863	0.00747565	0.00754119
14.0882	0.00754119	0.00759854
14.0901	0.00759854	0.00764873
14.092	0.00764873	0.00756763
14.0939	0.00756763	0.00749668
14.0958	0.00749668	0.00743459
14.0977	0.00743459	0.00738027
14.0995	0.00738027	0.00745774
14.1014	0.00745774	0.00752552
14.1033	0.00752552	0.00758483
14.1052	0.00758483	0.00763672
14.1071	0.00763672	0.00768213
14.109	0.00768213	0.00759687
14.1109	0.00759687	0.00752226
14.1128	0.00752226	0.00745697
14.1146	0.00745697	0.00739985
14.1165	0.00739985	0.00747487
14.1184	0.00747487	0.00754051
14.1203	0.00754051	0.00759795
14.1222	0.00759795	0.0076482
14.1241	0.0076482	0.00769218
14.126	0.00769218	0.00760565
14.1279	0.00760565	0.00752995
14.1298	0.00752995	0.0074637
14.1316	0.0074637	0.00740574
14.1335	0.00740574	0.00748002
14.1354	0.00748002	0.00754502
14.1373	0.00754502	0.00760189
14.1392	0.00760189	0.00765165
14.1411	0.00765165	0.0076952
14.143	0.0076952	0.0076083
14.1449	0.0076083	0.00753226
14.1467	0.00753226	0.00746573
14.1486	0.00746573	0.00740751
14.1505	0.00740751	0.00748157
14.1524	0.00748157	0.00754637
14.1543	0.00754637	0.00760308
14.1562	0.00760308	0.00765269
14.1581	0.00765269	0.0076961
14.16	0.0076961	0.00760909
14.1618	0.00760909	0.00753295
14.1637	0.00753295	0.00746633
14.1656	0.00746633	0.00740804
14.1675	0.00740804	0.00748204
14.1694	0.00748204	0.00754678
14.1713	0.00754678	0.00760343
14.1732	0.00760343	0.007653
14.1751	0.007653	0.00769638
14.177	0.00769638	0.00760933
14.1788	0.00760933	0.00753316
14.1807	0.00753316	0.00746652
14.1826	0.00746652	0.0074082
14.1845	0.0074082	0.00748217
14.1864	0.00748217	0.0075469
14.1883	0.0075469	0.00760354
14.1902	0.00760354	0.0076531
14.1921	0.0076531	0.00769646
14.1939	0.00769646	0.0076094
14.1958	0.0076094	0.00753323
14.1977	0.00753323	0.00746657
14.1996	0.00746657	0.00740825
14.2015	0.00740825	0.00748222
14.2034	0.00748222	0.00754694
14.2053	0.00754694	0.00760357
14.2072	0.00760357	0.00765312
14.209	0.00765312	0.00769648
14.2109	0.00769648	0.00760942
14.2128	0.00760942	0.00753324
14.2147	0.00753324	0.00746659
14.2166	0.00746659	0.00740826
14.2185	0.00740826	0.00748223
14.2204	0.00748223	0.00754695
14.2223	0.00754695	0.00760358
14.2242	0.00760358	0.00765314
14.226	0.00765314	0.00769649
14.2279	0.00769649	0.00760943
14.2298	0.00760943	0.00753325
14.2317	0.00753325	0.0074666
14.2336	0.0074666	0.00740827
14.2355	0.00740827	0.00748224
14.2374	0.00748224	0.00754696
14.2393	0.00754696	0.00760359
14.2411	0.00760359	0.00765314
14.243	0.00765314	0.00769649
14.2449	0.00769649	0.00760943
14.2468	0.00760943	0.00753325
14.2487	0.00753325	0.0074666
14.2506	0.0074666	0.00740827
14.2525	0.00740827	0.00748224
14.2544	0.00748224	0.00754696
14.2562	0.00754696	0.00760359
14.2581	0.00760359	0.00765314
14.26	0.00765314	0.0076965
14.2619	0.0076965	0.00760943
14.2638	0.00760943	0.00753325
14.2657	0.00753325	0.0074666
14.2676	0.0074666	0.00740827
14.2695	0.00740827	0.00748224
14.2714	0.00748224	0.00754696
14.2732	0.00754696	0.00760359
14.2751	0.00760359	0.00765314
14.277	0.00765314	0.0076965
14.2789	0.0076965	0.00760943
14.2808	0.00760943	0.00753325
14.2827	0.00753325	0.0074666
14.2846	0.0074666	0.00740827
14.2865	0.00740827	0.00748224
14.2883	0.00748224	0.00754696
14.2902	0.00754696	0.00760359
14.2921	0.00760359	0.00765314
14.294	0.00765314	0.0076965
14.2959	0.0076965	0.00760943
14.2978	0.00760943	0.00753325
14.2997	0.00753325	0.0074666
14.3016	0.0074666	0.00740827
14.3034	0.00740827	0.00748224
14.3053	0.00748224	0.00754696
14.3072	0.00754696	0.00760359
14.3091	0.00760359	0.00765314
14.311	0.00765314	0.0076965
14.3129	0.0076965	0.00760943
14.3148	0.00760943	0.00753325
14.3167	0.00753325	0.0074666
14.3186	0.0074666	0.00740827
14.3204	0.00740827	0.00748224
14.3223	0.00748224	0.00754696
14.3242	0.00754696	0.00760359
14.3271	0.00760359	0.00777814
14.3349	0.00777814	0.00755587
14.3371	0.00755587	0.00748639
14.339	0.00748639	0.00730059
14.3422	0.00730059	0.00738801
14.3441	0.00738801	0.00733951
14.3472	0.00733951	0.00742207
14.3491	0.00742207	0.00736931
14.3522	0.00736931	0.00744815
14.3541	0.00744815	0.00739213
14.3573	0.00739213	0.00746811
14.3591	0.00746811	0.0074096
14.361	0.0074096	0.0073584
14.3632	0.0073584	0.0071886
14.3651	0.0071886	0.00704002
14.367	0.00704002	0.00691002
14.3692	0.00691002	0.00679627
14.3711	0.00679627	0.00669673
14.3802	0.00669673	0.00648464
14.3821	0.00648464	0.00642406
14.3843	0.00642406	0.00637105
14.3871	0.00637105	0.00644967
14.3894	0.00644967	0.00651846
14.3922	0.00651846	0.00670365
14.3944	0.00670365	0.0067407
14.3972	0.0067407	0.00689811
14.3994	0.00689811	0.00691084
14.4022	0.00691084	0.00704699
14.4044	0.00704699	0.00704111
14.4063	0.00704111	0.00703597
14.4082	0.00703597	0.00690648
14.4104	0.00690648	0.00679317
14.4192	0.00679317	0.00656902
14.4284	0.00656902	0.00637289
14.4315	0.00637289	0.00645128
14.4334	0.00645128	0.00639487
14.4375	0.00639487	0.00634551
14.4394	0.00634551	0.00630232
14.4435	0.00630232	0.00626453
14.4454	0.00626453	0.00623147
14.4485	0.00623147	0.00657753
14.4504	0.00657753	0.00663034
14.4535	0.00663034	0.00680155
14.4554	0.00680155	0.00682635
14.4586	0.00682635	0.00697306
14.4605	0.00697306	0.00697642
14.4636	0.00697642	0.00710437
14.4655	0.00710437	0.00709132
14.4686	0.00709132	0.00720491
14.4705	0.00720491	0.00717929
14.4737	0.00717929	0.00728188
14.4755	0.00728188	0.00724665
14.4774	0.00724665	0.00721582
14.4796	0.00721582	0.00706384
14.4815	0.00706384	0.00693086
14.4834	0.00693086	0.0068145
14.4856	0.0068145	0.00671269
14.4875	0.00671269	0.0066236
14.4894	0.0066236	0.00654565
14.4916	0.00654565	0.00647744
14.4935	0.00647744	0.00641776
14.4954	0.00641776	0.00636554
14.4976	0.00636554	0.00631985
14.4994	0.00631985	0.00627987
14.5013	0.00627987	0.00649488
14.5032	0.00649488	0.00668302
14.5051	0.00668302	0.00684764
14.507	0.00684764	0.00686669
14.5089	0.00686669	0.00688335
14.5108	0.00688335	0.00689793
14.5127	0.00689793	0.00691069
14.5145	0.00691069	0.00704685
14.5164	0.00704685	0.007166
14.5183	0.007166	0.00727025
14.5202	0.00727025	0.00736147
14.5221	0.00736147	0.00744128
14.524	0.00744128	0.00738612
14.5259	0.00738612	0.00733785
14.5278	0.00733785	0.00729562
14.5296	0.00729562	0.00725867
14.5315	0.00725867	0.00735134
14.5334	0.00735134	0.00743242
14.5353	0.00743242	0.00750337
14.5372	0.00750337	0.00756544
14.5391	0.00756544	0.00761976
14.541	0.00761976	0.00754229
14.5429	0.00754229	0.00747451
14.5448	0.00747451	0.00741519
14.5466	0.00741519	0.00736329
14.5485	0.00736329	0.00744288
14.5504	0.00744288	0.00751252
14.5523	0.00751252	0.00757345
14.5542	0.00757345	0.00762677
14.5561	0.00762677	0.00767343
14.558	0.00767343	0.00758925
14.5599	0.00758925	0.00751559
14.5617	0.00751559	0.00745114
14.5636	0.00745114	0.00739475
14.5655	0.00739475	0.00747041
14.5674	0.00747041	0.0075366
14.5693	0.0075366	0.00759453
14.5712	0.00759453	0.00764521
14.5731	0.00764521	0.00768956
14.575	0.00768956	0.00760336
14.5768	0.00760336	0.00752794
14.5787	0.00752794	0.00746195
14.5806	0.00746195	0.00740421
14.5825	0.00740421	0.00747868
14.5844	0.00747868	0.00754385
14.5863	0.00754385	0.00760086
14.5882	0.00760086	0.00765076
14.5901	0.00765076	0.00769441
14.592	0.00769441	0.00760761
14.5938	0.00760761	0.00753166
14.5957	0.00753166	0.0074652
14.5976	0.0074652	0.00740705
14.5995	0.00740705	0.00748117
14.6014	0.00748117	0.00754602
14.6033	0.00754602	0.00760277
14.6052	0.00760277	0.00765242
14.6071	0.00765242	0.00769587
14.6089	0.00769587	0.00760889
14.6108	0.00760889	0.00753277
14.6127	0.00753277	0.00746618
14.6146	0.00746618	0.0074079
14.6165	0.0074079	0.00748192
14.6184	0.00748192	0.00754668
14.6203	0.00754668	0.00760334
14.6222	0.00760334	0.00765292
14.624	0.00765292	0.00769631
14.6259	0.00769631	0.00760927
14.6278	0.00760927	0.00753311
14.6297	0.00753311	0.00746647
14.6316	0.00746647	0.00740816
14.6335	0.00740816	0.00748214
14.6354	0.00748214	0.00754687
14.6373	0.00754687	0.00760351
14.6392	0.00760351	0.00765307
14.641	0.00765307	0.00769644
14.6429	0.00769644	0.00760938
14.6448	0.00760938	0.00753321
14.6467	0.00753321	0.00746656
14.6486	0.00746656	0.00740824
14.6505	0.00740824	0.00748221
14.6524	0.00748221	0.00754693
14.6543	0.00754693	0.00760356
14.6561	0.00760356	0.00765312
14.658	0.00765312	0.00769648
14.6599	0.00769648	0.00760942
14.6618	0.00760942	0.00753324
14.6637	0.00753324	0.00746658
14.6656	0.00746658	0.00740826
14.6675	0.00740826	0.00748223
14.6694	0.00748223	0.00754695
14.6712	0.00754695	0.00760358
14.6731	0.00760358	0.00765313
14.675	0.00765313	0.00769649
14.6769	0.00769649	0.00760943
14.6788	0.00760943	0.00753325
14.6807	0.00753325	0.00746659
14.6826	0.00746659	0.00740827
14.6845	0.00740827	0.00748223
14.6864	0.00748223	0.00754695
14.6882	0.00754695	0.00760358
14.6901	0.00760358	0.00765314
14.692	0.00765314	0.00769649
14.6939	0.00769649	0.00760943
14.6958	0.00760943	0.00753325
14.6977	0.00753325	0.0074666
14.6996	0.0074666	0.00740827
14.7015	0.00740827	0.00748224
14.7033	0.00748224	0.00754696
14.7052	0.00754696	0.00760359
14.7071	0.00760359	0.00765314
14.709	0.00765314	0.0076965
14.7109	0.0076965	0.00760943
14.7128	0.00760943	0.00753325
14.7147	0.00753325	0.0074666
14.7166	0.0074666	0.00740827
14.7184	0.00740827	0.00748224
14.7203	0.00748224	0.00754696
14.7222	0.00754696	0.00760359
14.7241	0.00760359	0.00765314
14.726	0.00765314	0.0076965
14.7279	0.0076965	0.00760943
14.7298	0.00760943	0.00753325
14.7317	0.00753325	0.0074666
14.7336	0.0074666	0.00740827
14.7354	0.00740827	0.00748224
14.7373	0.00748224	0.00754696
14.7392	0.00754696	0.00760359
14.7411	0.00760359	0.00765314
14.743	0.00765314	0.0075715
14.7449	0.0075715	0.00750006
14.7468	0.00750006	0.00743755
14.7487	0.00743755	0.00738286
14.7505	0.00738286	0.00746
14.7524	0.00746	0.0075275
14.7543	0.0075275	0.00758656
14.7562	0.00758656	0.00763824
14.7581	0.00763824	0.00768346
14.76	0.00768346	0.00759803
14.7619	0.00759803	0.00752327
14.7638	0.00752327	0.00745786
14.7656	0.00745786	0.00740063
14.7675	0.00740063	0.00747555
14.7694	0.00747555	0.00754111
14.7713	0.00754111	0.00759847
14.7732	0.00759847	0.00764866
14.7751	0.00764866	0.00769258
14.777	0.00769258	0.007606
14.7789	0.007606	0.00753025
14.7808	0.00753025	0.00746397
14.7826	0.00746397	0.00740597
14.7845	0.00740597	0.00748023
14.7864	0.00748023	0.0075452
14.7883	0.0075452	0.00760205
14.7902	0.00760205	0.00765179
14.7921	0.00765179	0.00769532
14.794	0.00769532	0.0076084
14.7959	0.0076084	0.00753235
14.7977	0.00753235	0.00746581
14.7996	0.00746581	0.00740758
14.8015	0.00740758	0.00748163
14.8034	0.00748163	0.00754643
14.8053	0.00754643	0.00760312
14.8072	0.00760312	0.00765273
14.8091	0.00765273	0.00769614
14.811	0.00769614	0.00760912
14.8128	0.00760912	0.00753298
14.8147	0.00753298	0.00746636
14.8166	0.00746636	0.00740807
14.8185	0.00740807	0.00748206
14.8204	0.00748206	0.0075468
14.8223	0.0075468	0.00760345
14.8242	0.00760345	0.00765302
14.8261	0.00765302	0.00769639
14.828	0.00769639	0.00760934
14.8298	0.00760934	0.00753317
14.8317	0.00753317	0.00746652
14.8336	0.00746652	0.00740821
14.8355	0.00740821	0.00748218
14.8374	0.00748218	0.00754691
14.8393	0.00754691	0.00760354
14.8412	0.00760354	0.0076531
14.8431	0.0076531	0.00769646
14.8449	0.00769646	0.0076094
14.8468	0.0076094	0.00753323
14.8487	0.00753323	0.00746657
14.8506	0.00746657	0.00740825
14.8525	0.00740825	0.00748222
14.8544	0.00748222	0.00754694
14.8563	0.00754694	0.00760357
14.8582	0.00760357	0.00765313
14.86	0.00765313	0.00769649
14.8619	0.00769649	0.00760943
14.8638	0.00760943	0.00753325
14.8657	0.00753325	0.00746659
14.8676	0.00746659	0.00740827
14.8695	0.00740827	0.00748223
14.8714	0.00748223	0.00754695
14.8733	0.00754695	0.00760358
14.8752	0.00760358	0.00765314
14.877	0.00765314	0.00769649
14.8789	0.00769649	0.00760943
14.8808	0.00760943	0.00753325
14.8827	0.00753325	0.0074666
14.8846	0.0074666	0.00740827
14.8865	0.00740827	0.00748224
14.8884	0.00748224	0.00754696
14.8903	0.00754696	0.00760359
14.8921	0.00760359	0.00765314
14.894	0.00765314	0.00769649
14.8959	0.00769649	0.00760943
14.8978	0.00760943	0.00753325
14.8997	0.00753325	0.0074666
14.9016	0.0074666	0.00740827
14.9035	0.00740827	0.00748224
14.9054	0.00748224	0.00754696
14.9072	0.00754696	0.00760359
14.9091	0.00760359	0.00765314
14.911	0.00765314	0.0076965
14.9129	0.0076965	0.00760943
14.9148	0.00760943	0.00753325
14.9167	0.00753325	0.0074666
14.9186	0.0074666	0.00740827
14.9205	0.00740827	0.00748224
14.9224	0.00748224	0.00754696
14.9242	0.00754696	0.00760359
14.9261	0.00760359	0.00765314
14.928	0.00765314	0.0076965
14.9299	0.0076965	0.00760943
14.9318	0.00760943	0.00753325
14.9337	0.00753325	0.0074666
14.9356	0.0074666	0.00740827
14.9375	0.00740827	0.00748224
14.9393	0.00748224	0.00754696
14.9412	0.00754696	0.00760359
14.9431	0.00760359	0.00765314
14.945	0.00765314	0.0076965
14.9469	0.0076965	0.00760943
14.9488	0.00760943	0.00753325
14.9507	0.00753325	0.0074666
14.9526	0.0074666	0.00740827
14.9544	0.00740827	0.00748224
14.9563	0.00748224	0.00754696
14.9582	0.00754696	0.00760359
14.9601	0.00760359	0.00765314
14.962	0.00765314	0.0076965
14.9639	0.0076965	0.00760943
14.9658	0.00760943	0.00753325
14.9677	0.00753325	0.0074666
14.9696	0.0074666	0.00740827
14.9714	0.00740827	0.00748224
14.9733	0.00748224	0.00754696
14.9752	0.00754696	0.00760359
14.9771	0.00760359	0.00765314
14.979	0.00765314	0.0075715
14.9809	0.0075715	0.00750006
14.9828	0.00750006	0.00743755
14.9847	0.00743755	0.00738286
14.9865	0.00738286	0.00746
14.9884	0.00746	0.0075275
14.9903	0.0075275	0.00758656
14.9922	0.00758656	0.00763824
14.9941	0.00763824	0.00768346
14.996	0.00768346	0.00759803
14.9979	0.00759803	0.00752327
15.0073	0.00752327	0.00733286
15.0095	0.00733286	0.00716625
15.0114	0.00716625	0.00702047
15.0146	0.00702047	0.00701791
15.0164	0.00701791	0.00701567
15.0196	0.00701567	0.00713871
15.0215	0.00713871	0.00712137
15.0246	0.00712137	0.0072312
15.0265	0.0072312	0.0072023
15.0296	0.0072023	0.00730201
15.0315	0.00730201	0.00726426
15.0334	0.00726426	0.00723123
15.0356	0.00723123	0.00707732
15.0375	0.00707732	0.00694266
15.0394	0.00694266	0.00682482
15.0416	0.00682482	0.00672172
15.0435	0.00672172	0.00663151
15.0454	0.00663151	0.00655257
15.0476	0.00655257	0.00648349
15.0495	0.00648349	0.00642306
15.0513	0.00642306	0.00637017
15.0535	0.00637017	0.0063239
15.0554	0.0063239	0.00628341
15.0573	0.00628341	0.00624799
15.0592	0.00624799	0.00646699
15.0611	0.00646699	0.00665861
15.063	0.00665861	0.00670129
15.0649	0.00670129	0.00673863
15.0668	0.00673863	0.0067713
15.0686	0.0067713	0.00679989
15.0705	0.00679989	0.0069499
15.0724	0.0069499	0.00708116
15.0743	0.00708116	0.00719602
15.0762	0.00719602	0.00729651
15.0781	0.00729651	0.00738445
15.08	0.00738445	0.00733639
15.0819	0.00733639	0.00729434
15.0838	0.00729434	0.00725755
15.0856	0.00725755	0.00722536
15.0875	0.00722536	0.00732219
15.0894	0.00732219	0.00740691
15.0913	0.00740691	0.00748105
15.0932	0.00748105	0.00754592
15.0951	0.00754592	0.00760268
15.097	0.00760268	0.00752734
15.0989	0.00752734	0.00746142
15.1007	0.00746142	0.00740375
15.1026	0.00740375	0.00735328
15.1045	0.00735328	0.00743412
15.1064	0.00743412	0.00750485
15.1083	0.00750485	0.00756674
15.1102	0.00756674	0.0076209
15.1121	0.0076209	0.00766829
15.114	0.00766829	0.00758475
15.1158	0.00758475	0.00751166
15.1177	0.00751166	0.0074477
15.1196	0.0074477	0.00739174
15.1215	0.00739174	0.00746777
15.1234	0.00746777	0.0075343
15.1253	0.0075343	0.00759251
15.1272	0.00759251	0.00764344
15.1291	0.00764344	0.00768801
15.131	0.00768801	0.00760201
15.1328	0.00760201	0.00752676
15.1347	0.00752676	0.00746092
15.1366	0.00746092	0.0074033
15.1385	0.0074033	0.00747789
15.1404	0.00747789	0.00754315
15.1423	0.00754315	0.00760026
15.1442	0.00760026	0.00765022
15.1461	0.00765022	0.00769395
15.1479	0.00769395	0.0076072
15.1498	0.0076072	0.0075313
15.1517	0.0075313	0.00746489
15.1536	0.00746489	0.00740678
15.1555	0.00740678	0.00748093
15.1574	0.00748093	0.00754581
15.1593	0.00754581	0.00760259
15.1612	0.00760259	0.00765226
15.163	0.00765226	0.00769573
15.1649	0.00769573	0.00760876
15.1668	0.00760876	0.00753267
15.1687	0.00753267	0.00746608
15.1706	0.00746608	0.00740782
15.1725	0.00740782	0.00748184
15.1744	0.00748184	0.00754661
15.1763	0.00754661	0.00760328
15.1782	0.00760328	0.00765287
15.18	0.00765287	0.00769626
15.1819	0.00769626	0.00760923
15.1838	0.00760923	0.00753308
15.1857	0.00753308	0.00746644
15.1876	0.00746644	0.00740814
15.1895	0.00740814	0.00748212
15.1914	0.00748212	0.00754685
15.1933	0.00754685	0.0076035
15.1951	0.0076035	0.00765306
15.197	0.00765306	0.00769643
15.1989	0.00769643	0.00760937
15.2008	0.00760937	0.0075332
15.2027	0.0075332	0.00746655
15.2046	0.00746655	0.00740823
15.2065	0.00740823	0.0074822
15.2084	0.0074822	0.00754693
15.2102	0.00754693	0.00760356
15.2121	0.00760356	0.00765312
15.214	0.00765312	0.00769648
15.2159	0.00769648	0.00760941
15.2178	0.00760941	0.00753324
15.2197	0.00753324	0.00746658
15.2216	0.00746658	0.00740826
15.2235	0.00740826	0.00748223
15.2254	0.00748223	0.00754695
15.2272	0.00754695	0.00760358
15.2291	0.00760358	0.00765313
15.231	0.00765313	0.00769649
15.2329	0.00769649	0.00760943
15.2348	0.00760943	0.00753325
15.2367	0.00753325	0.00746659
15.2386	0.00746659	0.00740827
15.248	0.00740827	0.00723223
15.2562	0.00723223	0.0069532
15.2581	0.0069532	0.00695905
15.2603	0.00695905	0.00683917
15.2631	0.00683917	0.00685927
15.2653	0.00685927	0.00687686
15.2682	0.00687686	0.00701726
15.2704	0.00701726	0.0070151
15.2732	0.0070151	0.00713821
15.2754	0.00713821	0.00712093
15.2782	0.00712093	0.00723082
15.2804	0.00723082	0.00720196
15.2823	0.00720196	0.00717672
15.2842	0.00717672	0.00702963
15.2864	0.00702963	0.00690092
15.2883	0.00690092	0.00678831
15.2902	0.00678831	0.00668977
15.2924	0.00668977	0.00660355
15.2943	0.00660355	0.0065281
15.2962	0.0065281	0.00646209
15.2983	0.00646209	0.00640433
15.3002	0.00640433	0.00635379
15.3021	0.00635379	0.00630956
15.3043	0.00630956	0.00627087
15.3062	0.00627087	0.00623701
15.3081	0.00623701	0.00645738
15.31	0.00645738	0.00652521
15.3119	0.00652521	0.00658456
15.3138	0.00658456	0.00663649
15.3157	0.00663649	0.00668193
15.3175	0.00668193	0.00684668
15.3194	0.00684668	0.00699085
15.3213	0.00699085	0.00711699
15.3232	0.00711699	0.00722737
15.3251	0.00722737	0.00732395
15.327	0.00732395	0.00728345
15.3289	0.00728345	0.00724802
15.3308	0.00724802	0.00721702
15.3326	0.00721702	0.00718989
15.3345	0.00718989	0.00729115
15.3364	0.00729115	0.00737976
15.3383	0.00737976	0.00745729
15.3402	0.00745729	0.00752513
15.3421	0.00752513	0.00758449
15.3515	0.00758449	0.00738643
15.3537	0.00738643	0.00721312
15.3556	0.00721312	0.00706148
15.3588	0.00706148	0.00705379
15.3607	0.00705379	0.00704707
15.3638	0.00704707	0.00716619
15.3657	0.00716619	0.00714541
15.3688	0.00714541	0.00725224
15.3707	0.00725224	0.00722071
15.3739	0.00722071	0.00731812
15.3757	0.00731812	0.00727835
15.3776	0.00727835	0.00724356
15.3798	0.00724356	0.00708811
15.3817	0.00708811	0.0069521
15.3836	0.0069521	0.00683309
15.3858	0.00683309	0.00672895
15.3877	0.00672895	0.00663783
15.3896	0.00663783	0.0065581
15.3918	0.0065581	0.00648834
15.3937	0.00648834	0.00642729
15.3956	0.00642729	0.00637388
15.3978	0.00637388	0.00632715
15.3996	0.00632715	0.00628625
15.4015	0.00628625	0.00625047
15.4034	0.00625047	0.00646916
15.4053	0.00646916	0.00666052
15.4072	0.00666052	0.00682795
15.4091	0.00682795	0.00697446
15.411	0.00697446	0.00697765
15.4129	0.00697765	0.00698044
15.4147	0.00698044	0.00698289
15.4166	0.00698289	0.00698502
15.4185	0.00698502	0.0071119
15.4204	0.0071119	0.00722291
15.4223	0.00722291	0.00732004
15.4242	0.00732004	0.00740504
15.4261	0.00740504	0.00747941
15.428	0.00747941	0.00741948
15.4298	0.00741948	0.00736705
15.4317	0.00736705	0.00732117
15.4336	0.00732117	0.00728102
15.4355	0.00728102	0.00737089
15.4374	0.00737089	0.00744953
15.4393	0.00744953	0.00751834
15.4412	0.00751834	0.00757854
15.4431	0.00757854	0.00763123
15.445	0.00763123	0.00755232
15.4468	0.00755232	0.00748328
15.4487	0.00748328	0.00742287
15.4506	0.00742287	0.00737001
15.4525	0.00737001	0.00744876
15.4544	0.00744876	0.00751766
15.4563	0.00751766	0.00757796
15.4582	0.00757796	0.00763071
15.4601	0.00763071	0.00767687
15.4619	0.00767687	0.00759226
15.4638	0.00759226	0.00751823
15.4657	0.00751823	0.00745345
15.4752	0.00745345	0.00727177
15.4774	0.00727177	0.0071128
15.4793	0.0071128	0.0069737
15.4824	0.0069737	0.00697698
15.4843	0.00697698	0.00697986
15.4874	0.00697986	0.00710738
15.4893	0.00710738	0.00709395
15.4925	0.00709395	0.00720721
15.4944	0.00720721	0.00718131
15.4975	0.00718131	0.00728364
15.4994	0.00728364	0.00724819
15.5013	0.00724819	0.00721716
15.5035	0.00721716	0.00706502
15.5054	0.00706502	0.00693189
15.5072	0.00693189	0.0068154
15.5094	0.0068154	0.00671348
15.5113	0.00671348	0.00662429
15.5132	0.00662429	0.00654625
15.5154	0.00654625	0.00647797
15.5173	0.00647797	0.00641823
15.5192	0.00641823	0.00636595
15.5214	0.00636595	0.0063202
15.5233	0.0063202	0.00628018
15.5252	0.00628018	0.00624515
15.5271	0.00624515	0.00646451
15.5289	0.00646451	0.00653145
15.5308	0.00653145	0.00659001
15.5327	0.00659001	0.00664126
15.5346	0.00664126	0.0066861
15.5365	0.0066861	0.00685034
15.5384	0.00685034	0.00699405
15.5403	0.00699405	0.00711979
15.5422	0.00711979	0.00722982
15.544	0.00722982	0.00732609
15.5459	0.00732609	0.00728533
15.5478	0.00728533	0.00724966
15.5497	0.00724966	0.00721845
15.5516	0.00721845	0.00719115
15.5535	0.00719115	0.00729225
15.5554	0.00729225	0.00738072
15.5573	0.00738072	0.00745813
15.5592	0.00745813	0.00752586
15.561	0.00752586	0.00758513
15.5629	0.00758513	0.00751199
15.5648	0.00751199	0.00744799
15.5667	0.00744799	0.00739199
15.5686	0.00739199	0.00734299
15.5705	0.00734299	0.00742512
15.5724	0.00742512	0.00749698
15.5743	0.00749698	0.00755985
15.5761	0.00755985	0.00761487
15.578	0.00761487	0.00766301
15.5799	0.00766301	0.00758014
15.5818	0.00758014	0.00750762
15.5837	0.00750762	0.00744417
15.5856	0.00744417	0.00738865
15.5875	0.00738865	0.00746506
15.5894	0.00746506	0.00753193
15.5912	0.00753193	0.00759044
15.5931	0.00759044	0.00764163
15.595	0.00764163	0.00768643
15.5969	0.00768643	0.00760062
15.5988	0.00760062	0.00752555
15.6007	0.00752555	0.00745985
15.6026	0.00745985	0.00740237
15.6045	0.00740237	0.00747707
15.6064	0.00747707	0.00754244
15.6082	0.00754244	0.00759963
15.6101	0.00759963	0.00764968
15.612	0.00764968	0.00769347
15.6139	0.00769347	0.00760678
15.6158	0.00760678	0.00753094
15.6177	0.00753094	0.00746457
15.6196	0.00746457	0.0074065
15.6215	0.0074065	0.00748068
15.6233	0.00748068	0.0075456
15.6252	0.0075456	0.0076024
15.6271	0.0076024	0.0076521
15.629	0.0076521	0.00769558
15.6309	0.00769558	0.00760864
15.6328	0.00760864	0.00753256
15.6347	0.00753256	0.00746599
15.6366	0.00746599	0.00740774
15.6384	0.00740774	0.00748177
15.6403	0.00748177	0.00754655
15.6422	0.00754655	0.00760323
15.6441	0.00760323	0.00765282
15.646	0.00765282	0.00769622
15.6479	0.00769622	0.00760919
15.6498	0.00760919	0.00753304
15.6517	0.00753304	0.00746641
15.6536	0.00746641	0.00740811
15.6554	0.00740811	0.0074821
15.6573	0.0074821	0.00754683
15.6592	0.00754683	0.00760348
15.6611	0.00760348	0.00765304
15.663	0.00765304	0.00757141
15.6649	0.00757141	0.00749999
15.6668	0.00749999	0.00743749
15.6687	0.00743749	0.0073828
15.6705	0.0073828	0.00745995
15.6724	0.00745995	0.00752746
15.6753	0.00752746	0.00771152
15.6831	0.00771152	0.00749758
15.6854	0.00749758	0.00731038
15.6872	0.00731038	0.00714659
15.6904	0.00714659	0.00712826
15.6923	0.00712826	0.00711223
15.6954	0.00711223	0.0072232
15.6973	0.0072232	0.0071953
15.7004	0.0071953	0.00729589
15.7023	0.00729589	0.0072589
15.7055	0.0072589	0.00735154
15.7074	0.00735154	0.0073076
15.7092	0.0073076	0.00726915
15.7114	0.00726915	0.0071105
15.7133	0.0071105	0.00697169
15.7152	0.00697169	0.00685023
15.7174	0.00685023	0.00674395
15.7262	0.00674395	0.00652595
15.7284	0.00652595	0.00646021
15.7303	0.00646021	0.00640268
15.7335	0.00640268	0.00647735
15.7354	0.00647735	0.00654268
15.7385	0.00654268	0.00672484
15.7404	0.00672484	0.00675924
15.7435	0.00675924	0.00691433
15.7454	0.00691433	0.00692504
15.7486	0.00692504	0.00705941
15.7505	0.00705941	0.00705198
15.7523	0.00705198	0.00704548
15.7545	0.00704548	0.0069148
15.7564	0.0069148	0.00680045
15.7583	0.00680045	0.00670039
15.7605	0.00670039	0.00661284
15.7624	0.00661284	0.00653624
15.7643	0.00653624	0.00646921
15.7665	0.00646921	0.00641056
15.7684	0.00641056	0.00635924
15.7775	0.00635924	0.00618933
15.7794	0.00618933	0.00616566
15.7816	0.00616566	0.00614496
15.7844	0.00614496	0.00625184
15.7866	0.00625184	0.00634536
15.7895	0.00634536	0.00655219
15.7917	0.00655219	0.00660816
15.7945	0.00660816	0.00678214
15.7967	0.00678214	0.00680937
15.8005	0.00680937	0.0070832
15.8083	0.0070832	0.0069478
15.8106	0.0069478	0.00695432
15.8124	0.00695432	0.00683503
15.8156	0.00683503	0.00685565
15.8175	0.00685565	0.0068737
15.8206	0.0068737	0.00701448
15.8225	0.00701448	0.00701267
15.8256	0.00701267	0.00713609
15.8275	0.00713609	0.00711908
15.8307	0.00711908	0.00722919
15.8326	0.00722919	0.00720054
15.8357	0.00720054	0.00730047
15.8376	0.00730047	0.00726291
15.8395	0.00726291	0.00723005
15.8417	0.00723005	0.00707629
15.8436	0.00707629	0.00694176
15.8455	0.00694176	0.00682404
15.8477	0.00682404	0.00672103
15.8495	0.00672103	0.0066309
15.8514	0.0066309	0.00655204
15.8536	0.00655204	0.00648303
15.8555	0.00648303	0.00642265
15.8574	0.00642265	0.00636982
15.8596	0.00636982	0.00632359
15.8624	0.00632359	0.00640814
15.8703	0.00640814	0.00635713
15.8725	0.00635713	0.00643748
15.8744	0.00643748	0.0063828
15.8776	0.0063828	0.00645995
15.8794	0.00645995	0.00652745
15.8826	0.00652745	0.00671152
15.8845	0.00671152	0.00674758
15.8876	0.00674758	0.00690413
15.8895	0.00690413	0.00691612
15.8926	0.00691612	0.0070516
15.8945	0.0070516	0.00704515
15.8977	0.00704515	0.00716451
15.8996	0.00716451	0.00714394
15.9014	0.00714394	0.00712595
15.9036	0.00712595	0.00698521
15.9055	0.00698521	0.00686205
15.9074	0.00686205	0.0067543
15.9096	0.0067543	0.00666001
15.9115	0.00666001	0.00657751
15.9134	0.00657751	0.00650532
15.9156	0.00650532	0.00644215
15.9175	0.00644215	0.00638688
15.9194	0.00638688	0.00633852
15.9216	0.00633852	0.00629621
15.9235	0.00629621	0.00625918
15.9253	0.00625918	0.00622678
15.9275	0.00622678	0.00619844
15.9294	0.00619844	0.00617363
15.9313	0.00617363	0.00640193
15.9332	0.00640193	0.00660169
15.9351	0.00660169	0.00677647
15.937	0.00677647	0.00680441
15.9389	0.00680441	0.00682886
15.9408	0.00682886	0.00685025
15.9426	0.00685025	0.00686897
15.9445	0.00686897	0.00701035
15.9464	0.00701035	0.00713406
15.9483	0.00713406	0.0072423
15.9502	0.0072423	0.00733701
15.9521	0.00733701	0.00741988
15.954	0.00741988	0.0073674
15.9559	0.0073674	0.00732147
15.9578	0.00732147	0.00728129
15.9596	0.00728129	0.00724613
15.9615	0.00724613	0.00734036
15.9634	0.00734036	0.00742282
15.9653	0.00742282	0.00749496
15.9672	0.00749496	0.00755809
15.9691	0.00755809	0.00761333
15.971	0.00761333	0.00753666
15.9729	0.00753666	0.00746958
15.9747	0.00746958	0.00741088
15.9766	0.00741088	0.00735952
15.9785	0.00735952	0.00743958
15.9804	0.00743958	0.00750963
15.9823	0.00750963	0.00757093
15.9842	0.00757093	0.00762456
15.9861	0.00762456	0.00767149
15.988	0.00767149	0.00758755
15.9898	0.00758755	0.00751411
15.9917	0.00751411	0.00744985
15.9936	0.00744985	0.00739361
15.9955	0.00739361	0.00746941
15.9974	0.00746941	0.00753574
15.9993	0.00753574	0.00759377
16.0012	0.00759377	0.00764455
16.0031	0.00764455	0.00768898
16.005	0.00768898	0.00760286
16.0068	0.00760286	0.0075275
16.0087	0.0075275	0.00746156
16.0106	0.00746156	0.00740386
16.0125	0.00740386	0.00747838
16.0144	0.00747838	0.00754358
16.0163	0.00754358	0.00760063
16.0182	0.00760063	0.00765055
16.0201	0.00765055	0.00769423
16.0219	0.00769423	0.00760745
16.0238	0.00760745	0.00753152
16.0257	0.00753152	0.00746508
16.0276	0.00746508	0.00740695
16.0295	0.00740695	0.00748108
16.0314	0.00748108	0.00754594
16.0333	0.00754594	0.0076027
16.0352	0.0076027	0.00765236
16.037	0.00765236	0.00769581
16.0389	0.00769581	0.00760884
16.0408	0.00760884	0.00753273
16.0427	0.00753273	0.00746614
16.0446	0.00746614	0.00740787
16.0465	0.00740787	0.00748189
16.0484	0.00748189	0.00754665
16.0503	0.00754665	0.00760332
16.0522	0.00760332	0.0076529
16.054	0.0076529	0.00769629
16.0559	0.00769629	0.00760925
16.0578	0.00760925	0.0075331
16.0597	0.0075331	0.00746646
16.0616	0.00746646	0.00740815
16.0635	0.00740815	0.00748213
16.0654	0.00748213	0.00754686
16.0673	0.00754686	0.00760351
16.0691	0.00760351	0.00765307
16.071	0.00765307	0.00769643
16.0729	0.00769643	0.00760938
16.0748	0.00760938	0.00753321
16.0767	0.00753321	0.00746655
16.0786	0.00746655	0.00740823
16.0805	0.00740823	0.0074822
16.0824	0.0074822	0.00754693
16.0842	0.00754693	0.00760356
16.0861	0.00760356	0.00765312
16.088	0.00765312	0.00769648
16.0899	0.00769648	0.00760942
16.0918	0.00760942	0.00753324
16.0937	0.00753324	0.00746658
16.0956	0.00746658	0.00740826
16.0975	0.00740826	0.00748223
16.0994	0.00748223	0.00754695
16.1012	0.00754695	0.00760358
16.1031	0.00760358	0.00765313
16.105	0.00765313	0.00769649
16.1069	0.00769649	0.00760943
16.1088	0.00760943	0.00753325
16.1107	0.00753325	0.00746659
16.1126	0.00746659	0.00740827
16.1145	0.00740827	0.00748223
16.1163	0.00748223	0.00754695
16.1182	0.00754695	0.00760358
16.1201	0.00760358	0.00765314
16.122	0.00765314	0.00769649
16.1239	0.00769649	0.00760943
16.1258	0.00760943	0.00753325
16.1277	0.00753325	0.0074666
16.1296	0.0074666	0.00740827
16.1314	0.00740827	0.00748224
16.1333	0.00748224	0.00754696
16.1352	0.00754696	0.00760359
16.1371	0.00760359	0.00765314
16.139	0.00765314	0.0076965
16.1409	0.0076965	0.00760943
16.1428	0.00760943	0.00753325
16.1447	0.00753325	0.0074666
16.1466	0.0074666	0.00740827
16.1484	0.00740827	0.00748224
16.1503	0.00748224	0.00754696
16.1522	0.00754696	0.00760359
16.1541	0.00760359	0.00765314
16.156	0.00765314	0.0075715
16.1579	0.0075715	0.00750006
16.1598	0.00750006	0.00743755
16.1617	0.00743755	0.00738286
16.1635	0.00738286	0.00746
16.1654	0.00746	0.0075275
16.1673	0.0075275	0.00758656
16.1692	0.00758656	0.00763824
16.1711	0.00763824	0.00768346
16.173	0.00768346	0.00759803
16.1749	0.00759803	0.00752327
16.1777	0.00752327	0.00758286
16.1856	0.00758286	0.00738501
16.1878	0.00738501	0.00721188
16.1897	0.00721188	0.00706039
16.1928	0.00706039	0.00705284
16.1947	0.00705284	0.00704624
16.1979	0.00704624	0.00716546
16.1997	0.00716546	0.00714477
16.2029	0.00714477	0.00725168
16.2048	0.00725168	0.00722022
16.2079	0.00722022	0.00731769
16.2098	0.00731769	0.00727798
16.2117	0.00727798	0.00724323
16.2139	0.00724323	0.00708783
16.2158	0.00708783	0.00695185
16.2177	0.00695185	0.00683287
16.2199	0.00683287	0.00672876
16.2218	0.00672876	0.00663766
16.2236	0.00663766	0.00655795
16.2258	0.00655795	0.00648821
16.2277	0.00648821	0.00642718
16.2296	0.00642718	0.00637378
16.2318	0.00637378	0.00632706
16.2337	0.00632706	0.00628618
16.2356	0.00628618	0.0062504
16.2375	0.0062504	0.0064691
16.2394	0.0064691	0.00666047
16.2413	0.00666047	0.00682791
16.2431	0.00682791	0.00697442
16.245	0.00697442	0.00710261
16.2469	0.00710261	0.00708979
16.2564	0.00708979	0.00695356
16.2586	0.00695356	0.00683437
16.2605	0.00683437	0.00673007
16.2636	0.00673007	0.00676381
16.2655	0.00676381	0.00679334
16.2686	0.00679334	0.00694417
16.2705	0.00694417	0.00695115
16.2737	0.00695115	0.00708225
16.2755	0.00708225	0.00707197
16.2787	0.00707197	0.00718797
16.2806	0.00718797	0.00716448
16.2825	0.00716448	0.00714392
16.2847	0.00714392	0.00700093
16.2866	0.00700093	0.00687581
16.2884	0.00687581	0.00676633
16.2906	0.00676633	0.00667054
16.2925	0.00667054	0.00658672
16.2944	0.00658672	0.00651338
16.2966	0.00651338	0.00644921
16.2985	0.00644921	0.00639306
16.3004	0.00639306	0.00634393
16.3026	0.00634393	0.00630093
16.3045	0.00630093	0.00626332
16.3064	0.00626332	0.0062304
16.3082	0.0062304	0.0064516
16.3101	0.0064516	0.00664515
16.312	0.00664515	0.00681451
16.3139	0.00681451	0.00683769
16.3158	0.00683769	0.00685798
16.3177	0.00685798	0.00687573
16.3196	0.00687573	0.00689126
16.3215	0.00689126	0.00702986
16.3234	0.00702986	0.00715112
16.3252	0.00715112	0.00725723
16.3271	0.00725723	0.00735008
16.329	0.00735008	0.00743132
16.3309	0.00743132	0.0073774
16.3328	0.0073774	0.00733023
16.3347	0.00733023	0.00728895
16.3366	0.00728895	0.00725283
16.3385	0.00725283	0.00734622
16.3403	0.00734622	0.00742795
16.3422	0.00742795	0.00749945
16.3441	0.00749945	0.00756202
16.346	0.00756202	0.00761677
16.3479	0.00761677	0.00753967
16.3498	0.00753967	0.00747221
16.3517	0.00747221	0.00741319
16.3536	0.00741319	0.00736154
16.3554	0.00736154	0.00744134
16.3573	0.00744134	0.00751118
16.3592	0.00751118	0.00757228
16.3611	0.00757228	0.00762574
16.363	0.00762574	0.00767253
16.3649	0.00767253	0.00758846
16.3668	0.00758846	0.0075149
16.3687	0.0075149	0.00745054
16.3706	0.00745054	0.00739422
16.3724	0.00739422	0.00746994
16.3743	0.00746994	0.0075362
16.3762	0.0075362	0.00759417
16.3781	0.00759417	0.0076449
16.38	0.0076449	0.00756429
16.3819	0.00756429	0.00749375
16.3838	0.00749375	0.00743203
16.3857	0.00743203	0.00737803
16.3875	0.00737803	0.00745577
16.3894	0.00745577	0.0075238
16.3913	0.0075238	0.00758333
16.3932	0.00758333	0.00763541
16.3951	0.00763541	0.00768098
16.397	0.00768098	0.00759586
16.3989	0.00759586	0.00752138
16.4008	0.00752138	0.0074562
16.4026	0.0074562	0.00739918
16.4045	0.00739918	0.00747428
16.4064	0.00747428	0.00753999
16.4083	0.00753999	0.0075975
16.4102	0.0075975	0.00764781
16.4121	0.00764781	0.00769183
16.414	0.00769183	0.00760535
16.4159	0.00760535	0.00752968
16.4178	0.00752968	0.00746347
16.4196	0.00746347	0.00740554
16.4215	0.00740554	0.00747984
16.431	0.00747984	0.00716986
16.4332	0.00716986	0.00702363
16.4351	0.00702363	0.00689568
16.4382	0.00689568	0.00703372
16.4401	0.00703372	0.0070295
16.4432	0.0070295	0.00715081
16.4451	0.00715081	0.00713196
16.4483	0.00713196	0.00724047
16.4502	0.00724047	0.00721041
16.4533	0.00721041	0.00730911
16.4552	0.00730911	0.00727047
16.4571	0.00727047	0.00723666
16.4593	0.00723666	0.00708208
16.4612	0.00708208	0.00694682
16.4631	0.00694682	0.00682846
16.4653	0.00682846	0.0067249
16.4671	0.0067249	0.00663429
16.469	0.00663429	0.006555
16.4712	0.006555	0.00648563
16.4731	0.00648563	0.00642492
16.475	0.00642492	0.00637181
16.4772	0.00637181	0.00632533
16.4791	0.00632533	0.00628467
16.481	0.00628467	0.00612408
16.4829	0.00612408	0.00623357
16.4848	0.00623357	0.00632937
16.4866	0.00632937	0.0064132
16.4885	0.0064132	0.00661155
16.4904	0.00661155	0.00678511
16.4923	0.00678511	0.00693697
16.4942	0.00693697	0.00706985
16.4961	0.00706985	0.00718611
16.498	0.00718611	0.00716285
16.4999	0.00716285	0.00714249
16.5017	0.00714249	0.00712468
16.5036	0.00712468	0.0071091
16.5055	0.0071091	0.00722046
16.5074	0.00722046	0.0073179
16.5093	0.0073179	0.00740316
16.5112	0.00740316	0.00747777
16.5131	0.00747777	0.00754304
16.515	0.00754304	0.00747516
16.5168	0.00747516	0.00741577
16.5187	0.00741577	0.0073638
16.5206	0.0073638	0.00731832
16.5225	0.00731832	0.00740353
16.5244	0.00740353	0.00747809
16.5263	0.00747809	0.00754333
16.5282	0.00754333	0.00760041
16.5301	0.00760041	0.00765036
16.532	0.00765036	0.00756906
16.5338	0.00756906	0.00749793
16.5357	0.00749793	0.00743569
16.5376	0.00743569	0.00738123
16.5395	0.00738123	0.00745857
16.5414	0.00745857	0.00752625
16.5433	0.00752625	0.00758547
16.5452	0.00758547	0.00763728
16.5471	0.00763728	0.00768262
16.5489	0.00768262	0.0075973
16.5508	0.0075973	0.00752263
16.5527	0.00752263	0.0074573
16.5546	0.0074573	0.00740014
16.5565	0.00740014	0.00747512
16.5584	0.00747512	0.00754073
16.5603	0.00754073	0.00759814
16.5622	0.00759814	0.00764837
16.564	0.00764837	0.00769232
16.5659	0.00769232	0.00760578
16.5678	0.00760578	0.00753006
16.5697	0.00753006	0.0074638
16.5716	0.0074638	0.00740583
16.5735	0.00740583	0.0074801
16.5754	0.0074801	0.00754508
16.5773	0.00754508	0.00760195
16.5792	0.00760195	0.0076517
16.581	0.0076517	0.00769524
16.5829	0.00769524	0.00760833
16.5848	0.00760833	0.00753229
16.5867	0.00753229	0.00746576
16.5886	0.00746576	0.00740754
16.5905	0.00740754	0.00748159
16.5924	0.00748159	0.00754639
16.5943	0.00754639	0.00760309
16.5961	0.00760309	0.00765271
16.599	0.00765271	0.00769612
16.6069	0.00769612	0.0074841
16.6091	0.0074841	0.00742359
16.611	0.00742359	0.00724564
16.6141	0.00724564	0.00733993
16.616	0.00733993	0.00717244
16.6191	0.00717244	0.00740089
16.621	0.00740089	0.00735078
16.6242	0.00735078	0.00755693
16.626	0.00755693	0.00748731
16.6292	0.00748731	0.0075514
16.6311	0.0075514	0.00748247
16.633	0.00748247	0.00729716
16.6352	0.00729716	0.00713502
16.637	0.00713502	0.00699314
16.6389	0.00699314	0.006869
16.6411	0.006869	0.00676037
16.643	0.00676037	0.00666532
16.6449	0.00666532	0.00658216
16.6471	0.00658216	0.00650939
16.649	0.00650939	0.00632071
16.6509	0.00632071	0.00628062
16.6606	0.00628062	0.00624555
16.6628	0.00624555	0.00621485
16.6647	0.00621485	0.00618799
16.6679	0.00618799	0.00628949
16.6698	0.00628949	0.00637831
16.6729	0.00637831	0.00658102
16.6748	0.00658102	0.00663339
16.6779	0.00663339	0.00680422
16.6798	0.00680422	0.00682869
16.683	0.00682869	0.0069751
16.6849	0.0069751	0.00697821
16.6867	0.00697821	0.00698094
16.6889	0.00698094	0.00685832
16.6908	0.00685832	0.00675103
16.6927	0.00675103	0.00665715
16.6949	0.00665715	0.00657501
16.6968	0.00657501	0.00650313
16.6987	0.00650313	0.00644024
16.7009	0.00644024	0.00638521
16.7028	0.00638521	0.00633706
16.7047	0.00633706	0.00629492
16.7069	0.00629492	0.00625806
16.7088	0.00625806	0.0062258
16.7106	0.0062258	0.00619758
16.7125	0.00619758	0.00642288
16.7144	0.00642288	0.00662002
16.7163	0.00662002	0.00679251
16.7182	0.00679251	0.00694345
16.7201	0.00694345	0.00707552
16.722	0.00707552	0.00706608
16.7239	0.00706608	0.00705782
16.7257	0.00705782	0.00705059
16.7276	0.00705059	0.00704427
16.7295	0.00704427	0.00716373
16.7314	0.00716373	0.00726827
16.7333	0.00726827	0.00735973
16.7352	0.00735973	0.00743976
16.7371	0.00743976	0.00750979
16.739	0.00750979	0.00744607
16.7408	0.00744607	0.00739031
16.7427	0.00739031	0.00734152
16.7446	0.00734152	0.00729883
16.7465	0.00729883	0.00738648
16.7484	0.00738648	0.00746317
16.7503	0.00746317	0.00753027
16.7522	0.00753027	0.00758899
16.7541	0.00758899	0.00764036
16.756	0.00764036	0.00756032
16.7578	0.00756032	0.00749028
16.7597	0.00749028	0.00742899
16.7616	0.00742899	0.00737537
16.7635	0.00737537	0.00745345
16.7654	0.00745345	0.00752176
16.7673	0.00752176	0.00758154
16.7692	0.00758154	0.00763385
16.7711	0.00763385	0.00767962
16.7729	0.00767962	0.00759467
16.7748	0.00759467	0.00752033
16.7767	0.00752033	0.00745529
16.7786	0.00745529	0.00739838
16.7805	0.00739838	0.00747358
16.7824	0.00747358	0.00753938
16.7843	0.00753938	0.00759696
16.7862	0.00759696	0.00764734
16.788	0.00764734	0.00769142
16.7899	0.00769142	0.00760499
16.7918	0.00760499	0.00752937
16.7937	0.00752937	0.0074632
16.7956	0.0074632	0.0074053
16.7975	0.0074053	0.00747963
16.7994	0.00747963	0.00754468
16.8013	0.00754468	0.00760159
16.8032	0.00760159	0.00765139
16.805	0.00765139	0.00769497
16.8069	0.00769497	0.0076081
16.8088	0.0076081	0.00753208
16.8107	0.00753208	0.00746557
16.8126	0.00746557	0.00740738
16.8145	0.00740738	0.00748145
16.8164	0.00748145	0.00754627
16.8183	0.00754627	0.00760299
16.8201	0.00760299	0.00765261
16.822	0.00765261	0.00769604
16.8239	0.00769604	0.00760903
16.8258	0.00760903	0.0075329
16.8277	0.0075329	0.00746629
16.8296	0.00746629	0.007408
16.8315	0.007408	0.007482
16.8334	0.007482	0.00754675
16.8352	0.00754675	0.00760341
16.8371	0.00760341	0.00765298
16.839	0.00765298	0.00769636
16.8409	0.00769636	0.00760931
16.8428	0.00760931	0.00753315
16.8447	0.00753315	0.0074665
16.8466	0.0074665	0.00740819
16.8485	0.00740819	0.00748217
16.8504	0.00748217	0.0075469
16.8522	0.0075469	0.00760353
16.8541	0.00760353	0.00765309
16.856	0.00765309	0.00769645
16.8579	0.00769645	0.0076094
16.8598	0.0076094	0.00753322
16.8617	0.00753322	0.00746657
16.8636	0.00746657	0.00740825
16.8655	0.00740825	0.00748222
16.8673	0.00748222	0.00754694
16.8692	0.00754694	0.00760357
16.8711	0.00760357	0.00765312
16.873	0.00765312	0.00769648
16.8749	0.00769648	0.00760942
16.8768	0.00760942	0.00753324
16.8787	0.00753324	0.00746659
16.8806	0.00746659	0.00740826
16.8824	0.00740826	0.00748223
16.8843	0.00748223	0.00754695
16.8862	0.00754695	0.00760358
16.8881	0.00760358	0.00765314
16.89	0.00765314	0.00769649
16.8919	0.00769649	0.00760943
16.8938	0.00760943	0.00753325
16.8957	0.00753325	0.0074666
16.8976	0.0074666	0.00740827
16.8994	0.00740827	0.00748224
16.9013	0.00748224	0.00754696
16.9032	0.00754696	0.00760359
16.9051	0.00760359	0.00765314
16.907	0.00765314	0.00757149
16.9089	0.00757149	0.00750006
16.9108	0.00750006	0.00743755
16.9127	0.00743755	0.00738285
16.9145	0.00738285	0.00746
16.9164	0.00746	0.0075275
16.9183	0.0075275	0.00758656
16.9202	0.00758656	0.00763824
16.9221	0.00763824	0.00768346
16.924	0.00768346	0.00759803
16.9259	0.00759803	0.00752327
16.9278	0.00752327	0.00745786
16.9296	0.00745786	0.00740063
16.9315	0.00740063	0.00747555
16.9334	0.00747555	0.00754111
16.9353	0.00754111	0.00759847
16.9372	0.00759847	0.00764866
16.9391	0.00764866	0.00769258
16.941	0.00769258	0.007606
16.9429	0.007606	0.00753025
16.9448	0.00753025	0.00746397
16.9466	0.00746397	0.00740597
16.9485	0.00740597	0.00748023
16.9504	0.00748023	0.0075452
16.9523	0.0075452	0.00760205
16.9542	0.00760205	0.00765179
16.9561	0.00765179	0.00769532
16.958	0.00769532	0.0076084
16.9599	0.0076084	0.00753235
16.9617	0.00753235	0.00746581
16.9636	0.00746581	0.00740758
16.9655	0.00740758	0.00748163
16.9674	0.00748163	0.00754643
16.9693	0.00754643	0.00760312
16.9712	0.00760312	0.00765273
16.9731	0.00765273	0.00769614
16.975	0.00769614	0.00760912
16.9768	0.00760912	0.00753298
16.9787	0.00753298	0.00746636
16.9806	0.00746636	0.00740807
16.9825	0.00740807	0.00748206
16.9844	0.00748206	0.0075468
16.9863	0.0075468	0.00760345
16.9882	0.00760345	0.00765302
16.991	0.00765302	0.00782139
16.9989	0.00782139	0.00759372
17.0011	0.00759372	0.0075195
17.003	0.0075195	0.00720456
17.0061	0.00720456	0.00730399
17.008	0.00730399	0.00726599
17.0112	0.00726599	0.00748274
17.013	0.00748274	0.0074224
17.0162	0.0074224	0.0074946
17.0181	0.0074946	0.00743277
17.0212	0.00743277	0.00750368
17.0231	0.00750368	0.00744072
17.025	0.00744072	0.00726063
17.0272	0.00726063	0.00710305
17.0291	0.00710305	0.00696517
17.031	0.00696517	0.00684452
17.0332	0.00684452	0.00673895
17.0351	0.00673895	0.00664658
17.0369	0.00664658	0.00656576
17.0391	0.00656576	0.00649504
17.041	0.00649504	0.00643316
17.0429	0.00643316	0.00637902
17.0451	0.00637902	0.00633164
17.047	0.00633164	0.00629018
17.0489	0.00629018	0.00625391
17.0508	0.00625391	0.00647217
17.0527	0.00647217	0.00653815
17.0546	0.00653815	0.00659588
17.0564	0.00659588	0.0067714
17.0583	0.0067714	0.00692497
17.0602	0.00692497	0.00705935
17.0621	0.00705935	0.00717693
17.064	0.00717693	0.00715481
17.0659	0.00715481	0.00713546
17.0687	0.00713546	0.00724353
17.0766	0.00724353	0.00708809
17.0788	0.00708809	0.00695208
17.0807	0.00695208	0.00683307
17.0838	0.00683307	0.00685393
17.0857	0.00685393	0.00687219
17.0889	0.00687219	0.00701317
17.0907	0.00701317	0.00701152
17.0939	0.00701152	0.00713508
17.0958	0.00713508	0.00711819
17.0989	0.00711819	0.00722842
17.1008	0.00722842	0.00719987
17.1027	0.00719987	0.00717488
17.1049	0.00717488	0.00702802
17.1068	0.00702802	0.00689952
17.1087	0.00689952	0.00678708
17.1109	0.00678708	0.00668869
17.1128	0.00668869	0.00660261
17.1146	0.00660261	0.00652728
17.1168	0.00652728	0.00646137
17.1187	0.00646137	0.0064037
17.1206	0.0064037	0.00635323
17.1228	0.00635323	0.00630908
17.1247	0.00630908	0.00627045
17.1266	0.00627045	0.00623664
17.1285	0.00623664	0.00645706
17.1304	0.00645706	0.00664993
17.1323	0.00664993	0.00681868
17.1341	0.00681868	0.00696635
17.136	0.00696635	0.00709555
17.1379	0.00709555	0.00708361
17.1398	0.00708361	0.00707316
17.1417	0.00707316	0.00706401
17.1436	0.00706401	0.00705601
17.1455	0.00705601	0.00717401
17.1474	0.00717401	0.00727726
17.1493	0.00727726	0.0073676
17.1511	0.0073676	0.00744665
17.153	0.00744665	0.00751582
17.1549	0.00751582	0.00745134
17.1568	0.00745134	0.00739492
17.1587	0.00739492	0.00734556
17.1606	0.00734556	0.00730236
17.1625	0.00730236	0.00738956
17.1644	0.00738956	0.00746587
17.1662	0.00746587	0.00753264
17.1681	0.00753264	0.00759106
17.17	0.00759106	0.00764217
17.1719	0.00764217	0.0075619
17.1738	0.0075619	0.00749166
17.1757	0.00749166	0.0074302
17.1776	0.0074302	0.00737643
17.1795	0.00737643	0.00745438
17.1813	0.00745438	0.00752258
17.1832	0.00752258	0.00758225
17.1851	0.00758225	0.00763447
17.187	0.00763447	0.00768016
17.1889	0.00768016	0.00759514
17.1908	0.00759514	0.00752075
17.1927	0.00752075	0.00745566
17.1946	0.00745566	0.0073987
17.1965	0.0073987	0.00747386
17.1983	0.00747386	0.00753963
17.2002	0.00753963	0.00759717
17.2021	0.00759717	0.00764753
17.204	0.00764753	0.00769158
17.2059	0.00769158	0.00760514
17.2078	0.00760514	0.00752949
17.2097	0.00752949	0.00746331
17.2116	0.00746331	0.00740539
17.2134	0.00740539	0.00747972
17.2153	0.00747972	0.00754475
17.2172	0.00754475	0.00760166
17.2191	0.00760166	0.00765145
17.221	0.00765145	0.00757002
17.2229	0.00757002	0.00749877
17.2248	0.00749877	0.00743642
17.2267	0.00743642	0.00738187
17.2285	0.00738187	0.00745913
17.2304	0.00745913	0.00752674
17.2323	0.00752674	0.0075859
17.2342	0.0075859	0.00763766
17.2361	0.00763766	0.00768295
17.238	0.00768295	0.00759758
17.2399	0.00759758	0.00752288
17.2418	0.00752288	0.00745752
17.2437	0.00745752	0.00740033
17.2455	0.00740033	0.00747529
17.2474	0.00747529	0.00754088
17.2493	0.00754088	0.00759827
17.2512	0.00759827	0.00764848
17.2531	0.00764848	0.00769242
17.255	0.00769242	0.00760587
17.2569	0.00760587	0.00753014
17.2588	0.00753014	0.00746387
17.2606	0.00746387	0.00740589
17.2625	0.00740589	0.00748015
17.2644	0.00748015	0.00754513
17.2663	0.00754513	0.00760199
17.2682	0.00760199	0.00765174
17.2701	0.00765174	0.00769527
17.272	0.00769527	0.00760836
17.2739	0.00760836	0.00753232
17.2757	0.00753232	0.00746578
17.2776	0.00746578	0.00740755
17.2795	0.00740755	0.00748161
17.2814	0.00748161	0.00754641
17.2833	0.00754641	0.00760311
17.2852	0.00760311	0.00765272
17.2871	0.00765272	0.00769613
17.289	0.00769613	0.00760911
17.2909	0.00760911	0.00753297
17.2927	0.00753297	0.00746635
17.2946	0.00746635	0.00740806
17.2965	0.00740806	0.00748205
17.2984	0.00748205	0.00754679
17.3003	0.00754679	0.00760344
17.3022	0.00760344	0.00765301
17.3041	0.00765301	0.00769639
17.306	0.00769639	0.00760934
17.3078	0.00760934	0.00753317
17.3097	0.00753317	0.00746652
17.3116	0.00746652	0.00740821
17.3135	0.00740821	0.00748218
17.3154	0.00748218	0.00754691
17.3173	0.00754691	0.00760354
17.3192	0.00760354	0.0076531
17.3211	0.0076531	0.00769646
17.3229	0.00769646	0.0076094
17.3248	0.0076094	0.00753323
17.3267	0.00753323	0.00746657
17.3286	0.00746657	0.00740825
17.3305	0.00740825	0.00748222
17.3324	0.00748222	0.00754694
17.3343	0.00754694	0.00760357
17.3362	0.00760357	0.00765313
17.3381	0.00765313	0.00769649
17.3399	0.00769649	0.00760942
17.3418	0.00760942	0.00753325
17.3437	0.00753325	0.00746659
17.3456	0.00746659	0.00740827
17.355	0.00740827	0.00723223
17.3573	0.00723223	0.0070782
17.3591	0.0070782	0.00694343
17.3623	0.00694343	0.0069505
17.3642	0.0069505	0.00695668
17.3673	0.00695668	0.0070871
17.3774	0.0070871	0.00682621
17.3793	0.00682621	0.00672293
17.3824	0.00672293	0.00675757
17.3853	0.00675757	0.00666287
17.3884	0.00666287	0.00658001
17.3912	0.00658001	0.00650751
17.3934	0.00650751	0.00669407
17.3963	0.00669407	0.00685731
17.3985	0.00685731	0.00687515
17.4013	0.00687515	0.00701575
17.4035	0.00701575	0.00701378
17.4063	0.00701378	0.00713706
17.4085	0.00713706	0.00711993
17.4114	0.00711993	0.00722994
17.4135	0.00722994	0.00720119
17.4154	0.00720119	0.00717604
17.4173	0.00717604	0.00702904
17.4195	0.00702904	0.00690041
17.4214	0.00690041	0.00678786
17.4233	0.00678786	0.00668937
17.4255	0.00668937	0.0066032
17.4274	0.0066032	0.0065278
17.4293	0.0065278	0.00646183
17.4315	0.00646183	0.0064041
17.4334	0.0064041	0.00635358
17.4353	0.00635358	0.00630939
17.4374	0.00630939	0.00627071
17.4393	0.00627071	0.00623687
17.4412	0.00623687	0.00645726
17.4431	0.00645726	0.0066501
17.445	0.0066501	0.00669384
17.4469	0.00669384	0.00673211
17.4488	0.00673211	0.0067656
17.4507	0.0067656	0.0067949
17.4525	0.0067949	0.00694553
17.4544	0.00694553	0.00707734
17.4563	0.00707734	0.00719267
17.4582	0.00719267	0.00729359
17.4601	0.00729359	0.00738189
17.462	0.00738189	0.00733415
17.4639	0.00733415	0.00729238
17.4658	0.00729238	0.00725584
17.4677	0.00725584	0.00722385
17.4695	0.00722385	0.00732087
17.4714	0.00732087	0.00740576
17.4733	0.00740576	0.00748004
17.4752	0.00748004	0.00754504
17.4771	0.00754504	0.00760191
17.479	0.00760191	0.00752667
17.4809	0.00752667	0.00746083
17.4828	0.00746083	0.00740323
17.4846	0.00740323	0.00735282
17.4865	0.00735282	0.00743372
17.4884	0.00743372	0.0075045
17.4903	0.0075045	0.00756644
17.4922	0.00756644	0.00762063
17.4941	0.00762063	0.00766806
17.496	0.00766806	0.00758455
17.4979	0.00758455	0.00751148
17.4997	0.00751148	0.00744754
17.5016	0.00744754	0.0073916
17.5035	0.0073916	0.00746765
17.5054	0.00746765	0.00753419
17.5073	0.00753419	0.00759242
17.5092	0.00759242	0.00764337
17.5111	0.00764337	0.00768794
17.513	0.00768794	0.00760195
17.5149	0.00760195	0.00752671
17.5167	0.00752671	0.00746087
17.5186	0.00746087	0.00740326
17.5205	0.00740326	0.00747785
17.5224	0.00747785	0.00754312
17.5243	0.00754312	0.00760023
17.5262	0.00760023	0.0076502
17.5281	0.0076502	0.00769392
17.53	0.00769392	0.00760718
17.5318	0.00760718	0.00753129
17.5337	0.00753129	0.00746488
17.5356	0.00746488	0.00740677
17.5375	0.00740677	0.00748092
17.5394	0.00748092	0.0075458
17.5413	0.0075458	0.00760258
17.5432	0.00760258	0.00765226
17.5451	0.00765226	0.00769572
17.5469	0.00769572	0.00760876
17.5488	0.00760876	0.00753266
17.5507	0.00753266	0.00746608
17.5526	0.00746608	0.00740782
17.5545	0.00740782	0.00748184
17.5564	0.00748184	0.00754661
17.5583	0.00754661	0.00760328
17.5602	0.00760328	0.00765287
17.5621	0.00765287	0.00769626
17.5639	0.00769626	0.00760923
17.5658	0.00760923	0.00753308
17.5677	0.00753308	0.00746644
17.5696	0.00746644	0.00740813
17.579	0.00740813	0.00723212
17.5813	0.00723212	0.0070781
17.5831	0.0070781	0.00694334
17.5863	0.00694334	0.00695042
17.5882	0.00695042	0.00695662
17.5913	0.00695662	0.00708704
17.5932	0.00708704	0.00707616
17.5963	0.00707616	0.00719164
17.5982	0.00719164	0.00716769
17.6014	0.00716769	0.00727172
17.6033	0.00727172	0.00723776
17.6052	0.00723776	0.00720804
17.6074	0.00720804	0.00705703
17.6092	0.00705703	0.0069249
17.6111	0.0069249	0.00680929
17.6133	0.00680929	0.00670813
17.6152	0.00670813	0.00661961
17.6171	0.00661961	0.00654216
17.6193	0.00654216	0.00647439
17.6212	0.00647439	0.00641509
17.6231	0.00641509	0.0063632
17.6253	0.0063632	0.0063178
17.6272	0.0063178	0.00627808
17.629	0.00627808	0.00624332
17.6312	0.00624332	0.0062129
17.6331	0.0062129	0.00618629
17.635	0.00618629	0.006413
17.6369	0.006413	0.00648638
17.6388	0.00648638	0.00655058
17.6407	0.00655058	0.00660676
17.6426	0.00660676	0.00665591
17.6445	0.00665591	0.00682392
17.6464	0.00682392	0.00697093
17.6482	0.00697093	0.00709956
17.6501	0.00709956	0.00721212
17.652	0.00721212	0.0073106
17.6539	0.0073106	0.00727178
17.6558	0.00727178	0.0072378
17.6577	0.0072378	0.00720808
17.6596	0.00720808	0.00718207
17.6615	0.00718207	0.00728431
17.6633	0.00728431	0.00737377
17.6652	0.00737377	0.00745205
17.6671	0.00745205	0.00752054
17.669	0.00752054	0.00758047
17.6709	0.00758047	0.00750791
17.6728	0.00750791	0.00744442
17.6747	0.00744442	0.00738887
17.6766	0.00738887	0.00734026
17.6784	0.00734026	0.00742273
17.6803	0.00742273	0.00749489
17.6822	0.00749489	0.00755803
17.6841	0.00755803	0.00761327
17.686	0.00761327	0.00766161
17.6879	0.00766161	0.00757891
17.6898	0.00757891	0.00750655
17.6917	0.00750655	0.00744323
17.6936	0.00744323	0.00738782
17.6954	0.00738782	0.00746435
17.6973	0.00746435	0.0075313
17.6992	0.0075313	0.00758989
17.7011	0.00758989	0.00764115
17.703	0.00764115	0.00756101
17.7049	0.00756101	0.00749088
17.7068	0.00749088	0.00742952
17.7087	0.00742952	0.00737583
17.7105	0.00737583	0.00745385
17.7124	0.00745385	0.00752212
17.7143	0.00752212	0.00758185
17.7162	0.00758185	0.00763412
17.7181	0.00763412	0.00767986
17.72	0.00767986	0.00759487
17.7219	0.00759487	0.00752051
17.7238	0.00752051	0.00745545
17.7256	0.00745545	0.00739852
17.7275	0.00739852	0.0074737
17.7294	0.0074737	0.00753949
17.7313	0.00753949	0.00759705
17.7332	0.00759705	0.00764742
17.7351	0.00764742	0.00769149
17.737	0.00769149	0.00760506
17.7389	0.00760506	0.00752942
17.7408	0.00752942	0.00746325
17.7426	0.00746325	0.00740534
17.7521	0.00740534	0.00722967
17.7543	0.00722967	0.00707596
17.7562	0.00707596	0.00694147
17.7593	0.00694147	0.00694878
17.7612	0.00694878	0.00695518
17.7644	0.00695518	0.00708579
17.7754	0.00708579	0.00682506
17.7763	0.00682506	0.00659693
17.7795	0.00659693	0.00677231
17.7814	0.00677231	0.00667577
17.7855	0.00667577	0.0065913
17.7874	0.0065913	0.00651739
17.7905	0.00651739	0.00682771
17.7924	0.00682771	0.00684925
17.7955	0.00684925	0.00699309
17.7974	0.00699309	0.00699395
17.8006	0.00699395	0.00711971
17.8024	0.00711971	0.00710475
17.8056	0.00710475	0.00721665
17.8075	0.00721665	0.00718957
17.8106	0.00718957	0.00729087
17.8125	0.00729087	0.00725451
17.8157	0.00725451	0.0073477
17.8175	0.0073477	0.00730424
17.8194	0.00730424	0.0072662
17.8216	0.0072662	0.00710793
17.8235	0.00710793	0.00696944
17.8254	0.00696944	0.00684826
17.8276	0.00684826	0.00674222
17.8295	0.00674222	0.00664945
17.8314	0.00664945	0.00656827
17.8336	0.00656827	0.00649723
17.8355	0.00649723	0.00643508
17.8374	0.00643508	0.00638069
17.8395	0.00638069	0.00633311
17.8414	0.00633311	0.00629147
17.8433	0.00629147	0.00650503
17.8452	0.00650503	0.0066919
17.8471	0.0066919	0.00685542
17.849	0.00685542	0.00687349
17.8509	0.00687349	0.0068893
17.8528	0.0068893	0.00690314
17.8547	0.00690314	0.00691525
17.8565	0.00691525	0.00705084
17.8584	0.00705084	0.00716948
17.8603	0.00716948	0.0072733
17.8622	0.0072733	0.00736414
17.8641	0.00736414	0.00744362
17.866	0.00744362	0.00738817
17.8679	0.00738817	0.00733964
17.8698	0.00733964	0.00729719
17.8716	0.00729719	0.00726004
17.8735	0.00726004	0.00735254
17.8754	0.00735254	0.00743347
17.8773	0.00743347	0.00750428
17.8792	0.00750428	0.00756625
17.8811	0.00756625	0.00762047
17.883	0.00762047	0.00754291
17.8849	0.00754291	0.00747504
17.8867	0.00747504	0.00741566
17.8886	0.00741566	0.0073637
17.8905	0.0073637	0.00744324
17.8924	0.00744324	0.00751283
17.8943	0.00751283	0.00757373
17.8962	0.00757373	0.00762701
17.8981	0.00762701	0.00767364
17.9	0.00767364	0.00758943
17.9019	0.00758943	0.00751575
17.9037	0.00751575	0.00745128
17.9056	0.00745128	0.00739487
17.9075	0.00739487	0.00747051
17.9094	0.00747051	0.0075367
17.9113	0.0075367	0.00759461
17.9132	0.00759461	0.00764528
17.9151	0.00764528	0.00768962
17.917	0.00768962	0.00760342
17.9188	0.00760342	0.00752799
17.9207	0.00752799	0.00746199
17.9226	0.00746199	0.00740424
17.9245	0.00740424	0.00747871
17.9264	0.00747871	0.00754387
17.9283	0.00754387	0.00760089
17.9302	0.00760089	0.00765078
17.9321	0.00765078	0.00769443
17.9339	0.00769443	0.00760762
17.9358	0.00760762	0.00753167
17.9377	0.00753167	0.00746521
17.9396	0.00746521	0.00740706
17.9415	0.00740706	0.00748118
17.9434	0.00748118	0.00754603
17.9453	0.00754603	0.00760277
17.9472	0.00760277	0.00765243
17.9491	0.00765243	0.00769587
17.9509	0.00769587	0.00760889
17.9528	0.00760889	0.00753278
17.9547	0.00753278	0.00746618
17.9566	0.00746618	0.00740791
17.9585	0.00740791	0.00748192
17.9604	0.00748192	0.00754668
17.9623	0.00754668	0.00760334
17.9642	0.00760334	0.00765292
17.966	0.00765292	0.00769631
17.9679	0.00769631	0.00760927
17.9698	0.00760927	0.00753311
17.9717	0.00753311	0.00746647
17.9736	0.00746647	0.00740816
17.9755	0.00740816	0.00748214
17.9774	0.00748214	0.00754687
17.9793	0.00754687	0.00760351
17.9811	0.00760351	0.00765307
17.983	0.00765307	0.00769644
17.9849	0.00769644	0.00760938
17.9868	0.00760938	0.00753321
17.9887	0.00753321	0.00746656
17.9906	0.00746656	0.00740824
17.9925	0.00740824	0.00748221
17.9944	0.00748221	0.00754693
17.9963	0.00754693	0.00760356
17.9981	0.00760356	0.00765312
18	0.00765312	0.00769648
18.0019	0.00769648	0.00760942
18.0038	0.00760942	0.00753324
18.0057	0.00753324	0.00746658
18.0076	0.00746658	0.00740826
18.0095	0.00740826	0.00748223
18.0114	0.00748223	0.00754695
18.0132	0.00754695	0.00760358
18.0151	0.00760358	0.00765313
18.017	0.00765313	0.00769649
18.0189	0.00769649	0.00760943
18.0208	0.00760943	0.00753325
18.0227	0.00753325	0.00746659
18.0246	0.00746659	0.00740827
18.0265	0.00740827	0.00748223
18.0283	0.00748223	0.00754695
18.0302	0.00754695	0.00760358
18.0321	0.00760358	0.00765314
18.034	0.00765314	0.00769649
18.0359	0.00769649	0.00760943
18.0378	0.00760943	0.00753325
18.0397	0.00753325	0.0074666
18.0416	0.0074666	0.00740827
18.0435	0.00740827	0.00748224
18.0453	0.00748224	0.00754696
18.0472	0.00754696	0.00760359
18.0491	0.00760359	0.00765314
18.051	0.00765314	0.0076965
18.0529	0.0076965	0.00760943
18.0548	0.00760943	0.00753325
18.0567	0.00753325	0.0074666
18.0586	0.0074666	0.00740827
18.0604	0.00740827	0.00748224
18.0623	0.00748224	0.00754696
18.0642	0.00754696	0.00760359
18.0661	0.00760359	0.00765314
18.068	0.00765314	0.0075715
18.0699	0.0075715	0.00750006
18.0718	0.00750006	0.00743755
18.0737	0.00743755	0.00738286
18.0755	0.00738286	0.00746
18.0774	0.00746	0.0075275
18.0793	0.0075275	0.00758656
18.0812	0.00758656	0.00763824
18.0831	0.00763824	0.00768346
18.085	0.00768346	0.00759803
18.0869	0.00759803	0.00752327
18.0888	0.00752327	0.00745786
18.0907	0.00745786	0.00740063
18.0925	0.00740063	0.00747555
18.0944	0.00747555	0.00754111
18.0963	0.00754111	0.00759847
18.0982	0.00759847	0.00764866
18.1001	0.00764866	0.00769258
18.102	0.00769258	0.007606
18.1039	0.007606	0.00753025
18.1058	0.00753025	0.00746397
18.1076	0.00746397	0.00740597
18.1095	0.00740597	0.00748023
18.1114	0.00748023	0.0075452
18.1133	0.0075452	0.00760205
18.1152	0.00760205	0.00765179
18.1171	0.00765179	0.00769532
18.119	0.00769532	0.0076084
18.1209	0.0076084	0.00753235
18.1227	0.00753235	0.00746581
18.1246	0.00746581	0.00740758
18.1265	0.00740758	0.00748163
18.1284	0.00748163	0.00754643
18.1303	0.00754643	0.00760312
18.1322	0.00760312	0.00765273
18.1341	0.00765273	0.00769614
18.136	0.00769614	0.00760912
18.1379	0.00760912	0.00753298
18.1397	0.00753298	0.00746636
18.1416	0.00746636	0.00740807
18.1435	0.00740807	0.00748206
18.1454	0.00748206	0.0075468
18.1473	0.0075468	0.00760345
18.1492	0.00760345	0.00765302
18.1511	0.00765302	0.00769639
18.153	0.00769639	0.00760934
18.1548	0.00760934	0.00753317
18.1567	0.00753317	0.00746652
18.1586	0.00746652	0.00740821
18.1605	0.00740821	0.00748218
18.1624	0.00748218	0.00754691
18.1643	0.00754691	0.00760354
18.1662	0.00760354	0.0076531
18.1681	0.0076531	0.00769646
18.1699	0.00769646	0.0076094
18.1718	0.0076094	0.00753323
18.1737	0.00753323	0.00746657
18.1756	0.00746657	0.00740825
18.1775	0.00740825	0.00748222
18.1794	0.00748222	0.00754694
18.1813	0.00754694	0.00760357
18.1832	0.00760357	0.00765313
18.1851	0.00765313	0.00769649
18.1869	0.00769649	0.00760943
18.1888	0.00760943	0.00753325
18.1907	0.00753325	0.00746659
18.1926	0.00746659	0.00740827
18.1945	0.00740827	0.00748223
18.1964	0.00748223	0.00754695
18.1983	0.00754695	0.00760358
18.2002	0.00760358	0.00765314
18.202	0.00765314	0.00769649
18.2039	0.00769649	0.00760943
18.2058	0.00760943	0.00753325
18.2077	0.00753325	0.0074666
18.2096	0.0074666	0.00740827
18.2115	0.00740827	0.00748224
18.2134	0.00748224	0.00754696
18.2153	0.00754696	0.00760359
18.2171	0.00760359	0.00765314
18.219	0.00765314	0.00769649
18.2209	0.00769649	0.00760943
18.2228	0.00760943	0.00753325
18.2247	0.00753325	0.0074666
18.2266	0.0074666	0.00740827
18.2285	0.00740827	0.00748224
18.2304	0.00748224	0.00754696
18.2323	0.00754696	0.00760359
18.2341	0.00760359	0.00765314
18.236	0.00765314	0.0076965
18.2379	0.0076965	0.00760943
18.2398	0.00760943	0.00753325
18.2417	0.00753325	0.0074666
18.2436	0.0074666	0.00740827
18.2455	0.00740827	0.00748224
18.2474	0.00748224	0.00754696
18.2492	0.00754696	0.00760359
18.2511	0.00760359	0.00765314
18.253	0.00765314	0.0076965
18.2549	0.0076965	0.00760943
18.2568	0.00760943	0.00753325
18.2587	0.00753325	0.0074666
18.2606	0.0074666	0.00740827
18.2625	0.00740827	0.00748224
18.2643	0.00748224	0.00754696
18.2662	0.00754696	0.00760359
18.2681	0.00760359	0.00765314
18.27	0.00765314	0.0076965
18.2719	0.0076965	0.00760943
18.2738	0.00760943	0.00753325
18.2757	0.00753325	0.0074666
18.2776	0.0074666	0.00740827
18.2795	0.00740827	0.00748224
18.2813	0.00748224	0.00754696
18.2832	0.00754696	0.00760359
18.2851	0.00760359	0.00765314
18.287	0.00765314	0.0076965
18.2889	0.0076965	0.00760943
18.2908	0.00760943	0.00753325
18.2927	0.00753325	0.0074666
18.2946	0.0074666	0.00740827
18.2964	0.00740827	0.00748224
18.2983	0.00748224	0.00754696
18.3002	0.00754696	0.00760359
18.3021	0.00760359	0.00765314
18.304	0.00765314	0.0075715
18.3059	0.0075715	0.00750006
18.3078	0.00750006	0.00743755
18.3097	0.00743755	0.00738286
18.3115	0.00738286	0.00746
18.3134	0.00746	0.0075275
18.3153	0.0075275	0.00758656
18.3172	0.00758656	0.00763824
18.3191	0.00763824	0.00768346
18.321	0.00768346	0.00759803
18.3229	0.00759803	0.00752327
18.3248	0.00752327	0.00745786
18.3267	0.00745786	0.00740063
18.3285	0.00740063	0.00747555
18.3304	0.00747555	0.00754111
18.3323	0.00754111	0.00759847
18.3342	0.00759847	0.00764866
18.3361	0.00764866	0.00769258
18.338	0.00769258	0.007606
18.3399	0.007606	0.00753025
18.3418	0.00753025	0.00746397
18.3436	0.00746397	0.00740597
18.3455	0.00740597	0.00748023
18.3474	0.00748023	0.0075452
18.3493	0.0075452	0.00760205
18.3512	0.00760205	0.00765179
18.3531	0.00765179	0.00769532
18.355	0.00769532	0.0076084
18.3569	0.0076084	0.00753235
18.3587	0.00753235	0.00746581
18.3606	0.00746581	0.00740758
18.3625	0.00740758	0.00748163
18.3644	0.00748163	0.00754643
18.3663	0.00754643	0.00760312
18.3682	0.00760312	0.00765273
18.3701	0.00765273	0.00769614
18.372	0.00769614	0.00760912
18.3739	0.00760912	0.00753298
18.3833	0.00753298	0.00734136
18.3855	0.00734136	0.00717369
18.3874	0.00717369	0.00702698
18.3905	0.00702698	0.0070236
18.3924	0.0070236	0.00702065
18.3956	0.00702065	0.00714307
18.3975	0.00714307	0.00712519
18.4006	0.00712519	0.00723454
18.4025	0.00723454	0.00720522
18.4056	0.00720522	0.00730457
18.4075	0.00730457	0.0072665
18.4176	0.0072665	0.00698318
18.4185	0.00698318	0.00673529
18.4204	0.00673529	0.00676838
18.4227	0.00676838	0.00667233
18.4255	0.00667233	0.00671329
18.4277	0.00671329	0.00674913
18.4305	0.00674913	0.00690549
18.4327	0.00690549	0.0069173
18.4355	0.0069173	0.00705264
18.4377	0.00705264	0.00704606
18.4406	0.00704606	0.0071653
18.4428	0.0071653	0.00714464
18.4456	0.00714464	0.00725156
18.4478	0.00725156	0.00722011
18.4497	0.00722011	0.0071926
18.4516	0.0071926	0.00704352
18.4538	0.00704352	0.00691308
18.4557	0.00691308	0.00679894
18.4576	0.00679894	0.00669908
18.4598	0.00669908	0.00661169
18.4616	0.00661169	0.00653523
18.4635	0.00653523	0.00646832
18.4657	0.00646832	0.00640978
18.4676	0.00640978	0.00635856
18.4695	0.00635856	0.00631374
18.4717	0.00631374	0.00627452
18.4736	0.00627452	0.00624021
18.4755	0.00624021	0.00646018
18.4774	0.00646018	0.00665266
18.4793	0.00665266	0.00682107
18.4811	0.00682107	0.00696844
18.483	0.00696844	0.00709738
18.4849	0.00709738	0.00708521
18.4868	0.00708521	0.00707456
18.4887	0.00707456	0.00706524
18.4906	0.00706524	0.00705708
18.4925	0.00705708	0.00717495
18.4944	0.00717495	0.00727808
18.4962	0.00727808	0.00736832
18.4981	0.00736832	0.00744728
18.5	0.00744728	0.00751637
18.5019	0.00751637	0.00745182
18.5038	0.00745182	0.00739534
18.5057	0.00739534	0.00734593
18.5076	0.00734593	0.00730268
18.5095	0.00730268	0.00738985
18.5114	0.00738985	0.00746612
18.5132	0.00746612	0.00753285
18.5151	0.00753285	0.00759124
18.517	0.00759124	0.00764234
18.5189	0.00764234	0.00756205
18.5208	0.00756205	0.00749179
18.5227	0.00749179	0.00743032
18.5246	0.00743032	0.00737653
18.5265	0.00737653	0.00745446
18.5283	0.00745446	0.00752265
18.5302	0.00752265	0.00758232
18.5321	0.00758232	0.00763453
18.534	0.00763453	0.00768021
18.5359	0.00768021	0.00759519
18.5378	0.00759519	0.00752079
18.5397	0.00752079	0.00745569
18.5416	0.00745569	0.00739873
18.5434	0.00739873	0.00747389
18.5453	0.00747389	0.00753965
18.5472	0.00753965	0.00759719
18.5491	0.00759719	0.00764754
18.551	0.00764754	0.0076916
18.5529	0.0076916	0.00760515
18.5548	0.00760515	0.00752951
18.5567	0.00752951	0.00746332
18.5586	0.00746332	0.0074054
18.5604	0.0074054	0.00747973
18.5623	0.00747973	0.00754476
18.5642	0.00754476	0.00760166
18.5661	0.00760166	0.00765146
18.568	0.00765146	0.00757002
18.5699	0.00757002	0.00749877
18.5718	0.00749877	0.00743642
18.5737	0.00743642	0.00738187
18.5755	0.00738187	0.00745914
18.5774	0.00745914	0.00752674
18.5793	0.00752674	0.0075859
18.5812	0.0075859	0.00763766
18.5831	0.00763766	0.00768295
18.585	0.00768295	0.00759758
18.5869	0.00759758	0.00752289
18.5888	0.00752289	0.00745752
18.5906	0.00745752	0.00740033
18.5925	0.00740033	0.00747529
18.5944	0.00747529	0.00754088
18.5963	0.00754088	0.00759827
18.5982	0.00759827	0.00764849
18.6001	0.00764849	0.00769243
18.602	0.00769243	0.00760587
18.6039	0.00760587	0.00753014
18.6058	0.00753014	0.00746387
18.6076	0.00746387	0.00740589
18.6095	0.00740589	0.00748015
18.6114	0.00748015	0.00754513
18.6133	0.00754513	0.00760199
18.6152	0.00760199	0.00765174
18.6171	0.00765174	0.00769527
18.619	0.00769527	0.00760836
18.6209	0.00760836	0.00753232
18.6227	0.00753232	0.00746578
18.6246	0.00746578	0.00740755
18.6265	0.00740755	0.00748161
18.6284	0.00748161	0.00754641
18.6303	0.00754641	0.00760311
18.6322	0.00760311	0.00765272
18.6341	0.00765272	0.00769613
18.636	0.00769613	0.00760911
18.6378	0.00760911	0.00753297
18.6397	0.00753297	0.00746635
18.6416	0.00746635	0.00740806
18.6435	0.00740806	0.00748205
18.6454	0.00748205	0.00754679
18.6473	0.00754679	0.00760344
18.6492	0.00760344	0.00765301
18.6511	0.00765301	0.00769639
18.6539	0.00769639	0.00773434
18.6618	0.00773434	0.00739254
18.6627	0.00739254	0.00709348
18.6649	0.00709348	0.00695679
18.6668	0.00695679	0.00683719
18.67	0.00683719	0.00685754
18.6719	0.00685754	0.00687535
18.675	0.00687535	0.00714093
18.6769	0.00714093	0.00712331
18.68	0.00712331	0.0073579
18.6819	0.0073579	0.00718816
18.6851	0.00718816	0.00741464
18.687	0.00741464	0.00723781
18.6889	0.00723781	0.00720808
18.691	0.00720808	0.00705707
18.6929	0.00705707	0.00692494
18.6948	0.00692494	0.00680932
18.697	0.00680932	0.00670816
18.6989	0.00670816	0.00661963
18.7008	0.00661963	0.00654218
18.703	0.00654218	0.00634941
18.7049	0.00634941	0.00630573
18.7068	0.00630573	0.00626751
18.709	0.00626751	0.00623407
18.7109	0.00623407	0.00620481
18.7127	0.00620481	0.00617921
18.7146	0.00617921	0.00640681
18.7165	0.00640681	0.00660596
18.7184	0.00660596	0.00678021
18.7203	0.00678021	0.00693269
18.7222	0.00693269	0.0070661
18.7241	0.0070661	0.00718284
18.726	0.00718284	0.00715998
18.7279	0.00715998	0.00713998
18.7297	0.00713998	0.00712249
18.7316	0.00712249	0.00710718
18.7335	0.00710718	0.00721878
18.7354	0.00721878	0.00731643
18.7373	0.00731643	0.00740188
18.7392	0.00740188	0.00747664
18.7411	0.00747664	0.00754206
18.743	0.00754206	0.0074743
18.7448	0.0074743	0.00741501
18.7467	0.00741501	0.00736314
18.7486	0.00736314	0.00731774
18.7505	0.00731774	0.00740303
18.7524	0.00740303	0.00747765
18.7543	0.00747765	0.00754294
18.7562	0.00754294	0.00760007
18.7581	0.00760007	0.00765006
18.7599	0.00765006	0.0075688
18.7618	0.0075688	0.0074977
18.7637	0.0074977	0.00743549
18.7656	0.00743549	0.00738105
18.7675	0.00738105	0.00745842
18.7694	0.00745842	0.00752612
18.7713	0.00752612	0.00758535
18.7732	0.00758535	0.00763718
18.7751	0.00763718	0.00768254
18.7769	0.00768254	0.00759722
18.7788	0.00759722	0.00752257
18.7807	0.00752257	0.00745725
18.7826	0.00745725	0.00740009
18.7845	0.00740009	0.00747508
18.7864	0.00747508	0.00754069
18.7883	0.00754069	0.0075981
18.7902	0.0075981	0.00764834
18.792	0.00764834	0.0076923
18.7939	0.0076923	0.00760576
18.7958	0.00760576	0.00753004
18.7977	0.00753004	0.00746378
18.7996	0.00746378	0.00740581
18.8015	0.00740581	0.00748008
18.8034	0.00748008	0.00754507
18.8053	0.00754507	0.00760194
18.8071	0.00760194	0.0076517
18.809	0.0076517	0.00769523
18.8109	0.00769523	0.00760833
18.8128	0.00760833	0.00753229
18.8147	0.00753229	0.00746575
18.8166	0.00746575	0.00740753
18.8185	0.00740753	0.00748159
18.8204	0.00748159	0.00754639
18.8223	0.00754639	0.00760309
18.8241	0.00760309	0.00765271
18.826	0.00765271	0.00769612
18.8279	0.00769612	0.0076091
18.8298	0.0076091	0.00753296
18.8317	0.00753296	0.00746634
18.8336	0.00746634	0.00740805
18.8355	0.00740805	0.00748204
18.8374	0.00748204	0.00754679
18.8392	0.00754679	0.00760344
18.8411	0.00760344	0.00765301
18.843	0.00765301	0.00769638
18.8449	0.00769638	0.00760933
18.8468	0.00760933	0.00753317
18.8487	0.00753317	0.00746652
18.8506	0.00746652	0.00740821
18.8525	0.00740821	0.00748218
18.8543	0.00748218	0.00754691
18.8562	0.00754691	0.00760354
18.8581	0.00760354	0.0076531
18.86	0.0076531	0.00769646
18.8619	0.00769646	0.0076094
18.8638	0.0076094	0.00753323
18.8657	0.00753323	0.00746657
18.8676	0.00746657	0.00740825
18.8695	0.00740825	0.00748222
18.8713	0.00748222	0.00754694
18.8732	0.00754694	0.00760357
18.8751	0.00760357	0.00765313
18.877	0.00765313	0.00769649
18.8789	0.00769649	0.00760942
18.8808	0.00760942	0.00753325
18.8827	0.00753325	0.00746659
18.8846	0.00746659	0.00740827
18.8864	0.00740827	0.00748223
18.8883	0.00748223	0.00754695
18.8902	0.00754695	0.00760358
18.8921	0.00760358	0.00765314
18.894	0.00765314	0.00757149
18.8959	0.00757149	0.00750006
18.8978	0.00750006	0.00743755
18.8997	0.00743755	0.00738285
18.9015	0.00738285	0.00746
18.9034	0.00746	0.0075275
18.9053	0.0075275	0.00758656
18.9072	0.00758656	0.00763824
18.9091	0.00763824	0.00768346
18.911	0.00768346	0.00759803
18.9129	0.00759803	0.00752327
18.9148	0.00752327	0.00745786
18.9167	0.00745786	0.00740063
18.9185	0.00740063	0.00747555
18.9204	0.00747555	0.00754111
18.9223	0.00754111	0.00759847
18.9242	0.00759847	0.00764866
18.9261	0.00764866	0.00769258
18.928	0.00769258	0.007606
18.9299	0.007606	0.00753025
18.9318	0.00753025	0.00746397
18.9336	0.00746397	0.00740597
18.9355	0.00740597	0.00748023
18.9374	0.00748023	0.0075452
18.9393	0.0075452	0.00760205
18.9412	0.00760205	0.00765179
18.9431	0.00765179	0.00769532
18.945	0.00769532	0.0076084
18.9469	0.0076084	0.00753235
18.9487	0.00753235	0.00746581
18.9506	0.00746581	0.00740758
18.9525	0.00740758	0.00748163
18.9544	0.00748163	0.00754643
18.9563	0.00754643	0.00760312
18.9582	0.00760312	0.00765273
18.9601	0.00765273	0.00769614
18.962	0.00769614	0.00760912
18.9639	0.00760912	0.00753298
18.9657	0.00753298	0.00746636
18.9676	0.00746636	0.00740807
18.9695	0.00740807	0.00748206
18.9714	0.00748206	0.0075468
18.9733	0.0075468	0.00760345
18.9752	0.00760345	0.00765302
18.9771	0.00765302	0.00769639
18.979	0.00769639	0.00760934
18.9808	0.00760934	0.00753317
18.9827	0.00753317	0.00746652
18.9846	0.00746652	0.00740821
18.9865	0.00740821	0.00748218
18.9884	0.00748218	0.00754691
18.9903	0.00754691	0.00760354
18.9922	0.00760354	0.0076531
18.9941	0.0076531	0.00769646
18.9959	0.00769646	0.0076094
18.9978	0.0076094	0.00753323
18.9997	0.00753323	0.00746657
19.0016	0.00746657	0.00740825
19.0035	0.00740825	0.00748222
19.0054	0.00748222	0.00754694
19.0073	0.00754694	0.00760357
19.0092	0.00760357	0.00765313
19.0111	0.00765313	0.00769649
19.0129	0.00769649	0.00760943
19.0148	0.00760943	0.00753325
19.0167	0.00753325	0.00746659
19.0186	0.00746659	0.00740827
19.0205	0.00740827	0.00748223
19.0224	0.00748223	0.00754695
19.0243	0.00754695	0.00760358
19.0262	0.00760358	0.00765314
19.028	0.00765314	0.00769649
19.0299	0.00769649	0.00760943
19.0318	0.00760943	0.00753325
19.0337	0.00753325	0.0074666
19.0356	0.0074666	0.00740827
19.0375	0.00740827	0.00748224
19.0394	0.00748224	0.00754696
19.0413	0.00754696	0.00760359
19.0431	0.00760359	0.00765314
19.045	0.00765314	0.00769649
19.0469	0.00769649	0.00760943
19.0488	0.00760943	0.00753325
19.0507	0.00753325	0.0074666
19.0526	0.0074666	0.00740827
19.0545	0.00740827	0.00748224
19.0564	0.00748224	0.00754696
19.0583	0.00754696	0.00760359
19.0601	0.00760359	0.00765314
19.062	0.00765314	0.0076965
19.0639	0.0076965	0.00760943
19.0658	0.00760943	0.00753325
19.0677	0.00753325	0.0074666
19.0696	0.0074666	0.00740827
19.0715	0.00740827	0.00748224
19.0734	0.00748224	0.00754696
19.0752	0.00754696	0.00760359
19.0771	0.00760359	0.00765314
19.079	0.00765314	0.0076965
19.0809	0.0076965	0.00760943
19.0828	0.00760943	0.00753325
19.0847	0.00753325	0.0074666
19.0866	0.0074666	0.00740827
19.0885	0.00740827	0.00748224
19.0903	0.00748224	0.00754696
19.0922	0.00754696	0.00760359
19.0941	0.00760359	0.00765314
19.096	0.00765314	0.0076965
19.0979	0.0076965	0.00760943
19.0998	0.00760943	0.00753325
19.1017	0.00753325	0.0074666
19.1036	0.0074666	0.00740827
19.1055	0.00740827	0.00748224
19.1073	0.00748224	0.00754696
19.1092	0.00754696	0.00760359
19.1111	0.00760359	0.00765314
19.113	0.00765314	0.0076965
19.1149	0.0076965	0.00760943
19.1168	0.00760943	0.00753325
19.1187	0.00753325	0.0074666
19.1206	0.0074666	0.00740827
19.1224	0.00740827	0.00748224
19.1243	0.00748224	0.00754696
19.1262	0.00754696	0.00760359
19.1281	0.00760359	0.00765314
19.13	0.00765314	0.0075715
19.1319	0.0075715	0.00750006
19.1338	0.00750006	0.00743755
19.1357	0.00743755	0.00738286
19.1375	0.00738286	0.00746
19.1394	0.00746	0.0075275
19.1413	0.0075275	0.00758656
19.1432	0.00758656	0.00763824
19.1451	0.00763824	0.00768346
19.147	0.00768346	0.00759803
19.1489	0.00759803	0.00752327
19.1508	0.00752327	0.00745786
19.1527	0.00745786	0.00740063
19.1545	0.00740063	0.00747555
19.1564	0.00747555	0.00754111
19.1583	0.00754111	0.00759847
19.1602	0.00759847	0.00764866
19.1621	0.00764866	0.00769258
19.164	0.00769258	0.007606
19.1659	0.007606	0.00753025
19.1678	0.00753025	0.00746397
19.1696	0.00746397	0.00740597
19.1715	0.00740597	0.00748023
19.1734	0.00748023	0.0075452
19.1753	0.0075452	0.00760205
19.1772	0.00760205	0.00765179
19.1791	0.00765179	0.00769532
19.181	0.00769532	0.0076084
19.1829	0.0076084	0.00753235
19.1847	0.00753235	0.00746581
19.1866	0.00746581	0.00740758
19.1885	0.00740758	0.00748163
19.1904	0.00748163	0.00754643
19.1923	0.00754643	0.00760312
19.1942	0.00760312	0.00765273
19.1961	0.00765273	0.00769614
19.198	0.00769614	0.00760912
19.1999	0.00760912	0.00753298
19.2017	0.00753298	0.00746636
19.2036	0.00746636	0.00740807
19.2055	0.00740807	0.00748206
19.2074	0.00748206	0.0075468
19.2093	0.0075468	0.00760345
19.2112	0.00760345	0.00765302
19.2131	0.00765302	0.00769639
19.215	0.00769639	0.00760934
19.2168	0.00760934	0.00753317
19.2187	0.00753317	0.00746652
19.2206	0.00746652	0.00740821
19.2225	0.00740821	0.00748218
19.2244	0.00748218	0.00754691
19.2263	0.00754691	0.00760354
19.2282	0.00760354	0.0076531
19.2301	0.0076531	0.00769646
19.2319	0.00769646	0.0076094
19.2338	0.0076094	0.00753323
19.2357	0.00753323	0.00746657
19.2376	0.00746657	0.00740825
19.2395	0.00740825	0.00748222
19.2414	0.00748222	0.00754694
19.2433	0.00754694	0.00760357
19.2452	0.00760357	0.00765313
19.2471	0.00765313	0.00769649
19.2489	0.00769649	0.00760943
19.2508	0.00760943	0.00753325
19.2527	0.00753325	0.00746659
19.2546	0.00746659	0.00740827
19.2565	0.00740827	0.00748223
19.2584	0.00748223	0.00754695
19.2603	0.00754695	0.00760358
19.2622	0.00760358	0.00765314
19.264	0.00765314	0.00769649
19.2659	0.00769649	0.00760943
19.2678	0.00760943	0.00753325
19.2697	0.00753325	0.0074666
19.2716	0.0074666	0.00740827
19.2735	0.00740827	0.00748224
19.2754	0.00748224	0.00754696
19.2773	0.00754696	0.00760359
19.2791	0.00760359	0.00765314
19.281	0.00765314	0.00769649
19.2829	0.00769649	0.00760943
19.2848	0.00760943	0.00753325
19.2867	0.00753325	0.0074666
19.2886	0.0074666	0.00740827
19.2905	0.00740827	0.00748224
19.2924	0.00748224	0.00754696
19.2943	0.00754696	0.00760359
19.2961	0.00760359	0.00765314
19.298	0.00765314	0.0076965
19.2999	0.0076965	0.00760943
19.3018	0.00760943	0.00753325
19.3037	0.00753325	0.0074666
19.3056	0.0074666	0.00740827
19.3075	0.00740827	0.00748224
19.3094	0.00748224	0.00754696
19.3112	0.00754696	0.00760359
19.3131	0.00760359	0.00765314
19.315	0.00765314	0.0076965
19.3169	0.0076965	0.00760943
19.3188	0.00760943	0.00753325
19.3207	0.00753325	0.0074666
19.3226	0.0074666	0.00740827
19.3245	0.00740827	0.00748224
19.3273	0.00748224	0.00767196
19.3352	0.00767196	0.00746296
19.3374	0.00746296	0.00728009
19.3393	0.00728009	0.00712008
19.3424	0.00712008	0.00710507
19.3443	0.00710507	0.00709193
19.3474	0.00709193	0.00720544
19.3493	0.00720544	0.00717976
19.3525	0.00717976	0.00728229
19.3544	0.00728229	0.007247
19.3575	0.007247	0.00734113
19.3594	0.00734113	0.00729849
19.3613	0.00729849	0.00726118
19.3635	0.00726118	0.00710353
19.3654	0.00710353	0.00696559
19.3673	0.00696559	0.00684489
19.3694	0.00684489	0.00673928
19.3713	0.00673928	0.00664687
19.3732	0.00664687	0.00656601
19.3754	0.00656601	0.00649526
19.3773	0.00649526	0.00643335
19.3792	0.00643335	0.00637918
19.3814	0.00637918	0.00633178
19.3833	0.00633178	0.00629031
19.3852	0.00629031	0.00625402
19.3871	0.00625402	0.00647227
19.389	0.00647227	0.00653823
19.3908	0.00653823	0.00659595
19.3927	0.00659595	0.00664646
19.3946	0.00664646	0.00669065
19.3965	0.00669065	0.00685432
19.3984	0.00685432	0.00699753
19.4003	0.00699753	0.00712284
19.4022	0.00712284	0.00723248
19.4041	0.00723248	0.00732842
19.4059	0.00732842	0.00728737
19.4078	0.00728737	0.00725145
19.4097	0.00725145	0.00722002
19.4116	0.00722002	0.00719251
19.4135	0.00719251	0.00729345
19.4154	0.00729345	0.00738177
19.4173	0.00738177	0.00745905
19.4192	0.00745905	0.00752667
19.421	0.00752667	0.00758583
19.4229	0.00758583	0.0075126
19.4248	0.0075126	0.00744853
19.4267	0.00744853	0.00739246
19.4286	0.00739246	0.0073434
19.4305	0.0073434	0.00742548
19.4324	0.00742548	0.00749729
19.4343	0.00749729	0.00756013
19.4362	0.00756013	0.00761511
19.438	0.00761511	0.00766322
19.4399	0.00766322	0.00758032
19.4418	0.00758032	0.00750778
19.4437	0.00750778	0.00744431
19.4456	0.00744431	0.00738877
19.4475	0.00738877	0.00746517
19.4494	0.00746517	0.00753203
19.4513	0.00753203	0.00759052
19.4531	0.00759052	0.00764171
19.455	0.00764171	0.00768649
19.4569	0.00768649	0.00760068
19.4588	0.00760068	0.00752559
19.4607	0.00752559	0.00745989
19.4626	0.00745989	0.00740241
19.4645	0.00740241	0.00747711
19.4664	0.00747711	0.00754247
19.4682	0.00754247	0.00759966
19.4701	0.00759966	0.0076497
19.472	0.0076497	0.00769349
19.4739	0.00769349	0.0076068
19.4758	0.0076068	0.00753095
19.4777	0.00753095	0.00746458
19.4796	0.00746458	0.00740651
19.4815	0.00740651	0.00748069
19.4834	0.00748069	0.00754561
19.4852	0.00754561	0.00760241
19.4871	0.00760241	0.00765211
19.489	0.00765211	0.00769559
19.4909	0.00769559	0.00760864
19.4928	0.00760864	0.00753256
19.4947	0.00753256	0.00746599
19.4966	0.00746599	0.00740774
19.4985	0.00740774	0.00748177
19.5003	0.00748177	0.00754655
19.5022	0.00754655	0.00760323
19.5041	0.00760323	0.00765283
19.506	0.00765283	0.00769622
19.5079	0.00769622	0.0076092
19.5098	0.0076092	0.00753305
19.5117	0.00753305	0.00746641
19.5136	0.00746641	0.00740811
19.5154	0.00740811	0.0074821
19.5173	0.0074821	0.00754684
19.5192	0.00754684	0.00760348
19.5211	0.00760348	0.00765304
19.523	0.00765304	0.00757141
19.5249	0.00757141	0.00749999
19.5268	0.00749999	0.00743749
19.5287	0.00743749	0.0073828
19.5306	0.0073828	0.00745995
19.5324	0.00745995	0.00752746
19.5343	0.00752746	0.00758652
19.5362	0.00758652	0.00763821
19.5381	0.00763821	0.00768343
19.54	0.00768343	0.007598
19.5419	0.007598	0.00752325
19.5438	0.00752325	0.00745785
19.5457	0.00745785	0.00740061
19.5475	0.00740061	0.00747554
19.5494	0.00747554	0.00754109
19.5513	0.00754109	0.00759846
19.5532	0.00759846	0.00764865
19.5551	0.00764865	0.00769257
19.557	0.00769257	0.007606
19.5589	0.007606	0.00753025
19.5608	0.00753025	0.00746397
19.5626	0.00746397	0.00740597
19.5645	0.00740597	0.00748022
19.5664	0.00748022	0.00754519
19.5683	0.00754519	0.00760204
19.5702	0.00760204	0.00765179
19.5721	0.00765179	0.00769531
19.574	0.00769531	0.0076084
19.5759	0.0076084	0.00753235
19.5778	0.00753235	0.0074658
19.5796	0.0074658	0.00740758
19.5815	0.00740758	0.00748163
19.5834	0.00748163	0.00754643
19.5853	0.00754643	0.00760312
19.5872	0.00760312	0.00765273
19.5891	0.00765273	0.00769614
19.591	0.00769614	0.00760912
19.5929	0.00760912	0.00753298
19.5947	0.00753298	0.00746636
19.5966	0.00746636	0.00740806
19.5985	0.00740806	0.00748205
19.6004	0.00748205	0.0075468
19.6023	0.0075468	0.00760345
19.6042	0.00760345	0.00765302
19.6061	0.00765302	0.00769639
19.608	0.00769639	0.00760934
19.6098	0.00760934	0.00753317
19.6117	0.00753317	0.00746652
19.6136	0.00746652	0.00740821
19.6155	0.00740821	0.00748218
19.6174	0.00748218	0.00754691
19.6193	0.00754691	0.00760354
19.6212	0.00760354	0.0076531
19.6231	0.0076531	0.00769646
19.625	0.00769646	0.0076094
19.6268	0.0076094	0.00753323
19.6287	0.00753323	0.00746657
19.6306	0.00746657	0.00740825
19.6325	0.00740825	0.00748222
19.6344	0.00748222	0.00754694
19.6363	0.00754694	0.00760357
19.6382	0.00760357	0.00765313
19.6401	0.00765313	0.00769649
19.6419	0.00769649	0.00760943
19.6438	0.00760943	0.00753325
19.6457	0.00753325	0.00746659
19.6476	0.00746659	0.00740827
19.6495	0.00740827	0.00748223
19.6514	0.00748223	0.00754695
19.6533	0.00754695	0.00760358
19.6552	0.00760358	0.00765314
19.657	0.00765314	0.00769649
19.6589	0.00769649	0.00760943
19.6608	0.00760943	0.00753325
19.6627	0.00753325	0.0074666
19.6646	0.0074666	0.00740827
19.6665	0.00740827	0.00748224
19.6684	0.00748224	0.00754696
19.6703	0.00754696	0.00760359
19.6722	0.00760359	0.00765314
19.674	0.00765314	0.00769649
19.6759	0.00769649	0.00760943
19.6778	0.00760943	0.00753325
19.6797	0.00753325	0.0074666
19.6816	0.0074666	0.00740827
19.6835	0.00740827	0.00748224
19.6854	0.00748224	0.00754696
19.6873	0.00754696	0.00760359
19.6891	0.00760359	0.00765314
19.691	0.00765314	0.0076965
19.6929	0.0076965	0.00760943
19.6948	0.00760943	0.00753325
19.6967	0.00753325	0.0074666
19.6986	0.0074666	0.00740827
19.7005	0.00740827	0.00748224
19.7024	0.00748224	0.00754696
19.7042	0.00754696	0.00760359
19.7061	0.00760359	0.00765314
19.708	0.00765314	0.0076965
19.7099	0.0076965	0.00760943
19.7118	0.00760943	0.00753325
19.7137	0.00753325	0.0074666
19.7156	0.0074666	0.00740827
19.7175	0.00740827	0.00748224
19.7194	0.00748224	0.00754696
19.7212	0.00754696	0.00760359
19.7231	0.00760359	0.00765314
19.725	0.00765314	0.0076965
19.7269	0.0076965	0.00760943
19.7288	0.00760943	0.00753325
19.7307	0.00753325	0.0074666
19.7326	0.0074666	0.00740827
19.7345	0.00740827	0.00748224
19.7363	0.00748224	0.00754696
19.7382	0.00754696	0.00760359
19.7401	0.00760359	0.00765314
19.742	0.00765314	0.0076965
19.7514	0.0076965	0.00748443
19.7537	0.00748443	0.00729888
19.7555	0.00729888	0.00713652
19.7587	0.00713652	0.00711945
19.7606	0.00711945	0.00710452
19.7637	0.00710452	0.00721646
19.7656	0.00721646	0.0071894
19.7687	0.0071894	0.00729072
19.7706	0.00729072	0.00725438
19.7738	0.00725438	0.00734758
19.7757	0.00734758	0.00730414
19.7776	0.00730414	0.00726612
19.7798	0.00726612	0.00710785
19.7816	0.00710785	0.00696937
19.7835	0.00696937	0.0068482
19.7857	0.0068482	0.00674217
19.7876	0.00674217	0.0066494
19.7895	0.0066494	0.00656823
19.7917	0.00656823	0.0064972
19.7936	0.0064972	0.00643505
19.7955	0.00643505	0.00638067
19.7977	0.00638067	0.00633308
19.7996	0.00633308	0.00629145
19.8015	0.00629145	0.00625502
19.8033	0.00625502	0.00647314
19.8052	0.00647314	0.006664
19.8071	0.006664	0.006831
19.809	0.006831	0.00697712
19.8109	0.00697712	0.00697998
19.8128	0.00697998	0.00698248
19.8147	0.00698248	0.00698467
19.8166	0.00698467	0.00698659
19.8184	0.00698659	0.00711326
19.8203	0.00711326	0.0072241
19.8222	0.0072241	0.00732109
19.8241	0.00732109	0.00740595
19.826	0.00740595	0.00735521
19.8279	0.00735521	0.00731081
19.8298	0.00731081	0.00727196
19.8317	0.00727196	0.00723796
19.8335	0.00723796	0.00733321
19.8354	0.00733321	0.00741656
19.8373	0.00741656	0.00748949
19.8392	0.00748949	0.0075533
19.8411	0.0075533	0.00760914
19.843	0.00760914	0.007533
19.8449	0.007533	0.00746637
19.8468	0.00746637	0.00740808
19.8487	0.00740808	0.00735707
19.8505	0.00735707	0.00743743
19.8524	0.00743743	0.00750775
19.8543	0.00750775	0.00756928
19.8562	0.00756928	0.00762312
19.8581	0.00762312	0.00767023
19.86	0.00767023	0.00758645
19.8619	0.00758645	0.00751314
19.8638	0.00751314	0.007449
19.8656	0.007449	0.00739288
19.8675	0.00739288	0.00746876
19.8694	0.00746876	0.00753517
19.8713	0.00753517	0.00759327
19.8732	0.00759327	0.00764411
19.8751	0.00764411	0.0076886
19.877	0.0076886	0.00760252
19.8789	0.00760252	0.00752721
19.8807	0.00752721	0.00746131
19.8826	0.00746131	0.00740364
19.8845	0.00740364	0.00747819
19.8864	0.00747819	0.00754341
19.8883	0.00754341	0.00760048
19.8902	0.00760048	0.00765042
19.8921	0.00765042	0.00769412
19.894	0.00769412	0.00760735
19.8959	0.00760735	0.00753143
19.8977	0.00753143	0.00746501
19.8996	0.00746501	0.00740688
19.9015	0.00740688	0.00748102
19.9034	0.00748102	0.00754589
19.9053	0.00754589	0.00760265
19.9072	0.00760265	0.00765232
19.9091	0.00765232	0.00769578
19.911	0.00769578	0.00760881
19.9128	0.00760881	0.00753271
19.9147	0.00753271	0.00746612
19.9166	0.00746612	0.00740785
19.9185	0.00740785	0.00748187
19.9204	0.00748187	0.00754664
19.9223	0.00754664	0.00760331
19.9242	0.00760331	0.00765289
19.9261	0.00765289	0.00769628
19.9279	0.00769628	0.00760924
19.9298	0.00760924	0.00753309
19.9317	0.00753309	0.00746645
19.9336	0.00746645	0.00740814
19.9355	0.00740814	0.00748213
19.9374	0.00748213	0.00754686
19.9393	0.00754686	0.0076035
19.9412	0.0076035	0.00765306
19.9431	0.00765306	0.00769643
19.9449	0.00769643	0.00760938
19.9468	0.00760938	0.0075332
19.9487	0.0075332	0.00746655
19.9516	0.00746655	0.00753323
19.9594	0.00753323	0.00734158
19.9616	0.00734158	0.00717388
19.9635	0.00717388	0.00702715
19.9667	0.00702715	0.00702375
19.9686	0.00702375	0.00702078
19.9717	0.00702078	0.00714318
19.9736	0.00714318	0.00712529
19.9767	0.00712529	0.00723462
19.9786	0.00723462	0.0072053
19.9818	0.0072053	0.00730463
19.9836	0.00730463	0.00726655
19.9855	0.00726655	0.00723323
19.9877	0.00723323	0.00707908
19.9896	0.00707908	0.00694419
19.9915	0.00694419	0.00682617
19.9947	0.00682617	0.0068479
