1.00419	0	5360
1.0093	5360	5896
1.01119	5896	6432
1.01308	6432	6968
1.01497	6968	7504
1.01685	7504	8040
1.01874	8040	8576
1.02063	8576	9112
1.02252	9112	9648
1.02441	9648	10184
1.02629	10184	10720
1.02818	10720	11256
1.03007	11256	11792
1.03196	11792	12328
1.03385	12328	12864
1.03573	12864	13400
1.03762	13400	13936
1.03951	13936	14472
1.0433	14472	13936
1.05557	13936	13668
1.05652	13668	13400
1.05746	13400	13132
1.0584	13132	12864
1.05935	12864	12596
1.06029	12596	12328
1.06124	12328	12060
1.06218	12060	11792
1.06312	11792	11524
1.06407	11524	11256
1.06501	11256	10988
1.06596	10988	10720
1.0669	10720	10452
1.06783	10452	6700
1.06783	6700	6742
1.06972	6742	6784
1.07161	6784	6826
1.07349	6826	6868
1.07538	6868	6909
1.07727	6909	6950
1.07916	6950	6991
1.08105	6991	7032
1.08293	7032	7072
1.08482	7072	7112
1.08671	7112	7152
1.0886	7152	7192
1.09049	7192	7231
1.09237	7231	7270
1.09426	7270	7309
1.09615	7309	7348
1.09804	7348	7387
1.09993	7387	7425
1.10466	7425	6432
1.11128	6432	6164
1.11222	6164	5896
1.11317	5896	5092
1.11411	5092	4824
1.11506	4824	4556
1.11599	4556	4288
1.11693	4288	4020
1.11788	4020	3752
1.11882	3752	3484
1.11976	3484	2948
1.12447	2948	3045
1.12668	3045	3139
1.1295	3139	3230
1.13171	3230	3318
1.13453	3318	3404
1.13642	3404	3488
1.13831	3488	3570
1.14051	3570	3650
1.14239	3650	3728
1.14428	3728	3805
1.14648	3805	3880
1.14837	3880	3954
1.15026	3954	4026
1.15214	4026	4097
1.15403	4097	4167
1.15592	4167	4235
1.15781	4235	4302
1.1597	4302	4368
1.16158	4368	4433
1.16347	4433	4497
1.16536	4497	4560
1.16725	4560	4623
1.16914	4623	4685
1.17102	4685	4746
1.17291	4746	4806
1.1748	4806	4865
1.17669	4865	4924
1.17858	4924	4982
1.18046	4982	5039
1.18235	5039	5096
1.18424	5096	5152
1.18613	5152	5207
1.18802	5207	5262
1.1899	5262	5316
1.19179	5316	5370
1.19368	5370	5423
1.19557	5423	5475
1.19746	5475	5527
1.19934	5527	5578
1.20123	5578	5629
1.20312	5629	5680
1.20501	5680	5730
1.2069	5730	5780
1.20878	5780	5829
1.21067	5829	5878
1.21256	5878	5926
1.21445	5926	5974
1.21634	5974	6022
1.21822	6022	6069
1.22011	6069	6116
1.222	6116	6162
1.22389	6162	6208
1.22578	6208	6254
1.22766	6254	6299
1.22955	6299	6344
1.23144	6344	6389
1.23333	6389	6433
1.23522	6433	6477
1.2371	6477	6521
1.23899	6521	6565
1.24088	6565	6608
1.24277	6608	6651
1.24466	6651	6694
1.24654	6694	6736
1.24843	6736	6778
1.25032	6778	6820
1.25221	6820	6862
1.2541	6862	6903
1.25598	6903	6944
1.25787	6944	6985
1.25976	6985	7026
1.26165	7026	7066
1.26354	7066	7106
1.26542	7106	7146
1.26731	7146	7186
1.2692	7186	7225
1.27109	7225	7264
1.27298	7264	7303
1.27486	7303	7342
1.27675	7342	7381
1.27864	7381	7419
1.28053	7419	7457
1.28242	7457	7495
1.2843	7495	7533
1.28619	7533	7571
1.28808	7571	7608
1.28997	7608	7645
1.29186	7645	7682
1.29374	7682	7719
1.29563	7719	7756
1.29752	7756	7793
1.29941	7793	7829
1.3013	7829	7865
1.30318	7865	7901
1.30507	7901	7937
1.30696	7937	7973
1.30885	7973	8009
1.31074	8009	8044
1.31262	8044	8079
1.31451	8079	8114
1.3164	8114	8149
1.31829	8149	8184
1.32018	8184	8219
1.32206	8219	8253
1.32395	8253	8287
1.32584	8287	8321
1.32773	8321	8355
1.32962	8355	8389
1.3315	8389	8423
1.33339	8423	8457
1.33528	8457	8490
1.33717	8490	8523
1.33906	8523	8556
1.34094	8556	8589
1.34283	8589	8622
1.34472	8622	8655
1.34661	8655	8688
1.3485	8688	8721
1.35038	8721	8753
1.35227	8753	8785
1.35416	8785	8817
1.35605	8817	8849
1.35794	8849	8881
1.35982	8881	8913
1.36457	8913	8040
1.36646	8040	7504
1.37118	7504	7236
1.37212	7236	6968
1.37307	6968	6700
1.37401	6700	6432
1.37495	6432	6164
1.3759	6164	5896
1.37684	5896	5628
1.37777	5628	5360
1.37872	5360	5092
1.3806	5092	4824
1.38155	4824	4556
1.38249	4556	3752
2.37777	3752	536
2.5879	536	1072
2.59387	1072	1340
2.59985	1340	1554
2.60582	1554	1738
2.6118	1738	1903
2.61683	1903	2053
2.62186	2053	2192
2.62689	2192	2323
2.62877	2323	2446
2.63286	2446	2563
2.63475	2563	2675
2.63884	2675	2782
2.64072	2782	2885
2.64481	2885	2984
2.6467	2984	3080
2.64984	3080	3173
2.65173	3173	3263
2.65487	3263	3351
2.65676	3351	3436
2.65865	3436	3519
2.66084	3519	3600
2.66273	3600	3679
2.66462	3679	3757
2.66682	3757	3833
2.66871	3833	3907
2.6706	3907	3980
2.67248	3980	4052
2.67437	4052	4122
2.67626	4122	4191
2.67815	4191	4259
2.68004	4259	4326
2.68192	4326	4392
2.68381	4392	4457
2.6857	4457	4521
2.68759	4521	4584
2.68948	4584	4646
2.69136	4646	4707
2.69325	4707	4768
2.69514	4768	4828
2.69703	4828	4887
2.69892	4887	4945
2.7008	4945	5003
2.70269	5003	5060
2.70458	5060	5116
2.70647	5116	5172
2.70836	5172	5227
2.71024	5227	5281
2.71213	5281	5335
2.71402	5335	5388
2.71591	5388	5441
2.7178	5441	5493
2.71968	5493	5545
2.72157	5545	5596
2.72346	5596	5647
2.72535	5647	5697
2.72724	5697	5747
2.72912	5747	5796
2.73101	5796	5845
2.7329	5845	5894
2.73479	5894	5942
2.73668	5942	5990
2.73856	5990	6037
2.74045	6037	6084
2.74234	6084	6131
2.74423	6131	6177
2.74612	6177	6223
2.748	6223	6269
2.74989	6269	6314
2.75178	6314	6359
2.75367	6359	6404
2.75556	6404	6448
2.75744	6448	6492
2.75933	6492	6536
2.76122	6536	6579
2.76311	6579	6622
2.765	6622	6665
2.76688	6665	6708
2.76877	6708	6750
2.77066	6750	6792
2.77255	6792	6834
2.77444	6834	6876
2.77632	6876	6917
2.77821	6917	6958
2.7801	6958	6999
2.78199	6999	7040
2.78388	7040	7080
2.78576	7080	7120
2.78765	7120	7160
2.78954	7160	7200
2.79143	7200	7239
2.79332	7239	7278
2.7952	7278	7317
2.79709	7317	7356
2.79898	7356	7395
2.80087	7395	7433
2.80276	7433	7471
2.80464	7471	7509
2.80653	7509	7547
2.80842	7547	7585
2.81031	7585	7622
2.8122	7622	7659
2.81408	7659	7696
2.81597	7696	7733
2.81786	7733	7770
2.81975	7770	7806
2.82164	7806	7842
2.82352	7842	7878
2.82541	7878	7914
2.8273	7914	7950
2.82919	7950	7986
2.83108	7986	8021
2.83296	8021	8056
2.83485	8056	8091
2.83674	8091	8126
2.83863	8126	8161
2.84052	8161	8196
2.8424	8196	8231
2.84429	8231	8265
2.84618	8265	8299
2.84807	8299	8333
2.84996	8333	8367
2.85184	8367	8401
2.85373	8401	8435
2.85562	8435	8469
2.85751	8469	8502
2.8594	8502	8535
2.86128	8535	8568
2.86317	8568	8601
2.86506	8601	8634
2.86695	8634	8667
2.86884	8667	8700
2.87072	8700	8733
2.87261	8733	8765
2.8745	8765	8797
2.87639	8797	8829
2.87828	8829	8861
2.88016	8861	8893
2.88205	8893	8925
2.88394	8925	8957
2.88583	8957	8989
2.88772	8989	9020
2.8896	9020	9051
2.89149	9051	9082
2.89338	9082	9113
2.89527	9113	9144
2.89716	9144	9175
2.89904	9175	9206
2.90093	9206	9237
2.90282	9237	9268
2.90471	9268	9298
2.9066	9298	9328
2.90848	9328	9358
2.91037	9358	9388
2.91226	9388	9418
2.91415	9418	9448
2.91604	9448	9478
2.91792	9478	9508
2.91981	9508	9538
2.9217	9538	9568
2.92359	9568	9598
2.92548	9598	9627
2.92736	9627	9656
2.92925	9656	9685
2.93114	9685	9714
2.93303	9714	9743
2.93492	9743	9772
2.9368	9772	9801
2.93869	9801	9830
2.94058	9830	9859
2.94247	9859	9888
2.94436	9888	9917
2.94624	9917	9945
2.94813	9945	9973
2.95002	9973	10001
2.95191	10001	10029
2.9538	10029	10057
2.95568	10057	10085
2.95757	10085	10113
2.95946	10113	10141
2.96135	10141	10169
2.96324	10169	10197
2.96512	10197	10225
2.96701	10225	10253
2.9689	10253	10281
2.97079	10281	10308
2.97268	10308	10335
2.97456	10335	10362
2.97645	10362	10389
2.97834	10389	10416
2.98023	10416	10443
2.98212	10443	10470
2.984	10470	10497
2.98589	10497	10524
2.98778	10524	10551
2.98967	10551	10578
2.99156	10578	10605
2.99344	10605	10632
2.99533	10632	10659
2.99722	10659	10685
2.99911	10685	10711
3.001	10711	10737
3.00288	10737	10763
3.00477	10763	10789
3.00666	10789	10815
3.00855	10815	10841
3.01044	10841	10867
3.01232	10867	10893
3.01421	10893	10919
3.0161	10919	10945
3.01799	10945	10971
3.01988	10971	10997
3.02176	10997	11023
3.02365	11023	11049
3.02554	11049	11075
3.02743	11075	11100
3.02932	11100	11125
3.0312	11125	11150
3.03309	11150	11175
3.03498	11175	11200
3.03687	11200	11225
3.03876	11225	11250
3.04064	11250	11275
3.04253	11275	11300
3.04442	11300	11325
3.04631	11325	11350
3.0482	11350	11375
3.05008	11375	11400
3.05197	11400	11425
3.05386	11425	11450
3.05575	11450	11475
3.05764	11475	11500
3.05952	11500	11524
3.06141	11524	11548
3.0633	11548	11572
3.06519	11572	11596
3.06708	11596	11620
3.06896	11620	11644
3.07085	11644	11668
3.07274	11668	11692
3.07463	11692	11716
3.07652	11716	11740
3.0784	11740	11764
3.08029	11764	11788
3.08218	11788	11812
3.08407	11812	11836
3.08596	11836	11860
3.08784	11860	11884
3.08973	11884	11908
3.09162	11908	11932
3.09351	11932	11956
3.0954	11956	11980
3.09728	11980	12003
3.09917	12003	12026
3.10106	12026	12049
3.10295	12049	12072
3.10484	12072	12095
3.10672	12095	12118
3.10861	12118	12141
3.1105	12141	12164
3.11239	12164	12187
3.11428	12187	12210
3.11616	12210	12233
3.11805	12233	12256
3.11994	12256	12279
3.12183	12279	12302
3.12372	12302	12325
3.1256	12325	12348
3.12749	12348	12371
3.12938	12371	12394
3.13127	12394	12417
3.13506	12417	11792
3.14544	11792	11524
3.14638	11524	11256
3.14733	11256	10988
3.14827	10988	10720
3.14922	10720	10452
3.15016	10452	10184
3.1511	10184	9916
3.15205	9916	9648
3.15299	9648	9380
3.15394	9380	9112
3.15488	9112	8844
3.15581	8844	5628
3.15581	5628	5679
3.1577	5679	5729
3.15959	5729	5779
3.16148	5779	5828
3.16336	5828	5877
3.16525	5877	5925
3.16714	5925	5973
3.16903	5973	6021
3.17092	6021	6068
3.1728	6068	6115
3.17469	6115	6161
3.17658	6161	6207
3.17847	6207	6253
3.18036	6253	6298
3.18224	6298	6343
3.18413	6343	6388
3.18602	6388	6432
3.18791	6432	6476
3.1898	6476	6520
3.19168	6520	6564
3.19357	6564	6607
3.19546	6607	6650
3.19735	6650	6693
3.19924	6693	6735
3.20112	6735	6777
3.20301	6777	6819
3.2049	6819	6861
3.20679	6861	6902
3.20868	6902	6943
3.21056	6943	6984
3.21245	6984	7025
3.21434	7025	7065
3.21623	7065	7105
3.21812	7105	7145
3.22	7145	7185
3.22189	7185	7224
3.22378	7224	7263
3.22567	7263	7302
3.22756	7302	7341
3.22944	7341	7380
3.23133	7380	7418
3.23322	7418	7456
3.23511	7456	7494
3.237	7494	7532
3.23888	7532	7570
3.24077	7570	7607
3.24266	7607	7644
3.24455	7644	7681
3.24644	7681	7718
3.24832	7718	7755
3.25021	7755	7792
3.2521	7792	7828
3.25399	7828	7864
3.25588	7864	7900
3.25776	7900	7936
3.25965	7936	7972
3.26154	7972	8008
3.26343	8008	8043
3.26532	8043	8078
3.2672	8078	8113
3.26909	8113	8148
3.27098	8148	8183
3.27287	8183	8218
3.27476	8218	8252
3.27664	8252	8286
3.27853	8286	8320
3.28326	8320	7504
3.28987	7504	7236
3.29082	7236	6968
3.29176	6968	6700
3.2927	6700	6432
3.29365	6432	6164
3.29459	6164	5896
3.29554	5896	5628
3.29647	5628	3484
3.29836	3484	3566
3.30024	3566	3646
3.30213	3646	3724
3.30402	3724	3801
3.30591	3801	3876
3.30811	3876	3950
3.30999	3950	4022
3.31188	4022	4093
3.31377	4093	4163
3.31566	4163	4232
3.31755	4232	4299
3.31943	4299	4365
3.32132	4365	4430
3.32321	4430	4494
3.3251	4494	4557
3.32699	4557	4620
3.32887	4620	4682
3.33076	4682	4743
3.33265	4743	4803
3.33454	4803	4862
3.33643	4862	4921
3.33831	4921	4979
3.3402	4979	5036
3.34209	5036	5093
3.34398	5093	5149
3.34587	5149	5204
3.34775	5204	5259
3.34964	5259	5313
3.35153	5313	5367
3.35342	5367	5420
3.35531	5420	5473
3.35719	5473	5525
3.35908	5525	5576
3.36097	5576	5627
3.36286	5627	5678
3.36475	5678	5728
3.36663	5728	5778
3.36852	5778	5827
3.37041	5827	5876
3.3723	5876	5924
3.37419	5924	5972
3.37607	5972	6020
3.37796	6020	6067
3.37985	6067	6114
3.38174	6114	6160
3.38363	6160	6206
3.38551	6206	6252
3.3874	6252	6297
3.38929	6297	6342
3.39118	6342	6387
3.39307	6387	6431
3.39495	6431	6475
3.39684	6475	6519
3.39873	6519	6563
3.40062	6563	6606
3.40251	6606	6649
3.40439	6649	6692
3.40628	6692	6734
3.40817	6734	6776
3.41006	6776	6818
3.41195	6818	6860
3.41383	6860	6901
3.41572	6901	6942
3.41761	6942	6983
3.4195	6983	7024
3.42139	7024	7064
3.42327	7064	7104
3.42516	7104	7144
3.42705	7144	7184
3.42894	7184	7223
3.43083	7223	7262
3.43271	7262	7301
3.4346	7301	7340
3.43649	7340	7379
3.43838	7379	7417
3.44027	7417	7455
3.44215	7455	7493
3.44404	7493	7531
3.44593	7531	7569
3.44782	7569	7606
3.44971	7606	7643
3.45159	7643	7680
3.45348	7680	7717
3.45537	7717	7754
3.45726	7754	7791
3.45915	7791	7827
3.46103	7827	7863
3.46292	7863	7899
3.46481	7899	7935
3.4667	7935	7971
3.46859	7971	8007
3.47047	8007	8042
3.47236	8042	8077
3.47425	8077	8112
3.47614	8112	8147
3.47803	8147	8182
3.47991	8182	8217
3.4818	8217	8251
3.48369	8251	8285
3.48558	8285	8319
3.48747	8319	8353
3.49125	8353	7504
3.49882	7504	6700
3.49976	6700	6432
3.50071	6432	6164
3.50165	6164	5896
3.5026	5896	5628
3.50354	5628	5360
3.50447	5360	5092
3.50541	5092	4824
3.50636	4824	4556
3.5073	4556	4288
3.50825	4288	4020
3.50919	4020	3484
3.51107	3484	3566
3.51295	3566	3646
3.51484	3646	3724
3.51673	3724	3801
3.51893	3801	3876
3.52082	3876	3950
3.5227	3950	4022
3.52459	4022	4093
3.52648	4093	4163
3.52837	4163	4232
3.53026	4232	4299
3.53214	4299	4365
3.53403	4365	4430
3.53592	4430	4494
3.53781	4494	4557
3.5397	4557	4620
3.54158	4620	4682
3.54347	4682	4743
3.54536	4743	4803
3.54725	4803	4862
3.54914	4862	4921
3.55102	4921	4979
3.55291	4979	5036
3.5548	5036	5093
3.55669	5093	5149
3.55858	5149	5204
3.56046	5204	5259
3.56235	5259	5313
3.56424	5313	5367
3.56613	5367	5420
3.56802	5420	5473
3.5699	5473	5525
3.57179	5525	5576
3.57368	5576	5627
3.57557	5627	5678
3.57746	5678	5728
3.57934	5728	5778
3.58123	5778	5827
3.58312	5827	5876
3.58501	5876	5924
3.5869	5924	5972
3.58878	5972	6020
3.59067	6020	6067
3.59256	6067	6114
3.59445	6114	6160
3.59634	6160	6206
3.59822	6206	6252
3.60011	6252	6297
3.602	6297	6342
3.60389	6342	6387
3.60578	6387	6431
3.60766	6431	6475
3.60955	6475	6519
3.61144	6519	6563
3.61333	6563	6606
3.61522	6606	6649
3.6171	6649	6692
3.61899	6692	6734
3.62088	6734	6776
3.62277	6776	6818
3.62466	6818	6860
3.62654	6860	6901
3.62843	6901	6942
3.63032	6942	6983
3.63221	6983	7024
3.6341	7024	7064
3.63598	7064	7104
3.63787	7104	7144
3.63976	7144	7184
3.64165	7184	7223
3.64354	7223	7262
3.64542	7262	7301
3.64731	7301	7340
3.6492	7340	7379
3.65109	7379	7417
3.65298	7417	7455
3.65486	7455	7493
3.65675	7493	7531
3.65864	7531	7569
3.66053	7569	7606
3.66242	7606	7643
3.6643	7643	7680
3.66619	7680	7717
3.67092	7717	6968
3.67659	6968	6700
3.67753	6700	6432
3.67848	6432	6164
3.67942	6164	5896
3.68036	5896	5628
3.68131	5628	5360
3.68225	5360	5092
3.68318	5092	3216
3.68507	3216	3305
3.68696	3305	3391
3.68885	3391	3475
3.69074	3475	3557
3.69293	3557	3637
3.69482	3637	3715
3.69671	3715	3792
3.69891	3792	3867
3.7008	3867	3941
3.70268	3941	4013
3.70457	4013	4084
3.70646	4084	4154
3.70835	4154	4223
3.71024	4223	4291
3.71212	4291	4357
3.71401	4357	4422
3.7159	4422	4486
3.71779	4486	4550
3.71968	4550	4613
3.72156	4613	4675
3.72345	4675	4736
3.72534	4736	4796
3.72723	4796	4855
3.72912	4855	4914
3.731	4914	4972
3.73289	4972	5029
3.73478	5029	5086
3.73667	5086	5142
3.73856	5142	5197
3.74044	5197	5252
3.74233	5252	5306
3.74422	5306	5360
3.74611	5360	5413
3.748	5413	5466
3.74988	5466	5518
3.75177	5518	5570
3.75366	5570	5621
3.75555	5621	5672
3.75744	5672	5722
3.75932	5722	5772
3.76121	5772	5821
3.7631	5821	5870
3.76499	5870	5918
3.76688	5918	5966
3.76876	5966	6014
3.77065	6014	6061
3.77254	6061	6108
3.77443	6108	6155
3.77632	6155	6201
3.7782	6201	6247
3.78009	6247	6292
3.78198	6292	6337
3.78387	6337	6382
3.78576	6382	6427
3.78764	6427	6471
3.78953	6471	6515
3.79142	6515	6559
3.79331	6559	6602
3.7952	6602	6645
3.79708	6645	6688
3.79897	6688	6730
3.80086	6730	6772
3.80275	6772	6814
3.80464	6814	6856
3.80652	6856	6897
3.80841	6897	6938
3.8103	6938	6979
3.81219	6979	7020
3.81408	7020	7060
3.81596	7060	7100
3.81785	7100	7140
3.81974	7140	7180
3.82163	7180	7220
3.82352	7220	7259
3.8254	7259	7298
3.82729	7298	7337
3.82918	7337	7376
3.83107	7376	7414
3.83296	7414	7452
3.83484	7452	7490
3.83673	7490	7528
3.83862	7528	7566
3.84051	7566	7603
3.8424	7603	7640
3.84428	7640	7677
3.84617	7677	7714
3.84806	7714	7751
3.84995	7751	7788
3.85184	7788	7824
3.85372	7824	7860
3.85561	7860	7896
3.8575	7896	7932
3.85939	7932	7968
3.86128	7968	8004
3.86316	8004	8039
3.86505	8039	8074
3.86694	8074	8109
3.86883	8109	8144
3.87072	8144	8179
3.8726	8179	8214
3.87449	8214	8248
3.87638	8248	8282
3.87827	8282	8316
3.88016	8316	8350
3.88204	8350	8384
3.88393	8384	8418
3.88582	8418	8452
3.88771	8452	8485
3.8896	8485	8518
3.89148	8518	8551
3.89337	8551	8584
3.89526	8584	8617
3.89715	8617	8650
3.89904	8650	8683
3.90092	8683	8716
3.90281	8716	8748
3.9047	8748	8780
3.90659	8780	8812
3.90848	8812	8844
3.91036	8844	8876
3.91225	8876	8908
3.91414	8908	8940
3.91603	8940	8972
3.91792	8972	9004
3.9198	9004	9035
3.92169	9035	9066
3.92358	9066	9097
3.92547	9097	9128
3.92736	9128	9159
3.92924	9159	9190
3.93113	9190	9221
3.93302	9221	9252
3.93491	9252	9283
3.9368	9283	9313
3.93868	9313	9343
3.94057	9343	9373
3.94246	9373	9403
3.94435	9403	9433
3.94624	9433	9463
3.94812	9463	9493
3.95001	9493	9523
3.9519	9523	9553
3.95379	9553	9583
3.95568	9583	9612
3.95756	9612	9641
3.95945	9641	9670
3.96134	9670	9699
3.96323	9699	9728
3.96702	9728	9112
3.97457	9112	8844
3.97551	8844	8576
3.97646	8576	8308
3.9774	8308	8040
3.97835	8040	7772
3.97929	7772	7504
3.98023	7504	7236
3.98118	7236	6968
3.98212	6968	6700
3.98305	6700	4288
3.98305	4288	4355
3.98494	4355	4420
3.98683	4420	4484
3.98872	4484	4548
3.9906	4548	4611
3.99249	4611	4673
3.99438	4673	4734
3.99627	4734	4794
3.99816	4794	4853
4.00004	4853	4912
4.00193	4912	4970
4.00382	4970	5027
4.00571	5027	5084
4.0076	5084	5140
4.00948	5140	5195
4.01137	5195	5250
4.01326	5250	5304
4.01515	5304	5358
4.01704	5358	5411
4.01892	5411	5464
4.02081	5464	5516
4.0227	5516	5568
4.02459	5568	5619
4.02648	5619	5670
4.02836	5670	5720
4.03025	5720	5770
4.03214	5770	5819
4.03403	5819	5868
4.03592	5868	5916
4.0378	5916	5964
4.03969	5964	6012
4.04158	6012	6059
4.04347	6059	6106
4.04536	6106	6153
4.04724	6153	6199
4.04913	6199	6245
4.05102	6245	6291
4.05291	6291	6336
4.0548	6336	6381
4.05668	6381	6426
4.05857	6426	6470
4.06046	6470	6514
4.06235	6514	6558
4.06424	6558	6601
4.06612	6601	6644
4.06801	6644	6687
4.0699	6687	6729
4.07179	6729	6771
4.07368	6771	6813
4.07556	6813	6855
4.07745	6855	6896
4.07934	6896	6937
4.08123	6937	6978
4.08312	6978	7019
4.085	7019	7059
4.08689	7059	7099
4.08878	7099	7139
4.09067	7139	7179
4.09256	7179	7219
4.09444	7219	7258
4.09633	7258	7297
4.09822	7297	7336
4.10011	7336	7375
4.102	7375	7413
4.10388	7413	7451
4.10577	7451	7489
4.10766	7489	7527
4.10955	7527	7565
4.11144	7565	7602
4.11332	7602	7639
4.11521	7639	7676
4.1171	7676	7713
4.11899	7713	7750
4.12088	7750	7787
4.12276	7787	7823
4.12465	7823	7859
4.12654	7859	7895
4.12843	7895	7931
4.13032	7931	7967
4.1322	7967	8003
4.13409	8003	8038
4.13598	8038	8073
4.13787	8073	8108
4.13976	8108	8143
4.14164	8143	8178
4.14353	8178	8213
4.14542	8213	8247
4.14731	8247	8281
4.1492	8281	8315
4.15108	8315	8349
4.15297	8349	8383
4.15486	8383	8417
4.15675	8417	8451
4.15864	8451	8484
4.16052	8484	8517
4.16241	8517	8550
4.1643	8550	8583
4.16619	8583	8616
4.16808	8616	8649
4.16996	8649	8682
4.17185	8682	8715
4.17374	8715	8747
4.17563	8747	8779
4.17752	8779	8811
4.1794	8811	8843
4.18129	8843	8875
4.18318	8875	8907
4.18507	8907	8939
4.18696	8939	8971
4.18884	8971	9003
4.19073	9003	9034
4.19262	9034	9065
4.19451	9065	9096
4.1964	9096	9127
4.19828	9127	9158
4.20017	9158	9189
4.20206	9189	9220
4.20395	9220	9251
4.20584	9251	9282
4.20772	9282	9312
4.20961	9312	9342
4.2115	9342	9372
4.21339	9372	9402
4.21528	9402	9432
4.21716	9432	9462
4.21905	9462	9492
4.22094	9492	9522
4.22283	9522	9552
4.22472	9552	9582
4.2266	9582	9611
4.22849	9611	9640
4.23038	9640	9669
4.23227	9669	9698
4.23416	9698	9727
4.23604	9727	9756
4.23793	9756	9785
4.23982	9785	9814
4.24171	9814	9843
4.2436	9843	9872
4.24548	9872	9901
4.24737	9901	9930
4.24926	9930	9958
4.25115	9958	9986
4.25304	9986	10014
4.25492	10014	10042
4.25681	10042	10070
4.2587	10070	10098
4.26059	10098	10126
4.26248	10126	10154
4.26436	10154	10182
4.26625	10182	10210
4.26814	10210	10238
4.27003	10238	10266
4.27192	10266	10293
4.2738	10293	10320
4.27569	10320	10347
4.27758	10347	10374
4.27947	10374	10401
4.28136	10401	10428
4.28324	10428	10455
4.28513	10455	10482
4.28702	10482	10509
4.28891	10509	10536
4.2908	10536	10563
4.29268	10563	10590
4.29457	10590	10617
4.29646	10617	10644
4.29835	10644	10670
4.30024	10670	10696
4.30212	10696	10722
4.30401	10722	10748
4.3059	10748	10774
4.30779	10774	10800
4.30968	10800	10826
4.31156	10826	10852
4.31345	10852	10878
4.31534	10878	10904
4.31723	10904	10930
4.31912	10930	10956
4.321	10956	10982
4.32289	10982	11008
4.32478	11008	11034
4.32667	11034	11060
4.32856	11060	11085
4.33044	11085	11110
4.33233	11110	11135
4.33422	11135	11160
4.33611	11160	11185
4.338	11185	11210
4.33988	11210	11235
4.34177	11235	11260
4.34366	11260	11285
4.34555	11285	11310
4.34744	11310	11335
4.34932	11335	11360
4.35121	11360	11385
4.3531	11385	11410
4.35499	11410	11435
4.35688	11435	11460
4.36067	11460	10720
4.37011	10720	10452
4.37105	10452	10184
4.37199	10184	9916
4.37294	9916	9648
4.37388	9648	9380
4.37483	9380	9112
4.37577	9112	8844
4.37671	8844	8576
4.37766	8576	8308
4.3786	8308	8040
4.37953	8040	5092
4.38142	5092	5148
4.38331	5148	5203
4.3852	5203	5258
4.38708	5258	5312
4.38897	5312	5366
4.39086	5366	5419
4.39275	5419	5472
4.39464	5472	5524
4.39652	5524	5576
4.39841	5576	5627
4.4003	5627	5678
4.40219	5678	5728
4.40408	5728	5778
4.40596	5778	5827
4.40785	5827	5876
4.40974	5876	5924
4.41163	5924	5972
4.41352	5972	6020
4.4154	6020	6067
4.41729	6067	6114
4.41918	6114	6160
4.42107	6160	6206
4.42296	6206	6252
4.42484	6252	6297
4.42673	6297	6342
4.42862	6342	6387
4.43051	6387	6431
4.4324	6431	6475
4.43428	6475	6519
4.43617	6519	6563
4.43806	6563	6606
4.43995	6606	6649
4.44184	6649	6692
4.44372	6692	6734
4.44561	6734	6776
4.4475	6776	6818
4.45223	6818	5896
4.45695	5896	5628
4.4579	5628	5360
4.45884	5360	5092
4.45979	5092	4824
4.46073	4824	4556
4.46167	4556	4288
4.4626	4288	2680
4.4626	2680	2787
4.46449	2787	2890
4.46638	2890	2989
4.46827	2989	3085
4.47141	3085	3178
4.4733	3178	3268
4.47644	3268	3355
4.47833	3355	3440
4.48022	3440	3523
4.48242	3523	3604
4.4862	3604	2680
4.4884	2680	2412
4.48936	2412	2144
4.4903	2144	1876
4.49124	1876	1072
4.49124	1072	1340
4.49439	1340	1554
4.50036	1554	1738
4.50634	1738	1903
4.51137	1903	2053
4.5164	2053	2192
4.52143	2192	2323
4.52332	2323	2446
4.5274	2446	2563
4.52929	2563	2675
4.53338	2675	2782
4.53527	2782	2885
4.53935	2885	2984
4.54124	2984	3080
4.54438	3080	3173
4.54627	3173	3263
4.55226	3263	2680
4.55541	2680	2412
4.55636	2412	2144
4.5573	2144	1876
4.55823	1876	1072
4.55823	1072	1340
4.56139	1340	1554
4.56736	1554	1738
4.57334	1738	1903
4.57837	1903	2053
4.5834	2053	2192
4.58843	2192	2323
4.59032	2323	2446
4.5944	2446	2563
4.59629	2563	2675
4.60038	2675	2782
4.60227	2782	2885
4.60635	2885	2984
4.60824	2984	3080
4.61138	3080	3173
4.61327	3173	3263
4.61641	3263	3351
4.6183	3351	3436
4.62019	3436	3519
4.62239	3519	3600
4.62428	3600	3679
4.62616	3679	3757
4.62836	3757	3833
4.63025	3833	3907
4.63214	3907	3980
4.63403	3980	4052
4.63591	4052	4122
4.6378	4122	4191
4.63969	4191	4259
4.64158	4259	4326
4.64347	4326	4392
4.64535	4392	4457
4.64724	4457	4521
4.64913	4521	4584
4.65102	4584	4646
4.65291	4646	4707
4.65479	4707	4768
4.65668	4768	4828
4.65857	4828	4887
4.66046	4887	4945
4.66235	4945	5003
4.66423	5003	5060
4.66612	5060	5116
4.66801	5116	5172
4.6699	5172	5227
4.67179	5227	5281
4.67367	5281	5335
4.67556	5335	5388
4.67745	5388	5441
4.67934	5441	5493
4.68123	5493	5545
4.68311	5545	5596
4.685	5596	5647
4.68689	5647	5697
4.68878	5697	5747
4.69067	5747	5796
4.69255	5796	5845
4.69444	5845	5894
4.69633	5894	5942
4.69822	5942	5990
4.70011	5990	6037
4.70199	6037	6084
4.70388	6084	6131
4.70577	6131	6177
4.70766	6177	6223
4.70955	6223	6269
4.71143	6269	6314
4.71332	6314	6359
4.71521	6359	6404
4.7171	6404	6448
4.71899	6448	6492
4.72087	6492	6536
4.72276	6536	6579
4.72465	6579	6622
4.72654	6622	6665
4.72843	6665	6708
4.73031	6708	6750
4.7322	6750	6792
4.73409	6792	6834
4.73598	6834	6876
4.73787	6876	6917
4.73975	6917	6958
4.74164	6958	6999
4.74353	6999	7040
4.74542	7040	7080
4.74731	7080	7120
4.74919	7120	7160
4.75108	7160	7200
4.75297	7200	7239
4.75486	7239	7278
4.75675	7278	7317
4.75863	7317	7356
4.76052	7356	7395
4.76241	7395	7433
4.7643	7433	7471
4.76619	7471	7509
4.76807	7509	7547
4.76996	7547	7585
4.77185	7585	7622
4.77374	7622	7659
4.77563	7659	7696
4.77751	7696	7733
4.7794	7733	7770
4.78129	7770	7806
4.78318	7806	7842
4.78507	7842	7878
4.78695	7878	7914
4.78884	7914	7950
4.79073	7950	7986
4.79262	7986	8021
4.79451	8021	8056
4.79639	8056	8091
4.79828	8091	8126
4.80017	8126	8161
4.80206	8161	8196
4.80395	8196	8231
4.80583	8231	8265
4.80772	8265	8299
4.80961	8299	8333
4.8115	8333	8367
4.81339	8367	8401
4.81527	8401	8435
4.81716	8435	8469
4.81905	8469	8502
4.82094	8502	8535
4.82283	8535	8568
4.82471	8568	8601
4.8266	8601	8634
4.82849	8634	8667
4.83038	8667	8700
4.83227	8700	8733
4.83415	8733	8765
4.83604	8765	8797
4.83793	8797	8829
4.83982	8829	8861
4.84171	8861	8893
4.84359	8893	8925
4.84548	8925	8957
4.84737	8957	8989
4.84926	8989	9020
4.85115	9020	9051
4.85303	9051	9082
4.85492	9082	9113
4.85681	9113	9144
4.8587	9144	9175
4.86059	9175	9206
4.86247	9206	9237
4.86436	9237	9268
4.86625	9268	9298
4.86814	9298	9328
4.87003	9328	9358
4.87381	9358	8576
4.88137	8576	8308
4.88231	8308	8040
4.88325	8040	7772
4.8842	7772	7504
4.88514	7504	7236
4.88609	7236	6968
4.88703	6968	6700
4.88797	6700	6432
4.88891	6432	4020
4.89079	4020	4091
4.89268	4091	4161
4.89741	4161	3216
4.90057	3216	2948
4.90151	2948	2680
4.90246	2680	2412
4.90339	2412	1340
4.90339	1340	1554
4.90528	1554	1738
4.91031	1738	1903
4.91534	1903	2053
4.92037	2053	2192
4.9254	2192	2323
4.92729	2323	2446
4.93137	2446	2563
4.93326	2563	2675
4.93735	2675	2782
4.93924	2782	2885
4.94332	2885	2984
4.95122	2984	2323
4.95217	2323	2502
4.95342	2502	1072
4.9613	1072	1340
4.96633	1340	1554
4.9723	1554	1738
4.97828	1738	1903
4.98331	1903	2053
4.98834	2053	2192
4.99337	2192	2323
4.99525	2323	2446
4.99934	2446	2563
5.00123	2563	2675
5.00532	2675	2782
5.0072	2782	2885
5.01129	2885	2984
5.01318	2984	3080
5.01632	3080	3173
5.01821	3173	3263
5.02135	3263	3351
5.02324	3351	3436
5.02513	3436	3519
5.02732	3519	3600
5.02921	3600	3679
5.0311	3679	3757
5.0333	3757	3833
5.03519	3833	3907
5.03708	3907	3980
5.03896	3980	4052
5.04085	4052	4122
5.04274	4122	4191
5.04463	4191	4259
5.04652	4259	4326
5.0484	4326	4392
5.05029	4392	4457
5.05218	4457	4521
5.05407	4521	4584
5.05596	4584	4646
5.05784	4646	4707
5.05973	4707	4768
5.06162	4768	4828
5.06351	4828	4887
5.0654	4887	4945
5.06728	4945	5003
5.06917	5003	5060
5.07106	5060	5116
5.07295	5116	5172
5.07484	5172	5227
5.07672	5227	5281
5.07861	5281	5335
5.0805	5335	5388
5.08239	5388	5441
5.08428	5441	5493
5.08616	5493	5545
5.08805	5545	5596
5.08994	5596	5647
5.09183	5647	5697
5.09372	5697	5747
5.0956	5747	5796
5.09749	5796	5845
5.09938	5845	5894
5.10127	5894	5942
5.10316	5942	5990
5.10504	5990	6037
5.10693	6037	6084
5.10882	6084	6131
5.11071	6131	6177
5.1126	6177	6223
5.11448	6223	6269
5.11637	6269	6314
5.11826	6314	6359
5.12015	6359	6404
5.12204	6404	6448
5.12392	6448	6492
5.12581	6492	6536
5.1277	6536	6579
5.12959	6579	6622
5.13148	6622	6665
5.13336	6665	6708
5.13525	6708	6750
5.13714	6750	6792
5.13903	6792	6834
5.14092	6834	6876
5.1428	6876	6917
5.14469	6917	6958
5.14658	6958	6999
5.15131	6999	6432
5.15793	6432	6164
5.15888	6164	5360
5.15982	5360	5092
5.16076	5092	4824
5.16171	4824	4556
5.16264	4556	4288
5.16358	4288	4020
5.16453	4020	3752
5.16547	3752	3484
5.16642	3484	2948
5.16829	2948	3045
5.17018	3045	3139
5.17239	3139	3230
5.17521	3230	3318
5.17742	3318	3404
5.17931	3404	3488
5.1812	3488	3570
5.1834	3570	3650
5.18528	3650	3728
5.18717	3728	3805
5.18937	3805	3880
5.1941	3880	3216
5.19726	3216	2948
5.1982	2948	2680
5.19915	2680	2412
5.20008	2412	1340
5.20008	1340	1554
5.20196	1554	1738
5.207	1738	1903
5.21203	1903	2053
5.21706	2053	2192
5.22209	2192	2323
5.22397	2323	2446
5.22806	2446	2563
5.22995	2563	2675
5.23404	2675	2782
5.23592	2782	2885
5.24001	2885	2984
5.2419	2984	3080
5.24504	3080	3173
5.24693	3173	3263
5.25007	3263	3351
5.25196	3351	3436
5.25385	3436	3519
5.25604	3519	3600
5.25793	3600	3679
5.25982	3679	3757
5.26202	3757	3833
5.26391	3833	3907
5.2658	3907	3980
5.26768	3980	4052
5.26957	4052	4122
5.27146	4122	4191
5.27335	4191	4259
5.27524	4259	4326
5.27712	4326	4392
5.27901	4392	4457
5.2809	4457	4521
5.28279	4521	4584
5.28468	4584	4646
5.28656	4646	4707
5.28845	4707	4768
5.29034	4768	4828
5.29223	4828	4887
5.29412	4887	4945
5.296	4945	5003
5.29789	5003	5060
5.29978	5060	5116
5.30167	5116	5172
5.30356	5172	5227
5.30544	5227	5281
5.30733	5281	5335
5.30922	5335	5388
5.31111	5388	5441
5.313	5441	5493
5.31488	5493	5545
5.31677	5545	5596
5.31866	5596	5647
5.32055	5647	5697
5.32244	5697	5747
5.32432	5747	5796
5.32621	5796	5845
5.3281	5845	5894
5.32999	5894	5942
5.33188	5942	5990
5.33376	5990	6037
5.33565	6037	6084
5.33754	6084	6131
5.33943	6131	6177
5.34132	6177	6223
5.3432	6223	6269
5.34509	6269	6314
5.34698	6314	6359
5.34887	6359	6404
5.35076	6404	6448
5.35264	6448	6492
5.35453	6492	6536
5.35642	6536	6579
5.35831	6579	6622
5.3602	6622	6665
5.36208	6665	6708
5.36397	6708	6750
5.36586	6750	6792
5.36775	6792	6834
5.36964	6834	6876
5.37152	6876	6917
5.37341	6917	6958
5.3753	6958	6999
5.37719	6999	7040
5.37908	7040	7080
5.38096	7080	7120
5.38285	7120	7160
5.38474	7160	7200
5.38663	7200	7239
5.38852	7239	7278
5.3904	7278	7317
5.39229	7317	7356
5.39418	7356	7395
5.39607	7395	7433
5.39796	7433	7471
5.39984	7471	7509
5.40173	7509	7547
5.40362	7547	7585
5.40551	7585	7622
5.4074	7622	7659
5.40928	7659	7696
5.41117	7696	7733
5.41306	7733	7770
5.41495	7770	7806
5.41684	7806	7842
5.41872	7842	7878
5.42061	7878	7914
5.4225	7914	7950
5.42439	7950	7986
5.42628	7986	8021
5.42816	8021	8056
5.43005	8056	8091
5.43194	8091	8126
5.43383	8126	8161
5.43572	8161	8196
5.4376	8196	8231
5.43949	8231	8265
5.44138	8265	8299
5.44327	8299	8333
5.44516	8333	8367
5.44704	8367	8401
5.45178	8401	7504
5.45838	7504	7236
5.45933	7236	6968
5.46027	6968	6700
5.46122	6700	6432
5.46216	6432	6164
5.4631	6164	5896
5.46405	5896	5628
5.46498	5628	3484
5.46687	3484	3566
5.46876	3566	3646
5.47064	3646	3724
5.47253	3724	3801
5.47442	3801	3876
5.47662	3876	3950
5.47851	3950	4022
5.48039	4022	4093
5.48228	4093	4163
5.48417	4163	4232
5.48606	4232	4299
5.48795	4299	4365
5.48983	4365	4430
5.49172	4430	4494
5.49361	4494	4557
5.4955	4557	4620
5.49739	4620	4682
5.49927	4682	4743
5.50116	4743	4803
5.50305	4803	4862
5.50494	4862	4921
5.50683	4921	4979
5.50871	4979	5036
5.5106	5036	5093
5.51249	5093	5149
5.51438	5149	5204
5.51627	5204	5259
5.51815	5259	5313
5.52004	5313	5367
5.52193	5367	5420
5.52382	5420	5473
5.52571	5473	5525
5.52759	5525	5576
5.52948	5576	5627
5.53137	5627	5678
5.53326	5678	5728
5.53515	5728	5778
5.53703	5778	5827
5.53892	5827	5876
5.54081	5876	5924
5.5427	5924	5972
5.54459	5972	6020
5.54647	6020	6067
5.55121	6067	5360
5.55593	5360	5092
5.55687	5092	4824
5.55781	4824	4556
5.55876	4556	4288
5.5597	4288	4020
5.56063	4020	2412
5.56063	2412	2531
5.56252	2531	2644
5.56441	2644	2752
5.5663	2752	2856
5.57038	2856	2956
5.57227	2956	3053
5.57541	3053	3147
5.5773	3147	3238
5.58044	3238	3326
5.58233	3326	3412
5.58422	3412	3496
5.58642	3496	3578
5.58831	3578	3658
5.5902	3658	3736
5.59239	3736	3812
5.59428	3812	3887
5.59617	3887	3960
5.59837	3960	4032
5.60026	4032	4103
5.60214	4103	4173
5.60403	4173	4241
5.60592	4241	4308
5.60781	4308	4374
5.6097	4374	4439
5.61158	4439	4503
5.61347	4503	4566
5.61536	4566	4628
5.61725	4628	4690
5.61914	4690	4751
5.62102	4751	4811
5.62291	4811	4870
5.6248	4870	4928
5.62669	4928	4986
5.62858	4986	5043
5.63046	5043	5099
5.63235	5099	5155
5.63424	5155	5210
5.63613	5210	5265
5.63802	5265	5319
5.6399	5319	5373
5.64179	5373	5426
5.64368	5426	5478
5.64557	5478	5530
5.64746	5530	5581
5.64934	5581	5632
5.65123	5632	5683
5.65312	5683	5733
5.65501	5733	5783
5.6569	5783	5832
5.65878	5832	5881
5.66067	5881	5929
5.66256	5929	5977
5.66445	5977	6025
5.66634	6025	6072
5.66822	6072	6119
5.67011	6119	6165
5.672	6165	6211
5.67389	6211	6257
5.67578	6257	6302
5.67766	6302	6347
5.67955	6347	6392
5.68144	6392	6436
5.68333	6436	6480
5.68522	6480	6524
5.6871	6524	6568
5.68899	6568	6611
5.69088	6611	6654
5.69277	6654	6697
5.69466	6697	6739
5.69654	6739	6781
5.69843	6781	6823
5.70032	6823	6865
5.70221	6865	6906
5.7041	6906	6947
5.70598	6947	6988
5.70787	6988	7029
5.70976	7029	7069
5.71165	7069	7109
5.71354	7109	7149
5.71542	7149	7189
5.71731	7189	7228
5.7192	7228	7267
5.72109	7267	7306
5.72298	7306	7345
5.72486	7345	7384
5.72675	7384	7422
5.72864	7422	7460
5.73053	7460	7498
5.73242	7498	7536
5.7343	7536	7574
5.73619	7574	7611
5.73808	7611	7648
5.73997	7648	7685
5.74186	7685	7722
5.74374	7722	7759
5.74563	7759	7796
5.74752	7796	7832
5.74941	7832	7868
5.7513	7868	7904
5.75318	7904	7940
5.75507	7940	7976
5.75696	7976	8012
5.76075	8012	6968
5.76641	6968	6700
5.76736	6700	6432
5.7683	6432	6164
5.76924	6164	5896
5.77019	5896	5628
5.77113	5628	5360
5.77208	5360	5092
5.77301	5092	3216
5.7749	3216	3305
5.77678	3305	3391
5.77867	3391	3475
5.78056	3475	3557
5.78276	3557	3637
5.78465	3637	3715
5.78653	3715	3792
5.78873	3792	3867
5.79062	3867	3941
5.79251	3941	4013
5.7944	4013	4084
5.79628	4084	4154
5.79817	4154	4223
5.80006	4223	4291
5.80195	4291	4357
5.80384	4357	4422
5.80572	4422	4486
5.80761	4486	4550
5.8095	4550	4613
5.81139	4613	4675
5.81328	4675	4736
5.81516	4736	4796
5.81705	4796	4855
5.81894	4855	4914
5.82083	4914	4972
5.82272	4972	5029
5.8246	5029	5086
5.82649	5086	5142
5.82838	5142	5197
5.83027	5197	5252
5.83216	5252	5306
5.83404	5306	5360
5.83593	5360	5413
5.83782	5413	5466
5.83971	5466	5518
5.8416	5518	5570
5.84348	5570	5621
5.84537	5621	5672
5.84726	5672	5722
5.84915	5722	5772
5.85104	5772	5821
5.85292	5821	5870
5.85766	5870	4824
5.86143	4824	4556
5.86238	4556	4288
5.86332	4288	4020
5.86427	4020	3752
5.86521	3752	3484
5.86614	3484	2144
5.86614	2144	2278
5.86803	2278	2404
5.86992	2404	2523
5.87306	2523	2636
5.87589	2636	2744
5.87903	2744	2848
5.88187	2848	2948
5.88406	2948	3045
5.8869	3045	3139
5.88909	3139	3230
5.89193	3230	3318
5.89412	3318	3404
5.89601	3404	3488
5.8979	3488	3570
5.9001	3570	3650
5.90199	3650	3728
5.90388	3728	3805
5.90607	3805	3880
5.90796	3880	3954
5.90985	3954	4026
5.91174	4026	4097
5.91363	4097	4167
5.91551	4167	4235
5.9174	4235	4302
5.91929	4302	4368
5.92118	4368	4433
5.92307	4433	4497
5.92495	4497	4560
5.92684	4560	4623
5.92873	4623	4685
5.93062	4685	4746
5.93251	4746	4806
5.93439	4806	4865
5.93628	4865	4924
5.93817	4924	4982
5.94006	4982	5039
5.94195	5039	5096
5.94383	5096	5152
5.94572	5152	5207
5.94761	5207	5262
5.9495	5262	5316
5.95139	5316	5370
5.95327	5370	5423
5.95516	5423	5475
5.95705	5475	5527
5.95894	5527	5578
5.96083	5578	5629
5.96271	5629	5680
5.9646	5680	5730
5.96649	5730	5780
5.96838	5780	5829
5.97027	5829	5878
5.97215	5878	5926
5.97404	5926	5974
5.97593	5974	6022
5.97782	6022	6069
5.97971	6069	6116
5.98159	6116	6162
5.98348	6162	6208
5.98537	6208	6254
5.98726	6254	6299
5.98915	6299	6344
5.99103	6344	6389
5.99292	6389	6433
5.99481	6433	6477
5.9967	6477	6521
5.99859	6521	6565
6.00047	6565	6608
6.00236	6608	6651
6.00425	6651	6694
6.00614	6694	6736
6.00803	6736	6778
6.00991	6778	6820
6.0118	6820	6862
6.01369	6862	6903
6.01558	6903	6944
6.01747	6944	6985
6.01935	6985	7026
6.02124	7026	7066
6.02313	7066	7106
6.02502	7106	7146
6.02691	7146	7186
6.03164	7186	6432
6.0373	6432	6164
6.03825	6164	5896
6.03919	5896	5628
6.04013	5628	5360
6.04108	5360	5092
6.04202	5092	4824
6.04295	4824	2948
6.04484	2948	3045
6.04673	3045	3139
6.04862	3139	3230
6.05051	3230	3318
6.05365	3318	3404
6.05554	3404	3488
6.05742	3488	3570
6.06152	3570	2680
6.06341	2680	2412
6.06468	2412	2144
6.06655	2144	1876
6.06751	1876	1608
6.06972	1608	1072
6.07663	1072	1340
6.08166	1340	1554
6.08763	1554	1738
6.09361	1738	1903
6.09864	1903	2053
6.10367	2053	2192
6.1087	2192	2323
6.11059	2323	2446
6.11467	2446	2563
6.11656	2563	2675
6.12065	2675	2782
6.12253	2782	2885
6.12662	2885	2984
6.12851	2984	3080
6.13165	3080	3173
6.13354	3173	3263
6.13668	3263	3351
6.13857	3351	3436
6.14046	3436	3519
6.14266	3519	3600
6.14454	3600	3679
6.14643	3679	3757
6.14863	3757	3833
6.15052	3833	3907
6.15241	3907	3980
6.15429	3980	4052
6.15618	4052	4122
6.15807	4122	4191
6.15996	4191	4259
6.16185	4259	4326
6.16373	4326	4392
6.16562	4392	4457
6.16751	4457	4521
6.1694	4521	4584
6.17129	4584	4646
6.17317	4646	4707
6.17506	4707	4768
6.17695	4768	4828
6.17884	4828	4887
6.18073	4887	4945
6.18261	4945	5003
6.1845	5003	5060
6.18639	5060	5116
6.18828	5116	5172
6.19017	5172	5227
6.19205	5227	5281
6.19394	5281	5335
6.19583	5335	5388
6.19772	5388	5441
6.19961	5441	5493
6.20149	5493	5545
6.20338	5545	5596
6.20527	5596	5647
6.20716	5647	5697
6.20905	5697	5747
6.21093	5747	5796
6.21282	5796	5845
6.21471	5845	5894
6.2166	5894	5942
6.21849	5942	5990
6.22037	5990	6037
6.22226	6037	6084
6.22415	6084	6131
6.22604	6131	6177
6.22793	6177	6223
6.22981	6223	6269
6.2317	6269	6314
6.23359	6314	6359
6.23548	6359	6404
6.23737	6404	6448
6.23925	6448	6492
6.24114	6492	6536
6.24303	6536	6579
6.24492	6579	6622
6.24681	6622	6665
6.24869	6665	6708
6.25058	6708	6750
6.25247	6750	6792
6.25436	6792	6834
6.25625	6834	6876
6.25813	6876	6917
6.26002	6917	6958
6.26191	6958	6999
6.2638	6999	7040
6.26569	7040	7080
6.26757	7080	7120
6.26946	7120	7160
6.27135	7160	7200
6.27324	7200	7239
6.27513	7239	7278
6.27701	7278	7317
6.2789	7317	7356
6.28079	7356	7395
6.28268	7395	7433
6.28457	7433	7471
6.28645	7471	7509
6.28834	7509	7547
6.29023	7547	7585
6.29212	7585	7622
6.29401	7622	7659
6.29589	7659	7696
6.29778	7696	7733
6.29967	7733	7770
6.30156	7770	7806
6.30345	7806	7842
6.30533	7842	7878
6.30722	7878	7914
6.30911	7914	7950
6.311	7950	7986
6.31289	7986	8021
6.31477	8021	8056
6.31666	8056	8091
6.31855	8091	8126
6.32044	8126	8161
6.32233	8161	8196
6.32421	8196	8231
6.3261	8231	8265
6.32799	8265	8299
6.32988	8299	8333
6.33177	8333	8367
6.33365	8367	8401
6.33554	8401	8435
6.33743	8435	8469
6.33932	8469	8502
6.34121	8502	8535
6.34309	8535	8568
6.34498	8568	8601
6.34687	8601	8634
6.34876	8634	8667
6.35065	8667	8700
6.35444	8700	8040
6.36104	8040	7772
6.36199	7772	7504
6.36293	7504	7236
6.36388	7236	6968
6.36482	6968	6700
6.36576	6700	6432
6.36671	6432	6164
6.36765	6164	5896
6.36858	5896	3752
6.36858	3752	3828
6.37047	3828	3903
6.37236	3903	3976
6.37425	3976	4048
6.37613	4048	4118
6.37802	4118	4187
6.37991	4187	4255
6.3818	4255	4322
6.38369	4322	4388
6.38557	4388	4453
6.38746	4453	4517
6.38935	4517	4580
6.39124	4580	4642
6.39313	4642	4703
6.39501	4703	4764
6.3969	4764	4824
6.39879	4824	4883
6.40068	4883	4941
6.40257	4941	4999
6.40445	4999	5056
6.40634	5056	5112
6.40823	5112	5168
6.41012	5168	5223
6.41201	5223	5278
6.41389	5278	5332
6.41578	5332	5385
6.41767	5385	5438
6.41956	5438	5490
6.42145	5490	5542
6.42333	5542	5593
6.42522	5593	5644
6.42711	5644	5694
6.429	5694	5744
6.43089	5744	5794
6.43277	5794	5843
6.43466	5843	5892
6.43655	5892	5940
6.43844	5940	5988
6.44033	5988	6035
6.44221	6035	6082
6.4441	6082	6129
6.44599	6129	6175
6.44788	6175	6221
6.44977	6221	6267
6.45165	6267	6312
6.45354	6312	6357
6.45543	6357	6402
6.45732	6402	6446
6.45921	6446	6490
6.46109	6490	6534
6.46298	6534	6577
6.46487	6577	6620
6.46676	6620	6663
6.46865	6663	6706
6.47053	6706	6748
6.47242	6748	6790
6.47431	6790	6832
6.4762	6832	6874
6.47809	6874	6915
6.47997	6915	6956
6.48186	6956	6997
6.48375	6997	7038
6.48564	7038	7078
6.48753	7078	7118
6.48941	7118	7158
6.4913	7158	7198
6.49319	7198	7237
6.49508	7237	7276
6.49697	7276	7315
6.49885	7315	7354
6.50074	7354	7393
6.50263	7393	7431
6.50452	7431	7469
6.50641	7469	7507
6.50829	7507	7545
6.51018	7545	7583
6.51207	7583	7620
6.51396	7620	7657
6.51585	7657	7694
6.51773	7694	7731
6.51962	7731	7768
6.52151	7768	7804
6.5234	7804	7840
6.52529	7840	7876
6.52717	7876	7912
6.52906	7912	7948
6.53095	7948	7984
6.53284	7984	8019
6.53473	8019	8054
6.53661	8054	8089
6.5385	8089	8124
6.54039	8124	8159
6.54228	8159	8194
6.54417	8194	8229
6.54605	8229	8263
6.54794	8263	8297
6.54983	8297	8331
6.55172	8331	8365
6.55361	8365	8399
6.55549	8399	8433
6.55738	8433	8467
6.55927	8467	8500
6.56116	8500	8533
6.56305	8533	8566
6.56493	8566	8599
6.56682	8599	8632
6.56871	8632	8665
6.5706	8665	8698
6.57249	8698	8731
6.57437	8731	8763
6.57626	8763	8795
6.57815	8795	8827
6.58004	8827	8859
6.58193	8859	8891
6.58381	8891	8923
6.5857	8923	8955
6.58759	8955	8987
6.58948	8987	9018
6.59137	9018	9049
6.59325	9049	9080
6.59514	9080	9111
6.59703	9111	9142
6.59892	9142	9173
6.60081	9173	9204
6.60269	9204	9235
6.60458	9235	9266
6.60647	9266	9297
6.60836	9297	9327
6.61025	9327	9357
6.61213	9357	9387
6.61402	9387	9417
6.61591	9417	9447
6.6178	9447	9477
6.61969	9477	9507
6.62157	9507	9537
6.62346	9537	9567
6.62535	9567	9597
6.62724	9597	9626
6.62913	9626	9655
6.63101	9655	9684
6.6329	9684	9713
6.63479	9713	9742
6.63668	9742	9771
6.63857	9771	9800
6.64045	9800	9829
6.64234	9829	9858
6.64423	9858	9887
6.64612	9887	9916
6.64801	9916	9944
6.64989	9944	9972
6.65178	9972	10000
6.65367	10000	10028
6.65556	10028	10056
6.65745	10056	10084
6.65933	10084	10112
6.66122	10112	10140
6.66311	10140	10168
6.665	10168	10196
6.66689	10196	10224
6.66877	10224	10252
6.67066	10252	10280
6.67255	10280	10307
6.67444	10307	10334
6.67633	10334	10361
6.67821	10361	10388
6.6801	10388	10415
6.68199	10415	10442
6.68388	10442	10469
6.68577	10469	10496
6.68765	10496	10523
6.68954	10523	10550
6.69143	10550	10577
6.69332	10577	10604
6.69521	10604	10631
6.69709	10631	10658
6.69898	10658	10684
6.70087	10684	10710
6.70276	10710	10736
6.70465	10736	10762
6.70653	10762	10788
6.70842	10788	10814
6.71031	10814	10840
6.7122	10840	10866
6.71599	10866	10184
6.72448	10184	9916
6.72543	9916	9648
6.72637	9648	9380
6.72732	9380	9112
6.72826	9112	8844
6.7292	8844	8576
6.73015	8576	8308
6.73109	8308	8040
6.73204	8040	7772
6.73298	7772	7504
6.73391	7504	4824
6.7358	4824	4883
6.73769	4883	4941
6.73957	4941	4999
6.74146	4999	5056
6.74335	5056	5112
6.74524	5112	5168
6.74713	5168	5223
6.74901	5223	5278
6.7509	5278	5332
6.75279	5332	5385
6.75468	5385	5438
6.75657	5438	5490
6.75845	5490	5542
6.76034	5542	5593
6.76223	5593	5644
6.76412	5644	5694
6.76601	5694	5744
6.76789	5744	5794
6.76978	5794	5843
6.77167	5843	5892
6.77356	5892	5940
6.77545	5940	5988
6.77733	5988	6035
6.77922	6035	6082
6.78111	6082	6129
6.783	6129	6175
6.78489	6175	6221
6.78677	6221	6267
6.78866	6267	6312
6.79055	6312	6357
6.79244	6357	6402
6.79433	6402	6446
6.79621	6446	6490
6.7981	6490	6534
6.79999	6534	6577
6.80188	6577	6620
6.80377	6620	6663
6.80565	6663	6706
6.80754	6706	6748
6.80943	6748	6790
6.81132	6790	6832
6.81321	6832	6874
6.81509	6874	6915
6.81698	6915	6956
6.81887	6956	6997
6.82076	6997	7038
6.82265	7038	7078
6.82453	7078	7118
6.82642	7118	7158
6.82831	7158	7198
6.8302	7198	7237
6.83209	7237	7276
6.83397	7276	7315
6.83586	7315	7354
6.83775	7354	7393
6.83964	7393	7431
6.84153	7431	7469
6.84341	7469	7507
6.8453	7507	7545
6.84719	7545	7583
6.84908	7583	7620
6.85097	7620	7657
6.85285	7657	7694
6.85474	7694	7731
6.85663	7731	7768
6.85852	7768	7804
6.86041	7804	7840
6.86229	7840	7876
6.86418	7876	7912
6.86607	7912	7948
6.86796	7948	7984
6.86985	7984	8019
6.87173	8019	8054
6.87362	8054	8089
6.87551	8089	8124
6.8774	8124	8159
6.87929	8159	8194
6.88117	8194	8229
6.88306	8229	8263
6.88495	8263	8297
6.88684	8297	8331
6.88873	8331	8365
6.89061	8365	8399
6.8925	8399	8433
6.89439	8433	8467
6.89628	8467	8500
6.89817	8500	8533
6.90005	8533	8566
6.90194	8566	8599
6.90383	8599	8632
6.90572	8632	8665
6.90761	8665	8698
6.90949	8698	8731
6.91138	8731	8763
6.91327	8763	8795
6.91516	8795	8827
6.91705	8827	8859
6.91893	8859	8891
6.92082	8891	8923
6.92271	8923	8955
6.9246	8955	8987
6.92649	8987	9018
6.92837	9018	9049
6.93026	9049	9080
6.93215	9080	9111
6.93404	9111	9142
6.93593	9142	9173
6.93781	9173	9204
6.9397	9204	9235
6.94159	9235	9266
6.94348	9266	9297
6.94537	9297	9327
6.94725	9327	9357
6.94914	9357	9387
6.95103	9387	9417
6.95292	9417	9447
6.95481	9447	9477
6.95669	9477	9507
6.95858	9507	9537
6.96047	9537	9567
6.96236	9567	9597
6.96425	9597	9626
6.96613	9626	9655
6.96802	9655	9684
6.96991	9684	9713
6.9718	9713	9742
6.97369	9742	9771
6.97557	9771	9800
6.97746	9800	9829
6.97935	9829	9858
6.98124	9858	9887
6.98313	9887	9916
6.98501	9916	9944
6.9869	9944	9972
6.98879	9972	10000
6.99068	10000	10028
6.99257	10028	10056
6.99445	10056	10084
6.99634	10084	10112
6.99823	10112	10140
7.00012	10140	10168
7.00201	10168	10196
7.00389	10196	10224
7.00578	10224	10252
7.00767	10252	10280
7.00956	10280	10307
7.01145	10307	10334
7.01333	10334	10361
7.01522	10361	10388
7.01711	10388	10415
7.019	10415	10442
7.02089	10442	10469
7.02277	10469	10496
7.02466	10496	10523
7.02655	10523	10550
7.02844	10550	10577
7.03033	10577	10604
7.03221	10604	10631
7.0341	10631	10658
7.03599	10658	10684
7.03788	10684	10710
7.03977	10710	10736
7.04165	10736	10762
7.04354	10762	10788
7.04543	10788	10814
7.04732	10814	10840
7.04921	10840	10866
7.05109	10866	10892
7.05298	10892	10918
7.05487	10918	10944
7.05676	10944	10970
7.05865	10970	10996
7.06053	10996	11022
7.06242	11022	11048
7.06431	11048	11074
7.0662	11074	11099
7.06809	11099	11124
7.06997	11124	11149
7.07186	11149	11174
7.07375	11174	11199
7.07564	11199	11224
7.07753	11224	11249
7.07941	11249	11274
7.0813	11274	11299
7.08319	11299	11324
7.08508	11324	11349
7.08697	11349	11374
7.08885	11374	11399
7.09074	11399	11424
7.09263	11424	11449
7.09452	11449	11474
7.09641	11474	11499
7.09829	11499	11523
7.10018	11523	11547
7.10207	11547	11571
7.10396	11571	11595
7.10585	11595	11619
7.10773	11619	11643
7.10962	11643	11667
7.11151	11667	11691
7.1134	11691	11715
7.11529	11715	11739
7.11717	11739	11763
7.11906	11763	11787
7.12095	11787	11811
7.12284	11811	11835
7.12473	11835	11859
7.12661	11859	11883
7.1285	11883	11907
7.13039	11907	11931
7.13228	11931	11955
7.13417	11955	11979
7.13605	11979	12002
7.13794	12002	12025
7.13983	12025	12048
7.14172	12048	12071
7.14361	12071	12094
7.14549	12094	12117
7.14738	12117	12140
7.14927	12140	12163
7.15116	12163	12186
7.15305	12186	12209
7.15493	12209	12232
7.15682	12232	12255
7.15871	12255	12278
7.1606	12278	12301
7.16249	12301	12324
7.16437	12324	12347
7.16626	12347	12370
7.16815	12370	12393
7.17004	12393	12416
7.17193	12416	12439
7.17381	12439	12462
7.1757	12462	12485
7.17759	12485	12508
7.17948	12508	12530
7.18137	12530	12552
7.18325	12552	12574
7.18514	12574	12596
7.18703	12596	12618
7.18892	12618	12640
7.19081	12640	12662
7.19269	12662	12684
7.19458	12684	12706
7.19647	12706	12728
7.19836	12728	12750
7.20025	12750	12772
7.20213	12772	12794
7.20402	12794	12816
7.20591	12816	12838
7.2078	12838	12860
7.20969	12860	12882
7.21157	12882	12904
7.21346	12904	12926
7.21535	12926	12948
7.21724	12948	12970
7.21913	12970	12992
7.22101	12992	13014
7.2229	13014	13036
7.22479	13036	13058
7.22668	13058	13080
7.22857	13080	13101
7.23045	13101	13122
7.23234	13122	13143
7.23423	13143	13164
7.23612	13164	13185
7.23801	13185	13206
7.23989	13206	13227
7.24178	13227	13248
7.24367	13248	13269
7.24556	13269	13290
7.24745	13290	13311
7.24933	13311	13332
7.25122	13332	13353
7.25311	13353	13374
7.255	13374	13395
7.25973	13395	12328
7.27012	12328	12060
7.27106	12060	11792
7.272	11792	11524
7.27295	11524	11256
7.27389	11256	10988
7.27484	10988	10720
7.27578	10720	10452
7.27672	10452	10184
7.27767	10184	9916
7.27861	9916	9648
7.27956	9648	9380
7.2805	9380	9112
7.28143	9112	5896
7.28143	5896	5944
7.28332	5944	5992
7.28521	5992	6039
7.28709	6039	6086
7.28898	6086	6133
7.29087	6133	6179
7.29276	6179	6225
7.29465	6225	6271
7.29653	6271	6316
7.29842	6316	6361
7.30031	6361	6406
7.3022	6406	6450
7.30409	6450	6494
7.30597	6494	6538
7.30786	6538	6581
7.30975	6581	6624
7.31164	6624	6667
7.31353	6667	6710
7.31541	6710	6752
7.3173	6752	6794
7.31919	6794	6836
7.32298	6836	5896
7.3277	5896	5628
7.32864	5628	5360
7.32959	5360	5092
7.33053	5092	4824
7.33148	4824	4556
7.33242	4556	4288
7.33335	4288	2680
7.33524	2680	2787
7.33713	2787	2890
7.33901	2890	2989
7.34216	2989	3085
7.34404	3085	3178
7.34719	3178	3268
7.34908	3268	3355
7.35222	3355	3440
7.35411	3440	3523
7.35599	3523	3604
7.35819	3604	3683
7.36008	3683	3761
7.36197	3761	3837
7.36417	3837	3911
7.36605	3911	3984
7.36794	3984	4056
7.36983	4056	4126
7.37172	4126	4195
7.37361	4195	4263
7.37549	4263	4330
7.37738	4330	4396
7.37927	4396	4461
7.38116	4461	4525
7.38305	4525	4588
7.38493	4588	4650
7.38682	4650	4711
7.38871	4711	4771
7.3906	4771	4831
7.39249	4831	4890
7.39437	4890	4948
7.39626	4948	5006
7.39815	5006	5063
7.40004	5063	5119
7.40193	5119	5175
7.40381	5175	5230
7.4057	5230	5284
7.40759	5284	5338
7.40948	5338	5391
7.41137	5391	5444
7.41325	5444	5496
7.41514	5496	5548
7.41703	5548	5599
7.41892	5599	5650
7.42081	5650	5700
7.42269	5700	5750
7.42458	5750	5799
7.42647	5799	5848
7.42836	5848	5897
7.43025	5897	5945
7.43213	5945	5993
7.43402	5993	6040
7.43591	6040	6087
7.4378	6087	6134
7.43969	6134	6180
7.44157	6180	6226
7.44346	6226	6272
7.44535	6272	6317
7.44724	6317	6362
7.44913	6362	6407
7.45101	6407	6451
7.4529	6451	6495
7.45479	6495	6539
7.45668	6539	6582
7.45857	6582	6625
7.46045	6625	6668
7.46234	6668	6711
7.46423	6711	6753
7.46612	6753	6795
7.46801	6795	6837
7.46989	6837	6879
7.47178	6879	6920
7.47367	6920	6961
7.47556	6961	7002
7.47745	7002	7043
7.47933	7043	7083
7.48122	7083	7123
7.48311	7123	7163
7.485	7163	7203
7.48689	7203	7242
7.48877	7242	7281
7.49066	7281	7320
7.49255	7320	7359
7.49444	7359	7398
7.49633	7398	7436
7.49821	7436	7474
7.5001	7474	7512
7.50199	7512	7550
7.50388	7550	7588
7.50577	7588	7625
7.50765	7625	7662
7.50954	7662	7699
7.51143	7699	7736
7.51332	7736	7773
7.51521	7773	7809
7.51709	7809	7845
7.51898	7845	7881
7.52087	7881	7917
7.52276	7917	7953
7.52465	7953	7989
7.52653	7989	8024
7.52842	8024	8059
7.53031	8059	8094
7.5322	8094	8129
7.53409	8129	8164
7.53597	8164	8199
7.53786	8199	8234
7.53975	8234	8268
7.54164	8268	8302
7.54353	8302	8336
7.54541	8336	8370
7.5473	8370	8404
7.54919	8404	8438
7.55108	8438	8472
7.55297	8472	8505
7.55485	8505	8538
7.55674	8538	8571
7.55863	8571	8604
7.56052	8604	8637
7.56241	8637	8670
7.56429	8670	8703
7.56618	8703	8736
7.56807	8736	8768
7.56996	8768	8800
7.57185	8800	8832
7.57373	8832	8864
7.57562	8864	8896
7.57751	8896	8928
7.5794	8928	8960
7.58129	8960	8992
7.58317	8992	9023
7.58506	9023	9054
7.58695	9054	9085
7.58884	9085	9116
7.59073	9116	9147
7.59261	9147	9178
7.5945	9178	9209
7.59639	9209	9240
7.59828	9240	9271
7.60017	9271	9301
7.60205	9301	9331
7.60394	9331	9361
7.60583	9361	9391
7.60772	9391	9421
7.60961	9421	9451
7.61149	9451	9481
7.61338	9481	9511
7.61527	9511	9541
7.61716	9541	9571
7.61905	9571	9601
7.62093	9601	9630
7.62282	9630	9659
7.62471	9659	9688
7.6266	9688	9717
7.62849	9717	9746
7.63037	9746	9775
7.63226	9775	9804
7.63415	9804	9833
7.63604	9833	9862
7.63793	9862	9891
7.63981	9891	9920
7.6417	9920	9948
7.64359	9948	9976
7.64548	9976	10004
7.64737	10004	10032
7.64925	10032	10060
7.65114	10060	10088
7.65303	10088	10116
7.65492	10116	10144
7.65681	10144	10172
7.65869	10172	10200
7.66058	10200	10228
7.66247	10228	10256
7.66436	10256	10284
7.66625	10284	10311
7.66813	10311	10338
7.67002	10338	10365
7.67191	10365	10392
7.6738	10392	10419
7.67569	10419	10446
7.67757	10446	10473
7.67946	10473	10500
7.68135	10500	10527
7.68324	10527	10554
7.68513	10554	10581
7.68701	10581	10608
7.6889	10608	10635
7.69079	10635	10662
7.69268	10662	10688
7.69457	10688	10714
7.69645	10714	10740
7.69834	10740	10766
7.70023	10766	10792
7.70212	10792	10818
7.70401	10818	10844
7.70589	10844	10870
7.70778	10870	10896
7.70967	10896	10922
7.71156	10922	10948
7.71345	10948	10974
7.71533	10974	11000
7.71722	11000	11026
7.71911	11026	11052
7.721	11052	11077
7.72289	11077	11102
7.72477	11102	11127
7.72666	11127	11152
7.72855	11152	11177
7.73044	11177	11202
7.73233	11202	11227
7.73421	11227	11252
7.7361	11252	11277
7.73799	11277	11302
7.73988	11302	11327
7.74177	11327	11352
7.74365	11352	11377
7.74554	11377	11402
7.74743	11402	11427
7.74932	11427	11452
7.75121	11452	11477
7.75309	11477	11502
7.75498	11502	11526
7.75687	11526	11550
7.75876	11550	11574
7.76065	11574	11598
7.76253	11598	11622
7.76442	11622	11646
7.76631	11646	11670
7.7682	11670	11694
7.77009	11694	11718
7.77197	11718	11742
7.77386	11742	11766
7.77575	11766	11790
7.77764	11790	11814
7.77953	11814	11838
7.78141	11838	11862
7.7833	11862	11886
7.78519	11886	11910
7.78708	11910	11934
7.78897	11934	11958
7.79085	11958	11982
7.79274	11982	12005
7.79463	12005	12028
7.79652	12028	12051
7.79841	12051	12074
7.80029	12074	12097
7.80218	12097	12120
7.80407	12120	12143
7.80596	12143	12166
7.80785	12166	12189
7.80973	12189	12212
7.81162	12212	12235
7.81351	12235	12258
7.8154	12258	12281
7.81729	12281	12304
7.81917	12304	12327
7.82106	12327	12350
7.82295	12350	12373
7.82484	12373	12396
7.82673	12396	12419
7.82861	12419	12442
7.8305	12442	12465
7.83239	12465	12488
7.83428	12488	12511
7.83617	12511	12533
7.83805	12533	12555
7.83994	12555	12577
7.84183	12577	12599
7.84372	12599	12621
7.84561	12621	12643
7.84749	12643	12665
7.84938	12665	12687
7.85127	12687	12709
7.85316	12709	12731
7.85505	12731	12753
7.85693	12753	12775
7.85882	12775	12797
7.86071	12797	12819
7.8626	12819	12841
7.86449	12841	12863
7.86637	12863	12885
7.86826	12885	12907
7.87015	12907	12929
7.87204	12929	12951
7.87393	12951	12973
7.87581	12973	12995
7.8777	12995	13017
7.87959	13017	13039
7.88148	13039	13061
7.88337	13061	13082
7.88525	13082	13103
7.88714	13103	13124
7.88903	13124	13145
7.89092	13145	13166
7.89281	13166	13187
7.89469	13187	13208
7.89658	13208	13229
7.89847	13229	13250
7.90036	13250	13271
7.90225	13271	13292
7.90413	13292	13313
7.90602	13313	13334
7.90791	13334	13355
7.9098	13355	13376
7.91169	13376	13397
7.91357	13397	13418
7.91546	13418	13439
7.91735	13439	13460
7.91924	13460	13481
7.92113	13481	13502
7.92301	13502	13523
7.9249	13523	13544
7.92679	13544	13565
7.92868	13565	13586
7.93057	13586	13607
7.93245	13607	13628
7.93434	13628	13649
7.93623	13649	13670
7.93812	13670	13691
7.94001	13691	13711
7.94189	13711	13731
7.94378	13731	13751
7.94567	13751	13771
7.94756	13771	13791
7.94945	13791	13811
7.95133	13811	13831
7.95322	13831	13851
7.95511	13851	13871
7.957	13871	13891
7.95889	13891	13911
7.96077	13911	13931
7.96266	13931	13951
7.96455	13951	13971
7.96644	13971	13991
7.96833	13991	14011
7.97021	14011	14031
7.9721	14031	14051
7.97399	14051	14071
7.97588	14071	14091
7.97777	14091	14111
7.97965	14111	14131
7.98154	14131	14151
7.98343	14151	14171
7.98532	14171	14191
7.98721	14191	14211
7.98909	14211	14231
7.99098	14231	14251
7.99287	14251	14271
7.99476	14271	14291
7.99665	14291	14311
7.99853	14311	14331
8.00042	14331	14351
8.00231	14351	14371
8.0042	14371	14390
8.00609	14390	14409
8.00797	14409	14428
8.00986	14428	14447
8.01175	14447	14466
8.01364	14466	14485
8.01553	14485	14504
8.01741	14504	14523
8.0193	14523	14542
8.02119	14542	14561
8.02308	14561	14580
8.02497	14580	14599
8.02685	14599	14618
8.02874	14618	14637
8.03063	14637	14656
8.03252	14656	14675
8.03441	14675	14694
8.03629	14694	14713
8.03818	14713	14732
8.04007	14732	14751
8.04196	14751	14770
8.04385	14770	14789
8.04573	14789	14808
8.04762	14808	14827
8.04951	14827	14846
8.0514	14846	14865
8.05329	14865	14884
8.05517	14884	14903
8.05706	14903	14922
8.05895	14922	14941
8.06084	14941	14960
8.06273	14960	14979
8.06461	14979	14998
8.0665	14998	15017
8.06839	15017	15036
8.07028	15036	15055
8.07217	15055	15074
8.07405	15074	15093
8.07594	15093	15112
8.07783	15112	15131
8.07972	15131	15149
8.08161	15149	15167
8.08349	15167	15185
8.08538	15185	15203
8.08727	15203	15221
8.08916	15221	15239
8.09105	15239	15257
8.09293	15257	15275
8.09482	15275	15293
8.09671	15293	15311
8.0986	15311	15329
8.10049	15329	15347
8.10237	15347	15365
8.10426	15365	15383
8.10615	15383	15401
8.10804	15401	15419
8.10993	15419	15437
8.11181	15437	15455
8.1137	15455	15473
8.11559	15473	15491
8.11748	15491	15509
8.11937	15509	15527
8.12125	15527	15545
8.12314	15545	15563
8.12503	15563	15581
8.12692	15581	15599
8.13071	15599	15008
8.14392	15008	14740
8.14487	14740	14472
8.14581	14472	14204
8.14676	14204	13936
8.1477	13936	13668
8.14864	13668	13400
8.14959	13400	13132
8.15053	13132	12864
8.15148	12864	12596
8.15242	12596	12328
8.15336	12328	12060
8.15431	12060	11792
8.15525	11792	11524
8.1562	11524	11256
8.15713	11256	7236
8.15713	7236	7275
8.15901	7275	7314
8.1609	7314	7353
8.16279	7353	7392
8.16468	7392	7430
8.16657	7430	7468
8.16845	7468	7506
8.17034	7506	7544
8.17223	7544	7582
8.17412	7582	7619
8.17601	7619	7656
8.17789	7656	7693
8.17978	7693	7730
8.18167	7730	7767
8.18356	7767	7803
8.18545	7803	7839
8.18733	7839	7875
8.18922	7875	7911
8.19111	7911	7947
8.193	7947	7983
8.19489	7983	8018
8.19677	8018	8053
8.19866	8053	8088
8.20055	8088	8123
8.20244	8123	8158
8.20433	8158	8193
8.20621	8193	8228
8.2081	8228	8262
8.20999	8262	8296
8.21188	8296	8330
8.21377	8330	8364
8.21565	8364	8398
8.21754	8398	8432
8.21943	8432	8466
8.22132	8466	8499
8.22321	8499	8532
8.22509	8532	8565
8.22698	8565	8598
8.22887	8598	8631
8.23076	8631	8664
8.23265	8664	8697
8.23453	8697	8730
8.23642	8730	8762
8.23831	8762	8794
8.2402	8794	8826
8.24209	8826	8858
8.24397	8858	8890
8.24586	8890	8922
8.24775	8922	8954
8.24964	8954	8986
8.25153	8986	9017
8.25341	9017	9048
8.2553	9048	9079
8.25719	9079	9110
8.25908	9110	9141
8.26097	9141	9172
8.26285	9172	9203
8.26474	9203	9234
8.26663	9234	9265
8.26852	9265	9296
8.27041	9296	9326
8.27229	9326	9356
8.27418	9356	9386
8.27607	9386	9416
8.27796	9416	9446
8.27985	9446	9476
8.28173	9476	9506
8.28362	9506	9536
8.28551	9536	9566
8.2874	9566	9596
8.28929	9596	9625
8.29117	9625	9654
8.29306	9654	9683
8.29495	9683	9712
8.29684	9712	9741
8.29873	9741	9770
8.30061	9770	9799
8.3025	9799	9828
8.30439	9828	9857
8.30628	9857	9886
8.30817	9886	9915
8.31005	9915	9943
8.31194	9943	9971
8.31383	9971	9999
8.31572	9999	10027
8.31761	10027	10055
8.31949	10055	10083
8.32138	10083	10111
8.32327	10111	10139
8.32516	10139	10167
8.32705	10167	10195
8.33178	10195	9648
8.34028	9648	9380
8.34122	9380	9112
8.34216	9112	8844
8.34311	8844	8576
8.34405	8576	8308
8.345	8308	8040
8.34594	8040	7772
8.34688	7772	7504
8.34783	7504	7236
8.34876	7236	4556
8.35065	4556	4619
8.35253	4619	4681
8.35442	4681	4742
8.35631	4742	4802
8.3582	4802	4861
8.36009	4861	4920
8.36197	4920	4978
8.36386	4978	5035
8.36575	5035	5092
8.36764	5092	5148
8.36953	5148	5203
8.37141	5203	5258
8.3733	5258	5312
8.37519	5312	5366
8.37708	5366	5419
8.37897	5419	5472
8.38085	5472	5524
8.38274	5524	5576
8.38463	5576	5627
8.38652	5627	5678
8.38841	5678	5728
8.39029	5728	5778
8.39218	5778	5827
8.39407	5827	5876
8.39596	5876	5924
8.39785	5924	5972
8.39973	5972	6020
8.40162	6020	6067
8.40351	6067	6114
8.4054	6114	6160
8.40729	6160	6206
8.40917	6206	6252
8.41106	6252	6297
8.41295	6297	6342
8.41484	6342	6387
8.41673	6387	6431
8.41861	6431	6475
8.4205	6475	6519
8.42239	6519	6563
8.42428	6563	6606
8.42617	6606	6649
8.42805	6649	6692
8.42994	6692	6734
8.43183	6734	6776
8.43372	6776	6818
8.43561	6818	6860
8.43749	6860	6901
8.43938	6901	6942
8.44127	6942	6983
8.44316	6983	7024
8.44505	7024	7064
8.44693	7064	7104
8.44882	7104	7144
8.45071	7144	7184
8.4526	7184	7223
8.45449	7223	7262
8.45637	7262	7301
8.45826	7301	7340
8.46015	7340	7379
8.46204	7379	7417
8.46393	7417	7455
8.46581	7455	7493
8.4677	7493	7531
8.46959	7531	7569
8.47148	7569	7606
8.47337	7606	7643
8.47525	7643	7680
8.47714	7680	7717
8.47903	7717	7754
8.48092	7754	7791
8.48281	7791	7827
8.48469	7827	7863
8.48658	7863	7899
8.48847	7899	7935
8.49036	7935	7971
8.49225	7971	8007
8.49413	8007	8042
8.49602	8042	8077
8.49791	8077	8112
8.4998	8112	8147
8.50169	8147	8182
8.50357	8182	8217
8.50546	8217	8251
8.50735	8251	8285
8.50924	8285	8319
8.51113	8319	8353
8.51301	8353	8387
8.5149	8387	8421
8.51679	8421	8455
8.51868	8455	8488
8.52057	8488	8521
8.52245	8521	8554
8.52434	8554	8587
8.52623	8587	8620
8.52812	8620	8653
8.53001	8653	8686
8.53189	8686	8719
8.53378	8719	8751
8.53567	8751	8783
8.53756	8783	8815
8.53945	8815	8847
8.54133	8847	8879
8.54322	8879	8911
8.54511	8911	8943
8.547	8943	8975
8.54889	8975	9007
8.55077	9007	9038
8.55266	9038	9069
8.55455	9069	9100
8.55644	9100	9131
8.55833	9131	9162
8.56021	9162	9193
8.5621	9193	9224
8.56399	9224	9255
8.56588	9255	9286
8.56777	9286	9316
8.56965	9316	9346
8.57154	9346	9376
8.57343	9376	9406
8.57532	9406	9436
8.57721	9436	9466
8.57909	9466	9496
8.58098	9496	9526
8.58287	9526	9556
8.58476	9556	9586
8.58665	9586	9615
8.58853	9615	9644
8.59042	9644	9673
8.59231	9673	9702
8.5942	9702	9731
8.59893	9731	9112
8.60648	9112	8844
8.60743	8844	8576
8.60837	8576	8308
8.60932	8308	8040
8.61026	8040	7772
8.6112	7772	7504
8.61215	7504	7236
8.61309	7236	6968
8.61404	6968	6700
8.61497	6700	4288
8.61497	4288	4355
8.61685	4355	4420
8.61874	4420	4484
8.62063	4484	4548
8.62252	4548	4611
8.62441	4611	4673
8.62629	4673	4734
8.62818	4734	4794
8.63007	4794	4853
8.63196	4853	4912
8.63385	4912	4970
8.63573	4970	5027
8.63762	5027	5084
8.63951	5084	5140
8.6414	5140	5195
8.64329	5195	5250
8.64517	5250	5304
8.64706	5304	5358
8.64895	5358	5411
8.65084	5411	5464
8.65273	5464	5516
8.65461	5516	5568
8.6565	5568	5619
8.65839	5619	5670
8.66028	5670	5720
8.66217	5720	5770
8.66405	5770	5819
8.66594	5819	5868
8.66783	5868	5916
8.66972	5916	5964
8.67161	5964	6012
8.67349	6012	6059
8.67538	6059	6106
8.67727	6106	6153
8.67916	6153	6199
8.68105	6199	6245
8.68293	6245	6291
8.68482	6291	6336
8.68671	6336	6381
8.6886	6381	6426
8.69049	6426	6470
8.69237	6470	6514
8.69426	6514	6558
8.69615	6558	6601
8.69804	6601	6644
8.69993	6644	6687
8.70181	6687	6729
8.7037	6729	6771
8.70559	6771	6813
8.70748	6813	6855
8.70937	6855	6896
8.71125	6896	6937
8.71314	6937	6978
8.71503	6978	7019
8.71692	7019	7059
8.71881	7059	7099
8.72069	7099	7139
8.72258	7139	7179
8.72447	7179	7219
8.72636	7219	7258
8.72825	7258	7297
8.73013	7297	7336
8.73202	7336	7375
8.73391	7375	7413
8.7358	7413	7451
8.73769	7451	7489
8.73957	7489	7527
8.74146	7527	7565
8.74335	7565	7602
8.74524	7602	7639
8.74713	7639	7676
8.74901	7676	7713
8.7509	7713	7750
8.75279	7750	7787
8.75468	7787	7823
8.75657	7823	7859
8.75845	7859	7895
8.76034	7895	7931
8.76223	7931	7967
8.76412	7967	8003
8.76601	8003	8038
8.76789	8038	8073
8.76978	8073	8108
8.77167	8108	8143
8.77356	8143	8178
8.77545	8178	8213
8.77733	8213	8247
8.77922	8247	8281
8.78111	8281	8315
8.783	8315	8349
8.78489	8349	8383
8.78677	8383	8417
8.78866	8417	8451
8.79055	8451	8484
8.79244	8484	8517
8.79433	8517	8550
8.79621	8550	8583
8.7981	8583	8616
8.79999	8616	8649
8.80188	8649	8682
8.80377	8682	8715
8.80565	8715	8747
8.80754	8747	8779
8.80943	8779	8811
8.81132	8811	8843
8.81321	8843	8875
8.81509	8875	8907
8.81698	8907	8939
8.81887	8939	8971
8.82076	8971	9003
8.82265	9003	9034
8.82453	9034	9065
8.82642	9065	9096
8.82831	9096	9127
8.8302	9127	9158
8.83209	9158	9189
8.83397	9189	9220
8.83586	9220	9251
8.83775	9251	9282
8.83964	9282	9312
8.84153	9312	9342
8.84341	9342	9372
8.8453	9372	9402
8.84719	9402	9432
8.84908	9432	9462
8.85097	9462	9492
8.85285	9492	9522
8.85474	9522	9552
8.85663	9552	9582
8.85852	9582	9611
8.86041	9611	9640
8.86229	9640	9669
8.86418	9669	9698
8.86607	9698	9727
8.86796	9727	9756
8.86985	9756	9785
8.87173	9785	9814
8.87362	9814	9843
8.87551	9843	9872
8.8774	9872	9901
8.87929	9901	9930
8.88117	9930	9958
8.88306	9958	9986
8.88495	9986	10014
8.88684	10014	10042
8.88873	10042	10070
8.89061	10070	10098
8.8925	10098	10126
8.89439	10126	10154
8.89628	10154	10182
8.89817	10182	10210
8.90005	10210	10238
8.90194	10238	10266
8.90383	10266	10293
8.90572	10293	10320
8.90761	10320	10347
8.90949	10347	10374
8.91138	10374	10401
8.91327	10401	10428
8.91516	10428	10455
8.91705	10455	10482
8.91893	10482	10509
8.92082	10509	10536
8.92271	10536	10563
8.9265	10563	9648
8.935	9648	9380
8.93594	9380	9112
8.93688	9112	8844
8.93783	8844	8576
8.93877	8576	8308
8.93972	8308	8040
8.94066	8040	7772
8.9416	7772	7504
8.94255	7504	7236
8.94348	7236	4556
8.94537	4556	4619
8.94725	4619	4681
8.94914	4681	4742
8.95103	4742	4802
8.95292	4802	4861
8.95481	4861	4920
8.95669	4920	4978
8.95858	4978	5035
8.96047	5035	5092
8.96236	5092	5148
8.96425	5148	5203
8.96898	5203	4288
8.97276	4288	4020
8.9737	4020	3752
8.97464	3752	3484
8.97559	3484	3216
8.97652	3216	1876
8.97652	1876	2029
8.97841	2029	2170
8.98029	2170	2302
8.98344	2302	2426
8.98627	2426	2544
8.98941	2544	2656
8.99224	2656	2764
8.99539	2764	2867
8.99822	2867	2967
9.00042	2967	3063
9.00325	3063	3156
9.00545	3156	3247
9.00828	3247	3335
9.01048	3335	3421
9.01236	3421	3504
9.01425	3504	3585
9.01645	3585	3665
9.01834	3665	3743
9.02023	3743	3819
9.02243	3819	3894
9.02431	3894	3967
9.0262	3967	4039
9.02809	4039	4110
9.02998	4110	4179
9.03187	4179	4247
9.03375	4247	4314
9.03564	4314	4380
9.03753	4380	4445
9.03942	4445	4509
9.04131	4509	4572
9.04319	4572	4634
9.04508	4634	4695
9.04697	4695	4756
9.04886	4756	4816
9.05075	4816	4875
9.05263	4875	4933
9.05452	4933	4991
9.05641	4991	5048
9.0583	5048	5104
9.06019	5104	5160
9.06207	5160	5215
9.06396	5215	5270
9.06585	5270	5324
9.06774	5324	5377
9.06963	5377	5430
9.07151	5430	5482
9.0734	5482	5534
9.07529	5534	5585
9.07718	5585	5636
9.07907	5636	5686
9.08095	5686	5736
9.08284	5736	5786
9.08473	5786	5835
9.08662	5835	5884
9.08851	5884	5932
9.09039	5932	5980
9.09228	5980	6028
9.09417	6028	6075
9.09606	6075	6122
9.09795	6122	6168
9.10173	6168	5360
9.10645	5360	5092
9.1074	5092	4824
9.10834	4824	4556
9.10929	4556	4288
9.11023	4288	4020
9.11116	4020	2412
9.11305	2412	2531
9.11494	2531	2644
9.11683	2644	2752
9.12281	2752	2323
9.12376	2323	2502
9.12597	2502	2323
9.12691	2323	2144
9.12784	2144	1072
9.12784	1072	1340
9.131	1340	1554
9.13603	1554	1738
9.142	1738	1903
9.14703	1903	2053
9.15206	2053	2192
9.15709	2192	2323
9.15898	2323	2446
9.16307	2446	2563
9.16496	2563	2675
9.16904	2675	2782
9.17093	2782	2885
9.17502	2885	2984
9.17691	2984	3080
9.18005	3080	3173
9.18194	3173	3263
9.18508	3263	3351
9.18697	3351	3436
9.18885	3436	3519
9.19105	3519	3600
9.19294	3600	3679
9.19483	3679	3757
9.19703	3757	3833
9.19892	3833	3907
9.2008	3907	3980
9.20269	3980	4052
9.20458	4052	4122
9.20647	4122	4191
9.20836	4191	4259
9.21024	4259	4326
9.21498	4326	3752
9.21781	3752	3484
9.21875	3484	3216
9.2197	3216	2948
9.22064	2948	2680
9.22157	2680	1608
9.22157	1608	1786
9.22346	1786	1946
9.22567	1946	2093
9.2307	2093	2230
9.23573	2230	2358
9.23762	2358	2479
9.24171	2479	2594
9.24359	2594	2704
9.24768	2704	2810
9.24957	2810	2912
9.25271	2912	3010
9.2587	3010	2323
9.2606	2323	2502
9.26154	2502	2323
9.2628	2323	2144
9.26373	2144	1072
9.26373	1072	1340
9.26657	1340	1554
9.2716	1554	1738
9.27758	1738	1903
9.28261	1903	2053
9.28764	2053	2192
9.29267	2192	2323
9.29456	2323	2446
9.29864	2446	2563
9.30053	2563	2675
9.30462	2675	2782
9.30651	2782	2885
9.31059	2885	2984
9.31248	2984	3080
9.31562	3080	3173
9.31751	3173	3263
9.32065	3263	3351
9.32254	3351	3436
9.32443	3436	3519
9.32663	3519	3600
9.32852	3600	3679
9.3304	3679	3757
9.3326	3757	3833
9.33449	3833	3907
9.33638	3907	3980
9.33827	3980	4052
9.34015	4052	4122
9.34204	4122	4191
9.34393	4191	4259
9.34582	4259	4326
9.34771	4326	4392
9.34959	4392	4457
9.35148	4457	4521
9.35337	4521	4584
9.35526	4584	4646
9.35715	4646	4707
9.35903	4707	4768
9.36092	4768	4828
9.36281	4828	4887
9.3647	4887	4945
9.36659	4945	5003
9.36847	5003	5060
9.37036	5060	5116
9.37225	5116	5172
9.37414	5172	5227
9.37603	5227	5281
9.37791	5281	5335
9.3798	5335	5388
9.38169	5388	5441
9.38358	5441	5493
9.38547	5493	5545
9.38735	5545	5596
9.38924	5596	5647
9.39113	5647	5697
9.39302	5697	5747
9.39491	5747	5796
9.39679	5796	5845
9.39868	5845	5894
9.40057	5894	5942
9.40246	5942	5990
9.40435	5990	6037
9.40623	6037	6084
9.40812	6084	6131
9.41001	6131	6177
9.4119	6177	6223
9.41379	6223	6269
9.41567	6269	6314
9.41756	6314	6359
9.41945	6359	6404
9.42134	6404	6448
9.42323	6448	6492
9.42511	6492	6536
9.427	6536	6579
9.42889	6579	6622
9.43078	6622	6665
9.43267	6665	6708
9.43455	6708	6750
9.43644	6750	6792
9.43833	6792	6834
9.44022	6834	6876
9.44211	6876	6917
9.44399	6917	6958
9.44588	6958	6999
9.44777	6999	7040
9.44966	7040	7080
9.45155	7080	7120
9.45343	7120	7160
9.45532	7160	7200
9.45721	7200	7239
9.4591	7239	7278
9.46099	7278	7317
9.46287	7317	7356
9.46476	7356	7395
9.46665	7395	7433
9.46854	7433	7471
9.47043	7471	7509
9.47231	7509	7547
9.4742	7547	7585
9.47609	7585	7622
9.47798	7622	7659
9.47987	7659	7696
9.48175	7696	7733
9.48364	7733	7770
9.48553	7770	7806
9.48742	7806	7842
9.48931	7842	7878
9.49119	7878	7914
9.49308	7914	7950
9.49497	7950	7986
9.49686	7986	8021
9.49875	8021	8056
9.50063	8056	8091
9.50252	8091	8126
9.50441	8126	8161
9.5063	8161	8196
9.50819	8196	8231
9.51007	8231	8265
9.51196	8265	8299
9.51385	8299	8333
9.51574	8333	8367
9.51763	8367	8401
9.51951	8401	8435
9.5214	8435	8469
9.52329	8469	8502
9.52518	8502	8535
9.52707	8535	8568
9.52895	8568	8601
9.53084	8601	8634
9.53273	8634	8667
9.53462	8667	8700
9.53651	8700	8733
9.53839	8733	8765
9.54028	8765	8797
9.54217	8797	8829
9.54406	8829	8861
9.54595	8861	8893
9.54783	8893	8925
9.54972	8925	8957
9.55161	8957	8989
9.5535	8989	9020
9.55539	9020	9051
9.55727	9051	9082
9.55916	9082	9113
9.56105	9113	9144
9.56294	9144	9175
9.56483	9175	9206
9.56671	9206	9237
9.5686	9237	9268
9.57049	9268	9298
9.57238	9298	9328
9.57427	9328	9358
9.57615	9358	9388
9.57804	9388	9418
9.57993	9418	9448
9.58182	9448	9478
9.58371	9478	9508
9.58559	9508	9538
9.58748	9538	9568
9.58937	9568	9598
9.59126	9598	9627
9.59315	9627	9656
9.59503	9656	9685
9.59692	9685	9714
9.59881	9714	9743
9.6007	9743	9772
9.60259	9772	9801
9.60447	9801	9830
9.60636	9830	9859
9.60825	9859	9888
9.61014	9888	9917
9.61203	9917	9945
9.61391	9945	9973
9.6158	9973	10001
9.61769	10001	10029
9.61958	10029	10057
9.62147	10057	10085
9.62335	10085	10113
9.62524	10113	10141
9.62713	10141	10169
9.62902	10169	10197
9.63281	10197	9648
9.6413	9648	9380
9.64225	9380	9112
9.64319	9112	8844
9.64413	8844	8576
9.64508	8576	8308
9.64602	8308	8040
9.64697	8040	7772
9.64791	7772	7504
9.64885	7504	7236
9.64979	7236	4556
9.65167	4556	4619
9.65356	4619	4681
9.65545	4681	4742
9.65734	4742	4802
9.65923	4802	4861
9.66111	4861	4920
9.663	4920	4978
9.66489	4978	5035
9.66678	5035	5092
9.66867	5092	5148
9.67055	5148	5203
9.67244	5203	5258
9.67433	5258	5312
9.67622	5312	5366
9.67811	5366	5419
9.67999	5419	5472
9.68188	5472	5524
9.68377	5524	5576
9.68566	5576	5627
9.68755	5627	5678
9.68943	5678	5728
9.69132	5728	5778
9.69321	5778	5827
9.6951	5827	5876
9.69699	5876	5924
9.69887	5924	5972
9.70076	5972	6020
9.70265	6020	6067
9.70454	6067	6114
9.70643	6114	6160
9.70831	6160	6206
9.7102	6206	6252
9.71209	6252	6297
9.71398	6297	6342
9.71587	6342	6387
9.71775	6387	6431
9.71964	6431	6475
9.72153	6475	6519
9.72342	6519	6563
9.72531	6563	6606
9.72719	6606	6649
9.72908	6649	6692
9.73097	6692	6734
9.73286	6734	6776
9.73475	6776	6818
9.73663	6818	6860
9.73852	6860	6901
9.74325	6901	5896
9.74797	5896	5628
9.74892	5628	5360
9.74986	5360	5092
9.75081	5092	4824
9.75175	4824	4556
9.75269	4556	4288
9.75363	4288	2680
9.75363	2680	2787
9.75551	2787	2890
9.7574	2890	2989
9.75929	2989	3085
9.76243	3085	3178
9.76432	3178	3268
9.76746	3268	3355
9.76935	3355	3440
9.77124	3440	3523
9.77344	3523	3604
9.77532	3604	3683
9.77721	3683	3761
9.77941	3761	3837
9.7813	3837	3911
9.78319	3911	3984
9.78508	3984	4056
9.78696	4056	4126
9.78885	4126	4195
9.79074	4195	4263
9.79263	4263	4330
9.79452	4330	4396
9.7964	4396	4461
9.79829	4461	4525
9.80018	4525	4588
9.80207	4588	4650
9.80396	4650	4711
9.80584	4711	4771
9.80773	4771	4831
9.80962	4831	4890
9.81151	4890	4948
9.8134	4948	5006
9.81528	5006	5063
9.81717	5063	5119
9.81906	5119	5175
9.82095	5175	5230
9.82284	5230	5284
9.82472	5284	5338
9.82661	5338	5391
9.8285	5391	5444
9.83039	5444	5496
9.83228	5496	5548
9.83416	5548	5599
9.83605	5599	5650
9.83794	5650	5700
9.83983	5700	5750
9.84172	5750	5799
9.8436	5799	5848
9.84549	5848	5897
9.84738	5897	5945
9.84927	5945	5993
9.85116	5993	6040
9.85304	6040	6087
9.85493	6087	6134
9.85682	6134	6180
9.85871	6180	6226
9.8606	6226	6272
9.86248	6272	6317
9.86437	6317	6362
9.86626	6362	6407
9.86815	6407	6451
9.87004	6451	6495
9.87192	6495	6539
9.87381	6539	6582
9.8757	6582	6625
9.87759	6625	6668
9.87948	6668	6711
9.88136	6711	6753
9.88325	6753	6795
9.88514	6795	6837
9.88703	6837	6879
9.88892	6879	6920
9.8908	6920	6961
9.89269	6961	7002
9.89458	7002	7043
9.89647	7043	7083
9.89836	7083	7123
9.90024	7123	7163
9.90213	7163	7203
9.90402	7203	7242
9.90591	7242	7281
9.9078	7281	7320
9.90968	7320	7359
9.91157	7359	7398
9.91346	7398	7436
9.91535	7436	7474
9.91724	7474	7512
9.91912	7512	7550
9.92101	7550	7588
9.9229	7588	7625
9.92479	7625	7662
9.92668	7662	7699
9.92856	7699	7736
9.93045	7736	7773
9.93234	7773	7809
9.93423	7809	7845
9.93612	7845	7881
9.938	7881	7917
9.93989	7917	7953
9.94178	7953	7989
9.94367	7989	8024
9.94556	8024	8059
9.94744	8059	8094
9.94933	8094	8129
9.95122	8129	8164
9.95311	8164	8199
9.955	8199	8234
9.95688	8234	8268
9.95877	8268	8302
9.96066	8302	8336
9.96255	8336	8370
9.96444	8370	8404
9.96632	8404	8438
9.96821	8438	8472
9.9701	8472	8505
9.97199	8505	8538
9.97388	8538	8571
9.97576	8571	8604
9.97765	8604	8637
9.97954	8637	8670
9.98143	8670	8703
9.98332	8703	8736
9.9852	8736	8768
9.98709	8768	8800
9.98898	8800	8832
9.99087	8832	8864
9.99276	8864	8896
9.99464	8896	8928
9.99653	8928	8960
9.99842	8960	8992
10.0003	8992	9023
10.0022	9023	9054
10.0041	9054	9085
10.006	9085	9116
10.0079	9116	9147
10.0097	9147	9178
10.0116	9178	9209
10.0135	9209	9240
10.0154	9240	9271
10.0173	9271	9301
10.0192	9301	9331
10.0211	9331	9361
10.023	9361	9391
10.0249	9391	9421
10.0267	9421	9451
10.0286	9451	9481
10.0305	9481	9511
10.0324	9511	9541
10.0343	9541	9571
10.0362	9571	9601
10.0381	9601	9630
10.04	9630	9659
10.0418	9659	9688
10.0437	9688	9717
10.0456	9717	9746
10.0475	9746	9775
10.0494	9775	9804
10.0513	9804	9833
10.0532	9833	9862
10.0551	9862	9891
10.0569	9891	9920
10.0588	9920	9948
10.0607	9948	9976
10.0626	9976	10004
10.0645	10004	10032
10.0664	10032	10060
10.0683	10060	10088
10.0702	10088	10116
10.0721	10116	10144
10.0739	10144	10172
10.0758	10172	10200
10.0777	10200	10228
10.0796	10228	10256
10.0815	10256	10284
10.0862	10284	9648
10.0947	9648	9380
10.0957	9380	9112
10.0966	9112	8844
10.0976	8844	8576
10.0985	8576	8308
10.0994	8308	8040
10.1004	8040	7772
10.1013	7772	7504
10.1023	7504	7236
10.1032	7236	4556
10.1051	4556	4619
10.107	4619	4681
10.1089	4681	4742
10.1108	4742	4802
10.1126	4802	4861
10.1145	4861	4920
10.1164	4920	4978
10.1183	4978	5035
10.1202	5035	5092
10.1221	5092	5148
10.124	5148	5203
10.1259	5203	5258
10.1277	5258	5312
10.1296	5312	5366
10.1315	5366	5419
10.1334	5419	5472
10.1353	5472	5524
10.1372	5524	5576
10.1391	5576	5627
10.141	5627	5678
10.1429	5678	5728
10.1447	5728	5778
10.1466	5778	5827
10.1485	5827	5876
10.1504	5876	5924
10.1523	5924	5972
10.1542	5972	6020
10.1561	6020	6067
10.158	6067	6114
10.1627	6114	5360
10.1674	5360	5092
10.1684	5092	4824
10.1693	4824	4556
10.1702	4556	4288
10.1712	4288	4020
10.1721	4020	2412
10.1721	2412	2531
10.174	2531	2644
10.1759	2644	2752
10.1778	2752	2856
10.1819	2856	2956
10.1838	2956	3053
10.1869	3053	3147
10.1888	3147	3238
10.1919	3238	3326
10.1938	3326	3412
10.1957	3412	3496
10.1979	3496	3578
10.1998	3578	3658
10.2017	3658	3736
10.2039	3736	3812
10.2058	3812	3887
10.2077	3887	3960
10.2098	3960	4032
10.2117	4032	4103
10.2136	4103	4173
10.2184	4173	3216
10.2215	3216	2948
10.2225	2948	2680
10.2234	2680	2412
10.2243	2412	1340
10.2243	1340	1554
10.2262	1554	1738
10.2313	1738	1903
10.2363	1903	2053
10.2413	2053	2192
10.2463	2192	2323
10.2482	2323	2446
10.2523	2446	2563
10.2542	2563	2675
10.2583	2675	2782
10.2602	2782	2885
10.2643	2885	2984
10.2662	2984	3080
10.2693	3080	3173
10.2712	3173	3263
10.2743	3263	3351
10.2762	3351	3436
10.2781	3436	3519
10.2803	3519	3600
10.2822	3600	3679
10.2841	3679	3757
10.2863	3757	3833
10.2882	3833	3907
10.2901	3907	3980
10.2919	3980	4052
10.2938	4052	4122
10.2957	4122	4191
10.2976	4191	4259
10.2995	4259	4326
10.3014	4326	4392
10.3033	4392	4457
10.3052	4457	4521
10.307	4521	4584
10.3089	4584	4646
10.3108	4646	4707
10.3127	4707	4768
10.3146	4768	4828
10.3165	4828	4887
10.3184	4887	4945
10.3203	4945	5003
10.3221	5003	5060
10.3269	5060	4288
10.3307	4288	4020
10.3316	4020	3752
10.3325	3752	3484
10.3335	3484	3216
10.3344	3216	1876
10.3363	1876	2029
10.3382	2029	2170
10.3432	2170	2302
10.3451	2302	2426
10.3492	2426	2544
10.3511	2544	2656
10.3552	2656	2764
10.3571	2764	2867
10.3611	2867	2967
10.363	2967	3063
10.3662	3063	3156
10.3681	3156	3247
10.3712	3247	3335
10.3731	3335	3421
10.375	3421	3504
10.3772	3504	3585
10.3791	3585	3665
10.381	3665	3743
10.3832	3743	3819
10.385	3819	3894
10.3869	3894	3967
10.3891	3967	4039
10.391	4039	4110
10.3929	4110	4179
10.3948	4179	4247
10.3967	4247	4314
10.3986	4314	4380
10.4005	4380	4445
10.4023	4445	4509
10.4042	4509	4572
10.4061	4572	4634
10.408	4634	4695
10.4099	4695	4756
10.4118	4756	4816
10.4137	4816	4875
10.4156	4875	4933
10.4175	4933	4991
10.4193	4991	5048
10.4212	5048	5104
10.4231	5104	5160
10.425	5160	5215
10.4269	5215	5270
10.4288	5270	5324
10.4307	5324	5377
10.4326	5377	5430
10.4344	5430	5482
10.4363	5482	5534
10.4382	5534	5585
10.4401	5585	5636
10.442	5636	5686
10.4439	5686	5736
10.4458	5736	5786
10.4477	5786	5835
10.4495	5835	5884
10.4514	5884	5932
10.4533	5932	5980
10.4552	5980	6028
10.4571	6028	6075
10.459	6075	6122
10.4609	6122	6168
10.4628	6168	6214
10.4647	6214	6260
10.4665	6260	6305
10.4684	6305	6350
10.4703	6350	6395
10.4722	6395	6439
10.4741	6439	6483
10.476	6483	6527
10.4779	6527	6571
10.4798	6571	6614
10.4816	6614	6657
10.4835	6657	6700
10.4854	6700	6742
10.4873	6742	6784
10.4892	6784	6826
10.4911	6826	6868
10.493	6868	6909
10.4949	6909	6950
10.4967	6950	6991
10.4986	6991	7032
10.5005	7032	7072
10.5024	7072	7112
10.5043	7112	7152
10.5062	7152	7192
10.5081	7192	7231
10.51	7231	7270
10.5119	7270	7309
10.5137	7309	7348
10.5156	7348	7387
10.5175	7387	7425
10.5194	7425	7463
10.5213	7463	7501
10.5232	7501	7539
10.5251	7539	7577
10.527	7577	7614
10.5288	7614	7651
10.5307	7651	7688
10.5326	7688	7725
10.5345	7725	7762
10.5364	7762	7799
10.5383	7799	7835
10.5402	7835	7871
10.5421	7871	7907
10.5439	7907	7943
10.5458	7943	7979
10.5477	7979	8015
10.5496	8015	8050
10.5515	8050	8085
10.5534	8085	8120
10.5553	8120	8155
10.5572	8155	8190
10.5591	8190	8225
10.5609	8225	8259
10.5628	8259	8293
10.5647	8293	8327
10.5666	8327	8361
10.5685	8361	8395
10.5704	8395	8429
10.5723	8429	8463
10.5742	8463	8496
10.576	8496	8529
10.5779	8529	8562
10.5798	8562	8595
10.5817	8595	8628
10.5836	8628	8661
10.5855	8661	8694
10.5874	8694	8727
10.5893	8727	8759
10.5911	8759	8791
10.593	8791	8823
10.5949	8823	8855
10.5968	8855	8887
10.5987	8887	8919
10.6006	8919	8951
10.6025	8951	8983
10.6044	8983	9014
10.6063	9014	9045
10.6081	9045	9076
10.61	9076	9107
10.6119	9107	9138
10.6138	9138	9169
10.6157	9169	9200
10.6176	9200	9231
10.6195	9231	9262
10.6214	9262	9293
10.6232	9293	9323
10.6251	9323	9353
10.627	9353	9383
10.6289	9383	9413
10.6308	9413	9443
10.6327	9443	9473
10.6346	9473	9503
10.6365	9503	9533
10.6383	9533	9563
10.6402	9563	9593
10.6421	9593	9622
10.644	9622	9651
10.6459	9651	9680
10.6478	9680	9709
10.6497	9709	9738
10.6516	9738	9767
10.6535	9767	9796
10.6553	9796	9825
10.6572	9825	9854
10.6591	9854	9883
10.661	9883	9912
10.6629	9912	9940
10.6648	9940	9968
10.6667	9968	9996
10.6686	9996	10024
10.6704	10024	10052
10.6723	10052	10080
10.6742	10080	10108
10.6761	10108	10136
10.678	10136	10164
10.6799	10164	10192
10.6818	10192	10220
10.6837	10220	10248
10.6855	10248	10276
10.6874	10276	10303
10.6893	10303	10330
10.6912	10330	10357
10.6931	10357	10384
10.695	10384	10411
10.6969	10411	10438
10.6988	10438	10465
10.7007	10465	10492
10.7025	10492	10519
10.7044	10519	10546
10.7063	10546	10573
10.7082	10573	10600
10.7101	10600	10627
10.712	10627	10654
10.7139	10654	10680
10.7158	10680	10706
10.7176	10706	10732
10.7195	10732	10758
10.7233	10758	10184
10.7318	10184	9916
10.7328	9916	9648
10.7337	9648	9380
10.7346	9380	9112
10.7356	9112	8844
10.7365	8844	8576
10.7375	8576	8308
10.7384	8308	8040
10.7394	8040	7772
10.7403	7772	7504
10.7412	7504	4824
10.7412	4824	4883
10.7431	4883	4941
10.745	4941	4999
10.7469	4999	5056
10.7488	5056	5112
10.7507	5112	5168
10.7526	5168	5223
10.7545	5223	5278
10.7563	5278	5332
10.7582	5332	5385
10.7601	5385	5438
10.762	5438	5490
10.7639	5490	5542
10.7658	5542	5593
10.7677	5593	5644
10.7696	5644	5694
10.7715	5694	5744
10.7733	5744	5794
10.7752	5794	5843
10.7771	5843	5892
10.779	5892	5940
10.7809	5940	5988
10.7828	5988	6035
10.7847	6035	6082
10.7866	6082	6129
10.7884	6129	6175
10.7903	6175	6221
10.7922	6221	6267
10.7941	6267	6312
10.796	6312	6357
10.7979	6357	6402
10.7998	6402	6446
10.8017	6446	6490
10.8035	6490	6534
10.8054	6534	6577
10.8073	6577	6620
10.8092	6620	6663
10.8111	6663	6706
10.813	6706	6748
10.8149	6748	6790
10.8168	6790	6832
10.8187	6832	6874
10.8205	6874	6915
10.8224	6915	6956
10.8243	6956	6997
10.8262	6997	7038
10.8281	7038	7078
10.83	7078	7118
10.8319	7118	7158
10.8338	7158	7198
10.8356	7198	7237
10.8375	7237	7276
10.8394	7276	7315
10.8413	7315	7354
10.8432	7354	7393
10.8451	7393	7431
10.847	7431	7469
10.8489	7469	7507
10.8507	7507	7545
10.8526	7545	7583
10.8545	7583	7620
10.8564	7620	7657
10.8583	7657	7694
10.8602	7694	7731
10.8621	7731	7768
10.864	7768	7804
10.8659	7804	7840
10.8677	7840	7876
10.8696	7876	7912
10.8715	7912	7948
10.8734	7948	7984
10.8753	7984	8019
10.8772	8019	8054
10.8791	8054	8089
10.881	8089	8124
10.8828	8124	8159
10.8847	8159	8194
10.8866	8194	8229
10.8885	8229	8263
10.8904	8263	8297
10.8923	8297	8331
10.8942	8331	8365
10.8961	8365	8399
10.8979	8399	8433
10.8998	8433	8467
10.9017	8467	8500
10.9036	8500	8533
10.9055	8533	8566
10.9074	8566	8599
10.9093	8599	8632
10.9112	8632	8665
10.9131	8665	8698
10.9149	8698	8731
10.9168	8731	8763
10.9187	8763	8795
10.9225	8795	8040
10.9291	8040	7772
10.9301	7772	7504
10.931	7504	7236
10.9319	7236	6968
10.9329	6968	6700
10.9338	6700	6432
10.9348	6432	6164
10.9357	6164	5896
10.9367	5896	3752
10.9385	3752	3828
10.9404	3828	3903
10.9423	3903	3976
10.9442	3976	4048
10.9461	4048	4118
10.948	4118	4187
10.9499	4187	4255
10.9518	4255	4322
10.9536	4322	4388
10.9555	4388	4453
10.9574	4453	4517
10.9593	4517	4580
10.9612	4580	4642
10.9631	4642	4703
10.965	4703	4764
10.9669	4764	4824
10.9687	4824	4883
10.9706	4883	4941
10.9725	4941	4999
10.9744	4999	5056
10.9763	5056	5112
10.9782	5112	5168
10.9801	5168	5223
10.982	5223	5278
10.9839	5278	5332
10.9857	5332	5385
10.9876	5385	5438
10.9895	5438	5490
10.9914	5490	5542
10.9933	5542	5593
10.9952	5593	5644
10.9971	5644	5694
10.999	5694	5744
11.0008	5744	5794
11.0027	5794	5843
11.0046	5843	5892
11.0065	5892	5940
11.0084	5940	5988
11.0103	5988	6035
11.0122	6035	6082
11.0141	6082	6129
11.0159	6129	6175
11.0178	6175	6221
11.0197	6221	6267
11.0216	6267	6312
11.0235	6312	6357
11.0254	6357	6402
11.0273	6402	6446
11.0292	6446	6490
11.0311	6490	6534
11.0329	6534	6577
11.0348	6577	6620
11.0367	6620	6663
11.0386	6663	6706
11.0405	6706	6748
11.0424	6748	6790
11.0443	6790	6832
11.0462	6832	6874
11.048	6874	6915
11.0499	6915	6956
11.0518	6956	6997
11.0537	6997	7038
11.0556	7038	7078
11.0575	7078	7118
11.0594	7118	7158
11.0613	7158	7198
11.0631	7198	7237
11.065	7237	7276
11.0669	7276	7315
11.0688	7315	7354
11.0707	7354	7393
11.0726	7393	7431
11.0745	7431	7469
11.0764	7469	7507
11.0783	7507	7545
11.0801	7545	7583
11.082	7583	7620
11.0839	7620	7657
11.0858	7657	7694
11.0877	7694	7731
11.0896	7731	7768
11.0915	7768	7804
11.0934	7804	7840
11.0952	7840	7876
11.0971	7876	7912
11.099	7912	7948
11.1009	7948	7984
11.1028	7984	8019
11.1047	8019	8054
11.1066	8054	8089
11.1085	8089	8124
11.1103	8124	8159
11.1122	8159	8194
11.1141	8194	8229
11.116	8229	8263
11.1179	8263	8297
11.1198	8297	8331
11.1217	8331	8365
11.1236	8365	8399
11.1255	8399	8433
11.1273	8433	8467
11.1292	8467	8500
11.1311	8500	8533
11.133	8533	8566
11.1349	8566	8599
11.1368	8599	8632
11.1387	8632	8665
11.1406	8665	8698
11.1424	8698	8731
11.1443	8731	8763
11.1462	8763	8795
11.1481	8795	8827
11.15	8827	8859
11.1519	8859	8891
11.1538	8891	8923
11.1557	8923	8955
11.1575	8955	8987
11.1594	8987	9018
11.1613	9018	9049
11.1632	9049	9080
11.1651	9080	9111
11.167	9111	9142
11.1689	9142	9173
11.1708	9173	9204
11.1727	9204	9235
11.1745	9235	9266
11.1764	9266	9297
11.1783	9297	9327
11.1802	9327	9357
11.1821	9357	9387
11.184	9387	9417
11.1859	9417	9447
11.1878	9447	9477
11.1896	9477	9507
11.1915	9507	9537
11.1934	9537	9567
11.1953	9567	9597
11.1972	9597	9626
11.1991	9626	9655
11.201	9655	9684
11.2029	9684	9713
11.2047	9713	9742
11.2066	9742	9771
11.2085	9771	9800
11.2104	9800	9829
11.2123	9829	9858
11.2142	9858	9887
11.2161	9887	9916
11.218	9916	9944
11.2199	9944	9972
11.2217	9972	10000
11.2236	10000	10028
11.2255	10028	10056
11.2274	10056	10084
11.2293	10084	10112
11.2312	10112	10140
11.2331	10140	10168
11.235	10168	10196
11.2368	10196	10224
11.2387	10224	10252
11.2406	10252	10280
11.2425	10280	10307
11.2444	10307	10334
11.2463	10334	10361
11.2482	10361	10388
11.2501	10388	10415
11.2519	10415	10442
11.2538	10442	10469
11.2557	10469	10496
11.2576	10496	10523
11.2595	10523	10550
11.2614	10550	10577
11.2633	10577	10604
11.2652	10604	10631
11.2671	10631	10658
11.2689	10658	10684
11.2708	10684	10710
11.2727	10710	10736
11.2746	10736	10762
11.2765	10762	10788
11.2784	10788	10814
11.2803	10814	10840
11.2822	10840	10866
11.284	10866	10892
11.2859	10892	10918
11.2878	10918	10944
11.2897	10944	10970
11.2916	10970	10996
11.2935	10996	11022
11.2954	11022	11048
11.2973	11048	11074
11.2991	11074	11099
11.301	11099	11124
11.3029	11124	11149
11.3048	11149	11174
11.3095	11174	10184
11.318	10184	9916
11.319	9916	9648
11.3199	9648	9380
11.3209	9380	9112
11.3218	9112	8844
11.3228	8844	8576
11.3237	8576	8308
11.3246	8308	8040
11.3256	8040	7772
11.3265	7772	7504
11.3275	7504	4824
11.3275	4824	4883
11.3294	4883	4941
11.3312	4941	4999
11.3331	4999	5056
11.335	5056	5112
11.3369	5112	5168
11.3388	5168	5223
11.3407	5223	5278
11.3426	5278	5332
11.3445	5332	5385
11.3463	5385	5438
11.3482	5438	5490
11.3501	5490	5542
11.352	5542	5593
11.3558	5593	4824
11.3596	4824	4556
11.3605	4556	4288
11.3615	4288	4020
11.3624	4020	3752
11.3634	3752	3484
11.3643	3484	2144
11.3662	2144	2278
11.3712	2278	1608
11.3731	1608	1072
11.3762	1072	1340
11.3813	1340	1554
11.3873	1554	1738
11.3932	1738	1903
11.3983	1903	2053
11.4033	2053	2192
11.4083	2192	2323
11.4102	2323	2446
11.4143	2446	2563
11.4162	2563	2675
11.4203	2675	2782
11.4222	2782	2885
11.4262	2885	2984
11.4281	2984	3080
11.4313	3080	3173
11.4332	3173	3263
11.4363	3263	3351
11.4382	3351	3436
11.4401	3436	3519
11.4423	3519	3600
11.4442	3600	3679
11.4461	3679	3757
11.4482	3757	3833
11.4501	3833	3907
11.452	3907	3980
11.4539	3980	4052
11.4558	4052	4122
11.4577	4122	4191
11.4596	4191	4259
11.4615	4259	4326
11.4634	4326	4392
11.4652	4392	4457
11.4671	4457	4521
11.469	4521	4584
11.4709	4584	4646
11.4728	4646	4707
11.4747	4707	4768
11.4766	4768	4828
11.4785	4828	4887
11.4803	4887	4945
11.4822	4945	5003
11.4841	5003	5060
11.486	5060	5116
11.4879	5116	5172
11.4898	5172	5227
11.4917	5227	5281
11.4936	5281	5335
11.4954	5335	5388
11.4973	5388	5441
11.4992	5441	5493
11.5011	5493	5545
11.503	5545	5596
11.5049	5596	5647
11.5068	5647	5697
11.5087	5697	5747
11.5106	5747	5796
11.5124	5796	5845
11.5143	5845	5894
11.5162	5894	5942
11.5181	5942	5990
11.52	5990	6037
11.5219	6037	6084
11.5238	6084	6131
11.5257	6131	6177
11.5275	6177	6223
11.5294	6223	6269
11.5313	6269	6314
11.5332	6314	6359
11.5351	6359	6404
11.537	6404	6448
11.5389	6448	6492
11.5408	6492	6536
11.5426	6536	6579
11.5445	6579	6622
11.5464	6622	6665
11.5483	6665	6708
11.5502	6708	6750
11.5521	6750	6792
11.554	6792	6834
11.5559	6834	6876
11.5578	6876	6917
11.5596	6917	6958
11.5615	6958	6999
11.5634	6999	7040
11.5653	7040	7080
11.5672	7080	7120
11.5691	7120	7160
11.571	7160	7200
11.5729	7200	7239
11.5747	7239	7278
11.5766	7278	7317
11.5785	7317	7356
11.5804	7356	7395
11.5823	7395	7433
11.5842	7433	7471
11.5861	7471	7509
11.588	7509	7547
11.5898	7547	7585
11.5917	7585	7622
11.5936	7622	7659
11.5955	7659	7696
11.5974	7696	7733
11.5993	7733	7770
11.6012	7770	7806
11.6031	7806	7842
11.605	7842	7878
11.6068	7878	7914
11.6087	7914	7950
11.6106	7950	7986
11.6125	7986	8021
11.6144	8021	8056
11.6163	8056	8091
11.6182	8091	8126
11.6201	8126	8161
11.6219	8161	8196
11.6238	8196	8231
11.6257	8231	8265
11.6276	8265	8299
11.6295	8299	8333
11.6314	8333	8367
11.6333	8367	8401
11.6352	8401	8435
11.637	8435	8469
11.6389	8469	8502
11.6408	8502	8535
11.6427	8535	8568
11.6446	8568	8601
11.6465	8601	8634
11.6484	8634	8667
11.6503	8667	8700
11.6522	8700	8733
11.654	8733	8765
11.6559	8765	8797
11.6578	8797	8829
11.6597	8829	8861
11.6616	8861	8893
11.6635	8893	8925
11.6654	8925	8957
11.6673	8957	8989
11.6691	8989	9020
11.671	9020	9051
11.6729	9051	9082
11.6748	9082	9113
11.6767	9113	9144
11.6786	9144	9175
11.6805	9175	9206
11.6824	9206	9237
11.6842	9237	9268
11.6861	9268	9298
11.688	9298	9328
11.6899	9328	9358
11.6918	9358	9388
11.6937	9388	9418
11.6956	9418	9448
11.6975	9448	9478
11.6994	9478	9508
11.7012	9508	9538
11.7031	9538	9568
11.705	9568	9598
11.7069	9598	9627
11.7088	9627	9656
11.7107	9656	9685
11.7126	9685	9714
11.7145	9714	9743
11.7163	9743	9772
11.7182	9772	9801
11.7201	9801	9830
11.722	9830	9859
11.7239	9859	9888
11.7258	9888	9917
11.7277	9917	9945
11.7296	9945	9973
11.7314	9973	10001
11.7333	10001	10029
11.7352	10029	10057
11.7371	10057	10085
11.739	10085	10113
11.7409	10113	10141
11.7428	10141	10169
11.7447	10169	10197
11.7466	10197	10225
11.7484	10225	10253
11.7503	10253	10281
11.7522	10281	10308
11.7541	10308	10335
11.756	10335	10362
11.7579	10362	10389
11.7598	10389	10416
11.7617	10416	10443
11.7635	10443	10470
11.7654	10470	10497
11.7673	10497	10524
11.7692	10524	10551
11.7711	10551	10578
11.773	10578	10605
11.7749	10605	10632
11.7768	10632	10659
11.7786	10659	10685
11.7805	10685	10711
11.7824	10711	10737
11.7843	10737	10763
11.7862	10763	10789
11.7881	10789	10815
11.79	10815	10841
11.7919	10841	10867
11.7938	10867	10893
11.7956	10893	10919
11.7975	10919	10945
11.7994	10945	10971
11.8013	10971	10997
11.8032	10997	11023
11.8051	11023	11049
11.807	11049	11075
11.8089	11075	11100
11.8107	11100	11125
11.8126	11125	11150
11.8145	11150	11175
11.8164	11175	11200
11.8183	11200	11225
11.8202	11225	11250
11.8221	11250	11275
11.824	11275	11300
11.8258	11300	11325
11.8277	11325	11350
11.8296	11350	11375
11.8315	11375	11400
11.8334	11400	11425
11.8353	11425	11450
11.8372	11450	11475
11.8391	11475	11500
11.841	11500	11524
11.8428	11524	11548
11.8447	11548	11572
11.8466	11572	11596
11.8485	11596	11620
11.8504	11620	11644
11.8523	11644	11668
11.8542	11668	11692
11.8561	11692	11716
11.8579	11716	11740
11.8598	11740	11764
11.8617	11764	11788
11.8636	11788	11812
11.8655	11812	11836
11.8674	11836	11860
11.8693	11860	11884
11.8712	11884	11908
11.873	11908	11932
11.8749	11932	11956
11.8768	11956	11980
11.8787	11980	12003
11.8806	12003	12026
11.8825	12026	12049
11.8844	12049	12072
11.8863	12072	12095
11.8882	12095	12118
11.89	12118	12141
11.8919	12141	12164
11.8938	12164	12187
11.8957	12187	12210
11.8976	12210	12233
11.8995	12233	12256
11.9014	12256	12279
11.9033	12279	12302
11.9051	12302	12325
11.907	12325	12348
11.9089	12348	12371
11.9108	12371	12394
11.9127	12394	12417
11.9146	12417	12440
11.9165	12440	12463
11.9184	12463	12486
11.9202	12486	12509
11.9221	12509	12531
11.924	12531	12553
11.9259	12553	12575
11.9278	12575	12597
11.9297	12597	12619
11.9316	12619	12641
11.9335	12641	12663
11.9354	12663	12685
11.9372	12685	12707
11.9391	12707	12729
11.941	12729	12751
11.9458	12751	11792
11.9561	11792	11524
11.9571	11524	11256
11.958	11256	10988
11.959	10988	10720
11.9599	10720	10452
11.9609	10452	10184
11.9618	10184	9916
11.9627	9916	9648
11.9637	9648	9380
11.9646	9380	9112
11.9656	9112	8844
11.9665	8844	5628
11.9665	5628	5679
11.9684	5679	5729
11.9703	5729	5779
11.9722	5779	5828
11.9741	5828	5877
11.9759	5877	5925
11.9778	5925	5973
11.9797	5973	6021
11.9816	6021	6068
11.9835	6068	6115
11.9854	6115	6161
11.9873	6161	6207
11.9892	6207	6253
11.991	6253	6298
11.9929	6298	6343
11.9948	6343	6388
11.9967	6388	6432
11.9986	6432	6476
12.0005	6476	6520
12.0024	6520	6564
12.0043	6564	6607
12.0062	6607	6650
12.008	6650	6693
12.0099	6693	6735
12.0118	6735	6777
12.0137	6777	6819
12.0156	6819	6861
12.0175	6861	6902
12.0194	6902	6943
12.0213	6943	6984
12.0231	6984	7025
12.025	7025	7065
12.0269	7065	7105
12.0288	7105	7145
12.0307	7145	7185
12.0326	7185	7224
12.0345	7224	7263
12.0364	7263	7302
12.0382	7302	7341
12.0401	7341	7380
12.042	7380	7418
12.0439	7418	7456
12.0458	7456	7494
12.0477	7494	7532
12.0496	7532	7570
12.0515	7570	7607
12.0534	7607	7644
12.0552	7644	7681
12.0571	7681	7718
12.059	7718	7755
12.0609	7755	7792
12.0628	7792	7828
12.0647	7828	7864
12.0666	7864	7900
12.0685	7900	7936
12.0703	7936	7972
12.0722	7972	8008
12.0741	8008	8043
12.076	8043	8078
12.0779	8078	8113
12.0798	8113	8148
12.0817	8148	8183
12.0836	8183	8218
12.0854	8218	8252
12.0873	8252	8286
12.0892	8286	8320
12.0911	8320	8354
12.093	8354	8388
12.0949	8388	8422
12.0968	8422	8456
12.0987	8456	8489
12.1006	8489	8522
12.1024	8522	8555
12.1043	8555	8588
12.1062	8588	8621
12.1081	8621	8654
12.11	8654	8687
12.1119	8687	8720
12.1138	8720	8752
12.1157	8752	8784
12.1175	8784	8816
12.1194	8816	8848
12.1213	8848	8880
12.1232	8880	8912
12.1251	8912	8944
12.127	8944	8976
12.1289	8976	9008
12.1308	9008	9039
12.1326	9039	9070
12.1345	9070	9101
12.1364	9101	9132
12.1383	9132	9163
12.1402	9163	9194
12.1421	9194	9225
12.144	9225	9256
12.1459	9256	9287
12.1478	9287	9317
12.1496	9317	9347
12.1515	9347	9377
12.1534	9377	9407
12.1553	9407	9437
12.1572	9437	9467
12.1591	9467	9497
12.161	9497	9527
12.1629	9527	9557
12.1647	9557	9587
12.1666	9587	9616
12.1685	9616	9645
12.1704	9645	9674
12.1723	9674	9703
12.1742	9703	9732
12.1761	9732	9761
12.178	9761	9790
12.1798	9790	9819
12.1817	9819	9848
12.1836	9848	9877
12.1855	9877	9906
12.1874	9906	9935
12.1893	9935	9963
12.1912	9963	9991
12.1931	9991	10019
12.195	10019	10047
12.1968	10047	10075
12.1987	10075	10103
12.2006	10103	10131
12.2025	10131	10159
12.2044	10159	10187
12.2063	10187	10215
12.2082	10215	10243
12.2101	10243	10271
12.2119	10271	10298
12.2138	10298	10325
12.2157	10325	10352
12.2176	10352	10379
12.2195	10379	10406
12.2214	10406	10433
12.2233	10433	10460
12.2252	10460	10487
12.227	10487	10514
12.2289	10514	10541
12.2308	10541	10568
12.2327	10568	10595
12.2346	10595	10622
12.2365	10622	10649
12.2384	10649	10675
12.2403	10675	10701
12.2422	10701	10727
12.244	10727	10753
12.2459	10753	10779
12.2478	10779	10805
12.2497	10805	10831
12.2516	10831	10857
12.2535	10857	10883
12.2554	10883	10909
12.2573	10909	10935
12.2591	10935	10961
12.261	10961	10987
12.2629	10987	11013
12.2648	11013	11039
12.2667	11039	11065
12.2686	11065	11090
12.2705	11090	11115
12.2724	11115	11140
12.2742	11140	11165
12.2761	11165	11190
12.278	11190	11215
12.2799	11215	11240
12.2818	11240	11265
12.2837	11265	11290
12.2856	11290	11315
12.2875	11315	11340
12.2894	11340	11365
12.2912	11365	11390
12.2931	11390	11415
12.295	11415	11440
12.2969	11440	11465
12.2988	11465	11490
12.3007	11490	11515
12.3026	11515	11539
12.3045	11539	11563
12.3063	11563	11587
12.3082	11587	11611
12.3101	11611	11635
12.312	11635	11659
12.3139	11659	11683
12.3158	11683	11707
12.3177	11707	11731
12.3196	11731	11755
12.3214	11755	11779
12.3233	11779	11803
12.3252	11803	11827
12.3271	11827	11851
12.329	11851	11875
12.3309	11875	11899
12.3328	11899	11923
12.3347	11923	11947
12.3366	11947	11971
12.3384	11971	11994
12.3403	11994	12017
12.3422	12017	12040
12.3441	12040	12063
12.346	12063	12086
12.3479	12086	12109
12.3498	12109	12132
12.3517	12132	12155
12.3535	12155	12178
12.3554	12178	12201
12.3573	12201	12224
12.3592	12224	12247
12.3611	12247	12270
12.363	12270	12293
12.3649	12293	12316
12.3668	12316	12339
12.3686	12339	12362
12.3705	12362	12385
12.3724	12385	12408
12.3743	12408	12431
12.3762	12431	12454
12.3781	12454	12477
12.38	12477	12500
12.3819	12500	12522
12.3838	12522	12544
12.3856	12544	12566
12.3875	12566	12588
12.3894	12588	12610
12.3913	12610	12632
12.3932	12632	12654
12.3951	12654	12676
12.397	12676	12698
12.3989	12698	12720
12.4007	12720	12742
12.4026	12742	12764
12.4045	12764	12786
12.4064	12786	12808
12.4083	12808	12830
12.4102	12830	12852
12.4121	12852	12874
12.414	12874	12896
12.4158	12896	12918
12.4177	12918	12940
12.4196	12940	12962
12.4215	12962	12984
12.4234	12984	13006
12.4253	13006	13028
12.4272	13028	13050
12.4291	13050	13072
12.431	13072	13093
12.4328	13093	13114
12.4347	13114	13135
12.4366	13135	13156
12.4385	13156	13177
12.4404	13177	13198
12.4423	13198	13219
12.4442	13219	13240
12.4461	13240	13261
12.4479	13261	13282
12.4498	13282	13303
12.4517	13303	13324
12.4536	13324	13345
12.4555	13345	13366
12.4574	13366	13387
12.4593	13387	13408
12.4612	13408	13429
12.463	13429	13450
12.4649	13450	13471
12.4668	13471	13492
12.4687	13492	13513
12.4706	13513	13534
12.4725	13534	13555
12.4744	13555	13576
12.4763	13576	13597
12.4782	13597	13618
12.48	13618	13639
12.4819	13639	13660
12.4838	13660	13681
12.4857	13681	13701
12.4876	13701	13721
12.4895	13721	13741
12.4914	13741	13761
12.4933	13761	13781
12.4951	13781	13801
12.497	13801	13821
12.4989	13821	13841
12.5008	13841	13861
12.5027	13861	13881
12.5046	13881	13901
12.5065	13901	13921
12.5084	13921	13941
12.5102	13941	13961
12.5121	13961	13981
12.514	13981	14001
12.5159	14001	14021
12.5178	14021	14041
12.5197	14041	14061
12.5216	14061	14081
12.5235	14081	14101
12.5254	14101	14121
12.5272	14121	14141
12.5291	14141	14161
12.531	14161	14181
12.5329	14181	14201
12.5348	14201	14221
12.5367	14221	14241
12.5386	14241	14261
12.5405	14261	14281
12.5423	14281	14301
12.5442	14301	14321
12.5461	14321	14341
12.548	14341	14361
12.5499	14361	14381
12.5518	14381	14400
12.5537	14400	14419
12.5556	14419	14438
12.5574	14438	14457
12.5593	14457	14476
12.5612	14476	14495
12.5631	14495	14514
12.565	14514	14533
12.5669	14533	14552
12.5688	14552	14571
12.5707	14571	14590
12.5726	14590	14609
12.5744	14609	14628
12.5763	14628	14647
12.5782	14647	14666
12.5801	14666	14685
12.582	14685	14704
12.5839	14704	14723
12.5858	14723	14742
12.5877	14742	14761
12.5895	14761	14780
12.5914	14780	14799
12.5933	14799	14818
12.5952	14818	14837
12.5971	14837	14856
12.599	14856	14875
12.6009	14875	14894
12.6028	14894	14913
12.6046	14913	14932
12.6065	14932	14951
12.6084	14951	14970
12.6103	14970	14989
12.6122	14989	15008
12.6141	15008	15027
12.616	15027	15046
12.6179	15046	15065
12.6198	15065	15084
12.6216	15084	15103
12.6235	15103	15122
12.6254	15122	15140
12.6273	15140	15158
12.6292	15158	15176
12.6311	15176	15194
12.633	15194	15212
12.6349	15212	15230
12.6367	15230	15248
12.6386	15248	15266
12.6405	15266	15284
12.6424	15284	15302
12.6443	15302	15320
12.6462	15320	15338
12.6481	15338	15356
12.65	15356	15374
12.6518	15374	15392
12.6537	15392	15410
12.6556	15410	15428
12.6575	15428	15446
12.6594	15446	15464
12.6613	15464	15482
12.6632	15482	15500
12.6651	15500	15518
12.667	15518	15536
12.6688	15536	15554
12.6707	15554	15572
12.6726	15572	15590
12.6745	15590	15608
12.6764	15608	15626
12.6783	15626	15644
12.6802	15644	15662
12.6821	15662	15680
12.6839	15680	15698
12.6858	15698	15716
12.6877	15716	15734
12.6896	15734	15752
12.6915	15752	15770
12.6934	15770	15788
12.6953	15788	15806
12.6972	15806	15824
12.699	15824	15842
12.7009	15842	15860
12.7028	15860	15878
12.7047	15878	15896
12.7066	15896	15914
12.7085	15914	15932
12.7104	15932	15950
12.7123	15950	15968
12.7142	15968	15985
12.716	15985	16002
12.7179	16002	16019
12.7198	16019	16036
12.7217	16036	16053
12.7236	16053	16070
12.7255	16070	16087
12.7274	16087	16104
12.7293	16104	16121
12.7311	16121	16138
12.733	16138	16155
12.7349	16155	16172
12.7368	16172	16189
12.7387	16189	16206
12.7406	16206	16223
12.7444	16223	15544
12.7576	15544	15276
12.7585	15276	15008
12.7595	15008	14740
12.7604	14740	14472
12.7614	14472	14204
12.7623	14204	13936
12.7633	13936	13668
12.7642	13668	13400
12.7651	13400	13132
12.7661	13132	12864
12.767	12864	12596
12.768	12596	12328
12.7689	12328	12060
12.7699	12060	11792
12.7708	11792	11524
12.7717	11524	7504
12.7736	7504	7542
12.7755	7542	7580
12.7774	7580	7617
12.7793	7617	7654
12.7812	7654	7691
12.7831	7691	7728
12.785	7728	7765
12.7868	7765	7801
12.7887	7801	7837
12.7906	7837	7873
12.7925	7873	7909
12.7944	7909	7945
12.7963	7945	7981
12.7982	7981	8016
12.8001	8016	8051
12.8019	8051	8086
12.8038	8086	8121
12.8057	8121	8156
12.8076	8156	8191
12.8095	8191	8226
12.8114	8226	8260
12.8133	8260	8294
12.8152	8294	8328
12.817	8328	8362
12.8189	8362	8396
12.8208	8396	8430
12.8227	8430	8464
12.8246	8464	8497
12.8265	8497	8530
12.8284	8530	8563
12.8303	8563	8596
12.8322	8596	8629
12.834	8629	8662
12.8359	8662	8695
12.8378	8695	8728
12.8397	8728	8760
12.8416	8760	8792
12.8435	8792	8824
12.8454	8824	8856
12.8473	8856	8888
12.8491	8888	8920
12.851	8920	8952
12.8529	8952	8984
12.8548	8984	9015
12.8567	9015	9046
12.8586	9046	9077
12.8605	9077	9108
12.8624	9108	9139
12.8671	9139	8576
12.8746	8576	8308
12.8756	8308	8040
12.8765	8040	7772
12.8775	7772	7504
12.8784	7504	7236
12.8794	7236	6968
12.8803	6968	6700
12.8813	6700	6432
12.8822	6432	4020
12.8822	4020	4091
12.8841	4091	4161
12.886	4161	4230
12.8878	4230	4297
12.8897	4297	4363
12.8916	4363	4428
12.8935	4428	4492
12.8954	4492	4555
12.8973	4555	4618
12.8992	4618	4680
12.9011	4680	4741
12.903	4741	4801
12.9048	4801	4860
12.9067	4860	4919
12.9086	4919	4977
12.9105	4977	5034
12.9124	5034	5091
12.9143	5091	5147
12.9162	5147	5202
12.9181	5202	5257
12.9199	5257	5311
12.9218	5311	5365
12.9237	5365	5418
12.9256	5418	5471
12.9275	5471	5523
12.9294	5523	5575
12.9313	5575	5626
12.9351	5626	4824
12.9388	4824	4556
12.9398	4556	4288
12.9407	4288	4020
12.9417	4020	3752
12.9426	3752	3484
12.9435	3484	2144
12.9454	2144	2278
12.9473	2278	2404
12.9505	2404	2523
12.9533	2523	2636
12.9564	2636	2744
12.9593	2744	2848
12.9624	2848	2948
12.9643	2948	3045
12.9674	3045	3139
12.9693	3139	3230
12.9725	3230	3318
12.9744	3318	3404
12.9762	3404	3488
12.9784	3488	3570
12.9803	3570	3650
12.9822	3650	3728
12.9844	3728	3805
12.9863	3805	3880
12.9882	3880	3954
12.9904	3954	4026
12.9923	4026	4097
12.9942	4097	4167
12.9961	4167	4235
12.9979	4235	4302
12.9998	4302	4368
13.0017	4368	4433
13.0036	4433	4497
13.0055	4497	4560
13.0074	4560	4623
13.0093	4623	4685
13.0112	4685	4746
13.0131	4746	4806
13.0149	4806	4865
13.0168	4865	4924
13.0187	4924	4982
13.0206	4982	5039
13.0225	5039	5096
13.0244	5096	5152
13.0263	5152	5207
13.0282	5207	5262
13.03	5262	5316
13.0319	5316	5370
13.0338	5370	5423
13.0357	5423	5475
13.0376	5475	5527
13.0395	5527	5578
13.0414	5578	5629
13.0433	5629	5680
13.0451	5680	5730
13.047	5730	5780
13.0489	5780	5829
13.0508	5829	5878
13.0527	5878	5926
13.0546	5926	5974
13.0565	5974	6022
13.0584	6022	6069
13.0603	6069	6116
13.0621	6116	6162
13.064	6162	6208
13.0659	6208	6254
13.0678	6254	6299
13.0697	6299	6344
13.0716	6344	6389
13.0735	6389	6433
13.0754	6433	6477
13.0772	6477	6521
13.0791	6521	6565
13.081	6565	6608
13.0829	6608	6651
13.0848	6651	6694
13.0867	6694	6736
13.0886	6736	6778
13.0905	6778	6820
13.0923	6820	6862
13.0942	6862	6903
13.0961	6903	6944
13.098	6944	6985
13.0999	6985	7026
13.1018	7026	7066
13.1037	7066	7106
13.1056	7106	7146
13.1075	7146	7186
13.1093	7186	7225
13.1112	7225	7264
13.1131	7264	7303
13.115	7303	7342
13.1169	7342	7381
13.1188	7381	7419
13.1207	7419	7457
13.1226	7457	7495
13.1244	7495	7533
13.1263	7533	7571
13.1282	7571	7608
13.1301	7608	7645
13.132	7645	7682
13.1339	7682	7719
13.1358	7719	7756
13.1377	7756	7793
13.1395	7793	7829
13.1414	7829	7865
13.1433	7865	7901
13.1452	7901	7937
13.1471	7937	7973
13.149	7973	8009
13.1509	8009	8044
13.1528	8044	8079
13.1547	8079	8114
13.1565	8114	8149
13.1584	8149	8184
13.1603	8184	8219
13.1622	8219	8253
13.1641	8253	8287
13.166	8287	8321
13.1679	8321	8355
13.1698	8355	8389
13.1716	8389	8423
13.1735	8423	8457
13.1754	8457	8490
13.1773	8490	8523
13.1792	8523	8556
13.1811	8556	8589
13.183	8589	8622
13.1849	8622	8655
13.1867	8655	8688
13.1886	8688	8721
13.1905	8721	8753
13.1924	8753	8785
13.1943	8785	8817
13.1962	8817	8849
13.1981	8849	8881
13.2	8881	8913
13.2019	8913	8945
13.2037	8945	8977
13.2056	8977	9009
13.2075	9009	9040
13.2094	9040	9071
13.2113	9071	9102
13.2132	9102	9133
13.2151	9133	9164
13.217	9164	9195
13.2188	9195	9226
13.2207	9226	9257
13.2226	9257	9288
13.2245	9288	9318
13.2264	9318	9348
13.2302	9348	8576
13.2377	8576	8308
13.2387	8308	8040
13.2396	8040	7772
13.2406	7772	7504
13.2415	7504	7236
13.2425	7236	6968
13.2434	6968	6700
13.2443	6700	6432
13.2453	6432	4020
13.2453	4020	4091
13.2472	4091	4161
13.2491	4161	4230
13.2509	4230	4297
13.2528	4297	4363
13.2547	4363	4428
13.2566	4428	4492
13.2585	4492	4555
13.2604	4555	4618
13.2623	4618	4680
13.2642	4680	4741
13.266	4741	4801
13.2679	4801	4860
13.2698	4860	4919
13.2717	4919	4977
13.2736	4977	5034
13.2755	5034	5091
13.2774	5091	5147
13.2793	5147	5202
13.2811	5202	5257
13.283	5257	5311
13.2849	5311	5365
13.2868	5365	5418
13.2887	5418	5471
13.2906	5471	5523
13.2925	5523	5575
13.2944	5575	5626
13.2963	5626	5677
13.2981	5677	5727
13.3	5727	5777
13.3019	5777	5826
13.3038	5826	5875
13.3057	5875	5923
13.3076	5923	5971
13.3114	5971	5360
13.3161	5360	5092
13.317	5092	4824
13.318	4824	4556
13.3189	4556	4288
13.3199	4288	4020
13.3208	4020	2412
13.3227	2412	2531
13.3246	2531	2644
13.3265	2644	2752
13.3305	2752	2856
13.3324	2856	2956
13.3356	2956	3053
13.3375	3053	3147
13.3406	3147	3238
13.3425	3238	3326
13.3456	3326	3412
13.3475	3412	3496
13.3494	3496	3578
13.3516	3578	3658
13.3535	3658	3736
13.3554	3736	3812
13.3576	3812	3887
13.3595	3887	3960
13.3614	3960	4032
13.3633	4032	4103
13.3651	4103	4173
13.367	4173	4241
13.3689	4241	4308
13.3708	4308	4374
13.3727	4374	4439
13.3746	4439	4503
13.3765	4503	4566
13.3784	4566	4628
13.3802	4628	4690
13.3821	4690	4751
13.384	4751	4811
13.3859	4811	4870
13.3878	4870	4928
13.3897	4928	4986
13.3916	4986	5043
13.3935	5043	5099
13.3953	5099	5155
13.3972	5155	5210
13.3991	5210	5265
13.401	5265	5319
13.4029	5319	5373
13.4048	5373	5426
13.4067	5426	5478
13.4086	5478	5530
13.4105	5530	5581
13.4123	5581	5632
13.4142	5632	5683
13.4161	5683	5733
13.418	5733	5783
13.4199	5783	5832
13.4218	5832	5881
13.4237	5881	5929
13.4256	5929	5977
13.4274	5977	6025
13.4293	6025	6072
13.4312	6072	6119
13.4331	6119	6165
13.435	6165	6211
13.4369	6211	6257
13.4388	6257	6302
13.4407	6302	6347
13.4425	6347	6392
13.4444	6392	6436
13.4463	6436	6480
13.4482	6480	6524
13.4501	6524	6568
13.452	6568	6611
13.4539	6611	6654
13.4558	6654	6697
13.4577	6697	6739
13.4595	6739	6781
13.4614	6781	6823
13.4633	6823	6865
13.4652	6865	6906
13.4671	6906	6947
13.469	6947	6988
13.4709	6988	7029
13.4728	7029	7069
13.4746	7069	7109
13.4765	7109	7149
13.4784	7149	7189
13.4803	7189	7228
13.4822	7228	7267
13.4841	7267	7306
13.486	7306	7345
13.4879	7345	7384
13.4897	7384	7422
13.4916	7422	7460
13.4935	7460	7498
13.4954	7498	7536
13.4973	7536	7574
13.4992	7574	7611
13.5011	7611	7648
13.503	7648	7685
13.5049	7685	7722
13.5067	7722	7759
13.5086	7759	7796
13.5105	7796	7832
13.5124	7832	7868
13.5143	7868	7904
13.5162	7904	7940
13.5181	7940	7976
13.52	7976	8012
13.5218	8012	8047
13.5237	8047	8082
13.5256	8082	8117
13.5275	8117	8152
13.5294	8152	8187
13.5313	8187	8222
13.5332	8222	8256
13.5351	8256	8290
13.5369	8290	8324
13.5388	8324	8358
13.5407	8358	8392
13.5426	8392	8426
13.5445	8426	8460
13.5464	8460	8493
13.5483	8493	8526
13.5502	8526	8559
13.5521	8559	8592
13.5539	8592	8625
13.5558	8625	8658
13.5577	8658	8691
13.5596	8691	8724
13.5615	8724	8756
13.5634	8756	8788
13.5653	8788	8820
13.5672	8820	8852
13.569	8852	8884
13.5709	8884	8916
13.5728	8916	8948
13.5747	8948	8980
13.5766	8980	9011
13.5785	9011	9042
13.5804	9042	9073
13.5823	9073	9104
13.5841	9104	9135
13.586	9135	9166
13.5879	9166	9197
13.5898	9197	9228
13.5917	9228	9259
13.5936	9259	9290
13.5955	9290	9320
13.5974	9320	9350
13.5993	9350	9380
13.6011	9380	9410
13.603	9410	9440
13.6049	9440	9470
13.6068	9470	9500
13.6087	9500	9530
13.6106	9530	9560
13.6125	9560	9590
13.6144	9590	9619
13.6162	9619	9648
13.6181	9648	9677
13.62	9677	9706
13.6219	9706	9735
13.6238	9735	9764
13.6257	9764	9793
13.6276	9793	9822
13.6295	9822	9851
13.6313	9851	9880
13.6332	9880	9909
13.6351	9909	9937
13.637	9937	9965
13.6389	9965	9993
13.6408	9993	10021
13.6427	10021	10049
13.6446	10049	10077
13.6465	10077	10105
13.6483	10105	10133
13.6502	10133	10161
13.6521	10161	10189
13.654	10189	10217
13.6559	10217	10245
13.6578	10245	10273
13.6597	10273	10300
13.6616	10300	10327
13.6634	10327	10354
13.6653	10354	10381
13.6672	10381	10408
13.6691	10408	10435
13.671	10435	10462
13.6748	10462	9648
13.6833	9648	9380
13.6842	9380	9112
13.6852	9112	8844
13.6861	8844	8576
13.6871	8576	8308
13.688	8308	8040
13.6889	8040	7772
13.6899	7772	7504
13.6908	7504	7236
13.6918	7236	4556
13.6918	4556	4619
13.6937	4619	4681
13.6955	4681	4742
13.6974	4742	4802
13.6993	4802	4861
13.7012	4861	4920
13.7031	4920	4978
13.705	4978	5035
13.7069	5035	5092
13.7088	5092	5148
13.7106	5148	5203
13.7125	5203	5258
13.7144	5258	5312
13.7163	5312	5366
13.7182	5366	5419
13.7201	5419	5472
13.722	5472	5524
13.7239	5524	5576
13.7257	5576	5627
13.7276	5627	5678
13.7295	5678	5728
13.7314	5728	5778
13.7333	5778	5827
13.7352	5827	5876
13.7371	5876	5924
13.739	5924	5972
13.7409	5972	6020
13.7427	6020	6067
13.7446	6067	6114
13.7465	6114	6160
13.7484	6160	6206
13.7503	6206	6252
13.7522	6252	6297
13.7541	6297	6342
13.756	6342	6387
13.7578	6387	6431
13.7597	6431	6475
13.7616	6475	6519
13.7635	6519	6563
13.7654	6563	6606
13.7673	6606	6649
13.7692	6649	6692
13.7711	6692	6734
13.7729	6734	6776
13.7748	6776	6818
13.7767	6818	6860
13.7805	6860	5896
13.7852	5896	5628
13.7862	5628	5360
13.7871	5360	5092
13.7881	5092	4824
13.789	4824	4556
13.79	4556	4288
13.7909	4288	2680
13.7928	2680	2787
13.7947	2787	2890
13.7965	2890	2989
13.7997	2989	3085
13.8016	3085	3178
13.8047	3178	3268
13.8066	3268	3355
13.8098	3355	3440
13.8116	3440	3523
13.8135	3523	3604
13.8157	3604	3683
13.8176	3683	3761
13.8195	3761	3837
13.8217	3837	3911
13.8236	3911	3984
13.8255	3984	4056
13.8274	4056	4126
13.8321	4126	3216
13.8353	3216	2948
13.8362	2948	2680
13.8371	2680	2412
13.8381	2412	1340
13.8381	1340	1554
13.84	1554	1738
13.845	1738	1903
13.85	1903	2053
13.855	2053	2192
13.8601	2192	2323
13.862	2323	2446
13.8661	2446	2563
13.8679	2563	2675
13.878	2675	1608
13.879	1608	1072
13.8831	1072	1340
13.8881	1340	1554
13.8941	1554	1738
13.9	1738	1903
13.9051	1903	2053
13.9101	2053	2192
13.9151	2192	2323
13.917	2323	2446
13.9211	2446	2563
13.923	2563	2675
13.9271	2675	2782
13.929	2782	2885
13.9331	2885	2984
13.9349	2984	3080
13.9381	3080	3173
13.94	3173	3263
13.945	3263	2680
13.9469	2680	2412
13.9482	2412	2144
13.9491	2144	1876
13.95	1876	1072
13.95	1072	1340
13.9532	1340	1554
13.9592	1554	1738
13.9651	1738	1903
13.9702	1903	2053
13.9752	2053	2192
13.9802	2192	2323
13.9821	2323	2446
13.9862	2446	2563
13.9881	2563	2675
13.9922	2675	2782
13.9941	2782	2885
13.9982	2885	2984
14.0001	2984	3080
14.0032	3080	3173
14.0051	3173	3263
14.0082	3263	3351
14.0101	3351	3436
14.012	3436	3519
14.0142	3519	3600
14.0161	3600	3679
14.018	3679	3757
14.0202	3757	3833
14.0221	3833	3907
14.0239	3907	3980
14.0258	3980	4052
14.0277	4052	4122
14.0296	4122	4191
14.0315	4191	4259
14.0334	4259	4326
14.0372	4326	3752
14.04	3752	3484
14.041	3484	3216
14.0419	3216	2948
14.0428	2948	2680
14.0438	2680	1608
14.0438	1608	1786
14.0457	1786	1946
14.0479	1946	2093
14.0529	2093	2230
14.0579	2230	2358
14.0598	2358	2479
14.0639	2479	2594
14.0658	2594	2704
14.0699	2704	2810
14.0718	2810	2912
14.0749	2912	3010
14.0768	3010	3105
14.0799	3105	3197
14.0818	3197	3286
14.085	3286	3373
14.0869	3373	3458
14.0887	3458	3541
14.0909	3541	3622
14.0928	3622	3701
14.0947	3701	3778
14.0969	3778	3854
14.0988	3854	3928
14.1007	3928	4001
14.1026	4001	4072
14.1045	4072	4142
14.1064	4142	4211
14.1082	4211	4279
14.1101	4279	4346
14.112	4346	4412
14.1139	4412	4477
14.1158	4477	4541
14.1177	4541	4604
14.1196	4604	4666
14.1215	4666	4727
14.1234	4727	4787
14.1252	4787	4847
14.1271	4847	4906
14.129	4906	4964
14.1309	4964	5021
14.1328	5021	5078
14.1347	5078	5134
14.1366	5134	5189
14.1385	5189	5244
14.1403	5244	5298
14.1422	5298	5352
14.1441	5352	5405
14.146	5405	5458
14.1479	5458	5510
14.1498	5510	5562
14.1517	5562	5613
14.1536	5613	5664
14.1554	5664	5714
14.1573	5714	5764
14.1592	5764	5813
14.1611	5813	5862
14.163	5862	5911
14.1649	5911	5959
14.1668	5959	6007
14.1687	6007	6054
14.1706	6054	6101
14.1724	6101	6148
14.1743	6148	6194
14.1762	6194	6240
14.1781	6240	6286
14.18	6286	6331
14.1819	6331	6376
14.1838	6376	6421
14.1857	6421	6465
14.1875	6465	6509
14.1894	6509	6553
14.1913	6553	6596
14.1932	6596	6639
14.1951	6639	6682
14.197	6682	6724
14.1989	6724	6766
14.2008	6766	6808
14.2026	6808	6850
14.2045	6850	6891
14.2064	6891	6932
14.2083	6932	6973
14.2102	6973	7014
14.2121	7014	7054
14.214	7054	7094
14.2159	7094	7134
14.2178	7134	7174
14.2196	7174	7214
14.2215	7214	7253
14.2234	7253	7292
14.2253	7292	7331
14.2272	7331	7370
14.2291	7370	7408
14.231	7408	7446
14.2329	7446	7484
14.2347	7484	7522
14.2366	7522	7560
14.2385	7560	7598
14.2404	7598	7635
14.2423	7635	7672
14.2442	7672	7709
14.2461	7709	7746
14.248	7746	7783
14.2498	7783	7819
14.2517	7819	7855
14.2536	7855	7891
14.2555	7891	7927
14.2574	7927	7963
14.2593	7963	7999
14.2612	7999	8034
14.2631	8034	8069
14.265	8069	8104
14.2668	8104	8139
14.2687	8139	8174
14.2706	8174	8209
14.2725	8209	8243
14.2744	8243	8277
14.2763	8277	8311
14.2782	8311	8345
14.2801	8345	8379
14.2819	8379	8413
14.2838	8413	8447
14.2857	8447	8481
14.2876	8481	8514
14.2895	8514	8547
14.2914	8547	8580
14.2933	8580	8613
14.2952	8613	8646
14.297	8646	8679
14.2989	8679	8712
14.3008	8712	8744
14.3027	8744	8776
14.3046	8776	8808
14.3065	8808	8840
14.3084	8840	8872
14.3103	8872	8904
14.3122	8904	8936
14.314	8936	8968
14.3159	8968	9000
14.3178	9000	9031
14.3197	9031	9062
14.3216	9062	9093
14.3235	9093	9124
14.3254	9124	9155
14.3273	9155	9186
14.3291	9186	9217
14.331	9217	9248
14.3329	9248	9279
14.3348	9279	9309
14.3367	9309	9339
14.3386	9339	9369
14.3405	9369	9399
14.3424	9399	9429
14.3442	9429	9459
14.3461	9459	9489
14.348	9489	9519
14.3499	9519	9549
14.3518	9549	9579
14.3537	9579	9608
14.3556	9608	9637
14.3575	9637	9666
14.3594	9666	9695
14.3612	9695	9724
14.3631	9724	9753
14.365	9753	9782
14.3669	9782	9811
14.3688	9811	9840
14.3707	9840	9869
14.3726	9869	9898
14.3745	9898	9927
14.3763	9927	9955
14.3782	9955	9983
14.3801	9983	10011
14.382	10011	10039
14.3839	10039	10067
14.3858	10067	10095
14.3877	10095	10123
14.3896	10123	10151
14.3914	10151	10179
14.3933	10179	10207
14.3952	10207	10235
14.3971	10235	10263
14.399	10263	10290
14.4009	10290	10317
14.4028	10317	10344
14.4047	10344	10371
14.4066	10371	10398
14.4084	10398	10425
14.4103	10425	10452
14.4122	10452	10479
14.4141	10479	10506
14.416	10506	10533
14.4198	10533	9648
14.4283	9648	9380
14.4292	9380	9112
14.4302	9112	8844
14.4311	8844	8576
14.4321	8576	8308
14.433	8308	8040
14.4339	8040	7772
14.4349	7772	7504
14.4358	7504	7236
14.4368	7236	4556
14.4386	4556	4619
14.4405	4619	4681
14.4424	4681	4742
14.4443	4742	4802
14.4462	4802	4861
14.4481	4861	4920
14.45	4920	4978
14.4519	4978	5035
14.4538	5035	5092
14.4556	5092	5148
14.4594	5148	4288
14.4632	4288	4020
14.4642	4020	3752
14.4651	3752	3484
14.466	3484	3216
14.467	3216	1876
14.467	1876	2029
14.4689	2029	2170
14.4707	2170	2302
14.4739	2302	2426
14.4767	2426	2544
14.4799	2544	2656
14.4827	2656	2764
14.4858	2764	2867
14.4887	2867	2967
14.4909	2967	3063
14.4937	3063	3156
14.4959	3156	3247
14.5019	3247	2680
14.5047	2680	2412
14.5057	2412	2144
14.5066	2144	1876
14.5075	1876	1072
14.5075	1072	1340
14.5208	1340	536
14.5258	536	1072
14.5258	1072	1340
14.5318	1340	1554
14.5378	1554	1738
14.5438	1738	1903
14.5488	1903	2053
14.5538	2053	2192
14.5588	2192	2323
14.5607	2323	2446
14.5648	2446	2563
14.5667	2563	2675
14.5708	2675	2782
14.5727	2782	2885
14.5768	2885	2984
14.5787	2984	3080
14.5818	3080	3173
14.5837	3173	3263
14.5868	3263	3351
14.5887	3351	3436
14.5906	3436	3519
14.5928	3519	3600
14.5947	3600	3679
14.5966	3679	3757
14.5988	3757	3833
14.6007	3833	3907
14.6026	3907	3980
14.6044	3980	4052
14.6063	4052	4122
14.6082	4122	4191
14.6101	4191	4259
14.612	4259	4326
14.6139	4326	4392
14.6158	4392	4457
14.6177	4457	4521
14.6195	4521	4584
14.6214	4584	4646
14.6233	4646	4707
14.6252	4707	4768
14.6271	4768	4828
14.629	4828	4887
14.6309	4887	4945
14.6328	4945	5003
14.6347	5003	5060
14.6365	5060	5116
14.6384	5116	5172
14.6403	5172	5227
14.6422	5227	5281
14.6441	5281	5335
14.646	5335	5388
14.6479	5388	5441
14.6498	5441	5493
14.6516	5493	5545
14.6535	5545	5596
14.6554	5596	5647
14.6573	5647	5697
14.6592	5697	5747
14.6611	5747	5796
14.663	5796	5845
14.6649	5845	5894
14.6667	5894	5942
14.6686	5942	5990
14.6705	5990	6037
14.6724	6037	6084
14.6743	6084	6131
14.6762	6131	6177
14.6781	6177	6223
14.68	6223	6269
14.6819	6269	6314
14.6837	6314	6359
14.6856	6359	6404
14.6875	6404	6448
14.6894	6448	6492
14.6913	6492	6536
14.6932	6536	6579
14.6951	6579	6622
14.697	6622	6665
14.6988	6665	6708
14.7007	6708	6750
14.7026	6750	6792
14.7045	6792	6834
14.7064	6834	6876
14.7083	6876	6917
14.7102	6917	6958
14.7121	6958	6999
14.7139	6999	7040
14.7158	7040	7080
14.7177	7080	7120
14.7196	7120	7160
14.7215	7160	7200
14.7234	7200	7239
14.7253	7239	7278
14.7272	7278	7317
14.7291	7317	7356
14.7309	7356	7395
14.7328	7395	7433
14.7347	7433	7471
14.7366	7471	7509
14.7385	7509	7547
14.7404	7547	7585
14.7423	7585	7622
14.7442	7622	7659
14.746	7659	7696
14.7479	7696	7733
14.7498	7733	7770
14.7517	7770	7806
14.7536	7806	7842
14.7555	7842	7878
14.7574	7878	7914
14.7593	7914	7950
14.7611	7950	7986
14.763	7986	8021
14.7649	8021	8056
14.7668	8056	8091
14.7687	8091	8126
14.7706	8126	8161
14.7725	8161	8196
14.7744	8196	8231
14.7763	8231	8265
14.7781	8265	8299
14.78	8299	8333
14.7819	8333	8367
14.7838	8367	8401
14.7857	8401	8435
14.7876	8435	8469
14.7895	8469	8502
14.7914	8502	8535
14.7932	8535	8568
14.7951	8568	8601
14.797	8601	8634
14.7989	8634	8667
14.8008	8667	8700
14.8027	8700	8733
14.8046	8733	8765
14.8065	8765	8797
14.8083	8797	8829
14.8102	8829	8861
14.8121	8861	8893
14.814	8893	8925
14.8159	8925	8957
14.8178	8957	8989
14.8197	8989	9020
14.8216	9020	9051
14.8235	9051	9082
14.8253	9082	9113
14.8272	9113	9144
14.8291	9144	9175
14.831	9175	9206
14.8329	9206	9237
14.8348	9237	9268
14.8367	9268	9298
14.8386	9298	9328
14.8404	9328	9358
14.8423	9358	9388
14.8442	9388	9418
14.8461	9418	9448
14.848	9448	9478
14.8499	9478	9508
14.8518	9508	9538
14.8537	9538	9568
14.8555	9568	9598
14.8574	9598	9627
14.8593	9627	9656
14.8612	9656	9685
14.8631	9685	9714
14.865	9714	9743
14.8669	9743	9772
14.8688	9772	9801
14.8707	9801	9830
14.8725	9830	9859
14.8744	9859	9888
14.8763	9888	9917
14.8782	9917	9945
14.8801	9945	9973
14.882	9973	10001
14.8839	10001	10029
14.8858	10029	10057
14.8876	10057	10085
14.8895	10085	10113
14.8914	10113	10141
14.8933	10141	10169
14.8952	10169	10197
14.8971	10197	10225
14.899	10225	10253
14.9009	10253	10281
14.9027	10281	10308
14.9046	10308	10335
14.9065	10335	10362
14.9084	10362	10389
14.9103	10389	10416
14.9122	10416	10443
14.9141	10443	10470
14.916	10470	10497
14.9179	10497	10524
14.9197	10524	10551
14.9216	10551	10578
14.9235	10578	10605
14.9254	10605	10632
14.9273	10632	10659
14.9292	10659	10685
14.9311	10685	10711
14.933	10711	10737
14.9348	10737	10763
14.9367	10763	10789
14.9386	10789	10815
14.9405	10815	10841
14.9424	10841	10867
14.9443	10867	10893
14.9462	10893	10919
14.9481	10919	10945
14.9499	10945	10971
14.9518	10971	10997
14.9537	10997	11023
14.9556	11023	11049
14.9575	11049	11075
14.9594	11075	11100
14.9613	11100	11125
14.9632	11125	11150
14.9651	11150	11175
14.9669	11175	11200
14.9688	11200	11225
14.9707	11225	11250
14.9726	11250	11275
14.9745	11275	11300
14.9764	11300	11325
14.9783	11325	11350
14.9802	11350	11375
14.982	11375	11400
14.9839	11400	11425
14.9858	11425	11450
14.9877	11450	11475
14.9896	11475	11500
14.9915	11500	11524
14.9934	11524	11548
14.9953	11548	11572
14.9971	11572	11596
14.999	11596	11620
15.0009	11620	11644
15.0028	11644	11668
15.0047	11668	11692
15.0066	11692	11716
15.0085	11716	11740
15.0104	11740	11764
15.0123	11764	11788
15.0141	11788	11812
15.016	11812	11836
15.0179	11836	11860
15.0198	11860	11884
15.0217	11884	11908
15.0236	11908	11932
15.0255	11932	11956
15.0274	11956	11980
15.0292	11980	12003
15.0311	12003	12026
15.033	12026	12049
15.0349	12049	12072
15.0368	12072	12095
15.0387	12095	12118
15.0406	12118	12141
15.0425	12141	12164
15.0443	12164	12187
15.0462	12187	12210
15.0481	12210	12233
15.05	12233	12256
15.0519	12256	12279
15.0538	12279	12302
15.0557	12302	12325
15.0576	12325	12348
15.0595	12348	12371
15.0613	12371	12394
15.0632	12394	12417
15.0651	12417	12440
15.067	12440	12463
15.0689	12463	12486
15.0708	12486	12509
15.0727	12509	12531
15.0746	12531	12553
15.0764	12553	12575
15.0783	12575	12597
15.0802	12597	12619
15.0821	12619	12641
15.084	12641	12663
15.0859	12663	12685
15.0878	12685	12707
15.0897	12707	12729
15.0915	12729	12751
15.0934	12751	12773
15.0953	12773	12795
15.0972	12795	12817
15.0991	12817	12839
15.101	12839	12861
15.1029	12861	12883
15.1048	12883	12905
15.1067	12905	12927
15.1085	12927	12949
15.1104	12949	12971
15.1123	12971	12993
15.1142	12993	13015
15.1189	13015	12328
15.1293	12328	12060
15.1303	12060	11792
15.1312	11792	11524
15.1322	11524	11256
15.1331	11256	10988
15.134	10988	10720
15.135	10720	10452
15.1359	10452	10184
15.1369	10184	9916
15.1378	9916	9648
15.1388	9648	9380
15.1397	9380	9112
15.1406	9112	5896
15.1425	5896	5944
15.1444	5944	5992
15.1463	5992	6039
15.1482	6039	6086
15.1501	6086	6133
15.152	6133	6179
15.1539	6179	6225
15.1557	6225	6271
15.1576	6271	6316
15.1595	6316	6361
15.1614	6361	6406
15.1633	6406	6450
15.1652	6450	6494
15.1671	6494	6538
15.169	6538	6581
15.1708	6581	6624
15.1727	6624	6667
15.1746	6667	6710
15.1765	6710	6752
15.1784	6752	6794
15.1803	6794	6836
15.1822	6836	6878
15.1841	6878	6919
15.1859	6919	6960
15.1878	6960	7001
15.1897	7001	7042
15.1916	7042	7082
15.1935	7082	7122
15.1954	7122	7162
15.1973	7162	7202
15.1992	7202	7241
15.2011	7241	7280
15.2029	7280	7319
15.2048	7319	7358
15.2067	7358	7397
15.2086	7397	7435
15.2105	7435	7473
15.2124	7473	7511
15.2143	7511	7549
15.2162	7549	7587
15.218	7587	7624
15.2199	7624	7661
15.2218	7661	7698
15.2237	7698	7735
15.2256	7735	7772
15.2275	7772	7808
15.2294	7808	7844
15.2313	7844	7880
15.2331	7880	7916
15.235	7916	7952
15.2369	7952	7988
15.2388	7988	8023
15.2407	8023	8058
15.2426	8058	8093
15.2445	8093	8128
15.2464	8128	8163
15.2483	8163	8198
15.2501	8198	8233
15.252	8233	8267
15.2539	8267	8301
15.2558	8301	8335
15.2577	8335	8369
15.2596	8369	8403
15.2615	8403	8437
15.2634	8437	8471
15.2652	8471	8504
15.2671	8504	8537
15.269	8537	8570
15.2709	8570	8603
15.2728	8603	8636
15.2747	8636	8669
15.2766	8669	8702
15.2785	8702	8735
15.2803	8735	8767
15.2822	8767	8799
15.2841	8799	8831
15.286	8831	8863
15.2879	8863	8895
15.2898	8895	8927
15.2917	8927	8959
15.2936	8959	8991
15.2955	8991	9022
15.2973	9022	9053
15.2992	9053	9084
15.3011	9084	9115
15.303	9115	9146
15.3049	9146	9177
15.3068	9177	9208
15.3087	9208	9239
15.3106	9239	9270
15.3124	9270	9300
15.3143	9300	9330
15.3162	9330	9360
15.3181	9360	9390
15.32	9390	9420
15.3219	9420	9450
15.3238	9450	9480
15.3257	9480	9510
15.3275	9510	9540
15.3294	9540	9570
15.3313	9570	9600
15.3332	9600	9629
15.3351	9629	9658
15.337	9658	9687
15.3389	9687	9716
15.3408	9716	9745
15.3427	9745	9774
15.3445	9774	9803
15.3464	9803	9832
15.3483	9832	9861
15.353	9861	9112
15.3606	9112	8576
15.3616	8576	8308
15.3625	8308	8040
15.3634	8040	7772
15.3644	7772	7504
15.3653	7504	7236
15.3663	7236	6968
15.3672	6968	6700
15.3682	6700	6432
15.3691	6432	6164
15.37	6164	5896
15.371	5896	5628
15.3719	5628	5360
15.3729	5360	5092
15.3738	5092	4288
15.3757	4288	4355
15.3776	4355	4420
15.3795	4420	4484
15.3814	4484	4548
15.3832	4548	4611
15.3851	4611	4673
15.387	4673	4734
15.3889	4734	4794
15.3908	4794	4853
15.3927	4853	4912
15.3946	4912	4970
15.3965	4970	5027
15.3983	5027	5084
15.4002	5084	5140
15.4021	5140	5195
15.404	5195	5250
15.4059	5250	5304
15.4078	5304	5358
15.4097	5358	5411
15.4116	5411	5464
15.4135	5464	5516
15.4153	5516	5568
15.4172	5568	5619
15.4191	5619	5670
15.421	5670	5720
15.4229	5720	5770
15.4248	5770	5819
15.4267	5819	5868
15.4286	5868	5916
15.4304	5916	5964
15.4323	5964	6012
15.4342	6012	6059
15.4361	6059	6106
15.438	6106	6153
15.4399	6153	6199
15.4418	6199	6245
15.4437	6245	6291
15.4484	6291	5360
15.4531	5360	5092
15.4541	5092	4824
15.455	4824	4556
15.4559	4556	4288
15.4569	4288	4020
15.4578	4020	2412
15.4597	2412	2531
15.4616	2531	2644
15.4635	2644	2752
15.4676	2752	2856
15.4695	2856	2956
15.4726	2956	3053
15.4745	3053	3147
15.4776	3147	3238
15.4795	3238	3326
15.4827	3326	3412
15.4846	3412	3496
15.4864	3496	3578
15.4886	3578	3658
15.4905	3658	3736
15.4924	3736	3812
15.4946	3812	3887
15.4965	3887	3960
15.4984	3960	4032
15.5003	4032	4103
15.5022	4103	4173
15.5041	4173	4241
15.5059	4241	4308
15.5078	4308	4374
15.5097	4374	4439
15.5116	4439	4503
15.5135	4503	4566
15.5154	4566	4628
15.5173	4628	4690
15.5192	4690	4751
15.521	4751	4811
15.5229	4811	4870
15.5248	4870	4928
15.5267	4928	4986
15.5286	4986	5043
15.5305	5043	5099
15.5324	5099	5155
15.5343	5155	5210
15.5361	5210	5265
15.538	5265	5319
15.5399	5319	5373
15.5418	5373	5426
15.5437	5426	5478
15.5456	5478	5530
15.5475	5530	5581
15.5494	5581	5632
15.5513	5632	5683
15.5531	5683	5733
15.555	5733	5783
15.5569	5783	5832
15.5588	5832	5881
15.5607	5881	5929
15.5626	5929	5977
15.5645	5977	6025
15.5664	6025	6072
15.5682	6072	6119
15.572	6119	5360
15.5768	5360	5092
15.5777	5092	4824
15.5786	4824	4556
15.5796	4556	4288
15.5805	4288	4020
15.5815	4020	2412
15.5815	2412	2531
15.5833	2531	2644
15.5852	2644	2752
15.5871	2752	2856
15.5912	2856	2956
15.5931	2956	3053
15.5962	3053	3147
15.5981	3147	3238
15.6013	3238	3326
15.6032	3326	3412
15.605	3412	3496
15.6072	3496	3578
15.6091	3578	3658
15.611	3658	3736
15.6132	3736	3812
15.6151	3812	3887
15.617	3887	3960
15.6192	3960	4032
15.6211	4032	4103
15.623	4103	4173
15.6249	4173	4241
15.6267	4241	4308
15.6286	4308	4374
15.6305	4374	4439
15.6324	4439	4503
15.6343	4503	4566
15.6362	4566	4628
15.6381	4628	4690
15.64	4690	4751
15.6418	4751	4811
15.6437	4811	4870
15.6456	4870	4928
15.6475	4928	4986
15.6494	4986	5043
15.6513	5043	5099
15.6532	5099	5155
15.6551	5155	5210
15.657	5210	5265
15.6588	5265	5319
15.6607	5319	5373
15.6626	5373	5426
15.6645	5426	5478
15.6664	5478	5530
15.6683	5530	5581
15.6702	5581	5632
15.6721	5632	5683
15.6739	5683	5733
15.6758	5733	5783
15.6777	5783	5832
15.6796	5832	5881
15.6815	5881	5929
15.6834	5929	5977
15.6853	5977	6025
15.6872	6025	6072
15.689	6072	6119
15.6909	6119	6165
15.6928	6165	6211
15.6947	6211	6257
15.6966	6257	6302
15.6985	6302	6347
15.7004	6347	6392
15.7023	6392	6436
15.7042	6436	6480
15.706	6480	6524
15.7079	6524	6568
15.7098	6568	6611
15.7117	6611	6654
15.7136	6654	6697
15.7155	6697	6739
15.7174	6739	6781
15.7193	6781	6823
15.7211	6823	6865
15.723	6865	6906
15.7249	6906	6947
15.7268	6947	6988
15.7287	6988	7029
15.7306	7029	7069
15.7325	7069	7109
15.7344	7109	7149
15.7362	7149	7189
15.7381	7189	7228
15.74	7228	7267
15.7419	7267	7306
15.7438	7306	7345
15.7457	7345	7384
15.7476	7384	7422
15.7495	7422	7460
15.7514	7460	7498
15.7532	7498	7536
15.7551	7536	7574
15.757	7574	7611
15.7589	7611	7648
15.7608	7648	7685
15.7627	7685	7722
15.7646	7722	7759
15.7665	7759	7796
15.7683	7796	7832
15.7702	7832	7868
15.7721	7868	7904
15.774	7904	7940
15.7787	7940	6968
15.7844	6968	6700
15.7854	6700	6432
15.7863	6432	6164
15.7872	6164	5896
15.7882	5896	5628
15.7891	5628	5360
15.7901	5360	5092
15.791	5092	3216
15.7929	3216	3305
15.7948	3305	3391
15.7967	3391	3475
15.7986	3475	3557
15.8008	3557	3637
15.8026	3637	3715
15.8045	3715	3792
15.8067	3792	3867
15.8086	3867	3941
15.8105	3941	4013
15.8124	4013	4084
15.8171	4084	3216
15.8203	3216	2948
15.8212	2948	2680
15.8222	2680	2412
15.8231	2412	1340
15.8231	1340	1554
15.825	1554	1738
15.83	1738	1903
15.835	1903	2053
15.8401	2053	2192
15.8451	2192	2323
15.847	2323	2446
15.8511	2446	2563
15.853	2563	2675
15.8571	2675	2782
15.8589	2782	2885
15.863	2885	2984
15.8649	2984	3080
15.8681	3080	3173
15.8699	3173	3263
15.8731	3263	3351
15.875	3351	3436
15.8769	3436	3519
15.8791	3519	3600
15.8841	3600	2680
15.887	2680	2412
15.8879	2412	2144
15.8888	2144	1876
15.8898	1876	1072
15.8898	1072	1340
15.8929	1340	1554
15.8989	1554	1738
15.9049	1738	1903
15.9099	1903	2053
15.9149	2053	2192
15.92	2192	2323
15.9219	2323	2446
15.9259	2446	2563
15.936	2563	1608
15.937	1608	1072
15.9411	1072	1340
15.9461	1340	1554
15.9521	1554	1738
15.958	1738	1903
15.9631	1903	2053
15.9681	2053	2192
15.9731	2192	2323
15.975	2323	2446
15.9791	2446	2563
15.981	2563	2675
15.9851	2675	2782
15.987	2782	2885
15.9911	2885	2984
15.9929	2984	3080
15.9961	3080	3173
15.998	3173	3263
16.0011	3263	3351
16.003	3351	3436
16.0049	3436	3519
16.0071	3519	3600
16.009	3600	3679
16.0109	3679	3757
16.0131	3757	3833
16.015	3833	3907
16.0168	3907	3980
16.0216	3980	3216
16.0247	3216	2948
16.0257	2948	2680
16.0266	2680	2412
16.0275	2412	1340
16.0275	1340	1554
16.0294	1554	1738
16.0345	1738	1903
16.0395	1903	2053
16.0445	2053	2192
16.0496	2192	2323
16.0514	2323	2446
16.0555	2446	2563
16.0574	2563	2675
16.0615	2675	2782
16.0634	2782	2885
16.0675	2885	2984
16.0694	2984	3080
16.0725	3080	3173
16.0744	3173	3263
16.0775	3263	3351
16.0794	3351	3436
16.0813	3436	3519
16.0835	3519	3600
16.0854	3600	3679
16.0873	3679	3757
16.0895	3757	3833
16.0914	3833	3907
16.0933	3907	3980
16.0952	3980	4052
16.097	4052	4122
16.0989	4122	4191
16.1008	4191	4259
16.1027	4259	4326
16.1046	4326	4392
16.1065	4392	4457
16.1084	4457	4521
16.1103	4521	4584
16.1121	4584	4646
16.114	4646	4707
16.1159	4707	4768
16.1178	4768	4828
16.1197	4828	4887
16.1216	4887	4945
16.1235	4945	5003
16.1254	5003	5060
16.1272	5060	5116
16.1291	5116	5172
16.131	5172	5227
16.1329	5227	5281
16.1348	5281	5335
16.1367	5335	5388
16.1386	5388	5441
16.1405	5441	5493
16.1424	5493	5545
16.1442	5545	5596
16.1461	5596	5647
16.148	5647	5697
16.1499	5697	5747
16.1518	5747	5796
16.1537	5796	5845
16.1556	5845	5894
16.1575	5894	5942
16.1593	5942	5990
16.1612	5990	6037
16.1631	6037	6084
16.165	6084	6131
16.1669	6131	6177
16.1688	6177	6223
16.1707	6223	6269
16.1726	6269	6314
16.1744	6314	6359
16.1763	6359	6404
16.1782	6404	6448
16.1801	6448	6492
16.182	6492	6536
16.1839	6536	6579
16.1858	6579	6622
16.1877	6622	6665
16.1896	6665	6708
16.1914	6708	6750
16.1933	6750	6792
16.1952	6792	6834
16.1971	6834	6876
16.199	6876	6917
16.2009	6917	6958
16.2028	6958	6999
16.2047	6999	7040
16.2065	7040	7080
16.2084	7080	7120
16.2103	7120	7160
16.2122	7160	7200
16.2141	7200	7239
16.216	7239	7278
16.2179	7278	7317
16.2198	7317	7356
16.2216	7356	7395
16.2235	7395	7433
16.2254	7433	7471
16.2273	7471	7509
16.2292	7509	7547
16.2311	7547	7585
16.233	7585	7622
16.2349	7622	7659
16.2368	7659	7696
16.2386	7696	7733
16.2405	7733	7770
16.2424	7770	7806
16.2443	7806	7842
16.2462	7842	7878
16.2481	7878	7914
16.25	7914	7950
16.2519	7950	7986
16.2537	7986	8021
16.2556	8021	8056
16.2575	8056	8091
16.2594	8091	8126
16.2613	8126	8161
16.2632	8161	8196
16.2651	8196	8231
16.267	8231	8265
16.2688	8265	8299
16.2707	8299	8333
16.2726	8333	8367
16.2745	8367	8401
16.2764	8401	8435
16.2783	8435	8469
16.2802	8469	8502
16.2821	8502	8535
16.284	8535	8568
16.2858	8568	8601
16.2877	8601	8634
16.2896	8634	8667
16.2915	8667	8700
16.2934	8700	8733
16.2953	8733	8765
16.2972	8765	8797
16.2991	8797	8829
16.3009	8829	8861
16.3028	8861	8893
16.3047	8893	8925
16.3066	8925	8957
16.3085	8957	8989
16.3104	8989	9020
16.3123	9020	9051
16.3142	9051	9082
16.316	9082	9113
16.3179	9113	9144
16.3198	9144	9175
16.3217	9175	9206
16.3236	9206	9237
16.3255	9237	9268
16.3274	9268	9298
16.3293	9298	9328
16.3312	9328	9358
16.333	9358	9388
16.3349	9388	9418
16.3368	9418	9448
16.3387	9448	9478
16.3406	9478	9508
16.3425	9508	9538
16.3444	9538	9568
16.3463	9568	9598
16.35	9598	8576
16.3576	8576	8308
16.3585	8308	8040
16.3595	8040	7772
16.3604	7772	7504
16.3614	7504	7236
16.3623	7236	6968
16.3633	6968	6700
16.3642	6700	6432
16.3651	6432	4020
16.3651	4020	4091
16.367	4091	4161
16.3689	4161	4230
16.3708	4230	4297
16.3727	4297	4363
16.3746	4363	4428
16.3765	4428	4492
16.3784	4492	4555
16.3802	4555	4618
16.3821	4618	4680
16.384	4680	4741
16.3859	4741	4801
16.3878	4801	4860
16.3897	4860	4919
16.3916	4919	4977
16.3935	4977	5034
16.3953	5034	5091
16.3972	5091	5147
16.3991	5147	5202
16.401	5202	5257
16.4029	5257	5311
16.4048	5311	5365
16.4067	5365	5418
16.4086	5418	5471
16.4104	5471	5523
16.4142	5523	4824
16.418	4824	4556
16.419	4556	4288
16.4199	4288	4020
16.4208	4020	3752
16.4218	3752	3484
16.4227	3484	2144
16.4246	2144	2278
16.4265	2278	2404
16.4296	2404	2523
16.4325	2523	2636
16.4356	2636	2744
16.4384	2744	2848
16.4416	2848	2948
16.4435	2948	3045
16.4466	3045	3139
16.4485	3139	3230
16.4516	3230	3318
16.4535	3318	3404
16.4554	3404	3488
16.4576	3488	3570
16.4595	3570	3650
16.4614	3650	3728
16.4636	3728	3805
16.4655	3805	3880
16.4674	3880	3954
16.4696	3954	4026
16.4715	4026	4097
16.4733	4097	4167
16.4752	4167	4235
16.4771	4235	4302
16.479	4302	4368
16.4809	4368	4433
16.4828	4433	4497
16.4847	4497	4560
16.4866	4560	4623
16.4885	4623	4685
16.4903	4685	4746
16.4922	4746	4806
16.4941	4806	4865
16.496	4865	4924
16.4979	4924	4982
16.4998	4982	5039
16.5017	5039	5096
16.5036	5096	5152
16.5054	5152	5207
16.5073	5207	5262
16.5092	5262	5316
16.5111	5316	5370
16.513	5370	5423
16.5149	5423	5475
16.5168	5475	5527
16.5187	5527	5578
16.5205	5578	5629
16.5224	5629	5680
16.5243	5680	5730
16.5262	5730	5780
16.5281	5780	5829
16.53	5829	5878
16.5319	5878	5926
16.5338	5926	5974
16.5357	5974	6022
16.5375	6022	6069
16.5394	6069	6116
16.5413	6116	6162
16.5432	6162	6208
16.5451	6208	6254
16.547	6254	6299
16.5489	6299	6344
16.5508	6344	6389
16.5526	6389	6433
16.5545	6433	6477
16.5564	6477	6521
16.5583	6521	6565
16.5602	6565	6608
16.5621	6608	6651
16.564	6651	6694
16.5659	6694	6736
16.5677	6736	6778
16.5696	6778	6820
16.5715	6820	6862
16.5734	6862	6903
16.5753	6903	6944
16.5772	6944	6985
16.5791	6985	7026
16.581	7026	7066
16.5829	7066	7106
16.5847	7106	7146
16.5866	7146	7186
16.5914	7186	6432
16.597	6432	6164
16.598	6164	5896
16.5989	5896	5628
16.5999	5628	5360
16.6008	5360	5092
16.6017	5092	4824
16.6027	4824	2948
16.6027	2948	3045
16.6046	3045	3139
16.6065	3139	3230
16.6083	3230	3318
16.6102	3318	3404
16.6124	3404	3488
16.6143	3488	3570
16.6162	3570	3650
16.6184	3650	3728
16.6203	3728	3805
16.6222	3805	3880
16.6244	3880	3954
16.6263	3954	4026
16.6282	4026	4097
16.63	4097	4167
16.6319	4167	4235
16.6338	4235	4302
16.6357	4302	4368
16.6376	4368	4433
16.6395	4433	4497
16.6414	4497	4560
16.6433	4560	4623
16.6451	4623	4685
16.647	4685	4746
16.6489	4746	4806
16.6508	4806	4865
16.6527	4865	4924
16.6546	4924	4982
16.6565	4982	5039
16.6584	5039	5096
16.6602	5096	5152
16.6621	5152	5207
16.664	5207	5262
16.6659	5262	5316
16.6678	5316	5370
16.6697	5370	5423
16.6716	5423	5475
16.6735	5475	5527
16.6754	5527	5578
16.6772	5578	5629
16.6791	5629	5680
16.681	5680	5730
16.6829	5730	5780
16.6848	5780	5829
16.6867	5829	5878
16.6886	5878	5926
16.6905	5926	5974
16.6923	5974	6022
16.6942	6022	6069
16.6961	6069	6116
16.698	6116	6162
16.6999	6162	6208
16.7018	6208	6254
16.7037	6254	6299
16.7056	6299	6344
16.7074	6344	6389
16.7093	6389	6433
16.7112	6433	6477
16.7131	6477	6521
16.715	6521	6565
16.7169	6565	6608
16.7188	6608	6651
16.7207	6651	6694
16.7226	6694	6736
16.7244	6736	6778
16.7263	6778	6820
16.7282	6820	6862
16.7301	6862	6903
16.732	6903	6944
16.7339	6944	6985
16.7358	6985	7026
16.7377	7026	7066
16.7395	7066	7106
16.7414	7106	7146
16.7433	7146	7186
16.7452	7186	7225
16.7471	7225	7264
16.749	7264	7303
16.7509	7303	7342
16.7528	7342	7381
16.7546	7381	7419
16.7565	7419	7457
16.7613	7457	6432
16.7669	6432	6164
16.7679	6164	5896
16.7688	5896	5628
16.7698	5628	5360
16.7707	5360	5092
16.7717	5092	4824
16.7726	4824	2948
16.7745	2948	3045
16.7764	3045	3139
16.7782	3139	3230
16.7801	3230	3318
16.7833	3318	3404
16.7852	3404	3488
16.7871	3488	3570
16.7893	3570	3650
16.7911	3650	3728
16.793	3728	3805
16.7952	3805	3880
16.7971	3880	3954
16.799	3954	4026
16.8009	4026	4097
16.8028	4097	4167
16.8047	4167	4235
16.8066	4235	4302
16.8103	4302	3752
16.8132	3752	3484
16.8141	3484	3216
16.8151	3216	2948
16.816	2948	2680
16.8169	2680	1608
16.8169	1608	1786
16.8188	1786	1946
16.821	1946	2093
16.8261	2093	2230
16.8311	2230	2358
16.833	2358	2479
16.8371	2479	2594
16.839	2594	2704
16.843	2704	2810
16.8449	2810	2912
16.8481	2912	3010
16.85	3010	3105
16.8531	3105	3197
16.855	3197	3286
16.8581	3286	3373
16.86	3373	3458
16.8619	3458	3541
16.8641	3541	3622
16.866	3622	3701
16.8679	3701	3778
16.8701	3778	3854
16.872	3854	3928
16.8739	3928	4001
16.8758	4001	4072
16.8776	4072	4142
16.8795	4142	4211
16.8814	4211	4279
16.8833	4279	4346
16.8852	4346	4412
16.8871	4412	4477
16.889	4477	4541
16.8909	4541	4604
16.8927	4604	4666
16.8946	4666	4727
16.8965	4727	4787
16.8984	4787	4847
16.9003	4847	4906
16.9022	4906	4964
16.9041	4964	5021
16.906	5021	5078
16.9078	5078	5134
16.9097	5134	5189
16.9116	5189	5244
16.9135	5244	5298
16.9154	5298	5352
16.9173	5352	5405
16.9192	5405	5458
16.9211	5458	5510
16.923	5510	5562
16.9248	5562	5613
16.9267	5613	5664
16.9286	5664	5714
16.9305	5714	5764
16.9324	5764	5813
16.9343	5813	5862
16.9362	5862	5911
16.9381	5911	5959
16.9399	5959	6007
16.9418	6007	6054
16.9437	6054	6101
16.9456	6101	6148
16.9475	6148	6194
16.9494	6194	6240
16.9513	6240	6286
16.9532	6286	6331
16.955	6331	6376
16.9569	6376	6421
16.9588	6421	6465
16.9607	6465	6509
16.9626	6509	6553
16.9645	6553	6596
16.9664	6596	6639
16.9683	6639	6682
16.9702	6682	6724
16.972	6724	6766
16.9739	6766	6808
16.9758	6808	6850
16.9777	6850	6891
16.9796	6891	6932
16.9815	6932	6973
16.9834	6973	7014
16.9853	7014	7054
16.9871	7054	7094
16.989	7094	7134
16.9909	7134	7174
16.9928	7174	7214
16.9947	7214	7253
16.9966	7253	7292
16.9985	7292	7331
17.0004	7331	7370
17.0022	7370	7408
17.0041	7408	7446
17.006	7446	7484
17.0079	7484	7522
17.0098	7522	7560
17.0117	7560	7598
17.0136	7598	7635
17.0155	7635	7672
17.0174	7672	7709
17.0192	7709	7746
17.0211	7746	7783
17.023	7783	7819
17.0249	7819	7855
17.0268	7855	7891
17.0287	7891	7927
17.0306	7927	7963
17.0325	7963	7999
17.0343	7999	8034
17.0362	8034	8069
17.0381	8069	8104
17.04	8104	8139
17.0419	8139	8174
17.0438	8174	8209
17.0457	8209	8243
17.0476	8243	8277
17.0494	8277	8311
17.0513	8311	8345
17.0532	8345	8379
17.0551	8379	8413
17.057	8413	8447
17.0589	8447	8481
17.0608	8481	8514
17.0627	8514	8547
17.0646	8547	8580
17.0664	8580	8613
17.0683	8613	8646
17.0702	8646	8679
17.0721	8679	8712
17.074	8712	8744
17.0759	8744	8776
17.0778	8776	8808
17.0797	8808	8840
17.0815	8840	8872
17.0834	8872	8904
17.0853	8904	8936
17.0872	8936	8968
17.0891	8968	9000
17.091	9000	9031
17.0929	9031	9062
17.0948	9062	9093
17.0966	9093	9124
17.0985	9124	9155
17.1004	9155	9186
17.1023	9186	9217
17.1042	9217	9248
17.1061	9248	9279
17.108	9279	9309
17.1099	9309	9339
17.1118	9339	9369
17.1136	9369	9399
17.1155	9399	9429
17.1174	9429	9459
17.1193	9459	9489
17.1212	9489	9519
17.1231	9519	9549
17.125	9549	9579
17.1269	9579	9608
17.1287	9608	9637
17.1306	9637	9666
17.1325	9666	9695
17.1344	9695	9724
17.1363	9724	9753
17.1382	9753	9782
17.1401	9782	9811
17.142	9811	9840
17.1438	9840	9869
17.1457	9869	9898
17.1476	9898	9927
17.1495	9927	9955
17.1514	9955	9983
17.1533	9983	10011
17.1571	10011	9112
17.1646	9112	8844
17.1656	8844	8576
17.1665	8576	8308
17.1675	8308	8040
17.1684	8040	7772
17.1693	7772	7504
17.1703	7504	7236
17.1712	7236	6968
17.1722	6968	6700
17.1731	6700	4288
17.175	4288	4355
17.1769	4355	4420
17.1788	4420	4484
17.1807	4484	4548
17.1826	4548	4611
17.1844	4611	4673
17.1863	4673	4734
17.1882	4734	4794
17.1901	4794	4853
17.192	4853	4912
17.1939	4912	4970
17.1958	4970	5027
17.1977	5027	5084
17.1995	5084	5140
17.2014	5140	5195
17.2033	5195	5250
17.2052	5250	5304
17.2071	5304	5358
17.209	5358	5411
17.2109	5411	5464
17.2128	5464	5516
17.2146	5516	5568
17.2165	5568	5619
17.2184	5619	5670
17.2203	5670	5720
17.2222	5720	5770
17.2241	5770	5819
17.2279	5819	4824
17.2317	4824	4556
17.2326	4556	4288
17.2335	4288	4020
17.2345	4020	3752
17.2354	3752	3484
17.2364	3484	2144
17.2364	2144	2278
17.2382	2278	2404
17.2401	2404	2523
17.2433	2523	2636
17.2461	2636	2744
17.2493	2744	2848
17.2521	2848	2948
17.2543	2948	3045
17.2571	3045	3139
17.2593	3139	3230
17.2621	3230	3318
17.2643	3318	3404
17.2662	3404	3488
17.2681	3488	3570
17.2703	3570	3650
17.2722	3650	3728
17.2741	3728	3805
17.2763	3805	3880
17.2782	3880	3954
17.2801	3954	4026
17.282	4026	4097
17.2838	4097	4167
17.2857	4167	4235
17.2876	4235	4302
17.2895	4302	4368
17.2914	4368	4433
17.2933	4433	4497
17.2952	4497	4560
17.2971	4560	4623
17.2989	4623	4685
17.3008	4685	4746
17.3027	4746	4806
17.3046	4806	4865
17.3065	4865	4924
17.3084	4924	4982
17.3103	4982	5039
17.3122	5039	5096
17.3141	5096	5152
17.3159	5152	5207
17.3178	5207	5262
17.3197	5262	5316
17.3216	5316	5370
17.3235	5370	5423
17.3254	5423	5475
17.3273	5475	5527
17.3292	5527	5578
17.331	5578	5629
17.3329	5629	5680
17.3348	5680	5730
17.3367	5730	5780
17.3386	5780	5829
17.3405	5829	5878
17.3424	5878	5926
17.3443	5926	5974
17.3461	5974	6022
17.348	6022	6069
17.3499	6069	6116
17.3518	6116	6162
17.3537	6162	6208
17.3556	6208	6254
17.3575	6254	6299
17.3594	6299	6344
17.3613	6344	6389
17.3631	6389	6433
17.365	6433	6477
17.3669	6477	6521
17.3688	6521	6565
17.3707	6565	6608
17.3726	6608	6651
17.3745	6651	6694
17.3764	6694	6736
17.3782	6736	6778
17.3801	6778	6820
17.382	6820	6862
17.3839	6862	6903
17.3858	6903	6944
17.3877	6944	6985
17.3896	6985	7026
17.3915	7026	7066
17.3933	7066	7106
17.3952	7106	7146
17.3971	7146	7186
17.399	7186	7225
17.4009	7225	7264
17.4028	7264	7303
17.4047	7303	7342
17.4066	7342	7381
17.4085	7381	7419
17.4103	7419	7457
17.4122	7457	7495
17.4141	7495	7533
17.416	7533	7571
17.4179	7571	7608
17.4198	7608	7645
17.4217	7645	7682
17.4236	7682	7719
17.4254	7719	7756
17.4273	7756	7793
17.4292	7793	7829
17.4311	7829	7865
17.433	7865	7901
17.4349	7901	7937
17.4368	7937	7973
17.4387	7973	8009
17.4405	8009	8044
17.4424	8044	8079
17.4443	8079	8114
17.4462	8114	8149
17.4481	8149	8184
17.45	8184	8219
17.4519	8219	8253
17.4538	8253	8287
17.4557	8287	8321
17.4575	8321	8355
17.4594	8355	8389
17.4613	8389	8423
17.4632	8423	8457
17.4651	8457	8490
17.467	8490	8523
17.4689	8523	8556
17.4708	8556	8589
17.4726	8589	8622
17.4745	8622	8655
17.4764	8655	8688
17.4783	8688	8721
17.4802	8721	8753
17.4821	8753	8785
17.484	8785	8817
17.4859	8817	8849
17.4877	8849	8881
17.4896	8881	8913
17.4915	8913	8945
17.4934	8945	8977
17.4953	8977	9009
17.4972	9009	9040
17.4991	9040	9071
17.501	9071	9102
17.5029	9102	9133
17.5076	9133	8576
17.5151	8576	8308
17.5161	8308	8040
17.517	8040	7772
17.518	7772	7504
17.5189	7504	7236
17.5199	7236	6968
17.5208	6968	6700
17.5217	6700	6432
17.5227	6432	4020
17.5265	4020	4288
17.5302	4288	4020
17.5312	4020	3752
17.5321	3752	3484
17.5331	3484	3216
17.534	3216	1876
17.534	1876	2029
17.5359	2029	2170
17.5378	2170	2302
17.5409	2302	2426
17.5438	2426	2544
17.5469	2544	2656
17.5497	2656	2764
17.5529	2764	2867
17.5557	2867	2967
17.5579	2967	3063
17.5607	3063	3156
17.5629	3156	3247
17.5658	3247	3335
17.568	3335	3421
17.5698	3421	3504
17.5717	3504	3585
17.5739	3585	3665
17.5758	3665	3743
17.5777	3743	3819
17.5799	3819	3894
17.5818	3894	3967
17.5837	3967	4039
17.5856	4039	4110
17.5875	4110	4179
17.5894	4179	4247
17.5912	4247	4314
17.5931	4314	4380
17.595	4380	4445
17.5969	4445	4509
17.5988	4509	4572
17.6007	4572	4634
17.6026	4634	4695
17.6045	4695	4756
17.6063	4756	4816
17.6082	4816	4875
17.6101	4875	4933
17.612	4933	4991
17.6139	4991	5048
17.6158	5048	5104
17.6177	5104	5160
17.6196	5160	5215
17.6214	5215	5270
17.6233	5270	5324
17.6252	5324	5377
17.6271	5377	5430
17.629	5430	5482
17.6309	5482	5534
17.6328	5534	5585
17.6347	5585	5636
17.6366	5636	5686
17.6384	5686	5736
17.6403	5736	5786
17.6422	5786	5835
17.6441	5835	5884
17.646	5884	5932
17.6479	5932	5980
17.6498	5980	6028
17.6517	6028	6075
17.6535	6075	6122
17.6554	6122	6168
17.6573	6168	6214
17.6592	6214	6260
17.6611	6260	6305
17.663	6305	6350
17.6649	6350	6395
17.6668	6395	6439
17.6686	6439	6483
17.6705	6483	6527
17.6724	6527	6571
17.6743	6571	6614
17.6762	6614	6657
17.6781	6657	6700
17.68	6700	6742
17.6819	6742	6784
17.6838	6784	6826
17.6856	6826	6868
17.6875	6868	6909
17.6894	6909	6950
17.6913	6950	6991
17.6932	6991	7032
17.6951	7032	7072
17.697	7072	7112
17.6989	7112	7152
17.7007	7152	7192
17.7026	7192	7231
17.7045	7231	7270
17.7064	7270	7309
17.7083	7309	7348
17.7102	7348	7387
17.7121	7387	7425
17.714	7425	7463
17.7158	7463	7501
17.7177	7501	7539
17.7196	7539	7577
17.7215	7577	7614
17.7253	7614	6968
17.731	6968	6700
17.7319	6700	6432
17.7329	6432	6164
17.7338	6164	5896
17.7347	5896	5628
17.7357	5628	5360
17.7366	5360	5092
17.7376	5092	3216
17.7394	3216	3305
17.7413	3305	3391
17.7432	3391	3475
17.7451	3475	3557
17.7473	3557	3637
17.7492	3637	3715
17.7511	3715	3792
17.7533	3792	3867
17.7552	3867	3941
17.7571	3941	4013
17.7589	4013	4084
17.7608	4084	4154
17.7627	4154	4223
17.7646	4223	4291
17.7665	4291	4357
17.7684	4357	4422
17.7703	4422	4486
17.7722	4486	4550
17.7741	4550	4613
17.7759	4613	4675
17.7778	4675	4736
17.7797	4736	4796
17.7816	4796	4855
17.7835	4855	4914
17.7854	4914	4972
17.7873	4972	5029
17.7892	5029	5086
17.791	5086	5142
17.7929	5142	5197
17.7948	5197	5252
17.7967	5252	5306
17.7986	5306	5360
17.8005	5360	5413
17.8024	5413	5466
17.8043	5466	5518
17.8061	5518	5570
17.808	5570	5621
17.8099	5621	5672
17.8118	5672	5722
17.8137	5722	5772
17.8156	5772	5821
17.8175	5821	5870
17.8194	5870	5918
17.8213	5918	5966
17.8231	5966	6014
17.825	6014	6061
17.8269	6061	6108
17.8288	6108	6155
17.8307	6155	6201
17.8326	6201	6247
17.8345	6247	6292
17.8364	6292	6337
17.8382	6337	6382
17.8401	6382	6427
17.842	6427	6471
17.8439	6471	6515
17.8458	6515	6559
17.8477	6559	6602
17.8496	6602	6645
17.8515	6645	6688
17.8533	6688	6730
17.8552	6730	6772
17.8571	6772	6814
17.859	6814	6856
17.8609	6856	6897
17.8628	6897	6938
17.8647	6938	6979
17.8666	6979	7020
17.8685	7020	7060
17.8703	7060	7100
17.8722	7100	7140
17.8741	7140	7180
17.876	7180	7220
17.8779	7220	7259
17.8798	7259	7298
17.8817	7298	7337
17.8836	7337	7376
17.8854	7376	7414
17.8873	7414	7452
17.8921	7452	6432
17.8977	6432	6164
17.8987	6164	5896
17.8996	5896	5628
17.9006	5628	5360
17.9015	5360	5092
17.9024	5092	4824
17.9034	4824	2948
17.9034	2948	3045
17.9053	3045	3139
17.9072	3139	3230
17.9122	3230	2680
17.9132	2680	2144
17.9141	2144	1876
17.916	1876	1072
17.9182	1072	1340
17.9232	1340	1554
17.9292	1554	1738
17.9352	1738	1903
17.9402	1903	2053
17.9452	2053	2192
17.9503	2192	2323
17.9522	2323	2446
17.9562	2446	2563
17.9581	2563	2675
17.9622	2675	2782
17.9641	2782	2885
17.9682	2885	2984
17.9701	2984	3080
17.9732	3080	3173
17.9751	3173	3263
17.9783	3263	3351
17.9801	3351	3436
17.982	3436	3519
17.9842	3519	3600
17.9861	3600	3679
17.988	3679	3757
17.9902	3757	3833
17.9921	3833	3907
17.994	3907	3980
17.9959	3980	4052
17.9978	4052	4122
17.9996	4122	4191
18.0015	4191	4259
18.0034	4259	4326
18.0053	4326	4392
18.0072	4392	4457
18.0091	4457	4521
18.011	4521	4584
18.0129	4584	4646
18.0147	4646	4707
18.0166	4707	4768
18.0185	4768	4828
18.0204	4828	4887
18.0223	4887	4945
18.0242	4945	5003
18.0261	5003	5060
18.028	5060	5116
18.0298	5116	5172
18.0317	5172	5227
18.0336	5227	5281
18.0355	5281	5335
18.0374	5335	5388
18.0393	5388	5441
18.0412	5441	5493
18.0431	5493	5545
18.045	5545	5596
18.0468	5596	5647
18.0487	5647	5697
18.0506	5697	5747
18.0525	5747	5796
18.0544	5796	5845
18.0563	5845	5894
18.0582	5894	5942
18.0601	5942	5990
18.0619	5990	6037
18.0638	6037	6084
18.0657	6084	6131
18.0676	6131	6177
18.0695	6177	6223
18.0714	6223	6269
18.0733	6269	6314
18.0752	6314	6359
18.077	6359	6404
18.0789	6404	6448
18.0808	6448	6492
18.0827	6492	6536
18.0846	6536	6579
18.0865	6579	6622
18.0884	6622	6665
18.0903	6665	6708
18.0922	6708	6750
18.094	6750	6792
18.0959	6792	6834
18.0978	6834	6876
18.0997	6876	6917
18.1016	6917	6958
18.1035	6958	6999
18.1054	6999	7040
18.1073	7040	7080
18.1091	7080	7120
18.111	7120	7160
18.1129	7160	7200
18.1148	7200	7239
18.1167	7239	7278
18.1186	7278	7317
18.1205	7317	7356
18.1224	7356	7395
18.1242	7395	7433
18.1261	7433	7471
18.128	7471	7509
18.1299	7509	7547
18.1318	7547	7585
18.1337	7585	7622
18.1356	7622	7659
18.1375	7659	7696
18.1394	7696	7733
18.1412	7733	7770
18.1431	7770	7806
18.145	7806	7842
18.1469	7842	7878
18.1488	7878	7914
18.1507	7914	7950
18.1526	7950	7986
18.1545	7986	8021
18.1563	8021	8056
18.1582	8056	8091
18.1601	8091	8126
18.162	8126	8161
18.1639	8161	8196
18.1658	8196	8231
18.1677	8231	8265
18.1696	8265	8299
18.1714	8299	8333
18.1733	8333	8367
18.1752	8367	8401
18.1771	8401	8435
18.179	8435	8469
18.1809	8469	8502
18.1828	8502	8535
18.1847	8535	8568
18.1866	8568	8601
18.1884	8601	8634
18.1903	8634	8667
18.1922	8667	8700
18.1941	8700	8733
18.196	8733	8765
18.1979	8765	8797
18.1998	8797	8829
18.2017	8829	8861
18.2035	8861	8893
18.2054	8893	8925
18.2073	8925	8957
18.2092	8957	8989
18.2111	8989	9020
18.213	9020	9051
18.2149	9051	9082
18.2168	9082	9113
18.2186	9113	9144
18.2205	9144	9175
18.2224	9175	9206
18.2243	9206	9237
18.2262	9237	9268
18.2281	9268	9298
18.23	9298	9328
18.2319	9328	9358
18.2338	9358	9388
18.2356	9388	9418
18.2375	9418	9448
18.2394	9448	9478
18.2413	9478	9508
18.2432	9508	9538
18.2451	9538	9568
18.247	9568	9598
18.2489	9598	9627
18.2507	9627	9656
18.2526	9656	9685
18.2545	9685	9714
18.2564	9714	9743
18.2583	9743	9772
18.2602	9772	9801
18.2621	9801	9830
18.264	9830	9859
18.2658	9859	9888
18.2677	9888	9917
18.2696	9917	9945
18.2715	9945	9973
18.2734	9973	10001
18.2753	10001	10029
18.2772	10029	10057
18.2791	10057	10085
18.281	10085	10113
18.2828	10113	10141
18.2847	10141	10169
18.2866	10169	10197
18.2885	10197	10225
18.2904	10225	10253
18.2923	10253	10281
18.2942	10281	10308
18.2961	10308	10335
18.2979	10335	10362
18.2998	10362	10389
18.3017	10389	10416
18.3036	10416	10443
18.3055	10443	10470
18.3074	10470	10497
18.3093	10497	10524
18.3112	10524	10551
18.313	10551	10578
18.3149	10578	10605
18.3168	10605	10632
18.3187	10632	10659
18.3206	10659	10685
18.3225	10685	10711
18.3244	10711	10737
18.3263	10737	10763
18.3282	10763	10789
18.33	10789	10815
18.3319	10815	10841
18.3338	10841	10867
18.3357	10867	10893
18.3376	10893	10919
18.3395	10919	10945
18.3414	10945	10971
18.3433	10971	10997
18.3451	10997	11023
18.347	11023	11049
18.3489	11049	11075
18.3508	11075	11100
18.3527	11100	11125
18.3546	11125	11150
18.3565	11150	11175
18.3584	11175	11200
18.3602	11200	11225
18.3621	11225	11250
18.364	11250	11275
18.3659	11275	11300
18.3678	11300	11325
18.3697	11325	11350
18.3716	11350	11375
18.3735	11375	11400
18.3754	11400	11425
18.3772	11425	11450
18.3791	11450	11475
18.381	11475	11500
18.3829	11500	11524
18.3848	11524	11548
18.3867	11548	11572
18.3886	11572	11596
18.3905	11596	11620
18.3923	11620	11644
18.3942	11644	11668
18.3961	11668	11692
18.398	11692	11716
18.3999	11716	11740
18.4018	11740	11764
18.4037	11764	11788
18.4056	11788	11812
18.4074	11812	11836
18.4093	11836	11860
18.4112	11860	11884
18.4131	11884	11908
18.415	11908	11932
18.4169	11932	11956
18.4188	11956	11980
18.4207	11980	12003
18.4226	12003	12026
18.4244	12026	12049
18.4263	12049	12072
18.4282	12072	12095
18.4301	12095	12118
18.432	12118	12141
18.4339	12141	12164
18.4358	12164	12187
18.4377	12187	12210
18.4395	12210	12233
18.4414	12233	12256
18.4433	12256	12279
18.4452	12279	12302
18.4471	12302	12325
18.449	12325	12348
18.4509	12348	12371
18.4528	12371	12394
18.4546	12394	12417
18.4565	12417	12440
18.4584	12440	12463
18.4603	12463	12486
18.4622	12486	12509
18.4641	12509	12531
18.466	12531	12553
18.4679	12553	12575
18.4698	12575	12597
18.4716	12597	12619
18.4735	12619	12641
18.4754	12641	12663
18.4773	12663	12685
18.4792	12685	12707
18.4811	12707	12729
18.483	12729	12751
18.4849	12751	12773
18.4867	12773	12795
18.4886	12795	12817
18.4905	12817	12839
18.4924	12839	12861
18.4943	12861	12883
18.4962	12883	12905
18.4981	12905	12927
18.5	12927	12949
18.5018	12949	12971
18.5037	12971	12993
18.5056	12993	13015
18.5075	13015	13037
18.5094	13037	13059
18.5113	13059	13080
18.5132	13080	13101
18.5151	13101	13122
18.517	13122	13143
18.5188	13143	13164
18.5207	13164	13185
18.5226	13185	13206
18.5245	13206	13227
18.5264	13227	13248
18.5283	13248	13269
18.5302	13269	13290
18.5321	13290	13311
18.5368	13311	12328
18.5472	12328	12060
18.5481	12060	11792
18.5491	11792	11524
18.55	11524	11256
18.551	11256	10988
18.5519	10988	10720
18.5528	10720	10452
18.5538	10452	10184
18.5547	10184	9916
18.5557	9916	9648
18.5566	9648	9380
18.5576	9380	9112
18.5585	9112	5896
18.5604	5896	5944
18.5661	5944	5360
18.567	5360	4824
18.5708	4824	4556
18.5717	4556	4288
18.5727	4288	4020
18.5736	4020	3752
18.5746	3752	3484
18.5755	3484	2412
18.5755	2412	2531
18.5774	2531	2644
18.5793	2644	2752
18.5824	2752	2856
18.5852	2856	2956
18.5874	2956	3053
18.5903	3053	3147
18.5925	3147	3238
18.5953	3238	3326
18.5975	3326	3412
18.5994	3412	3496
18.6013	3496	3578
18.6035	3578	3658
18.6054	3658	3736
18.6072	3736	3812
18.6094	3812	3887
18.6113	3887	3960
18.6132	3960	4032
18.6151	4032	4103
18.617	4103	4173
18.6189	4173	4241
18.6208	4241	4308
18.6227	4308	4374
18.6245	4374	4439
18.6264	4439	4503
18.6283	4503	4566
18.6302	4566	4628
18.6321	4628	4690
18.634	4690	4751
18.6359	4751	4811
18.6378	4811	4870
18.6396	4870	4928
18.6415	4928	4986
18.6434	4986	5043
18.6453	5043	5099
18.6472	5099	5155
18.6491	5155	5210
18.651	5210	5265
18.6529	5265	5319
18.6548	5319	5373
18.6566	5373	5426
18.6585	5426	5478
18.6604	5478	5530
18.6623	5530	5581
18.6642	5581	5632
18.6661	5632	5683
18.668	5683	5733
18.6699	5733	5783
18.6717	5783	5832
18.6736	5832	5881
18.6755	5881	5929
18.6774	5929	5977
18.6793	5977	6025
18.6812	6025	6072
18.6831	6072	6119
18.685	6119	6165
18.6868	6165	6211
18.6887	6211	6257
18.6906	6257	6302
18.6925	6302	6347
18.6944	6347	6392
18.6963	6392	6436
18.6982	6436	6480
18.7001	6480	6524
18.702	6524	6568
18.7038	6568	6611
18.7057	6611	6654
18.7076	6654	6697
18.7095	6697	6739
18.7114	6739	6781
18.7133	6781	6823
18.7152	6823	6865
18.7171	6865	6906
18.7189	6906	6947
18.7208	6947	6988
18.7227	6988	7029
18.7246	7029	7069
18.7265	7069	7109
18.7284	7109	7149
18.7303	7149	7189
18.7322	7189	7228
18.734	7228	7267
18.7359	7267	7306
18.7378	7306	7345
18.7397	7345	7384
18.7416	7384	7422
18.7435	7422	7460
18.7454	7460	7498
18.7473	7498	7536
18.7492	7536	7574
18.751	7574	7611
18.7529	7611	7648
18.7548	7648	7685
18.7567	7685	7722
18.7586	7722	7759
18.7605	7759	7796
18.7624	7796	7832
18.7643	7832	7868
18.7661	7868	7904
18.768	7904	7940
18.7699	7940	7976
18.7718	7976	8012
18.7737	8012	8047
18.7756	8047	8082
18.7775	8082	8117
18.7794	8117	8152
18.7812	8152	8187
18.7831	8187	8222
18.785	8222	8256
18.7869	8256	8290
18.7888	8290	8324
18.7907	8324	8358
18.7926	8358	8392
18.7945	8392	8426
18.7964	8426	8460
18.7982	8460	8493
18.8001	8493	8526
18.802	8526	8559
18.8068	8559	7504
18.8077	7504	6968
18.8134	6968	6700
18.8143	6700	6432
18.8153	6432	6164
18.8162	6164	5896
18.8171	5896	5628
18.8181	5628	5360
18.819	5360	5092
18.82	5092	3484
18.8218	3484	3566
18.8237	3566	3646
18.8256	3646	3724
18.8275	3724	3801
18.8297	3801	3876
18.8316	3876	3950
18.8335	3950	4022
18.8354	4022	4093
18.8373	4093	4163
18.8391	4163	4232
18.841	4232	4299
18.8429	4299	4365
18.8448	4365	4430
18.8467	4430	4494
18.8486	4494	4557
18.8505	4557	4620
18.8524	4620	4682
18.8542	4682	4743
18.8561	4743	4803
18.858	4803	4862
18.8599	4862	4921
18.8618	4921	4979
18.8637	4979	5036
18.8656	5036	5093
18.8675	5093	5149
18.8694	5149	5204
18.8712	5204	5259
18.8731	5259	5313
18.875	5313	5367
18.8769	5367	5420
18.8788	5420	5473
18.8807	5473	5525
18.8826	5525	5576
18.8845	5576	5627
18.8863	5627	5678
18.8882	5678	5728
18.8901	5728	5778
18.892	5778	5827
18.8939	5827	5876
18.8958	5876	5924
18.8977	5924	5972
18.8996	5972	6020
18.9014	6020	6067
18.9033	6067	6114
18.9052	6114	6160
18.9071	6160	6206
18.909	6206	6252
18.9109	6252	6297
18.9128	6297	6342
18.9147	6342	6387
18.9166	6387	6431
18.9184	6431	6475
18.9203	6475	6519
18.9222	6519	6563
18.9241	6563	6606
18.926	6606	6649
18.9279	6649	6692
18.9298	6692	6734
18.9317	6734	6776
18.9335	6776	6818
18.9354	6818	6860
18.9373	6860	6901
18.9392	6901	6942
18.9411	6942	6983
18.943	6983	7024
18.9449	7024	7064
18.9468	7064	7104
18.9486	7104	7144
18.9505	7144	7184
18.9524	7184	7223
18.9543	7223	7262
18.9562	7262	7301
18.9581	7301	7340
18.96	7340	7379
18.9619	7379	7417
18.9638	7417	7455
18.9656	7455	7493
18.9675	7493	7531
18.9694	7531	7569
18.9713	7569	7606
18.9732	7606	7643
18.9751	7643	7680
18.977	7680	7717
18.9789	7717	7754
18.9807	7754	7791
18.9826	7791	7827
18.9845	7827	7863
18.9864	7863	7899
18.9883	7899	7935
18.9902	7935	7971
18.9921	7971	8007
18.994	8007	8042
18.9958	8042	8077
18.9977	8077	8112
18.9996	8112	8147
19.0015	8147	8182
19.0034	8182	8217
19.0053	8217	8251
19.0072	8251	8285
19.0091	8285	8319
19.011	8319	8353
19.0128	8353	8387
19.0147	8387	8421
19.0166	8421	8455
19.0185	8455	8488
19.0204	8488	8521
19.0223	8521	8554
19.0242	8554	8587
19.0261	8587	8620
19.0279	8620	8653
19.0298	8653	8686
19.0317	8686	8719
19.0336	8719	8751
19.0355	8751	8783
19.0374	8783	8815
19.0393	8815	8847
19.0412	8847	8879
19.043	8879	8911
19.0449	8911	8943
19.0468	8943	8975
19.0487	8975	9007
19.0506	9007	9038
19.0525	9038	9069
19.0544	9069	9100
19.0563	9100	9131
19.0582	9131	9162
19.06	9162	9193
19.0619	9193	9224
19.0638	9224	9255
19.0657	9255	9286
19.0676	9286	9316
19.0695	9316	9346
19.0714	9346	9376
19.0733	9376	9406
19.0751	9406	9436
19.077	9436	9466
19.0789	9466	9496
19.0808	9496	9526
19.0827	9526	9556
19.0846	9556	9586
19.0865	9586	9615
19.0884	9615	9644
19.0902	9644	9673
19.0921	9673	9702
19.094	9702	9731
19.0959	9731	9760
19.0978	9760	9789
19.0997	9789	9818
19.1016	9818	9847
19.1035	9847	9876
19.1054	9876	9905
19.1072	9905	9934
19.1091	9934	9962
19.111	9962	9990
19.1129	9990	10018
19.1148	10018	10046
19.1167	10046	10074
19.1186	10074	10102
19.1205	10102	10130
19.1223	10130	10158
19.1242	10158	10186
19.1261	10186	10214
19.128	10214	10242
19.1299	10242	10270
19.1318	10270	10297
19.1337	10297	10324
19.1356	10324	10351
19.1374	10351	10378
19.1393	10378	10405
19.1412	10405	10432
19.1431	10432	10459
19.145	10459	10486
19.1469	10486	10513
19.1488	10513	10540
19.1507	10540	10567
19.1526	10567	10594
19.1544	10594	10621
19.1563	10621	10648
19.1582	10648	10674
19.1601	10674	10700
19.162	10700	10726
19.1639	10726	10752
19.1658	10752	10778
19.1677	10778	10804
19.1695	10804	10830
19.1714	10830	10856
19.1733	10856	10882
19.1752	10882	10908
19.1771	10908	10934
19.179	10934	10960
19.1809	10960	10986
19.1828	10986	11012
19.1846	11012	11038
19.1865	11038	11064
19.1884	11064	11089
19.1903	11089	11114
19.1922	11114	11139
19.1941	11139	11164
19.196	11164	11189
19.1979	11189	11214
19.1998	11214	11239
19.2016	11239	11264
19.2035	11264	11289
19.2054	11289	11314
19.2073	11314	11339
19.2092	11339	11364
19.2111	11364	11389
19.213	11389	11414
19.2149	11414	11439
19.2167	11439	11464
19.2186	11464	11489
19.2205	11489	11514
19.2224	11514	11538
19.2243	11538	11562
19.2262	11562	11586
19.2281	11586	11610
19.23	11610	11634
19.2318	11634	11658
19.2337	11658	11682
19.2356	11682	11706
19.2375	11706	11730
19.2394	11730	11754
19.2413	11754	11778
19.2432	11778	11802
19.2451	11802	11826
19.247	11826	11850
19.2488	11850	11874
19.2507	11874	11898
19.2526	11898	11922
19.2545	11922	11946
19.2564	11946	11970
19.2583	11970	11994
19.2602	11994	12017
19.2621	12017	12040
19.2639	12040	12063
19.2658	12063	12086
19.2677	12086	12109
19.2696	12109	12132
19.2715	12132	12155
19.2734	12155	12178
19.2753	12178	12201
19.2772	12201	12224
19.279	12224	12247
19.2809	12247	12270
19.2828	12270	12293
19.2847	12293	12316
19.2866	12316	12339
19.2885	12339	12362
19.2904	12362	12385
19.2923	12385	12408
19.2942	12408	12431
19.296	12431	12454
19.2979	12454	12477
19.2998	12477	12500
19.3017	12500	12522
19.3036	12522	12544
19.3055	12544	12566
19.3074	12566	12588
19.3093	12588	12610
19.3111	12610	12632
19.313	12632	12654
19.3149	12654	12676
19.3168	12676	12698
19.3187	12698	12720
19.3206	12720	12742
19.3225	12742	12764
19.3244	12764	12786
19.3262	12786	12808
19.3281	12808	12830
19.33	12830	12852
19.3319	12852	12874
19.3338	12874	12896
19.3357	12896	12918
19.3376	12918	12940
19.3395	12940	12962
19.3414	12962	12984
19.3432	12984	13006
19.3451	13006	13028
19.347	13028	13050
19.3489	13050	13072
19.3508	13072	13093
19.3527	13093	13114
19.3546	13114	13135
19.3565	13135	13156
19.3583	13156	13177
19.3602	13177	13198
19.3621	13198	13219
19.364	13219	13240
19.3659	13240	13261
19.3678	13261	13282
19.3697	13282	13303
19.3716	13303	13324
19.3734	13324	13345
19.3753	13345	13366
19.3772	13366	13387
19.3791	13387	13408
19.381	13408	13429
19.3829	13429	13450
19.3848	13450	13471
19.3867	13471	13492
19.3886	13492	13513
19.3904	13513	13534
19.3923	13534	13555
19.3942	13555	13576
19.3961	13576	13597
19.398	13597	13618
19.3999	13618	13639
19.4018	13639	13660
19.4037	13660	13681
19.4055	13681	13701
19.4074	13701	13721
19.4093	13721	13741
19.4112	13741	13761
19.4131	13761	13781
19.415	13781	13801
19.4169	13801	13821
19.4188	13821	13841
19.4206	13841	13861
19.4225	13861	13881
19.4244	13881	13901
19.4263	13901	13921
19.4282	13921	13941
19.4301	13941	13961
19.432	13961	13981
19.4339	13981	14001
19.4358	14001	14021
19.4376	14021	14041
19.4395	14041	14061
19.4414	14061	14081
19.4433	14081	14101
19.4452	14101	14121
19.4471	14121	14141
19.449	14141	14161
19.4509	14161	14181
19.4527	14181	14201
19.4546	14201	14221
19.4565	14221	14241
19.4584	14241	14261
19.4603	14261	14281
19.4622	14281	14301
19.4641	14301	14321
19.466	14321	14341
19.4678	14341	14361
19.4726	14361	13400
19.4839	13400	13132
19.4849	13132	12864
19.4858	12864	12596
19.4867	12596	12328
19.4877	12328	12060
19.4886	12060	11792
19.4896	11792	11524
19.4905	11524	11256
19.4915	11256	10988
19.4924	10988	10720
19.4933	10720	10452
19.4943	10452	10184
19.4952	10184	9916
19.4962	9916	6432
19.4962	6432	6476
19.4981	6476	6520
19.4999	6520	6564
19.5018	6564	6607
19.5037	6607	6650
19.5056	6650	6693
19.5075	6693	6735
19.5094	6735	6777
19.5113	6777	6819
19.5132	6819	6861
19.515	6861	6902
19.5169	6902	6943
19.5188	6943	6984
19.5207	6984	7025
19.5226	7025	7065
19.5245	7065	7105
19.5264	7105	7145
19.5283	7145	7185
19.5302	7185	7224
19.532	7224	7263
19.5339	7263	7302
19.5358	7302	7341
19.5377	7341	7380
19.5396	7380	7418
19.5415	7418	7456
19.5434	7456	7494
19.5453	7494	7532
19.5471	7532	7570
19.549	7570	7607
19.5509	7607	7644
19.5528	7644	7681
19.5547	7681	7718
19.5566	7718	7755
19.5585	7755	7792
19.5604	7792	7828
19.5622	7828	7864
19.5641	7864	7900
19.566	7900	7936
19.5679	7936	7972
19.5698	7972	8008
19.5717	8008	8043
19.5736	8043	8078
19.5755	8078	8113
19.5774	8113	8148
19.5792	8148	8183
19.5811	8183	8218
19.583	8218	8252
19.5849	8252	8286
19.5868	8286	8320
19.5887	8320	8354
19.5906	8354	8388
19.5925	8388	8422
19.5943	8422	8456
19.5962	8456	8489
19.5981	8489	8522
19.6	8522	8555
19.6019	8555	8588
19.6038	8588	8621
19.6057	8621	8654
19.6076	8654	8687
19.6094	8687	8720
19.6113	8720	8752
19.6132	8752	8784
19.6151	8784	8816
19.617	8816	8848
19.6189	8848	8880
19.6208	8880	8912
19.6227	8912	8944
19.6246	8944	8976
19.6264	8976	9008
19.6283	9008	9039
19.6302	9039	9070
19.6321	9070	9101
19.634	9101	9132
19.6359	9132	9163
19.6378	9163	9194
19.6397	9194	9225
19.6415	9225	9256
19.6434	9256	9287
19.6453	9287	9317
19.6472	9317	9347
19.6491	9347	9377
19.651	9377	9407
19.6529	9407	9437
19.6548	9437	9467
19.6566	9467	9497
19.6585	9497	9527
19.6604	9527	9557
19.6623	9557	9587
19.6642	9587	9616
19.6661	9616	9645
19.668	9645	9674
19.6699	9674	9703
19.6718	9703	9732
19.6736	9732	9761
19.6755	9761	9790
19.6774	9790	9819
19.6793	9819	9848
19.6812	9848	9877
19.6831	9877	9906
19.685	9906	9935
19.6869	9935	9963
19.6887	9963	9991
19.6906	9991	10019
19.6925	10019	10047
19.6944	10047	10075
19.6963	10075	10103
19.6982	10103	10131
19.7001	10131	10159
19.702	10159	10187
19.7038	10187	10215
19.7057	10215	10243
19.7076	10243	10271
19.7095	10271	10298
19.7114	10298	10325
19.7133	10325	10352
19.7152	10352	10379
19.7171	10379	10406
19.719	10406	10433
19.7208	10433	10460
19.7227	10460	10487
19.7246	10487	10514
19.7265	10514	10541
19.7284	10541	10568
19.7303	10568	10595
19.7322	10595	10622
19.7341	10622	10649
19.7359	10649	10675
19.7378	10675	10701
19.7397	10701	10727
19.7416	10727	10753
19.7435	10753	10779
19.7454	10779	10805
19.7473	10805	10831
19.7492	10831	10857
19.751	10857	10883
19.7529	10883	10909
19.7548	10909	10935
19.7567	10935	10961
19.7586	10961	10987
19.7605	10987	11013
19.7624	11013	11039
19.7643	11039	11065
19.7662	11065	11090
19.768	11090	11115
19.7699	11115	11140
19.7718	11140	11165
19.7737	11165	11190
19.7756	11190	11215
19.7775	11215	11240
19.7794	11240	11265
19.7813	11265	11290
19.7831	11290	11315
19.785	11315	11340
19.7869	11340	11365
19.7888	11365	11390
19.7907	11390	11415
19.7926	11415	11440
19.7945	11440	11465
19.7964	11465	11490
19.7982	11490	11515
19.8001	11515	11539
19.802	11539	11563
19.8039	11563	11587
19.8058	11587	11611
19.8077	11611	11635
19.8096	11635	11659
19.8115	11659	11683
19.8134	11683	11707
19.8152	11707	11731
19.8171	11731	11755
19.819	11755	11779
19.8209	11779	11803
19.8228	11803	11827
19.8247	11827	11851
19.8266	11851	11875
19.8285	11875	11899
19.8303	11899	11923
19.8322	11923	11947
19.8341	11947	11971
19.836	11971	11994
19.8379	11994	12017
19.8398	12017	12040
19.8417	12040	12063
19.8436	12063	12086
19.8454	12086	12109
19.8473	12109	12132
19.8492	12132	12155
19.8511	12155	12178
19.853	12178	12201
19.8549	12201	12224
19.8568	12224	12247
19.8587	12247	12270
19.8606	12270	12293
19.8624	12293	12316
19.8643	12316	12339
19.8662	12339	12362
19.8681	12362	12385
19.87	12385	12408
19.8719	12408	12431
19.8738	12431	12454
19.8757	12454	12477
19.8775	12477	12500
19.8823	12500	11792
19.8927	11792	11524
19.8936	11524	11256
19.8945	11256	10988
19.8955	10988	10720
19.8964	10720	10452
19.8974	10452	10184
19.8983	10184	9916
19.8993	9916	9648
19.9002	9648	9380
19.9012	9380	9112
19.9021	9112	8844
19.903	8844	5628
19.9049	5628	5679
19.9068	5679	5729
19.9087	5729	5779
19.9106	5779	5828
19.9125	5828	5877
19.9144	5877	5925
19.9162	5925	5973
19.9181	5973	6021
19.92	6021	6068
19.9219	6068	6115
19.9238	6115	6161
19.9257	6161	6207
19.9276	6207	6253
19.9295	6253	6298
19.9314	6298	6343
19.9332	6343	6388
19.9351	6388	6432
19.937	6432	6476
19.9389	6476	6520
19.9408	6520	6564
19.9427	6564	6607
19.9446	6607	6650
19.9465	6650	6693
19.9483	6693	6735
19.9502	6735	6777
19.9521	6777	6819
19.954	6819	6861
19.9559	6861	6902
19.9578	6902	6943
19.9597	6943	6984
19.9616	6984	7025
19.9634	7025	7065
19.9653	7065	7105
19.9672	7105	7145
19.9691	7145	7185
19.971	7185	7224
19.9729	7224	7263
19.9748	7263	7302
19.9767	7302	7341
19.9786	7341	7380
19.9804	7380	7418
19.9823	7418	7456
19.9842	7456	7494
19.9861	7494	7532
19.988	7532	7570
19.9899	7570	7607
19.9918	7607	7644
19.9937	7644	7681
19.9955	7681	7718
19.9974	7718	7755
19.9993	7755	7792
