1.00419	0	0.004
1.0093	0.004	0.004125
1.01119	0.004125	0.00448437
1.01308	0.00448437	0.00504883
1.01497	0.00504883	0.00566772
1.01685	0.00566772	0.00645926
1.01874	0.00645926	0.00740185
1.02063	0.00740185	0.00785162
1.02252	0.00785162	0.00824517
1.02441	0.00824517	0.00858952
1.02629	0.00858952	0.00914083
1.02818	0.00914083	0.00974822
1.03007	0.00974822	0.0102797
1.03196	0.0102797	0.0108697
1.03385	0.0108697	0.011386
1.03573	0.011386	0.0118378
1.03762	0.0118378	0.012483
1.03951	0.012483	0.0130477
1.06783	0.0130477	0.0144167
1.06972	0.0144167	0.0157396
1.07161	0.0157396	0.0168972
1.07349	0.0168972	0.01791
1.07538	0.01791	0.0189213
1.07727	0.0189213	0.0198061
1.07916	0.0198061	0.0205803
1.08105	0.0205803	0.0211328
1.08293	0.0211328	0.0212412
1.08482	0.0212412	0.021086
1.08671	0.021086	0.0198253
1.0886	0.0198253	0.0187221
1.09049	0.0187221	0.0177569
1.09237	0.0177569	0.0171623
1.09426	0.0171623	0.016642
1.09615	0.016642	0.0163117
1.09804	0.0163117	0.0160228
1.09993	0.0160228	0.0156449
1.10277	0.0156449	0.0154393
1.11599	0.0154393	0.0148844
1.12258	0.0148844	0.0140238
1.12447	0.0140238	0.0133959
1.12668	0.0133959	0.0124714
1.1295	0.0124714	0.0117875
1.13171	0.0117875	0.011189
1.13453	0.011189	0.0107904
1.13642	0.0107904	0.0103166
1.13831	0.0103166	0.00990202
1.14051	0.00990202	0.00941426
1.14239	0.00941426	0.00898748
1.14428	0.00898748	0.00861405
1.14648	0.00861405	0.00828729
1.14837	0.00828729	0.00800138
1.15026	0.00800138	0.0077512
1.15214	0.0077512	0.0077823
1.15403	0.0077823	0.00780951
1.15592	0.00780951	0.00770833
1.15781	0.00770833	0.00761978
1.1597	0.00761978	0.00754231
1.16158	0.00754231	0.00747452
1.16347	0.00747452	0.00754021
1.16536	0.00754021	0.00759768
1.16725	0.00759768	0.00764797
1.16914	0.00764797	0.00769197
1.17102	0.00769197	0.00773048
1.17291	0.00773048	0.00763917
1.1748	0.00763917	0.00755927
1.17669	0.00755927	0.00748936
1.17858	0.00748936	0.00742819
1.18046	0.00742819	0.00749967
1.18235	0.00749967	0.00756221
1.18424	0.00756221	0.00786693
1.18613	0.00786693	0.00813356
1.18802	0.00813356	0.00836687
1.1899	0.00836687	0.00844601
1.19179	0.00844601	0.00851526
1.19368	0.00851526	0.00857585
1.19557	0.00857585	0.00862887
1.19746	0.00862887	0.00867526
1.19934	0.00867526	0.00884085
1.20123	0.00884085	0.00898574
1.20312	0.00898574	0.00911252
1.20501	0.00911252	0.00922346
1.2069	0.00922346	0.00919553
1.20878	0.00919553	0.00917109
1.21067	0.00917109	0.0091497
1.21256	0.0091497	0.00913099
1.21445	0.00913099	0.00911461
1.21634	0.00911461	0.00922528
1.21822	0.00922528	0.00932212
1.22011	0.00932212	0.00940686
1.222	0.00940686	0.009481
1.22389	0.009481	0.00967088
1.22578	0.00967088	0.00983701
1.22766	0.00983701	0.00998239
1.22955	0.00998239	0.0101096
1.23144	0.0101096	0.0102209
1.23333	0.0102209	0.0103183
1.23522	0.0103183	0.0105285
1.2371	0.0105285	0.0107124
1.23899	0.0107124	0.0107484
1.24088	0.0107484	0.0107798
1.24277	0.0107798	0.0108074
1.24466	0.0108074	0.0108314
1.24654	0.0108314	0.0108525
1.24843	0.0108525	0.0108709
1.25032	0.0108709	0.0110121
1.25221	0.0110121	0.0111356
1.2541	0.0111356	0.0112436
1.25598	0.0112436	0.0112132
1.25787	0.0112132	0.0111865
1.25976	0.0111865	0.0111632
1.26165	0.0111632	0.0111428
1.26354	0.0111428	0.011125
1.26542	0.011125	0.0111093
1.26731	0.0111093	0.0112207
1.2692	0.0112207	0.0113181
1.27109	0.0113181	0.0116533
1.27298	0.0116533	0.0118217
1.27486	0.0118217	0.0119689
1.27675	0.0119689	0.0120978
1.27864	0.0120978	0.0122106
1.28053	0.0122106	0.0123093
1.28242	0.0123093	0.0123956
1.2843	0.0123956	0.0124712
1.28619	0.0124712	0.0126623
1.28808	0.0126623	0.0128295
1.28997	0.0128295	0.0128508
1.29186	0.0128508	0.0128694
1.29374	0.0128694	0.0128858
1.29563	0.0128858	0.0129
1.29752	0.0129	0.0129125
1.29941	0.0129125	0.0129235
1.3013	0.0129235	0.012933
1.30318	0.012933	0.0130664
1.30507	0.0130664	0.0131831
1.30696	0.0131831	0.0131602
1.30885	0.0131602	0.0131402
1.31074	0.0131402	0.0131227
1.31262	0.0131227	0.0131073
1.31451	0.0131073	0.0130939
1.3164	0.0130939	0.0130822
1.31829	0.0130822	0.0130719
1.32018	0.0130719	0.0131879
1.32206	0.0131879	0.0132894
1.32395	0.0132894	0.0132532
1.32584	0.0132532	0.0134716
1.32773	0.0134716	0.0136626
1.32962	0.0136626	0.0138298
1.3315	0.0138298	0.0139761
1.33339	0.0139761	0.0141041
1.33528	0.0141041	0.0142161
1.33717	0.0142161	0.0143141
1.33906	0.0143141	0.0145248
1.34094	0.0145248	0.0145842
1.34283	0.0145842	0.0146362
1.34472	0.0146362	0.0146817
1.34661	0.0146817	0.0147214
1.3485	0.0147214	0.0147563
1.35038	0.0147563	0.0147867
1.35227	0.0147867	0.0148134
1.35416	0.0148134	0.0148367
1.35605	0.0148367	0.0149821
1.35794	0.0149821	0.0149844
1.35982	0.0149844	0.0149863
1.37777	0.0149863	0.014738
2.5879	0.014738	0.0385208
2.59387	0.0385208	0.0344557
2.59985	0.0344557	0.0308987
2.60582	0.0308987	0.0277864
2.6118	0.0277864	0.0250631
2.61683	0.0250631	0.0233052
2.62186	0.0233052	0.021642
2.62689	0.021642	0.0201868
2.62877	0.0201868	0.0185384
2.63286	0.0185384	0.0169711
2.63475	0.0169711	0.0155997
2.63884	0.0155997	0.0143998
2.64072	0.0143998	0.0133498
2.64481	0.0133498	0.0124311
2.6467	0.0124311	0.0118772
2.64984	0.0118772	0.0115175
2.65173	0.0115175	0.0109528
2.65487	0.0109528	0.0105837
2.65676	0.0105837	0.0101358
2.65865	0.0101358	0.0097438
2.66084	0.0097438	0.00927583
2.66273	0.00927583	0.00886635
2.66462	0.00886635	0.00850805
2.66682	0.00850805	0.00819455
2.66871	0.00819455	0.00792023
2.6706	0.00792023	0.0076802
2.67248	0.0076802	0.00772017
2.67437	0.00772017	0.00775515
2.67626	0.00775515	0.00778576
2.67815	0.00778576	0.00781254
2.68004	0.00781254	0.00783597
2.68192	0.00783597	0.00773147
2.68381	0.00773147	0.00764004
2.6857	0.00764004	0.00756003
2.68759	0.00756003	0.00749003
2.68948	0.00749003	0.00755377
2.69136	0.00755377	0.00760955
2.69325	0.00760955	0.00765836
2.69514	0.00765836	0.00770106
2.69703	0.00770106	0.00773843
2.69892	0.00773843	0.00764613
2.7008	0.00764613	0.00756536
2.70269	0.00756536	0.00749469
2.70458	0.00749469	0.00768285
2.70647	0.00768285	0.0078475
2.70836	0.0078475	0.00811656
2.71024	0.00811656	0.00835199
2.71213	0.00835199	0.00855799
2.71402	0.00855799	0.00873824
2.71591	0.00873824	0.00877096
2.7178	0.00877096	0.00879959
2.71968	0.00879959	0.00882464
2.72157	0.00882464	0.00884656
2.72346	0.00884656	0.00886574
2.72535	0.00886574	0.00900752
2.72724	0.00900752	0.00913158
2.72912	0.00913158	0.00924013
2.73101	0.00924013	0.00933512
2.7329	0.00933512	0.00929323
2.73479	0.00929323	0.00925657
2.73668	0.00925657	0.0092245
2.73856	0.0092245	0.00919644
2.74045	0.00919644	0.00917188
2.74234	0.00917188	0.0092754
2.74423	0.0092754	0.00936597
2.74612	0.00936597	0.00969522
2.748	0.00969522	0.00998332
2.74989	0.00998332	0.0101104
2.75178	0.0101104	0.0102216
2.75367	0.0102216	0.0103189
2.75556	0.0103189	0.010404
2.75744	0.010404	0.0104785
2.75933	0.0104785	0.0105437
2.76122	0.0105437	0.0107258
2.76311	0.0107258	0.010885
2.765	0.010885	0.0108994
2.76688	0.0108994	0.010912
2.76877	0.010912	0.010923
2.77066	0.010923	0.0109326
2.77255	0.0109326	0.010941
2.77444	0.010941	0.0109484
2.77632	0.0109484	0.0110799
2.77821	0.0110799	0.0111949
2.7801	0.0111949	0.0112955
2.78199	0.0112955	0.0112586
2.78388	0.0112586	0.0112262
2.78576	0.0112262	0.011198
2.78765	0.011198	0.0111732
2.78954	0.0111732	0.0111516
2.79143	0.0111516	0.0111326
2.79332	0.0111326	0.011366
2.7952	0.011366	0.0116953
2.79709	0.0116953	0.0119834
2.79898	0.0119834	0.0121105
2.80087	0.0121105	0.0122216
2.80276	0.0122216	0.0123189
2.80464	0.0123189	0.0124041
2.80653	0.0124041	0.0124786
2.80842	0.0124786	0.0125437
2.81031	0.0125437	0.0126008
2.8122	0.0126008	0.0127757
2.81408	0.0127757	0.0129287
2.81597	0.0129287	0.0129376
2.81786	0.0129376	0.0129454
2.81975	0.0129454	0.0129522
2.82164	0.0129522	0.0129582
2.82352	0.0129582	0.0129634
2.82541	0.0129634	0.012968
2.8273	0.012968	0.012972
2.82919	0.012972	0.0131005
2.83108	0.0131005	0.0132129
2.83296	0.0132129	0.0131863
2.83485	0.0131863	0.013163
2.83674	0.013163	0.0131427
2.83863	0.0131427	0.0131248
2.84052	0.0131248	0.0131092
2.8424	0.0131092	0.0130956
2.84429	0.0130956	0.0130836
2.84618	0.0130836	0.0131982
2.84807	0.0131982	0.0135484
2.84996	0.0135484	0.0137298
2.85184	0.0137298	0.0138886
2.85373	0.0138886	0.0140275
2.85562	0.0140275	0.0141491
2.85751	0.0141491	0.0142555
2.8594	0.0142555	0.0143485
2.86128	0.0143485	0.01443
2.86317	0.01443	0.0145012
2.86506	0.0145012	0.0146886
2.86695	0.0146886	0.0147275
2.86884	0.0147275	0.0147616
2.87072	0.0147616	0.0147914
2.87261	0.0147914	0.0148174
2.8745	0.0148174	0.0148403
2.87639	0.0148403	0.0148602
2.87828	0.0148602	0.0148777
2.88016	0.0148777	0.014893
2.88205	0.014893	0.0150314
2.88394	0.0150314	0.0150274
2.88583	0.0150274	0.015024
2.88772	0.015024	0.015021
2.8896	0.015021	0.0150184
2.89149	0.0150184	0.0150161
2.89338	0.0150161	0.0150141
2.89527	0.0150141	0.0150123
2.89716	0.0150123	0.0150108
2.89904	0.0150108	0.0151344
2.90093	0.0151344	0.0151176
2.90282	0.0151176	0.0151029
2.90471	0.0151029	0.0150901
2.9066	0.0150901	0.0150788
2.90848	0.0150788	0.0150689
2.91037	0.0150689	0.0153103
2.91226	0.0153103	0.0155215
2.91415	0.0155215	0.0157063
2.91604	0.0157063	0.0158681
2.91792	0.0158681	0.0160095
2.91981	0.0160095	0.0161334
2.9217	0.0161334	0.0162417
2.92359	0.0162417	0.0163365
2.92548	0.0163365	0.0164194
2.92736	0.0164194	0.016492
2.92925	0.016492	0.0165555
2.93114	0.0165555	0.016611
2.93303	0.016611	0.0166597
2.93492	0.0166597	0.0167022
2.9368	0.0167022	0.0167394
2.93869	0.0167394	0.016772
2.94058	0.016772	0.0168005
2.94247	0.0168005	0.0168254
2.94436	0.0168254	0.0168473
2.94624	0.0168473	0.0168664
2.94813	0.0168664	0.0168831
2.95002	0.0168831	0.0168977
2.95191	0.0168977	0.0169105
2.9538	0.0169105	0.0169217
2.95568	0.0169217	0.0169314
2.95757	0.0169314	0.01694
2.95946	0.01694	0.0169475
2.96135	0.0169475	0.0169541
2.96324	0.0169541	0.0169598
2.96512	0.0169598	0.0169648
2.96701	0.0169648	0.0169692
2.9689	0.0169692	0.0169731
2.97079	0.0169731	0.0169764
2.97268	0.0169764	0.0169794
2.97456	0.0169794	0.016982
2.97645	0.016982	0.0169842
2.97834	0.0169842	0.0169862
2.98023	0.0169862	0.0169879
2.98212	0.0169879	0.0172394
2.984	0.0172394	0.0174595
2.98589	0.0174595	0.0175271
2.98778	0.0175271	0.0177112
2.98967	0.0177112	0.0178723
2.99156	0.0178723	0.0180132
2.99344	0.0180132	0.0181366
2.99533	0.0181366	0.0182445
2.99722	0.0182445	0.0183389
2.99911	0.0183389	0.0184216
3.001	0.0184216	0.0183689
3.00288	0.0183689	0.0183228
3.00477	0.0183228	0.0184074
3.00666	0.0184074	0.0184815
3.00855	0.0184815	0.0185463
3.01044	0.0185463	0.018603
3.01232	0.018603	0.0186526
3.01421	0.0186526	0.0186961
3.0161	0.0186961	0.0187341
3.01799	0.0187341	0.0186423
3.01988	0.0186423	0.018687
3.02176	0.018687	0.0187261
3.02365	0.0187261	0.0187604
3.02554	0.0187604	0.0187903
3.02743	0.0187903	0.0188165
3.02932	0.0188165	0.0188395
3.0312	0.0188395	0.0188595
3.03309	0.0188595	0.0188771
3.03498	0.0188771	0.0187675
3.03687	0.0187675	0.0187965
3.03876	0.0187965	0.018822
3.04064	0.018822	0.0188442
3.04253	0.0188442	0.0188637
3.04442	0.0188637	0.0188807
3.04631	0.0188807	0.0188956
3.0482	0.0188956	0.0189087
3.05008	0.0189087	0.0189201
3.05197	0.0189201	0.0188051
3.05386	0.0188051	0.0188294
3.05575	0.0188294	0.0188508
3.05764	0.0188508	0.0188694
3.05952	0.0188694	0.0188857
3.06141	0.0188857	0.01915
3.0633	0.01915	0.0193813
3.06519	0.0193813	0.0195836
3.06708	0.0195836	0.0197607
3.06896	0.0197607	0.0197906
3.07085	0.0197906	0.0198168
3.07274	0.0198168	0.0199647
3.07463	0.0199647	0.0200941
3.07652	0.0200941	0.0202073
3.0784	0.0202073	0.0203064
3.08029	0.0203064	0.0203931
3.08218	0.0203931	0.020469
3.08407	0.020469	0.0205353
3.08596	0.0205353	0.0204684
3.08784	0.0204684	0.0204099
3.08973	0.0204099	0.0204836
3.09162	0.0204836	0.0205482
3.09351	0.0205482	0.0206047
3.0954	0.0206047	0.0206541
3.09728	0.0206541	0.0206973
3.09917	0.0206973	0.0207352
3.10106	0.0207352	0.0207683
3.10295	0.0207683	0.0206722
3.10484	0.0206722	0.0205882
3.10672	0.0205882	0.0206397
3.10861	0.0206397	0.0206847
3.1105	0.0206847	0.0207241
3.11239	0.0207241	0.0207586
3.11428	0.0207586	0.0207888
3.11616	0.0207888	0.0208152
3.11805	0.0208152	0.0208383
3.11994	0.0208383	0.0207335
3.12183	0.0207335	0.0206418
3.12372	0.0206418	0.0206866
3.1256	0.0206866	0.0207258
3.12749	0.0207258	0.02076
3.12938	0.02076	0.02079
3.13127	0.02079	0.0208163
3.15581	0.0208163	0.0207142
3.1577	0.0207142	0.02075
3.15959	0.02075	0.0209062
3.16148	0.0209062	0.0210429
3.16336	0.0210429	0.0211626
3.16525	0.0211626	0.0212673
3.16714	0.0212673	0.0212338
3.16903	0.0212338	0.0209546
3.17092	0.0209546	0.0204603
3.1728	0.0204603	0.0190277
3.17469	0.0190277	0.0177743
3.17658	0.0177743	0.0169275
3.17847	0.0169275	0.0161866
3.18036	0.0161866	0.0155382
3.18224	0.0155382	0.015096
3.18413	0.015096	0.014709
3.18602	0.014709	0.0143703
3.18791	0.0143703	0.013949
3.1898	0.013949	0.0135804
3.19168	0.0135804	0.0132579
3.19357	0.0132579	0.0129756
3.19546	0.0129756	0.0127287
3.19735	0.0127287	0.0125126
3.19924	0.0125126	0.0124485
3.20112	0.0124485	0.0123925
3.20301	0.0123925	0.0123434
3.2049	0.0123434	0.0121755
3.20679	0.0121755	0.0120285
3.20868	0.0120285	0.0119
3.21056	0.0119	0.0117875
3.21245	0.0117875	0.011689
3.21434	0.011689	0.0116029
3.21623	0.0116029	0.0116525
3.21812	0.0116525	0.011696
3.22	0.011696	0.011734
3.22189	0.011734	0.0116422
3.22378	0.0116422	0.011812
3.22567	0.011812	0.0119605
3.22756	0.0119605	0.0120904
3.22944	0.0120904	0.0122041
3.23133	0.0122041	0.0123036
3.23322	0.0123036	0.0123906
3.23511	0.0123906	0.0125918
3.237	0.0125918	0.0126428
3.23888	0.0126428	0.0126875
3.24077	0.0126875	0.0127265
3.24266	0.0127265	0.0127607
3.24455	0.0127607	0.0127906
3.24644	0.0127906	0.0128168
3.24832	0.0128168	0.0128397
3.25021	0.0128397	0.0129847
3.2521	0.0129847	0.0131116
3.25399	0.0131116	0.0130977
3.25588	0.0130977	0.0130855
3.25776	0.0130855	0.0130748
3.25965	0.0130748	0.0130654
3.26154	0.0130654	0.0130573
3.26343	0.0130573	0.0130501
3.26532	0.0130501	0.0130438
3.2672	0.0130438	0.0131634
3.26909	0.0131634	0.0132679
3.27098	0.0132679	0.0132344
3.27287	0.0132344	0.0132051
3.27476	0.0132051	0.0131795
3.27664	0.0131795	0.0131571
3.27853	0.0131571	0.0133874
3.28138	0.0133874	0.013714
3.29647	0.013714	0.0136247
3.29836	0.0136247	0.0136717
3.30024	0.0136717	0.0137127
3.30213	0.0137127	0.0138736
3.30402	0.0138736	0.0138894
3.30591	0.0138894	0.0135282
3.30811	0.0135282	0.0125872
3.30999	0.0125872	0.0116388
3.31188	0.0116388	0.0110589
3.31377	0.0110589	0.0106766
3.31566	0.0106766	0.010217
3.31755	0.010217	0.00993988
3.31943	0.00993988	0.0096974
3.32132	0.0096974	0.00948522
3.32321	0.00948522	0.00929957
3.3251	0.00929957	0.00913712
3.32699	0.00913712	0.00886998
3.32887	0.00886998	0.00863623
3.33076	0.00863623	0.0084317
3.33265	0.0084317	0.00825274
3.33454	0.00825274	0.00822115
3.33643	0.00822115	0.0081935
3.33831	0.0081935	0.00816931
3.3402	0.00816931	0.00814815
3.34209	0.00814815	0.00812963
3.34398	0.00812963	0.00823843
3.34587	0.00823843	0.00833362
3.34775	0.00833362	0.00841692
3.34964	0.00841692	0.0084898
3.35153	0.0084898	0.00855358
3.35342	0.00855358	0.00873438
3.35531	0.00873438	0.00889258
3.35719	0.00889258	0.00903101
3.35908	0.00903101	0.00915213
3.36097	0.00915213	0.00913312
3.36286	0.00913312	0.00911648
3.36475	0.00911648	0.00910192
3.36663	0.00910192	0.00908918
3.36852	0.00908918	0.00907803
3.37041	0.00907803	0.00919328
3.3723	0.00919328	0.00929412
3.37419	0.00929412	0.00938235
3.37607	0.00938235	0.00945956
3.37796	0.00945956	0.00940211
3.37985	0.00940211	0.00935185
3.38174	0.00935185	0.00930787
3.38363	0.00930787	0.00951938
3.38551	0.00951938	0.00970446
3.3874	0.00970446	0.0098664
3.38929	0.0098664	0.0101331
3.39118	0.0101331	0.0103665
3.39307	0.0103665	0.0105707
3.39495	0.0105707	0.0106243
3.39684	0.0106243	0.0106713
3.39873	0.0106713	0.0107124
3.40062	0.0107124	0.0107483
3.40251	0.0107483	0.0107798
3.40439	0.0107798	0.0108073
3.40628	0.0108073	0.0109564
3.40817	0.0109564	0.0110868
3.41006	0.0110868	0.011201
3.41195	0.011201	0.0111759
3.41383	0.0111759	0.0111539
3.41572	0.0111539	0.0111346
3.41761	0.0111346	0.0111178
3.4195	0.0111178	0.0111031
3.42139	0.0111031	0.0110902
3.42327	0.0110902	0.0112039
3.42516	0.0112039	0.0113034
3.42705	0.0113034	0.0113905
3.42894	0.0113905	0.0113417
3.43083	0.0113417	0.011549
3.43271	0.011549	0.0117304
3.4346	0.0117304	0.0118891
3.43649	0.0118891	0.0120279
3.43838	0.0120279	0.0121494
3.44027	0.0121494	0.0122558
3.44215	0.0122558	0.0124738
3.44404	0.0124738	0.0126646
3.44593	0.0126646	0.0127065
3.44782	0.0127065	0.0127432
3.44971	0.0127432	0.0127753
3.45159	0.0127753	0.0128034
3.45348	0.0128034	0.0128279
3.45537	0.0128279	0.0128495
3.45726	0.0128495	0.0128683
3.45915	0.0128683	0.0130097
3.46103	0.0130097	0.0131335
3.46292	0.0131335	0.0131168
3.46481	0.0131168	0.0131022
3.4667	0.0131022	0.0130894
3.46859	0.0130894	0.0130783
3.47047	0.0130783	0.0130685
3.47236	0.0130685	0.0130599
3.47425	0.0130599	0.0130524
3.47614	0.0130524	0.0131709
3.47803	0.0131709	0.0132745
3.47991	0.0132745	0.0132402
3.4818	0.0132402	0.0132102
3.48369	0.0132102	0.0131839
3.48558	0.0131839	0.0134109
3.48747	0.0134109	0.0136095
3.50447	0.0136095	0.0135334
3.51107	0.0135334	0.0133417
3.51295	0.0133417	0.013049
3.51484	0.013049	0.0125429
3.51673	0.0125429	0.011725
3.51893	0.011725	0.0110094
3.52082	0.0110094	0.0103832
3.5227	0.0103832	0.0098353
3.52459	0.0098353	0.00960589
3.52648	0.00960589	0.00940515
3.52837	0.00940515	0.00922951
3.53026	0.00922951	0.00907582
3.53214	0.00907582	0.00894134
3.53403	0.00894134	0.00882367
3.53592	0.00882367	0.00859571
3.53781	0.00859571	0.00839625
3.5397	0.00839625	0.00822172
3.54158	0.00822172	0.008069
3.54347	0.008069	0.00806038
3.54536	0.00806038	0.00805283
3.54725	0.00805283	0.00804623
3.54914	0.00804623	0.00804045
3.55102	0.00804045	0.00803539
3.55291	0.00803539	0.00790597
3.5548	0.00790597	0.00779272
3.55669	0.00779272	0.00794363
3.55858	0.00794363	0.00807568
3.56046	0.00807568	0.00819122
3.56235	0.00819122	0.00841731
3.56424	0.00841731	0.00861515
3.56613	0.00861515	0.00878826
3.56802	0.00878826	0.00893972
3.5699	0.00893972	0.00894726
3.57179	0.00894726	0.00895385
3.57368	0.00895385	0.00895962
3.57557	0.00895962	0.00896466
3.57746	0.00896466	0.00896908
3.57934	0.00896908	0.00909794
3.58123	0.00909794	0.0092107
3.58312	0.0092107	0.00930936
3.58501	0.00930936	0.00939569
3.5869	0.00939569	0.00934623
3.58878	0.00934623	0.00930295
3.59067	0.00930295	0.00926508
3.59256	0.00926508	0.00923195
3.59445	0.00923195	0.00920295
3.59634	0.00920295	0.00942758
3.59822	0.00942758	0.00974914
3.60011	0.00974914	0.0100305
3.602	0.0100305	0.0102767
3.60389	0.0102767	0.0103671
3.60578	0.0103671	0.0104462
3.60766	0.0104462	0.0105154
3.60955	0.0105154	0.010576
3.61144	0.010576	0.010629
3.61333	0.010629	0.0106754
3.61522	0.0106754	0.010841
3.6171	0.010841	0.0109858
3.61899	0.0109858	0.0109876
3.62088	0.0109876	0.0109892
3.62277	0.0109892	0.0109905
3.62466	0.0109905	0.0109917
3.62654	0.0109917	0.0109927
3.62843	0.0109927	0.0109936
3.63032	0.0109936	0.0111194
3.63221	0.0111194	0.0112295
3.6341	0.0112295	0.0113258
3.63598	0.0113258	0.0112851
3.63787	0.0112851	0.0112495
3.63976	0.0112495	0.0112183
3.64165	0.0112183	0.011191
3.64354	0.011191	0.0114171
3.64542	0.0114171	0.011615
3.64731	0.011615	0.0117881
3.6492	0.0117881	0.0120646
3.65109	0.0120646	0.0123065
3.65298	0.0123065	0.0123932
3.65486	0.0123932	0.012469
3.65675	0.012469	0.0125354
3.65864	0.0125354	0.0125935
3.66053	0.0125935	0.0126443
3.66242	0.0126443	0.0126888
3.6643	0.0126888	0.0127277
3.66619	0.0127277	0.0128867
3.66904	0.0128867	0.0131509
3.68318	0.0131509	0.013132
3.68507	0.013132	0.0132405
3.68696	0.0132405	0.0132104
3.68885	0.0132104	0.0131841
3.69074	0.0131841	0.0129111
3.69293	0.0129111	0.0120472
3.69482	0.0120472	0.0112913
3.69671	0.0112913	0.0106299
3.69891	0.0106299	0.0100512
3.7008	0.0100512	0.00954477
3.70268	0.00954477	0.00910168
3.70457	0.00910168	0.00896397
3.70646	0.00896397	0.00884347
3.70835	0.00884347	0.00873804
3.71024	0.00873804	0.00864578
3.71212	0.00864578	0.00856506
3.71401	0.00856506	0.00849443
3.7159	0.00849443	0.00830762
3.71779	0.00830762	0.00814417
3.71968	0.00814417	0.00800115
3.72156	0.00800115	0.007876
3.72345	0.007876	0.0078915
3.72534	0.0078915	0.00790506
3.72723	0.00790506	0.00791693
3.72912	0.00791693	0.00792731
3.731	0.00792731	0.0079364
3.73289	0.0079364	0.00781935
3.73478	0.00781935	0.00771693
3.73667	0.00771693	0.00787731
3.73856	0.00787731	0.00801765
3.74044	0.00801765	0.00814044
3.74233	0.00814044	0.00837289
3.74422	0.00837289	0.00857627
3.74611	0.00857627	0.00875424
3.748	0.00875424	0.00878496
3.74988	0.00878496	0.00881184
3.75177	0.00881184	0.00883536
3.75366	0.00883536	0.00885594
3.75555	0.00885594	0.00887395
3.75744	0.00887395	0.0090147
3.75932	0.0090147	0.00913787
3.76121	0.00913787	0.00924563
3.7631	0.00924563	0.00933993
3.76499	0.00933993	0.00929744
3.76688	0.00929744	0.00926026
3.76876	0.00926026	0.00922772
3.77065	0.00922772	0.00919926
3.77254	0.00919926	0.00917435
3.77443	0.00917435	0.00927756
3.77632	0.00927756	0.00961786
3.7782	0.00961786	0.00991563
3.78009	0.00991563	0.0101762
3.78198	0.0101762	0.0102792
3.78387	0.0102792	0.0103693
3.78576	0.0103693	0.0104481
3.78764	0.0104481	0.0105171
3.78953	0.0105171	0.0105775
3.79142	0.0105775	0.0106303
3.79331	0.0106303	0.0108015
3.7952	0.0108015	0.0109513
3.79708	0.0109513	0.0110824
3.79897	0.0110824	0.0110721
3.80086	0.0110721	0.0110631
3.80275	0.0110631	0.0110552
3.80464	0.0110552	0.0110483
3.80652	0.0110483	0.0110423
3.80841	0.0110423	0.011037
3.8103	0.011037	0.0111574
3.81219	0.0111574	0.0112627
3.81408	0.0112627	0.0113548
3.81596	0.0113548	0.0113105
3.81785	0.0113105	0.0112717
3.81974	0.0112717	0.0112377
3.82163	0.0112377	0.011208
3.82352	0.011208	0.011432
3.8254	0.011432	0.011628
3.82729	0.011628	0.0117995
3.82918	0.0117995	0.0120746
3.83107	0.0120746	0.0123152
3.83296	0.0123152	0.0124008
3.83484	0.0124008	0.0124757
3.83673	0.0124757	0.0125413
3.83862	0.0125413	0.0125986
3.84051	0.0125986	0.0126488
3.8424	0.0126488	0.0126927
3.84428	0.0126927	0.0127311
3.84617	0.0127311	0.0128897
3.84806	0.0128897	0.0130285
3.84995	0.0130285	0.0130249
3.85184	0.0130249	0.0130218
3.85372	0.0130218	0.0130191
3.85561	0.0130191	0.0130167
3.8575	0.0130167	0.0130146
3.85939	0.0130146	0.0130128
3.86128	0.0130128	0.0130112
3.86316	0.0130112	0.0131348
3.86505	0.0131348	0.0132429
3.86694	0.0132429	0.0132126
3.86883	0.0132126	0.013186
3.87072	0.013186	0.0131628
3.8726	0.0131628	0.0131424
3.87449	0.0131424	0.0131246
3.87638	0.0131246	0.013109
3.87827	0.013109	0.0130954
3.88016	0.0130954	0.0133335
3.88204	0.0133335	0.0136668
3.88393	0.0136668	0.0138334
3.88582	0.0138334	0.0139793
3.88771	0.0139793	0.0141069
3.8896	0.0141069	0.0142185
3.89148	0.0142185	0.0143162
3.89337	0.0143162	0.0144017
3.89526	0.0144017	0.0144765
3.89715	0.0144765	0.0145419
3.89904	0.0145419	0.0147242
3.90092	0.0147242	0.0147586
3.90281	0.0147586	0.0147888
3.9047	0.0147888	0.0148152
3.90659	0.0148152	0.0148383
3.90848	0.0148383	0.0148585
3.91036	0.0148585	0.0148762
3.91225	0.0148762	0.0148917
3.91414	0.0148917	0.0149052
3.91603	0.0149052	0.0150421
3.91792	0.0150421	0.0150368
3.9198	0.0150368	0.0150322
3.92169	0.0150322	0.0150282
3.92358	0.0150282	0.0150247
3.92547	0.0150247	0.0150216
3.92736	0.0150216	0.0150189
3.92924	0.0150189	0.0150165
3.93113	0.0150165	0.0150145
3.93302	0.0150145	0.0151376
3.93491	0.0151376	0.0151204
3.9368	0.0151204	0.0151054
3.93868	0.0151054	0.0150922
3.94057	0.0150922	0.0150807
3.94246	0.0150807	0.0153206
3.94435	0.0153206	0.0155305
3.94624	0.0155305	0.0157142
3.94812	0.0157142	0.0158749
3.95001	0.0158749	0.0160156
3.9519	0.0160156	0.0161386
3.95379	0.0161386	0.0162463
3.95568	0.0162463	0.0163405
3.95756	0.0163405	0.0164229
3.95945	0.0164229	0.0164951
3.96134	0.0164951	0.0165582
3.96323	0.0165582	0.0166134
3.98305	0.0166134	0.0165367
3.98494	0.0165367	0.0165946
3.98683	0.0165946	0.0166453
3.98872	0.0166453	0.0166896
3.9906	0.0166896	0.0167284
3.99249	0.0167284	0.0165124
3.99438	0.0165124	0.0160733
3.99627	0.0160733	0.0150642
3.99816	0.0150642	0.0141811
4.00004	0.0141811	0.0134085
4.00193	0.0134085	0.0126074
4.00382	0.0126074	0.0119065
4.00571	0.0119065	0.0112932
4.0076	0.0112932	0.0110065
4.00948	0.0110065	0.0107557
4.01137	0.0107557	0.0106613
4.01326	0.0106613	0.0105786
4.01515	0.0105786	0.0105063
4.01704	0.0105063	0.010443
4.01892	0.010443	0.0102626
4.02081	0.0102626	0.0101048
4.0227	0.0101048	0.00996669
4.02459	0.00996669	0.00984585
4.02648	0.00984585	0.00974012
4.02836	0.00974012	0.00977261
4.03025	0.00977261	0.00980103
4.03214	0.00980103	0.0098259
4.03403	0.0098259	0.00984766
4.03592	0.00984766	0.0097417
4.0378	0.0097417	0.00964899
4.03969	0.00964899	0.00956787
4.04158	0.00956787	0.00949688
4.04347	0.00949688	0.00943477
4.04536	0.00943477	0.00950542
4.04724	0.00950542	0.00981725
4.04913	0.00981725	0.0100901
4.05102	0.0100901	0.0103288
4.05291	0.0103288	0.0104127
4.0548	0.0104127	0.0104861
4.05668	0.0104861	0.0105504
4.05857	0.0105504	0.0106066
4.06046	0.0106066	0.0106557
4.06235	0.0106557	0.0106988
4.06424	0.0106988	0.0108614
4.06612	0.0108614	0.0110038
4.06801	0.0110038	0.0111283
4.0699	0.0111283	0.0111122
4.07179	0.0111122	0.0110982
4.07368	0.0110982	0.0110859
4.07556	0.0110859	0.0110752
4.07745	0.0110752	0.0110658
4.07934	0.0110658	0.0110576
4.08123	0.0110576	0.0111754
4.08312	0.0111754	0.0112785
4.085	0.0112785	0.0113686
4.08689	0.0113686	0.0113226
4.08878	0.0113226	0.0112822
4.09067	0.0112822	0.011247
4.09256	0.011247	0.0112161
4.09444	0.0112161	0.0114391
4.09633	0.0114391	0.0116342
4.09822	0.0116342	0.0118049
4.10011	0.0118049	0.0120793
4.102	0.0120793	0.0121944
4.10388	0.0121944	0.0122951
4.10577	0.0122951	0.0123832
4.10766	0.0123832	0.0124603
4.10955	0.0124603	0.0125278
4.11144	0.0125278	0.0125868
4.11332	0.0125868	0.0126384
4.11521	0.0126384	0.0128086
4.1171	0.0128086	0.0129576
4.11899	0.0129576	0.0129629
4.12088	0.0129629	0.0129675
4.12276	0.0129675	0.0129716
4.12465	0.0129716	0.0129751
4.12654	0.0129751	0.0129782
4.12843	0.0129782	0.012981
4.13032	0.012981	0.0129833
4.1322	0.0129833	0.0131104
4.13409	0.0131104	0.0132216
4.13598	0.0132216	0.0131939
4.13787	0.0131939	0.0131697
4.13976	0.0131697	0.0131485
4.14164	0.0131485	0.0131299
4.14353	0.0131299	0.0131137
4.14542	0.0131137	0.0130995
4.14731	0.0130995	0.013087
4.1492	0.013087	0.0132011
4.15108	0.0132011	0.013551
4.15297	0.013551	0.0137321
4.15486	0.0137321	0.0138906
4.15675	0.0138906	0.0140293
4.15864	0.0140293	0.0141506
4.16052	0.0141506	0.0142568
4.16241	0.0142568	0.0143497
4.1643	0.0143497	0.014431
4.16619	0.014431	0.0145021
4.16808	0.0145021	0.0146893
4.16996	0.0146893	0.0147282
4.17185	0.0147282	0.0147622
4.17374	0.0147622	0.0147919
4.17563	0.0147919	0.0148179
4.17752	0.0148179	0.0148407
4.1794	0.0148407	0.0148606
4.18129	0.0148606	0.014878
4.18318	0.014878	0.0148933
4.18507	0.0148933	0.0150316
4.18696	0.0150316	0.0150276
4.18884	0.0150276	0.0150242
4.19073	0.0150242	0.0150212
4.19262	0.0150212	0.0150185
4.19451	0.0150185	0.0150162
4.1964	0.0150162	0.0150142
4.19828	0.0150142	0.0150124
4.20017	0.0150124	0.0150109
4.20206	0.0150109	0.0151345
4.20395	0.0151345	0.0151177
4.20584	0.0151177	0.015103
4.20772	0.015103	0.0150901
4.20961	0.0150901	0.0150788
4.2115	0.0150788	0.015069
4.21339	0.015069	0.0153104
4.21528	0.0153104	0.0155216
4.21716	0.0155216	0.0157064
4.21905	0.0157064	0.0158681
4.22094	0.0158681	0.0160096
4.22283	0.0160096	0.0161334
4.22472	0.0161334	0.0162417
4.2266	0.0162417	0.0163365
4.22849	0.0163365	0.0164194
4.23038	0.0164194	0.016492
4.23227	0.016492	0.0165555
4.23416	0.0165555	0.0166111
4.23604	0.0166111	0.0166597
4.23793	0.0166597	0.0167022
4.23982	0.0167022	0.0167394
4.24171	0.0167394	0.016772
4.2436	0.016772	0.0168005
4.24548	0.0168005	0.0168254
4.24737	0.0168254	0.0168473
4.24926	0.0168473	0.0168664
4.25115	0.0168664	0.0168831
4.25304	0.0168831	0.0168977
4.25492	0.0168977	0.0169105
4.25681	0.0169105	0.0169217
4.2587	0.0169217	0.0169314
4.26059	0.0169314	0.01694
4.26248	0.01694	0.0169475
4.26436	0.0169475	0.0169541
4.26625	0.0169541	0.0169598
4.26814	0.0169598	0.0169648
4.27003	0.0169648	0.0169692
4.27192	0.0169692	0.0169731
4.2738	0.0169731	0.0169764
4.27569	0.0169764	0.0169794
4.27758	0.0169794	0.016982
4.27947	0.016982	0.0169842
4.28136	0.0169842	0.0169862
4.28324	0.0169862	0.0169879
4.28513	0.0169879	0.0172394
4.28702	0.0172394	0.0174595
4.28891	0.0174595	0.0175271
4.2908	0.0175271	0.0177112
4.29268	0.0177112	0.0178723
4.29457	0.0178723	0.0180132
4.29646	0.0180132	0.0181366
4.29835	0.0181366	0.0182445
4.30024	0.0182445	0.0183389
4.30212	0.0183389	0.0184216
4.30401	0.0184216	0.0184939
4.3059	0.0184939	0.0184321
4.30779	0.0184321	0.0185031
4.30968	0.0185031	0.0185652
4.31156	0.0185652	0.0186196
4.31345	0.0186196	0.0186671
4.31534	0.0186671	0.0187087
4.31723	0.0187087	0.0187451
4.31912	0.0187451	0.018777
4.321	0.018777	0.0188049
4.32289	0.0188049	0.0187043
4.32478	0.0187043	0.0187412
4.32667	0.0187412	0.0187736
4.32856	0.0187736	0.0188019
4.33044	0.0188019	0.0188266
4.33233	0.0188266	0.0188483
4.33422	0.0188483	0.0188673
4.33611	0.0188673	0.0188839
4.338	0.0188839	0.0187734
4.33988	0.0187734	0.0186767
4.34177	0.0186767	0.0187171
4.34366	0.0187171	0.0187525
4.34555	0.0187525	0.0187834
4.34744	0.0187834	0.0188105
4.34932	0.0188105	0.0188342
4.35121	0.0188342	0.0188549
4.3531	0.0188549	0.018873
4.35499	0.018873	0.0187639
4.35688	0.0187639	0.0187934
4.37953	0.0187934	0.0188192
4.38142	0.0188192	0.0189668
4.38331	0.0189668	0.019096
4.3852	0.019096	0.019209
4.38708	0.019209	0.0193079
4.38897	0.0193079	0.0192694
4.39086	0.0192694	0.0191107
4.39275	0.0191107	0.0187219
4.39464	0.0187219	0.0175066
4.39652	0.0175066	0.0164433
4.39841	0.0164433	0.0156379
4.4003	0.0156379	0.0149332
4.40219	0.0149332	0.0143165
4.40408	0.0143165	0.0137769
4.40596	0.0137769	0.0131798
4.40785	0.0131798	0.0126573
4.40974	0.0126573	0.0122002
4.41163	0.0122002	0.0118002
4.41352	0.0118002	0.0114501
4.4154	0.0114501	0.0112689
4.41729	0.0112689	0.0111103
4.41918	0.0111103	0.0109715
4.42107	0.0109715	0.0111
4.42296	0.0111	0.0110875
4.42484	0.0110875	0.0110766
4.42673	0.0110766	0.011067
4.42862	0.011067	0.0110586
4.43051	0.0110586	0.0110513
4.4324	0.0110513	0.0110449
4.43428	0.0110449	0.0111643
4.43617	0.0111643	0.0112687
4.43806	0.0112687	0.0113602
4.43995	0.0113602	0.0113151
4.44184	0.0113151	0.0112757
4.44372	0.0112757	0.0112413
4.44561	0.0112413	0.0112111
4.4475	0.0112111	0.0111847
4.45035	0.0111847	0.0112866
4.4626	0.0112866	0.0111258
4.46449	0.0111258	0.0111101
4.46638	0.0111101	0.0110963
4.46827	0.0110963	0.0110843
4.47141	0.0110843	0.0109487
4.4733	0.0109487	0.0104551
4.47644	0.0104551	0.0101483
4.47833	0.0101483	0.00975472
4.48022	0.00975472	0.00941038
4.48242	0.00941038	0.00898408
4.49124	0.00898408	0.00848607
4.49439	0.00848607	0.00830031
4.50036	0.00830031	0.00801277
4.50634	0.00801277	0.00776118
4.51137	0.00776118	0.00816603
4.5164	0.00816603	0.00839528
4.52143	0.00839528	0.00859586
4.52332	0.00859586	0.00839638
4.5274	0.00839638	0.00809683
4.52929	0.00809683	0.00783473
4.53338	0.00783473	0.00760539
4.53527	0.00760539	0.00740471
4.53935	0.00740471	0.00722912
4.54124	0.00722912	0.00732548
4.54438	0.00732548	0.0075348
4.54627	0.0075348	0.00746795
4.55037	0.00746795	0.00765945
4.55823	0.00765945	0.00745202
4.56139	0.00745202	0.00752052
4.56736	0.00752052	0.00733045
4.57334	0.00733045	0.00716415
4.57837	0.00716415	0.00764363
4.5834	0.00764363	0.00793817
4.58843	0.00793817	0.0081959
4.59032	0.0081959	0.00804641
4.5944	0.00804641	0.00779061
4.59629	0.00779061	0.00756678
4.60038	0.00756678	0.00737094
4.60227	0.00737094	0.00719957
4.60635	0.00719957	0.00704962
4.60824	0.00704962	0.00716842
4.61138	0.00716842	0.00739737
4.61327	0.00739737	0.00734769
4.61641	0.00734769	0.00742923
4.6183	0.00742923	0.00737558
4.62019	0.00737558	0.00732863
4.62239	0.00732863	0.00716255
4.62428	0.00716255	0.00701723
4.62616	0.00701723	0.00689008
4.62836	0.00689008	0.00677882
4.63025	0.00677882	0.00668147
4.63214	0.00668147	0.00659628
4.63403	0.00659628	0.00677175
4.63591	0.00677175	0.00680028
4.6378	0.00680028	0.00682524
4.63969	0.00682524	0.00684709
4.64158	0.00684709	0.0068662
4.64347	0.0068662	0.00700792
4.64535	0.00700792	0.00713193
4.64724	0.00713193	0.00724044
4.64913	0.00724044	0.00733538
4.65102	0.00733538	0.00741846
4.65291	0.00741846	0.00736615
4.65479	0.00736615	0.00732038
4.65668	0.00732038	0.00728033
4.65857	0.00728033	0.00724529
4.66046	0.00724529	0.00733963
4.66235	0.00733963	0.00742218
4.66423	0.00742218	0.0074944
4.66612	0.0074944	0.0078076
4.66801	0.0078076	0.00808165
4.6699	0.00808165	0.00819645
4.67179	0.00819645	0.00829689
4.67367	0.00829689	0.00838478
4.67556	0.00838478	0.00846168
4.67745	0.00846168	0.00852897
4.67934	0.00852897	0.00871285
4.68123	0.00871285	0.00887374
4.68311	0.00887374	0.00901452
4.685	0.00901452	0.00913771
4.68689	0.00913771	0.00912049
4.68878	0.00912049	0.00910543
4.69067	0.00910543	0.00909225
4.69255	0.00909225	0.00908072
4.69444	0.00908072	0.00907063
4.69633	0.00907063	0.0091868
4.69822	0.0091868	0.00928845
4.70011	0.00928845	0.00937739
4.70199	0.00937739	0.00933022
4.70388	0.00933022	0.00928894
4.70577	0.00928894	0.00925282
4.70766	0.00925282	0.00947122
4.70955	0.00947122	0.00966232
4.71143	0.00966232	0.00982953
4.71332	0.00982953	0.0101008
4.71521	0.0101008	0.0103382
4.7171	0.0103382	0.010546
4.71899	0.010546	0.0106027
4.72087	0.0106027	0.0106524
4.72276	0.0106524	0.0106958
4.72465	0.0106958	0.0107338
4.72654	0.0107338	0.0107671
4.72843	0.0107671	0.0107962
4.73031	0.0107962	0.0109467
4.7322	0.0109467	0.0110784
4.73409	0.0110784	0.0111936
4.73598	0.0111936	0.0111694
4.73787	0.0111694	0.0111482
4.73975	0.0111482	0.0111297
4.74164	0.0111297	0.0111135
4.74353	0.0111135	0.0110993
4.74542	0.0110993	0.0110869
4.74731	0.0110869	0.011201
4.74919	0.011201	0.0113009
4.75108	0.0113009	0.0113883
4.75297	0.0113883	0.0113397
4.75486	0.0113397	0.0115473
4.75675	0.0115473	0.0117289
4.75863	0.0117289	0.0118878
4.76052	0.0118878	0.0120268
4.76241	0.0120268	0.0121484
4.7643	0.0121484	0.0122549
4.76619	0.0122549	0.012473
4.76807	0.012473	0.0126639
4.76996	0.0126639	0.0127059
4.77185	0.0127059	0.0127427
4.77374	0.0127427	0.0127748
4.77563	0.0127748	0.012803
4.77751	0.012803	0.0128276
4.7794	0.0128276	0.0128492
4.78129	0.0128492	0.012868
4.78318	0.012868	0.0130095
4.78507	0.0130095	0.0131333
4.78695	0.0131333	0.0131167
4.78884	0.0131167	0.0131021
4.79073	0.0131021	0.0130893
4.79262	0.0130893	0.0130781
4.79451	0.0130781	0.0130684
4.79639	0.0130684	0.0130598
4.79828	0.0130598	0.0130524
4.80017	0.0130524	0.0131708
4.80206	0.0131708	0.0132745
4.80395	0.0132745	0.0132401
4.80583	0.0132401	0.0132101
4.80772	0.0132101	0.0131839
4.80961	0.0131839	0.0134109
4.8115	0.0134109	0.0136095
4.81339	0.0136095	0.0137833
4.81527	0.0137833	0.0139354
4.81716	0.0139354	0.0140685
4.81905	0.0140685	0.0143099
4.82094	0.0143099	0.0143962
4.82283	0.0143962	0.0144717
4.82471	0.0144717	0.0145377
4.8266	0.0145377	0.0145955
4.82849	0.0145955	0.0146461
4.83038	0.0146461	0.0146903
4.83227	0.0146903	0.014729
4.83415	0.014729	0.0147629
4.83604	0.0147629	0.0149175
4.83793	0.0149175	0.0149278
4.83982	0.0149278	0.0149369
4.84171	0.0149369	0.0149447
4.84359	0.0149447	0.0149517
4.84548	0.0149517	0.0149577
4.84737	0.0149577	0.014963
4.84926	0.014963	0.0149676
4.85115	0.0149676	0.0149717
4.85303	0.0149717	0.0151002
4.85492	0.0151002	0.0150877
4.85681	0.0150877	0.0150767
4.8587	0.0150767	0.0150671
4.86059	0.0150671	0.0150587
4.86247	0.0150587	0.0150514
4.86436	0.0150514	0.015045
4.86625	0.015045	0.0150393
4.86814	0.0150393	0.0150344
4.87003	0.0150344	0.0151551
4.88891	0.0151551	0.0151357
4.89079	0.0151357	0.0152438
4.89268	0.0152438	0.0153383
4.89553	0.0153383	0.015546
4.90339	0.015546	0.0143528
4.90528	0.0143528	0.0134337
4.91031	0.0134337	0.0128795
4.91534	0.0128795	0.0125195
4.92037	0.0125195	0.0122046
4.9254	0.0122046	0.011929
4.92729	0.011929	0.0113129
4.93137	0.0113129	0.0106488
4.93326	0.0106488	0.0100677
4.93735	0.0100677	0.00955921
4.93924	0.00955921	0.00911431
4.94332	0.00911431	0.00872502
4.94617	0.00872502	0.00875939
4.95627	0.00875939	0.00828947
4.9613	0.00828947	0.00787829
4.96633	0.00787829	0.0080185
4.9723	0.0080185	0.00776619
4.97828	0.00776619	0.00754541
4.98331	0.00754541	0.00797723
4.98834	0.00797723	0.00823008
4.99337	0.00823008	0.00845132
4.99525	0.00845132	0.0082699
4.99934	0.0082699	0.00798617
5.00123	0.00798617	0.00773789
5.00532	0.00773789	0.00752066
5.0072	0.00752066	0.00733057
5.01129	0.00733057	0.00716425
5.01318	0.00716425	0.00726872
5.01632	0.00726872	0.00748513
5.01821	0.00748513	0.00742449
5.02135	0.00742449	0.00749643
5.02324	0.00749643	0.00743437
5.02513	0.00743437	0.00738008
5.02732	0.00738008	0.00720757
5.02921	0.00720757	0.00705662
5.0311	0.00705662	0.00692454
5.0333	0.00692454	0.00680897
5.03519	0.00680897	0.00670785
5.03708	0.00670785	0.00661937
5.03896	0.00661937	0.00666695
5.04085	0.00666695	0.00670858
5.04274	0.00670858	0.00674501
5.04463	0.00674501	0.00677688
5.04652	0.00677688	0.00692977
5.0484	0.00692977	0.00706355
5.05029	0.00706355	0.0071806
5.05218	0.0071806	0.00728303
5.05407	0.00728303	0.00737265
5.05596	0.00737265	0.00732607
5.05784	0.00732607	0.00728531
5.05973	0.00728531	0.00724964
5.06162	0.00724964	0.00721844
5.06351	0.00721844	0.00731613
5.0654	0.00731613	0.00740162
5.06728	0.00740162	0.00747641
5.06917	0.00747641	0.00754186
5.07106	0.00754186	0.00784913
5.07295	0.00784913	0.00799299
5.07484	0.00799299	0.00811886
5.07672	0.00811886	0.008229
5.07861	0.008229	0.00832538
5.0805	0.00832538	0.00840971
5.08239	0.00840971	0.00860849
5.08428	0.00860849	0.00878243
5.08616	0.00878243	0.00893463
5.08805	0.00893463	0.0090678
5.08994	0.0090678	0.00905932
5.09183	0.00905932	0.00905191
5.09372	0.00905191	0.00904542
5.0956	0.00904542	0.00903974
5.09749	0.00903974	0.00903477
5.09938	0.00903477	0.00915542
5.10127	0.00915542	0.009261
5.10316	0.009261	0.00935337
5.10504	0.00935337	0.0094342
5.10693	0.0094342	0.00937992
5.10882	0.00937992	0.00933243
5.11071	0.00933243	0.00929088
5.1126	0.00929088	0.00950452
5.11448	0.00950452	0.00969145
5.11637	0.00969145	0.00985502
5.11826	0.00985502	0.0101231
5.12015	0.0101231	0.0103578
5.12204	0.0103578	0.010563
5.12392	0.010563	0.0106177
5.12581	0.0106177	0.0106654
5.1277	0.0106654	0.0107073
5.12959	0.0107073	0.0107439
5.13148	0.0107439	0.0107759
5.13336	0.0107759	0.0108039
5.13525	0.0108039	0.0109534
5.13714	0.0109534	0.0110842
5.13903	0.0110842	0.0111987
5.14092	0.0111987	0.0111739
5.1428	0.0111739	0.0111521
5.14469	0.0111521	0.0111331
5.14658	0.0111331	0.0111165
5.14942	0.0111165	0.0112269
5.16264	0.0112269	0.0111985
5.16829	0.0111985	0.0110487
5.17018	0.0110487	0.0109176
5.17239	0.0109176	0.0105529
5.17521	0.0105529	0.0101088
5.17742	0.0101088	0.00972021
5.17931	0.00972021	0.00938019
5.1812	0.00938019	0.00895766
5.1834	0.00895766	0.00858795
5.18528	0.00858795	0.00826446
5.18717	0.00826446	0.0079814
5.18937	0.0079814	0.00773373
5.19221	0.00773373	0.00764201
5.20008	0.00764201	0.00743676
5.20196	0.00743676	0.00725716
5.207	0.00725716	0.00735002
5.21203	0.00735002	0.00780626
5.21706	0.00780626	0.00820548
5.22209	0.00820548	0.0084298
5.22397	0.0084298	0.00812607
5.22806	0.00812607	0.00786031
5.22995	0.00786031	0.00762777
5.23404	0.00762777	0.0074243
5.23592	0.0074243	0.00724626
5.24001	0.00724626	0.00709048
5.2419	0.00709048	0.00707917
5.24504	0.00707917	0.00744427
5.24693	0.00744427	0.00726374
5.25007	0.00726374	0.00748077
5.25196	0.00748077	0.00729567
5.25385	0.00729567	0.00725871
5.25604	0.00725871	0.00710137
5.25793	0.00710137	0.0069637
5.25982	0.0069637	0.00684324
5.26202	0.00684324	0.00673783
5.26391	0.00673783	0.0066456
5.2658	0.0066456	0.0065649
5.26768	0.0065649	0.00674429
5.26957	0.00674429	0.00677625
5.27146	0.00677625	0.00692922
5.27335	0.00692922	0.00706307
5.27524	0.00706307	0.00718018
5.27712	0.00718018	0.00728266
5.27901	0.00728266	0.00737233
5.2809	0.00737233	0.00732579
5.28279	0.00732579	0.00728506
5.28468	0.00728506	0.00724943
5.28656	0.00724943	0.00721825
5.28845	0.00721825	0.00731597
5.29034	0.00731597	0.00740147
5.29223	0.00740147	0.00747629
5.29412	0.00747629	0.00754175
5.296	0.00754175	0.00759903
5.29789	0.00759903	0.00752415
5.29978	0.00752415	0.00770863
5.30167	0.00770863	0.00787005
5.30356	0.00787005	0.0080113
5.30544	0.0080113	0.00813488
5.30733	0.00813488	0.00836802
5.30922	0.00836802	0.00857202
5.31111	0.00857202	0.00875052
5.313	0.00875052	0.0087817
5.31488	0.0087817	0.00880899
5.31677	0.00880899	0.00883287
5.31866	0.00883287	0.00885376
5.32055	0.00885376	0.00887204
5.32244	0.00887204	0.00901303
5.32432	0.00901303	0.0091364
5.32621	0.0091364	0.00924435
5.3281	0.00924435	0.00933881
5.32999	0.00933881	0.00929646
5.33188	0.00929646	0.0092594
5.33376	0.0092594	0.00922697
5.33565	0.00922697	0.0091986
5.33754	0.0091986	0.00917378
5.33943	0.00917378	0.00927705
5.34132	0.00927705	0.00961742
5.3432	0.00961742	0.00991524
5.34509	0.00991524	0.0101758
5.34698	0.0101758	0.0102789
5.34887	0.0102789	0.010369
5.35076	0.010369	0.0104479
5.35264	0.0104479	0.0105169
5.35453	0.0105169	0.0105773
5.35642	0.0105773	0.0106301
5.35831	0.0106301	0.0108014
5.3602	0.0108014	0.0109512
5.36208	0.0109512	0.0110823
5.36397	0.0110823	0.011072
5.36586	0.011072	0.011063
5.36775	0.011063	0.0110551
5.36964	0.0110551	0.0110482
5.37152	0.0110482	0.0110422
5.37341	0.0110422	0.0110369
5.3753	0.0110369	0.0111573
5.37719	0.0111573	0.0112626
5.37908	0.0112626	0.0113548
5.38096	0.0113548	0.0113105
5.38285	0.0113105	0.0112717
5.38474	0.0112717	0.0112377
5.38663	0.0112377	0.011208
5.38852	0.011208	0.011432
5.3904	0.011432	0.011628
5.39229	0.011628	0.0117995
5.39418	0.0117995	0.0120746
5.39607	0.0120746	0.0123152
5.39796	0.0123152	0.0124008
5.39984	0.0124008	0.0124757
5.40173	0.0124757	0.0125413
5.40362	0.0125413	0.0125986
5.40551	0.0125986	0.0126488
5.4074	0.0126488	0.0126927
5.40928	0.0126927	0.0127311
5.41117	0.0127311	0.0128897
5.41306	0.0128897	0.0130285
5.41495	0.0130285	0.0130249
5.41684	0.0130249	0.0130218
5.41872	0.0130218	0.0130191
5.42061	0.0130191	0.0130167
5.4225	0.0130167	0.0130146
5.42439	0.0130146	0.0130128
5.42628	0.0130128	0.0130112
5.42816	0.0130112	0.0131348
5.43005	0.0131348	0.0132429
5.43194	0.0132429	0.0132126
5.43383	0.0132126	0.013186
5.43572	0.013186	0.0131627
5.4376	0.0131627	0.0131424
5.43949	0.0131424	0.0131246
5.44138	0.0131246	0.013109
5.44327	0.013109	0.0133454
5.44516	0.0133454	0.0135522
5.44704	0.0135522	0.0138582
5.44989	0.0138582	0.0141259
5.46498	0.0141259	0.0139852
5.46687	0.0139852	0.013987
5.46876	0.013987	0.0139887
5.47064	0.0139887	0.0139901
5.47253	0.0139901	0.0138663
5.47442	0.0138663	0.013508
5.47662	0.013508	0.0125695
5.47851	0.0125695	0.0117483
5.48039	0.0117483	0.0112798
5.48228	0.0112798	0.0108698
5.48417	0.0108698	0.0105111
5.48606	0.0105111	0.0101972
5.48795	0.0101972	0.00979755
5.48983	0.00979755	0.00944786
5.49172	0.00944786	0.00914187
5.49361	0.00914187	0.00887414
5.4955	0.00887414	0.00876487
5.49739	0.00876487	0.00866926
5.49927	0.00866926	0.0085856
5.50116	0.0085856	0.0085124
5.50305	0.0085124	0.00844835
5.50494	0.00844835	0.00826731
5.50683	0.00826731	0.00810889
5.50871	0.00810889	0.00797028
5.5106	0.00797028	0.007849
5.51249	0.007849	0.00799287
5.51438	0.00799287	0.00824376
5.51627	0.00824376	0.00846329
5.51815	0.00846329	0.00865538
5.52004	0.00865538	0.00882346
5.52193	0.00882346	0.00884552
5.52382	0.00884552	0.00886483
5.52571	0.00886483	0.00888173
5.52759	0.00888173	0.00889651
5.52948	0.00889651	0.00890945
5.53137	0.00890945	0.00904577
5.53326	0.00904577	0.00916505
5.53515	0.00916505	0.00926941
5.53703	0.00926941	0.00936074
5.53892	0.00936074	0.00931564
5.54081	0.00931564	0.00927619
5.5427	0.00927619	0.00924166
5.54459	0.00924166	0.00921146
5.54647	0.00921146	0.00918502
5.54932	0.00918502	0.0094119
5.56063	0.0094119	0.00936041
5.56252	0.00936041	0.00944036
5.56441	0.00944036	0.00951031
5.5663	0.00951031	0.00957152
5.57038	0.00957152	0.00912508
5.57227	0.00912508	0.00898445
5.57541	0.00898445	0.00898639
5.5773	0.00898639	0.00873809
5.58044	0.00873809	0.00864583
5.58233	0.00864583	0.0084401
5.58422	0.0084401	0.00826009
5.58642	0.00826009	0.00797758
5.58831	0.00797758	0.00773038
5.5902	0.00773038	0.00751408
5.59239	0.00751408	0.00732482
5.59428	0.00732482	0.00715922
5.59617	0.00715922	0.00701431
5.59837	0.00701431	0.00688752
5.60026	0.00688752	0.00702658
5.60214	0.00702658	0.00714826
5.60403	0.00714826	0.00725473
5.60592	0.00725473	0.00722289
5.60781	0.00722289	0.00719502
5.6097	0.00719502	0.00717065
5.61158	0.00717065	0.00714931
5.61347	0.00714931	0.00725565
5.61536	0.00725565	0.00734869
5.61725	0.00734869	0.00743011
5.61914	0.00743011	0.00750134
5.62102	0.00750134	0.00756367
5.62291	0.00756367	0.00749321
5.6248	0.00749321	0.00743156
5.62669	0.00743156	0.00737762
5.62858	0.00737762	0.00733041
5.63046	0.00733041	0.00741411
5.63235	0.00741411	0.00773735
5.63424	0.00773735	0.00802018
5.63613	0.00802018	0.00826766
5.63802	0.00826766	0.0084842
5.6399	0.0084842	0.00854867
5.64179	0.00854867	0.00860509
5.64368	0.00860509	0.00865445
5.64557	0.00865445	0.00869765
5.64746	0.00869765	0.00873544
5.64934	0.00873544	0.00889351
5.65123	0.00889351	0.00903182
5.65312	0.00903182	0.00915284
5.65501	0.00915284	0.00925874
5.6569	0.00925874	0.00922639
5.65878	0.00922639	0.00919809
5.66067	0.00919809	0.00917333
5.66256	0.00917333	0.00915166
5.66445	0.00915166	0.00913271
5.66634	0.00913271	0.00924112
5.66822	0.00924112	0.00933598
5.67011	0.00933598	0.00941898
5.672	0.00941898	0.00974161
5.67389	0.00974161	0.0098989
5.67578	0.0098989	0.0100365
5.67766	0.0100365	0.010157
5.67955	0.010157	0.0102624
5.68144	0.0102624	0.0103546
5.68333	0.0103546	0.0104352
5.68522	0.0104352	0.0106308
5.6871	0.0106308	0.010802
5.68899	0.010802	0.0108267
5.69088	0.0108267	0.0108484
5.69277	0.0108484	0.0108673
5.69466	0.0108673	0.0108839
5.69654	0.0108839	0.0108984
5.69843	0.0108984	0.0109111
5.70032	0.0109111	0.0110472
5.70221	0.0110472	0.0111663
5.7041	0.0111663	0.0112705
5.70598	0.0112705	0.0112367
5.70787	0.0112367	0.0112071
5.70976	0.0112071	0.0111812
5.71165	0.0111812	0.0111586
5.71354	0.0111586	0.0111388
5.71542	0.0111388	0.0111214
5.71731	0.0111214	0.0112312
5.7192	0.0112312	0.0115773
5.72109	0.0115773	0.0118802
5.72298	0.0118802	0.0120201
5.72486	0.0120201	0.0121426
5.72675	0.0121426	0.0122498
5.72864	0.0122498	0.0123436
5.73053	0.0123436	0.0124256
5.73242	0.0124256	0.0124974
5.7343	0.0124974	0.0125602
5.73619	0.0125602	0.0127402
5.73808	0.0127402	0.0128977
5.73997	0.0128977	0.0129105
5.74186	0.0129105	0.0129217
5.74374	0.0129217	0.0129315
5.74563	0.0129315	0.01294
5.74752	0.01294	0.0129475
5.74941	0.0129475	0.0129541
5.7513	0.0129541	0.0129598
5.75318	0.0129598	0.0130898
5.75507	0.0130898	0.0132036
5.75696	0.0132036	0.0131782
5.77301	0.0131782	0.0131559
5.7749	0.0131559	0.0131364
5.77678	0.0131364	0.0131194
5.77867	0.0131194	0.0131044
5.78056	0.0131044	0.0128414
5.78276	0.0128414	0.0119862
5.78465	0.0119862	0.0112379
5.78653	0.0112379	0.0105832
5.78873	0.0105832	0.0100103
5.79062	0.0100103	0.009509
5.79251	0.009509	0.00907038
5.7944	0.00907038	0.00893658
5.79628	0.00893658	0.00881951
5.79817	0.00881951	0.00871707
5.80006	0.00871707	0.00862743
5.80195	0.00862743	0.008424
5.80384	0.008424	0.008246
5.80572	0.008246	0.00809025
5.80761	0.00809025	0.00795397
5.8095	0.00795397	0.00795972
5.81139	0.00795972	0.00796476
5.81328	0.00796476	0.00796916
5.81516	0.00796916	0.00797301
5.81705	0.00797301	0.00797639
5.81894	0.00797639	0.00785434
5.82083	0.00785434	0.00774755
5.82272	0.00774755	0.0076541
5.8246	0.0076541	0.00757234
5.82649	0.00757234	0.0077508
5.82838	0.0077508	0.00803195
5.83027	0.00803195	0.00827795
5.83216	0.00827795	0.00849321
5.83404	0.00849321	0.00868156
5.83593	0.00868156	0.00872136
5.83782	0.00872136	0.00875619
5.83971	0.00875619	0.00878667
5.8416	0.00878667	0.00881333
5.84348	0.00881333	0.00883667
5.84537	0.00883667	0.00898208
5.84726	0.00898208	0.00910932
5.84915	0.00910932	0.00922065
5.85104	0.00922065	0.00931807
5.85292	0.00931807	0.00927831
5.85577	0.00927831	0.00936852
5.86614	0.00936852	0.00932246
5.86803	0.00932246	0.00940715
5.86992	0.00940715	0.00935626
5.87306	0.00935626	0.00931172
5.87589	0.00931172	0.00889776
5.87903	0.00889776	0.00853554
5.88187	0.00853554	0.00821859
5.88406	0.00821859	0.00831627
5.8869	0.00831627	0.00815174
5.88909	0.00815174	0.00813277
5.89193	0.00813277	0.00799117
5.89412	0.00799117	0.00799228
5.89601	0.00799228	0.00786824
5.8979	0.00786824	0.00763471
5.9001	0.00763471	0.00743037
5.90199	0.00743037	0.00712657
5.90388	0.00712657	0.00698575
5.90607	0.00698575	0.00686253
5.90796	0.00686253	0.00675472
5.90985	0.00675472	0.00666038
5.91174	0.00666038	0.00682783
5.91363	0.00682783	0.00684935
5.91551	0.00684935	0.00699318
5.9174	0.00699318	0.00711903
5.91929	0.00711903	0.00722915
5.92118	0.00722915	0.00732551
5.92307	0.00732551	0.00740982
5.92495	0.00740982	0.00735859
5.92684	0.00735859	0.00731377
5.92873	0.00731377	0.00727455
5.93062	0.00727455	0.00724023
5.93251	0.00724023	0.0073352
5.93439	0.0073352	0.0074183
5.93628	0.0074183	0.00749101
5.93817	0.00749101	0.00755463
5.94006	0.00755463	0.0076103
5.94195	0.0076103	0.00753401
5.94383	0.00753401	0.00771726
5.94572	0.00771726	0.0078776
5.94761	0.0078776	0.0080179
5.9495	0.0080179	0.00814067
5.95139	0.00814067	0.00837308
5.95327	0.00837308	0.00857645
5.95516	0.00857645	0.00875439
5.95705	0.00875439	0.00891009
5.95894	0.00891009	0.00892133
5.96083	0.00892133	0.00893116
5.96271	0.00893116	0.00893977
5.9646	0.00893977	0.00894729
5.96649	0.00894729	0.00895388
5.96838	0.00895388	0.00908465
5.97027	0.00908465	0.00919907
5.97215	0.00919907	0.00929918
5.97404	0.00929918	0.00938678
5.97593	0.00938678	0.00933844
5.97782	0.00933844	0.00929613
5.97971	0.00929613	0.00925911
5.98159	0.00925911	0.00922672
5.98348	0.00922672	0.00944838
5.98537	0.00944838	0.00964234
5.98726	0.00964234	0.00993704
5.98915	0.00993704	0.0101949
5.99103	0.0101949	0.0104205
5.99292	0.0104205	0.010493
5.99481	0.010493	0.0105564
5.9967	0.0105564	0.0106118
5.99859	0.0106118	0.0106603
6.00047	0.0106603	0.0107028
6.00236	0.0107028	0.0107399
6.00425	0.0107399	0.0108974
6.00614	0.0108974	0.0110353
6.00803	0.0110353	0.0111559
6.00991	0.0111559	0.0111364
6.0118	0.0111364	0.0111193
6.01369	0.0111193	0.0111044
6.01558	0.0111044	0.0110914
6.01747	0.0110914	0.0110799
6.01935	0.0110799	0.0110699
6.02124	0.0110699	0.0111862
6.02313	0.0111862	0.0112879
6.02502	0.0112879	0.0113769
6.02691	0.0113769	0.0113298
6.02975	0.0113298	0.0114136
6.04295	0.0114136	0.0113619
6.04484	0.0113619	0.0114417
6.04673	0.0114417	0.0115114
6.04862	0.0115114	0.0115725
6.05051	0.0115725	0.011376
6.05365	0.011376	0.010829
6.05554	0.010829	0.0103503
6.05742	0.0103503	0.00993154
6.06655	0.00993154	0.0093151
6.07663	0.0093151	0.00877571
6.08166	0.00877571	0.00892875
6.08763	0.00892875	0.00856265
6.09361	0.00856265	0.00824232
6.09864	0.00824232	0.00858703
6.10367	0.00858703	0.00876365
6.1087	0.00876365	0.0089182
6.11059	0.0089182	0.00867842
6.11467	0.00867842	0.00834362
6.11656	0.00834362	0.00805066
6.12065	0.00805066	0.00779433
6.12253	0.00779433	0.00757004
6.12662	0.00757004	0.00737378
6.12851	0.00737378	0.00745206
6.13165	0.00745206	0.00764555
6.13354	0.00764555	0.00756486
6.13668	0.00756486	0.00761925
6.13857	0.00761925	0.00754184
6.14046	0.00754184	0.00747411
6.14266	0.00747411	0.00728985
6.14454	0.00728985	0.00712862
6.14643	0.00712862	0.00698754
6.14863	0.00698754	0.0068641
6.15052	0.0068641	0.00675608
6.15241	0.00675608	0.00666157
6.15429	0.00666157	0.00682888
6.15618	0.00682888	0.00697527
6.15807	0.00697527	0.00710336
6.15996	0.00710336	0.00709044
6.16185	0.00709044	0.00707913
6.16373	0.00707913	0.00706924
6.16562	0.00706924	0.00706059
6.16751	0.00706059	0.00717801
6.1694	0.00717801	0.00728076
6.17129	0.00728076	0.00737066
6.17317	0.00737066	0.00744933
6.17506	0.00744933	0.00751816
6.17695	0.00751816	0.00745339
6.17884	0.00745339	0.00739672
6.18073	0.00739672	0.00734713
6.18261	0.00734713	0.00730374
6.1845	0.00730374	0.00739077
6.18639	0.00739077	0.00771692
6.18828	0.00771692	0.00800231
6.19017	0.00800231	0.00825202
6.19205	0.00825202	0.00847051
6.19394	0.00847051	0.0085367
6.19583	0.0085367	0.00859461
6.19772	0.00859461	0.00864528
6.19961	0.00864528	0.00868962
6.20149	0.00868962	0.00872842
6.20338	0.00872842	0.00888737
6.20527	0.00888737	0.00902645
6.20716	0.00902645	0.00914814
6.20905	0.00914814	0.00925462
6.21093	0.00925462	0.00922279
6.21282	0.00922279	0.00919494
6.21471	0.00919494	0.00917058
6.2166	0.00917058	0.00914925
6.21849	0.00914925	0.0091306
6.22037	0.0091306	0.00923927
6.22226	0.00923927	0.00933436
6.22415	0.00933436	0.00941757
6.22604	0.00941757	0.00949037
6.22793	0.00949037	0.00967907
6.22981	0.00967907	0.00984419
6.2317	0.00984419	0.00998867
6.23359	0.00998867	0.0101151
6.23548	0.0101151	0.0102257
6.23737	0.0102257	0.0103225
6.23925	0.0103225	0.0105322
6.24114	0.0105322	0.0107157
6.24303	0.0107157	0.0108762
6.24492	0.0108762	0.0108917
6.24681	0.0108917	0.0109052
6.24869	0.0109052	0.0109171
6.25058	0.0109171	0.0109274
6.25247	0.0109274	0.0109365
6.25436	0.0109365	0.0109444
6.25625	0.0109444	0.0110764
6.25813	0.0110764	0.0111918
6.26002	0.0111918	0.0112929
6.26191	0.0112929	0.0112562
6.2638	0.0112562	0.0112242
6.26569	0.0112242	0.0111962
6.26757	0.0111962	0.0111717
6.26946	0.0111717	0.0111502
6.27135	0.0111502	0.0111314
6.27324	0.0111314	0.01124
6.27513	0.01124	0.011585
6.27701	0.011585	0.0118869
6.2789	0.0118869	0.012026
6.28079	0.012026	0.0121478
6.28268	0.0121478	0.0122543
6.28457	0.0122543	0.0123475
6.28645	0.0123475	0.0124291
6.28834	0.0124291	0.0125004
6.29023	0.0125004	0.0125629
6.29212	0.0125629	0.0127425
6.29401	0.0127425	0.0128997
6.29589	0.0128997	0.0129122
6.29778	0.0129122	0.0129232
6.29967	0.0129232	0.0129328
6.30156	0.0129328	0.0129412
6.30345	0.0129412	0.0129486
6.30533	0.0129486	0.012955
6.30722	0.012955	0.0129606
6.30911	0.0129606	0.0130905
6.311	0.0130905	0.0130792
6.31289	0.0130792	0.0130693
6.31477	0.0130693	0.0130607
6.31666	0.0130607	0.0130531
6.31855	0.0130531	0.0130464
6.32044	0.0130464	0.0130406
6.32233	0.0130406	0.0130355
6.32421	0.0130355	0.0131561
6.3261	0.0131561	0.0132616
6.32799	0.0132616	0.0132289
6.32988	0.0132289	0.0134503
6.33177	0.0134503	0.013644
6.33365	0.013644	0.0138135
6.33554	0.0138135	0.0139618
6.33743	0.0139618	0.0140916
6.33932	0.0140916	0.0142051
6.34121	0.0142051	0.0143045
6.34309	0.0143045	0.0145164
6.34498	0.0145164	0.0145769
6.34687	0.0145769	0.0146298
6.34876	0.0146298	0.014676
6.35065	0.014676	0.0147165
6.36858	0.0147165	0.014627
6.37047	0.014627	0.0146736
6.37236	0.0146736	0.0147144
6.37425	0.0147144	0.0147501
6.37613	0.0147501	0.0147813
6.37802	0.0147813	0.0145587
6.37991	0.0145587	0.0136138
6.3818	0.0136138	0.0127871
6.38369	0.0127871	0.0120637
6.38557	0.0120637	0.0114308
6.38746	0.0114308	0.0110019
6.38935	0.0110019	0.0106267
6.39124	0.0106267	0.0102983
6.39313	0.0102983	0.010011
6.39501	0.010011	0.00975966
6.3969	0.00975966	0.0094147
6.39879	0.0094147	0.00911286
6.40068	0.00911286	0.00884876
6.40257	0.00884876	0.00861766
6.40445	0.00861766	0.00854045
6.40634	0.00854045	0.0087229
6.40823	0.0087229	0.00888253
6.41012	0.00888253	0.00902222
6.41201	0.00902222	0.00914444
6.41389	0.00914444	0.00912638
6.41578	0.00912638	0.00911059
6.41767	0.00911059	0.00909676
6.41956	0.00909676	0.00908467
6.42145	0.00908467	0.00907408
6.42333	0.00907408	0.00918982
6.42522	0.00918982	0.00929109
6.42711	0.00929109	0.00937971
6.429	0.00937971	0.00933224
6.43089	0.00933224	0.00929071
6.43277	0.00929071	0.00925437
6.43466	0.00925437	0.00922258
6.43655	0.00922258	0.00919475
6.43844	0.00919475	0.00929541
6.44033	0.00929541	0.00938348
6.44221	0.00938348	0.00946055
6.4441	0.00946055	0.00952798
6.44599	0.00952798	0.00946198
6.44788	0.00946198	0.00965423
6.44977	0.00965423	0.00982245
6.45165	0.00982245	0.00996964
6.45354	0.00996964	0.0100984
6.45543	0.0100984	0.0102111
6.45732	0.0102111	0.0104347
6.45921	0.0104347	0.0106304
6.46109	0.0106304	0.0108016
6.46298	0.0108016	0.0108264
6.46487	0.0108264	0.0108481
6.46676	0.0108481	0.0108671
6.46865	0.0108671	0.0108837
6.47053	0.0108837	0.0108982
6.47242	0.0108982	0.010911
6.47431	0.010911	0.0110471
6.4762	0.0110471	0.0111662
6.47809	0.0111662	0.0112704
6.47997	0.0112704	0.0112366
6.48186	0.0112366	0.011207
6.48375	0.011207	0.0111812
6.48564	0.0111812	0.0111585
6.48753	0.0111585	0.0111387
6.48941	0.0111387	0.0111214
6.4913	0.0111214	0.0112312
6.49319	0.0112312	0.0113273
6.49508	0.0113273	0.0116614
6.49697	0.0116614	0.0118287
6.49885	0.0118287	0.0119751
6.50074	0.0119751	0.0121032
6.50263	0.0121032	0.0122153
6.50452	0.0122153	0.0123134
6.50641	0.0123134	0.0123992
6.50829	0.0123992	0.0124743
6.51018	0.0124743	0.012665
6.51207	0.012665	0.0128319
6.51396	0.0128319	0.0128529
6.51585	0.0128529	0.0128713
6.51773	0.0128713	0.0128874
6.51962	0.0128874	0.0129015
6.52151	0.0129015	0.0129138
6.5234	0.0129138	0.0129246
6.52529	0.0129246	0.012934
6.52717	0.012934	0.0130672
6.52906	0.0130672	0.0131838
6.53095	0.0131838	0.0131609
6.53284	0.0131609	0.0131407
6.53473	0.0131407	0.0131232
6.53661	0.0131232	0.0131078
6.5385	0.0131078	0.0130943
6.54039	0.0130943	0.0130825
6.54228	0.0130825	0.0130722
6.54417	0.0130722	0.0131882
6.54605	0.0131882	0.0132896
6.54794	0.0132896	0.0132534
6.54983	0.0132534	0.0134718
6.55172	0.0134718	0.0136628
6.55361	0.0136628	0.0138299
6.55549	0.0138299	0.0139762
6.55738	0.0139762	0.0141042
6.55927	0.0141042	0.0142161
6.56116	0.0142161	0.0143141
6.56305	0.0143141	0.0145249
6.56493	0.0145249	0.0145843
6.56682	0.0145843	0.0146362
6.56871	0.0146362	0.0146817
6.5706	0.0146817	0.0147215
6.57249	0.0147215	0.0147563
6.57437	0.0147563	0.0147868
6.57626	0.0147868	0.0148134
6.57815	0.0148134	0.0148367
6.58004	0.0148367	0.0149821
6.58193	0.0149821	0.0149844
6.58381	0.0149844	0.0149863
6.5857	0.0149863	0.014988
6.58759	0.014988	0.0149895
6.58948	0.0149895	0.0149908
6.59137	0.0149908	0.014992
6.59325	0.014992	0.014993
6.59514	0.014993	0.0149939
6.59703	0.0149939	0.0151196
6.59892	0.0151196	0.0151047
6.60081	0.0151047	0.0150916
6.60269	0.0150916	0.0150801
6.60458	0.0150801	0.0150701
6.60647	0.0150701	0.0150614
6.60836	0.0150614	0.0150537
6.61025	0.0150537	0.015047
6.61213	0.015047	0.0150411
6.61402	0.0150411	0.015286
6.61591	0.015286	0.0155002
6.6178	0.0155002	0.0156877
6.61969	0.0156877	0.0158517
6.62157	0.0158517	0.0159953
6.62346	0.0159953	0.0161209
6.62535	0.0161209	0.0162307
6.62724	0.0162307	0.0163269
6.62913	0.0163269	0.016411
6.63101	0.016411	0.0164847
6.6329	0.0164847	0.0165491
6.63479	0.0165491	0.0166054
6.63668	0.0166054	0.0166548
6.63857	0.0166548	0.0166979
6.64045	0.0166979	0.0167357
6.64234	0.0167357	0.0167687
6.64423	0.0167687	0.0167976
6.64612	0.0167976	0.0168229
6.64801	0.0168229	0.0168451
6.64989	0.0168451	0.0168644
6.65178	0.0168644	0.0168814
6.65367	0.0168814	0.0168962
6.65556	0.0168962	0.0169092
6.65745	0.0169092	0.0169205
6.65933	0.0169205	0.0169305
6.66122	0.0169305	0.0169392
6.66311	0.0169392	0.0169468
6.665	0.0169468	0.0168284
6.66689	0.0168284	0.0168499
6.66877	0.0168499	0.0168686
6.67066	0.0168686	0.016885
6.67255	0.016885	0.0168994
6.67444	0.0168994	0.016912
6.67633	0.016912	0.016923
6.67821	0.016923	0.0169326
6.6801	0.0169326	0.016941
6.68199	0.016941	0.0169484
6.68388	0.0169484	0.0172049
6.68577	0.0172049	0.0174292
6.68765	0.0174292	0.0176256
6.68954	0.0176256	0.0177974
6.69143	0.0177974	0.0179477
6.69332	0.0179477	0.0180793
6.69521	0.0180793	0.0181943
6.69709	0.0181943	0.0182951
6.69898	0.0182951	0.0182582
6.70087	0.0182582	0.0183509
6.70276	0.0183509	0.018432
6.70465	0.018432	0.018503
6.70653	0.018503	0.0185652
6.70842	0.0185652	0.0186195
6.71031	0.0186195	0.0186671
6.7122	0.0186671	0.0187087
6.73391	0.0187087	0.0186201
6.7358	0.0186201	0.0186676
6.73769	0.0186676	0.0187091
6.73957	0.0187091	0.0187455
6.74146	0.0187455	0.0187773
6.74335	0.0187773	0.0186801
6.74524	0.0186801	0.0183451
6.74713	0.0183451	0.017927
6.74901	0.017927	0.0169361
6.7509	0.0169361	0.0159441
6.75279	0.0159441	0.0150761
6.75468	0.0150761	0.0143166
6.75657	0.0143166	0.013652
6.75845	0.013652	0.0130705
6.76034	0.0130705	0.0126867
6.76223	0.0126867	0.0123509
6.76412	0.0123509	0.012057
6.76601	0.012057	0.0117999
6.76789	0.0117999	0.0114499
6.76978	0.0114499	0.0111436
6.77167	0.0111436	0.0108757
6.77356	0.0108757	0.0106412
6.77545	0.0106412	0.0104361
6.77733	0.0104361	0.0103816
6.77922	0.0103816	0.0103339
6.78111	0.0103339	0.0102921
6.783	0.0102921	0.0101306
6.78489	0.0101306	0.0102393
6.78677	0.0102393	0.0103344
6.78866	0.0103344	0.0104176
6.79055	0.0104176	0.0104904
6.79244	0.0104904	0.0105541
6.79433	0.0105541	0.0107348
6.79621	0.0107348	0.010893
6.7981	0.010893	0.0110313
6.79999	0.0110313	0.0110274
6.80188	0.0110274	0.011024
6.80377	0.011024	0.011021
6.80565	0.011021	0.0110184
6.80754	0.0110184	0.0110161
6.80943	0.0110161	0.0110141
6.81132	0.0110141	0.0111373
6.81321	0.0111373	0.0112451
6.81509	0.0112451	0.0113395
6.81698	0.0113395	0.0112971
6.81887	0.0112971	0.0112599
6.82076	0.0112599	0.0112274
6.82265	0.0112274	0.011199
6.82453	0.011199	0.0111741
6.82642	0.0111741	0.0111524
6.82831	0.0111524	0.0112583
6.8302	0.0112583	0.011351
6.83209	0.011351	0.0116822
6.83397	0.0116822	0.0118469
6.83586	0.0118469	0.011991
6.83775	0.011991	0.0121171
6.83964	0.0121171	0.0122275
6.84153	0.0122275	0.0123241
6.84341	0.0123241	0.0124086
6.8453	0.0124086	0.0124825
6.84719	0.0124825	0.0126722
6.84908	0.0126722	0.0128381
6.85097	0.0128381	0.0128584
6.85285	0.0128584	0.0128761
6.85474	0.0128761	0.0128916
6.85663	0.0128916	0.0129051
6.85852	0.0129051	0.012917
6.86041	0.012917	0.0129274
6.86229	0.0129274	0.0129364
6.86418	0.0129364	0.0130694
6.86607	0.0130694	0.0131857
6.86796	0.0131857	0.0131625
6.86985	0.0131625	0.0131422
6.87173	0.0131422	0.0131244
6.87362	0.0131244	0.0131089
6.87551	0.0131089	0.0130953
6.8774	0.0130953	0.0130833
6.87929	0.0130833	0.0130729
6.88117	0.0130729	0.0131888
6.88306	0.0131888	0.0132902
6.88495	0.0132902	0.0132539
6.88684	0.0132539	0.0134722
6.88873	0.0134722	0.0136632
6.89061	0.0136632	0.0138303
6.8925	0.0138303	0.0139765
6.89439	0.0139765	0.0141044
6.89628	0.0141044	0.0142164
6.89817	0.0142164	0.0143143
6.90005	0.0143143	0.014525
6.90194	0.014525	0.0145844
6.90383	0.0145844	0.0146364
6.90572	0.0146364	0.0146818
6.90761	0.0146818	0.0147216
6.90949	0.0147216	0.0147564
6.91138	0.0147564	0.0147868
6.91327	0.0147868	0.0148135
6.91516	0.0148135	0.0148368
6.91705	0.0148368	0.0149822
6.91893	0.0149822	0.0149844
6.92082	0.0149844	0.0149864
6.92271	0.0149864	0.0149881
6.9246	0.0149881	0.0149896
6.92649	0.0149896	0.0149909
6.92837	0.0149909	0.014992
6.93026	0.014992	0.014993
6.93215	0.014993	0.0149939
6.93404	0.0149939	0.0151196
6.93593	0.0151196	0.0151047
6.93781	0.0151047	0.0150916
6.9397	0.0150916	0.0150802
6.94159	0.0150802	0.0150701
6.94348	0.0150701	0.0150614
6.94537	0.0150614	0.0150537
6.94725	0.0150537	0.015047
6.94914	0.015047	0.0150411
6.95103	0.0150411	0.015286
6.95292	0.015286	0.0155002
6.95481	0.0155002	0.0156877
6.95669	0.0156877	0.0158517
6.95858	0.0158517	0.0159953
6.96047	0.0159953	0.0161209
6.96236	0.0161209	0.0162307
6.96425	0.0162307	0.0163269
6.96613	0.0163269	0.016411
6.96802	0.016411	0.0164847
6.96991	0.0164847	0.0165491
6.9718	0.0165491	0.0166054
6.97369	0.0166054	0.0166548
6.97557	0.0166548	0.0166979
6.97746	0.0166979	0.0167357
6.97935	0.0167357	0.0167687
6.98124	0.0167687	0.0167976
6.98313	0.0167976	0.0168229
6.98501	0.0168229	0.0168451
6.9869	0.0168451	0.0168644
6.98879	0.0168644	0.0168814
6.99068	0.0168814	0.0168962
6.99257	0.0168962	0.0169092
6.99445	0.0169092	0.0169205
6.99634	0.0169205	0.0169305
6.99823	0.0169305	0.0169392
7.00012	0.0169392	0.0169468
7.00201	0.0169468	0.0169534
7.00389	0.0169534	0.0169592
7.00578	0.0169592	0.0169643
7.00767	0.0169643	0.0169688
7.00956	0.0169688	0.0169727
7.01145	0.0169727	0.0169761
7.01333	0.0169761	0.0169791
7.01522	0.0169791	0.0169817
7.01711	0.0169817	0.016984
7.019	0.016984	0.016861
7.02089	0.016861	0.0170034
7.02277	0.0170034	0.0172529
7.02466	0.0172529	0.0174713
7.02655	0.0174713	0.0176624
7.02844	0.0176624	0.0178296
7.03033	0.0178296	0.0179759
7.03221	0.0179759	0.0181039
7.0341	0.0181039	0.0182159
7.03599	0.0182159	0.0181889
7.03788	0.0181889	0.0182903
7.03977	0.0182903	0.018379
7.04165	0.018379	0.0184567
7.04354	0.0184567	0.0185246
7.04543	0.0185246	0.018584
7.04732	0.018584	0.018636
7.04921	0.018636	0.0186815
7.05109	0.0186815	0.0187213
7.05298	0.0187213	0.0186311
7.05487	0.0186311	0.0186773
7.05676	0.0186773	0.0187176
7.05865	0.0187176	0.0187529
7.06053	0.0187529	0.0187838
7.06242	0.0187838	0.0188108
7.06431	0.0188108	0.0188345
7.0662	0.0188345	0.0188551
7.06809	0.0188551	0.0188733
7.06997	0.0188733	0.0187641
7.07186	0.0187641	0.0187936
7.07375	0.0187936	0.0188194
7.07564	0.0188194	0.018842
7.07753	0.018842	0.0188617
7.07941	0.0188617	0.018879
7.0813	0.018879	0.0188941
7.08319	0.0188941	0.0189074
7.08508	0.0189074	0.0189189
7.08697	0.0189189	0.0188041
7.08885	0.0188041	0.0188286
7.09074	0.0188286	0.01885
7.09263	0.01885	0.0188687
7.09452	0.0188687	0.0188851
7.09641	0.0188851	0.0188995
7.09829	0.0188995	0.0189121
7.10018	0.0189121	0.0191731
7.10207	0.0191731	0.0194014
7.10396	0.0194014	0.0194762
7.10585	0.0194762	0.0195417
7.10773	0.0195417	0.019724
7.10962	0.019724	0.0198835
7.11151	0.0198835	0.0200231
7.1134	0.0200231	0.0201452
7.11529	0.0201452	0.020252
7.11717	0.020252	0.0203455
7.11906	0.0203455	0.0204273
7.12095	0.0204273	0.0203739
7.12284	0.0203739	0.0203272
7.12473	0.0203272	0.0204113
7.12661	0.0204113	0.0204849
7.1285	0.0204849	0.0205493
7.13039	0.0205493	0.0206056
7.13228	0.0206056	0.0206549
7.13417	0.0206549	0.020698
7.13605	0.020698	0.0207358
7.13794	0.0207358	0.0206438
7.13983	0.0206438	0.0205633
7.14172	0.0205633	0.0206179
7.14361	0.0206179	0.0206657
7.14549	0.0206657	0.0207075
7.14738	0.0207075	0.020744
7.14927	0.020744	0.020776
7.15116	0.020776	0.020804
7.15305	0.020804	0.0208285
7.15493	0.0208285	0.020725
7.15682	0.020725	0.0206343
7.15871	0.0206343	0.02068
7.1606	0.02068	0.02072
7.16249	0.02072	0.020755
7.16437	0.020755	0.0207857
7.16626	0.0207857	0.0208124
7.16815	0.0208124	0.0208359
7.17004	0.0208359	0.0208564
7.17193	0.0208564	0.0207494
7.17381	0.0207494	0.0206557
7.1757	0.0206557	0.0206987
7.17759	0.0206987	0.0207364
7.17948	0.0207364	0.0207693
7.18137	0.0207693	0.0207982
7.18325	0.0207982	0.0208234
7.18514	0.0208234	0.0208455
7.18703	0.0208455	0.0211148
7.18892	0.0211148	0.0212254
7.19081	0.0212254	0.0213223
7.19269	0.0213223	0.021407
7.19458	0.021407	0.0216061
7.19647	0.0216061	0.0217803
7.19836	0.0217803	0.0219328
7.20025	0.0219328	0.0220662
7.20213	0.0220662	0.0221829
7.20402	0.0221829	0.0222851
7.20591	0.0222851	0.0222494
7.2078	0.0222494	0.0222182
7.20969	0.0222182	0.022191
7.21157	0.022191	0.0222921
7.21346	0.0222921	0.0223806
7.21535	0.0223806	0.022458
7.21724	0.022458	0.0225258
7.21913	0.0225258	0.022585
7.22101	0.022585	0.0226369
7.2229	0.0226369	0.0225573
7.22479	0.0225573	0.0224876
7.22668	0.0224876	0.0224267
7.22857	0.0224267	0.0224983
7.23045	0.0224983	0.022561
7.23234	0.022561	0.0226159
7.23423	0.0226159	0.0226639
7.23612	0.0226639	0.0227059
7.23801	0.0227059	0.0227427
7.23989	0.0227427	0.0226499
7.24178	0.0226499	0.0225686
7.24367	0.0225686	0.0224975
7.24556	0.0224975	0.0225604
7.24745	0.0225604	0.0226153
7.24933	0.0226153	0.0226634
7.25122	0.0226634	0.0227055
7.25311	0.0227055	0.0227423
7.255	0.0227423	0.0226495
7.25784	0.0226495	0.0226933
7.28143	0.0226933	0.0226066
7.28332	0.0226066	0.0226558
7.28521	0.0226558	0.0226988
7.28709	0.0226988	0.0227365
7.28898	0.0227365	0.0226444
7.29087	0.0226444	0.0225639
7.29276	0.0225639	0.0223684
7.29465	0.0223684	0.0220723
7.29653	0.0220723	0.0215633
7.29842	0.0215633	0.0202429
7.30031	0.0202429	0.0192125
7.3022	0.0192125	0.018311
7.30409	0.018311	0.0175221
7.30597	0.0175221	0.0167068
7.30786	0.0167068	0.0159935
7.30975	0.0159935	0.0153693
7.31164	0.0153693	0.0148231
7.31353	0.0148231	0.0143452
7.31541	0.0143452	0.0139271
7.3173	0.0139271	0.0136862
7.31919	0.0136862	0.0134754
7.33335	0.0134754	0.013166
7.33524	0.013166	0.0130202
7.33713	0.0130202	0.0128927
7.33901	0.0128927	0.0126561
7.34216	0.0126561	0.0123241
7.34404	0.0123241	0.0116586
7.34719	0.0116586	0.0112013
7.34908	0.0112013	0.0106761
7.35222	0.0106761	0.0103416
7.35411	0.0103416	0.0099239
7.35599	0.0099239	0.00943341
7.35819	0.00943341	0.00900423
7.36008	0.00900423	0.0086287
7.36197	0.0086287	0.00830012
7.36417	0.00830012	0.0080126
7.36605	0.0080126	0.00776102
7.36794	0.00776102	0.0076659
7.36983	0.0076659	0.00770766
7.37172	0.00770766	0.0076192
7.37361	0.0076192	0.0075418
7.37549	0.0075418	0.00759908
7.37738	0.00759908	0.00764919
7.37927	0.00764919	0.00769304
7.38116	0.00769304	0.00773141
7.38305	0.00773141	0.00776498
7.38493	0.00776498	0.00766936
7.38682	0.00766936	0.00758569
7.38871	0.00758569	0.00751248
7.3906	0.00751248	0.00744842
7.39249	0.00744842	0.00751736
7.39437	0.00751736	0.00757769
7.39626	0.00757769	0.00763048
7.39815	0.00763048	0.00767667
7.40004	0.00767667	0.00796709
7.40193	0.00796709	0.0080962
7.40381	0.0080962	0.00820917
7.4057	0.00820917	0.00830803
7.40759	0.00830803	0.00839452
7.40948	0.00839452	0.00847021
7.41137	0.00847021	0.00866143
7.41325	0.00866143	0.00882875
7.41514	0.00882875	0.00897516
7.41703	0.00897516	0.00910326
7.41892	0.00910326	0.00909035
7.42081	0.00909035	0.00907906
7.42269	0.00907906	0.00906918
7.42458	0.00906918	0.00906053
7.42647	0.00906053	0.00905296
7.42836	0.00905296	0.00917134
7.43025	0.00917134	0.00927492
7.43213	0.00927492	0.00936556
7.43402	0.00936556	0.00944486
7.43591	0.00944486	0.00938925
7.4378	0.00938925	0.0093406
7.43969	0.0093406	0.00954802
7.44157	0.00954802	0.00972952
7.44346	0.00972952	0.00988833
7.44535	0.00988833	0.0100273
7.44724	0.0100273	0.0102739
7.44913	0.0102739	0.0104896
7.45101	0.0104896	0.0106784
7.4529	0.0106784	0.0107186
7.45479	0.0107186	0.0107538
7.45668	0.0107538	0.0107846
7.45857	0.0107846	0.0108115
7.46045	0.0108115	0.0108351
7.46234	0.0108351	0.0108557
7.46423	0.0108557	0.0109987
7.46612	0.0109987	0.0111239
7.46801	0.0111239	0.0112334
7.46989	0.0112334	0.0112042
7.47178	0.0112042	0.0111787
7.47367	0.0111787	0.0111564
7.47556	0.0111564	0.0111368
7.47745	0.0111368	0.0111197
7.47933	0.0111197	0.0111047
7.48122	0.0111047	0.0112167
7.48311	0.0112167	0.0113146
7.485	0.0113146	0.0112752
7.48689	0.0112752	0.0112408
7.48877	0.0112408	0.0114607
7.49066	0.0114607	0.0116531
7.49255	0.0116531	0.0118215
7.49444	0.0118215	0.0119688
7.49633	0.0119688	0.0120977
7.49821	0.0120977	0.0123355
7.5001	0.0123355	0.0125436
7.50199	0.0125436	0.0126006
7.50388	0.0126006	0.0126505
7.50577	0.0126505	0.0126942
7.50765	0.0126942	0.0127324
7.50954	0.0127324	0.0127659
7.51143	0.0127659	0.0127951
7.51332	0.0127951	0.0128208
7.51521	0.0128208	0.0129682
7.51709	0.0129682	0.0130971
7.51898	0.0130971	0.013085
7.52087	0.013085	0.0130744
7.52276	0.0130744	0.0130651
7.52465	0.0130651	0.0130569
7.52653	0.0130569	0.0130498
7.52842	0.0130498	0.0130436
7.53031	0.0130436	0.0130381
7.5322	0.0130381	0.0131584
7.53409	0.0131584	0.0132636
7.53597	0.0132636	0.0132306
7.53786	0.0132306	0.0132018
7.53975	0.0132018	0.0131766
7.54164	0.0131766	0.0131545
7.54353	0.0131545	0.0133852
7.54541	0.0133852	0.013587
7.5473	0.013587	0.0137637
7.54919	0.0137637	0.0139182
7.55108	0.0139182	0.0141784
7.55297	0.0141784	0.0142811
7.55485	0.0142811	0.014371
7.55674	0.014371	0.0144496
7.55863	0.0144496	0.0145184
7.56052	0.0145184	0.0145786
7.56241	0.0145786	0.0146313
7.56429	0.0146313	0.0146774
7.56618	0.0146774	0.0147177
7.56807	0.0147177	0.014878
7.56996	0.014878	0.0148932
7.57185	0.0148932	0.0149066
7.57373	0.0149066	0.0149183
7.57562	0.0149183	0.0149285
7.57751	0.0149285	0.0149374
7.5794	0.0149374	0.0149452
7.58129	0.0149452	0.0149521
7.58317	0.0149521	0.0149581
7.58506	0.0149581	0.0150883
7.58695	0.0150883	0.0150773
7.58884	0.0150773	0.0150676
7.59073	0.0150676	0.0150592
7.59261	0.0150592	0.0150518
7.5945	0.0150518	0.0150453
7.59639	0.0150453	0.0150396
7.59828	0.0150396	0.0150347
7.60017	0.0150347	0.0150303
7.60205	0.0150303	0.0151515
7.60394	0.0151515	0.0151326
7.60583	0.0151326	0.015366
7.60772	0.015366	0.0155703
7.60961	0.0155703	0.015749
7.61149	0.015749	0.0159054
7.61338	0.0159054	0.0160422
7.61527	0.0160422	0.0161619
7.61716	0.0161619	0.0162667
7.61905	0.0162667	0.0163583
7.62093	0.0163583	0.0164386
7.62282	0.0164386	0.0165087
7.62471	0.0165087	0.0165701
7.6266	0.0165701	0.0166239
7.62849	0.0166239	0.0166709
7.63037	0.0166709	0.016712
7.63226	0.016712	0.016748
7.63415	0.016748	0.0167795
7.63604	0.0167795	0.0168071
7.63793	0.0168071	0.0168312
7.63981	0.0168312	0.0168523
7.6417	0.0168523	0.0168708
7.64359	0.0168708	0.0168869
7.64548	0.0168869	0.016901
7.64737	0.016901	0.0169134
7.64925	0.0169134	0.0169242
7.65114	0.0169242	0.0169337
7.65303	0.0169337	0.016942
7.65492	0.016942	0.0169492
7.65681	0.0169492	0.0169556
7.65869	0.0169556	0.0169611
7.66058	0.0169611	0.016966
7.66247	0.016966	0.0169702
7.66436	0.0169702	0.016974
7.66625	0.016974	0.0169772
7.66813	0.0169772	0.0169801
7.67002	0.0169801	0.0169826
7.67191	0.0169826	0.0169847
7.6738	0.0169847	0.0169866
7.67569	0.0169866	0.0169883
7.67757	0.0169883	0.0172398
7.67946	0.0172398	0.0174598
7.68135	0.0174598	0.0176523
7.68324	0.0176523	0.0178208
7.68513	0.0178208	0.0179682
7.68701	0.0179682	0.0180972
7.6889	0.0180972	0.018085
7.69079	0.018085	0.0181994
7.69268	0.0181994	0.0182995
7.69457	0.0182995	0.018387
7.69645	0.018387	0.0184637
7.69834	0.0184637	0.0185307
7.70023	0.0185307	0.0185894
7.70212	0.0185894	0.0186407
7.70401	0.0186407	0.0186856
7.70589	0.0186856	0.0185999
7.70778	0.0185999	0.0186499
7.70967	0.0186499	0.0186937
7.71156	0.0186937	0.018732
7.71345	0.018732	0.0187655
7.71533	0.0187655	0.0187948
7.71722	0.0187948	0.0188204
7.71911	0.0188204	0.0188429
7.721	0.0188429	0.0187375
7.72289	0.0187375	0.0186453
7.72477	0.0186453	0.0186897
7.72666	0.0186897	0.0187285
7.72855	0.0187285	0.0187624
7.73044	0.0187624	0.0187921
7.73233	0.0187921	0.0188181
7.73421	0.0188181	0.0188408
7.7361	0.0188408	0.0188607
7.73799	0.0188607	0.0187531
7.73988	0.0187531	0.018784
7.74177	0.018784	0.018811
7.74365	0.018811	0.0188346
7.74554	0.0188346	0.0188553
7.74743	0.0188553	0.0188734
7.74932	0.0188734	0.0188892
7.75121	0.0188892	0.0189031
7.75309	0.0189031	0.0189152
7.75498	0.0189152	0.0188008
7.75687	0.0188008	0.0189507
7.75876	0.0189507	0.0192068
7.76065	0.0192068	0.019431
7.76253	0.019431	0.0196271
7.76442	0.0196271	0.0197987
7.76631	0.0197987	0.0199489
7.7682	0.0199489	0.0200803
7.77009	0.0200803	0.0201952
7.77197	0.0201952	0.0201708
7.77386	0.0201708	0.0201495
7.77575	0.0201495	0.0202558
7.77764	0.0202558	0.0203488
7.77953	0.0203488	0.0204302
7.78141	0.0204302	0.0205014
7.7833	0.0205014	0.0205638
7.78519	0.0205638	0.0206183
7.78708	0.0206183	0.020666
7.78897	0.020666	0.0205828
7.79085	0.0205828	0.0205099
7.79274	0.0205099	0.0205712
7.79463	0.0205712	0.0206248
7.79652	0.0206248	0.0206717
7.79841	0.0206717	0.0207127
7.80029	0.0207127	0.0207486
7.80218	0.0207486	0.02078
7.80407	0.02078	0.0208075
7.80596	0.0208075	0.0207066
7.80785	0.0207066	0.0206183
7.80973	0.0206183	0.020666
7.81162	0.020666	0.0207077
7.81351	0.0207077	0.0207443
7.8154	0.0207443	0.0207762
7.81729	0.0207762	0.0208042
7.81917	0.0208042	0.0208287
7.82106	0.0208287	0.0208501
7.82295	0.0208501	0.0207438
7.82484	0.0207438	0.0206509
7.82673	0.0206509	0.0206945
7.82861	0.0206945	0.0207327
7.8305	0.0207327	0.0207661
7.83239	0.0207661	0.0207953
7.83428	0.0207953	0.0208209
7.83617	0.0208209	0.0208433
7.83805	0.0208433	0.0208629
7.83994	0.0208629	0.020755
7.84183	0.020755	0.0206606
7.84372	0.0206606	0.0208281
7.84561	0.0208281	0.0210996
7.84749	0.0210996	0.0213371
7.84938	0.0213371	0.021545
7.85127	0.021545	0.0217269
7.85316	0.0217269	0.021886
7.85505	0.021886	0.0220252
7.85693	0.0220252	0.0220221
7.85882	0.0220221	0.0220193
7.86071	0.0220193	0.0220169
7.8626	0.0220169	0.0221398
7.86449	0.0221398	0.0222473
7.86637	0.0222473	0.0223414
7.86826	0.0223414	0.0224237
7.87015	0.0224237	0.0224958
7.87204	0.0224958	0.0225588
7.87393	0.0225588	0.0224889
7.87581	0.0224889	0.0224278
7.8777	0.0224278	0.0223743
7.87959	0.0223743	0.0224526
7.88148	0.0224526	0.022521
7.88337	0.022521	0.0225809
7.88525	0.0225809	0.0226333
7.88714	0.0226333	0.0226791
7.88903	0.0226791	0.0227192
7.89092	0.0227192	0.0226293
7.89281	0.0226293	0.0225506
7.89469	0.0225506	0.0224818
7.89658	0.0224818	0.0225466
7.89847	0.0225466	0.0226033
7.90036	0.0226033	0.0226529
7.90225	0.0226529	0.0226962
7.90413	0.0226962	0.0227342
7.90602	0.0227342	0.0227674
7.90791	0.0227674	0.0226715
7.9098	0.0226715	0.0225876
7.91169	0.0225876	0.0225141
7.91357	0.0225141	0.0225749
7.91546	0.0225749	0.022628
7.91735	0.022628	0.0226745
7.91924	0.0226745	0.0227152
7.92113	0.0227152	0.0227508
7.92301	0.0227508	0.0227819
7.9249	0.0227819	0.0226842
7.92679	0.0226842	0.0225987
7.92868	0.0225987	0.0225238
7.93057	0.0225238	0.0225834
7.93245	0.0225834	0.0226354
7.93434	0.0226354	0.022681
7.93623	0.022681	0.0227209
7.93812	0.0227209	0.0230058
7.94001	0.0230058	0.023255
7.94189	0.023255	0.0233482
7.94378	0.0233482	0.0234296
7.94567	0.0234296	0.0235009
7.94756	0.0235009	0.0235633
7.94945	0.0235633	0.0237429
7.95133	0.0237429	0.0239
7.95322	0.0239	0.0240375
7.95511	0.0240375	0.0241578
7.957	0.0241578	0.0241381
7.95889	0.0241381	0.0241208
7.96077	0.0241208	0.0241057
7.96266	0.0241057	0.0240925
7.96455	0.0240925	0.024081
7.96644	0.024081	0.0241958
7.96833	0.0241958	0.0242964
7.97021	0.0242964	0.0243843
7.9721	0.0243843	0.0244613
7.97399	0.0244613	0.0244036
7.97588	0.0244036	0.0243532
7.97777	0.0243532	0.024309
7.97965	0.024309	0.0242704
7.98154	0.0242704	0.0243616
7.98343	0.0243616	0.0244414
7.98532	0.0244414	0.0245112
7.98721	0.0245112	0.0245723
7.98909	0.0245723	0.0246258
7.99098	0.0246258	0.0245476
7.99287	0.0245476	0.0244791
7.99476	0.0244791	0.0244192
7.99665	0.0244192	0.0243668
7.99853	0.0243668	0.024446
8.00042	0.024446	0.0245152
8.00231	0.0245152	0.0245758
8.0042	0.0245758	0.0246288
8.00609	0.0246288	0.0246752
8.00797	0.0246752	0.0245908
8.00986	0.0245908	0.024517
8.01175	0.024517	0.0244524
8.01364	0.0244524	0.0243958
8.01553	0.0243958	0.0244713
8.01741	0.0244713	0.0245374
8.0193	0.0245374	0.0245952
8.02119	0.0245952	0.0246458
8.02308	0.0246458	0.0246901
8.02497	0.0246901	0.0246038
8.02685	0.0246038	0.0245284
8.02874	0.0245284	0.0244623
8.03063	0.0244623	0.0244045
8.03252	0.0244045	0.024479
8.03441	0.024479	0.0245441
8.03629	0.0245441	0.0246011
8.03818	0.0246011	0.0246509
8.04007	0.0246509	0.0249446
8.04196	0.0249446	0.0250765
8.04385	0.0250765	0.0251919
8.04573	0.0251919	0.0252929
8.04762	0.0252929	0.0253813
8.04951	0.0253813	0.0254587
8.0514	0.0254587	0.0256513
8.05329	0.0256513	0.0258199
8.05517	0.0258199	0.0259674
8.05706	0.0259674	0.0260965
8.05895	0.0260965	0.0260844
8.06084	0.0260844	0.0260739
8.06273	0.0260739	0.0260646
8.06461	0.0260646	0.0260566
8.0665	0.0260566	0.0260495
8.06839	0.0260495	0.0261683
8.07028	0.0261683	0.0262723
8.07217	0.0262723	0.0263632
8.07405	0.0263632	0.0264428
8.07594	0.0264428	0.0263875
8.07783	0.0263875	0.026339
8.07972	0.026339	0.0262967
8.08161	0.0262967	0.0262596
8.08349	0.0262596	0.0262271
8.08538	0.0262271	0.0263237
8.08727	0.0263237	0.0264083
8.08916	0.0264083	0.0264822
8.09105	0.0264822	0.026547
8.09293	0.026547	0.0264786
8.09482	0.0264786	0.0264188
8.09671	0.0264188	0.0263664
8.0986	0.0263664	0.0263206
8.10049	0.0263206	0.0262805
8.10237	0.0262805	0.0263705
8.10426	0.0263705	0.0264492
8.10615	0.0264492	0.026518
8.10804	0.026518	0.0265783
8.10993	0.0265783	0.026506
8.11181	0.026506	0.0264427
8.1137	0.0264427	0.0263874
8.11559	0.0263874	0.026339
8.11748	0.026339	0.0262966
8.11937	0.0262966	0.0263845
8.12125	0.0263845	0.0264615
8.12314	0.0264615	0.0265288
8.12503	0.0265288	0.0265877
8.12692	0.0265877	0.0265142
8.15713	0.0265142	0.0265749
8.15901	0.0265749	0.0267531
8.1609	0.0267531	0.0267839
8.16279	0.0267839	0.0268109
8.16468	0.0268109	0.0268346
8.16657	0.0268346	0.0268553
8.16845	0.0268553	0.0268733
8.17034	0.0268733	0.0270142
8.17223	0.0270142	0.0268874
8.17412	0.0268874	0.0265265
8.17601	0.0265265	0.0259607
8.17789	0.0259607	0.0243406
8.17978	0.0243406	0.022923
8.18167	0.022923	0.0216826
8.18356	0.0216826	0.0205973
8.18545	0.0205973	0.0196476
8.18733	0.0196476	0.0188167
8.18922	0.0188167	0.0180896
8.19111	0.0180896	0.0175784
8.193	0.0175784	0.0170061
8.19489	0.0170061	0.0165053
8.19677	0.0165053	0.0160672
8.19866	0.0160672	0.0156838
8.20055	0.0156838	0.0153483
8.20244	0.0153483	0.0150548
8.20433	0.0150548	0.0147979
8.20621	0.0147979	0.0146982
8.2081	0.0146982	0.0146109
8.20999	0.0146109	0.0144095
8.21188	0.0144095	0.0144833
8.21377	0.0144833	0.0145479
8.21565	0.0145479	0.0146044
8.21754	0.0146044	0.0146539
8.21943	0.0146539	0.0146971
8.22132	0.0146971	0.014735
8.22321	0.014735	0.0147681
8.22509	0.0147681	0.0149221
8.22698	0.0149221	0.0149318
8.22887	0.0149318	0.0149404
8.23076	0.0149404	0.0149478
8.23265	0.0149478	0.0149543
8.23453	0.0149543	0.01496
8.23642	0.01496	0.014965
8.23831	0.014965	0.0149694
8.2402	0.0149694	0.0149732
8.24209	0.0149732	0.0151016
8.24397	0.0151016	0.0150889
8.24586	0.0150889	0.0150778
8.24775	0.0150778	0.015068
8.24964	0.015068	0.0150595
8.25153	0.0150595	0.0150521
8.25341	0.0150521	0.0150456
8.2553	0.0150456	0.0150399
8.25719	0.0150399	0.0150349
8.25908	0.0150349	0.0151555
8.26097	0.0151555	0.0151361
8.26285	0.0151361	0.0151191
8.26474	0.0151191	0.0151042
8.26663	0.0151042	0.0150912
8.26852	0.0150912	0.0150798
8.27041	0.0150798	0.0150698
8.27229	0.0150698	0.0150611
8.27418	0.0150611	0.0150534
8.27607	0.0150534	0.0152968
8.27796	0.0152968	0.0155097
8.27985	0.0155097	0.015696
8.28173	0.015696	0.015859
8.28362	0.015859	0.0160016
8.28551	0.0160016	0.0161264
8.2874	0.0161264	0.0162356
8.28929	0.0162356	0.0163311
8.29117	0.0163311	0.0164147
8.29306	0.0164147	0.0164879
8.29495	0.0164879	0.0165519
8.29684	0.0165519	0.0166079
8.29873	0.0166079	0.0166569
8.30061	0.0166569	0.0166998
8.3025	0.0166998	0.0167373
8.30439	0.0167373	0.0167702
8.30628	0.0167702	0.0167989
8.30817	0.0167989	0.016824
8.31005	0.016824	0.016846
8.31194	0.016846	0.0168653
8.31383	0.0168653	0.0168821
8.31572	0.0168821	0.0168969
8.31761	0.0168969	0.0169097
8.31949	0.0169097	0.016921
8.32138	0.016921	0.0169309
8.32327	0.0169309	0.0169395
8.32516	0.0169395	0.0169471
8.32705	0.0169471	0.0169537
8.32989	0.0169537	0.0170845
8.34876	0.0170845	0.0170739
8.35065	0.0170739	0.0171897
8.35253	0.0171897	0.017291
8.35442	0.017291	0.0173796
8.35631	0.0173796	0.0174572
8.3582	0.0174572	0.0174
8.36009	0.0174	0.017225
8.36197	0.017225	0.0159469
8.36386	0.0159469	0.0148285
8.36575	0.0148285	0.01385
8.36764	0.01385	0.0132437
8.36953	0.0132437	0.0127132
8.37141	0.0127132	0.0123741
8.3733	0.0123741	0.0120773
8.37519	0.0120773	0.0118177
8.37708	0.0118177	0.0115905
8.37897	0.0115905	0.0112666
8.38085	0.0112666	0.0109833
8.38274	0.0109833	0.0107354
8.38463	0.0107354	0.0105185
8.38652	0.0105185	0.0103287
8.38841	0.0103287	0.0102876
8.39029	0.0102876	0.0102516
8.39218	0.0102516	0.0102202
8.39407	0.0102202	0.0101927
8.39596	0.0101927	0.0100436
8.39785	0.0100436	0.00991313
8.39973	0.00991313	0.00979898
8.40162	0.00979898	0.00969911
8.40351	0.00969911	0.00961172
8.4054	0.00961172	0.00966026
8.40729	0.00966026	0.00995272
8.40917	0.00995272	0.0102086
8.41106	0.0102086	0.0104326
8.41295	0.0104326	0.0105035
8.41484	0.0105035	0.0105655
8.41673	0.0105655	0.0106199
8.41861	0.0106199	0.0106674
8.4205	0.0106674	0.0107089
8.42239	0.0107089	0.0107453
8.42428	0.0107453	0.0109022
8.42617	0.0109022	0.0110394
8.42805	0.0110394	0.0111595
8.42994	0.0111595	0.0111395
8.43183	0.0111395	0.0111221
8.43372	0.0111221	0.0111068
8.43561	0.0111068	0.0110935
8.43749	0.0110935	0.0110818
8.43938	0.0110818	0.0110716
8.44127	0.0110716	0.0111876
8.44316	0.0111876	0.0112892
8.44505	0.0112892	0.011378
8.44693	0.011378	0.0113308
8.44882	0.0113308	0.0112894
8.45071	0.0112894	0.0112532
8.4526	0.0112532	0.0112216
8.45449	0.0112216	0.0114439
8.45637	0.0114439	0.0116384
8.45826	0.0116384	0.0118086
8.46015	0.0118086	0.0120825
8.46204	0.0120825	0.0123222
8.46393	0.0123222	0.0124069
8.46581	0.0124069	0.0124811
8.4677	0.0124811	0.0125459
8.46959	0.0125459	0.0126027
8.47148	0.0126027	0.0126524
8.47337	0.0126524	0.0126958
8.47525	0.0126958	0.0127338
8.47714	0.0127338	0.0128921
8.47903	0.0128921	0.0130306
8.48092	0.0130306	0.0130268
8.48281	0.0130268	0.0130234
8.48469	0.0130234	0.0130205
8.48658	0.0130205	0.0130179
8.48847	0.0130179	0.0130157
8.49036	0.0130157	0.0130137
8.49225	0.0130137	0.013012
8.49413	0.013012	0.0131355
8.49602	0.0131355	0.0132436
8.49791	0.0132436	0.0132131
8.4998	0.0132131	0.0131865
8.50169	0.0131865	0.0131632
8.50357	0.0131632	0.0131428
8.50546	0.0131428	0.0131249
8.50735	0.0131249	0.0131093
8.50924	0.0131093	0.0133456
8.51113	0.0133456	0.0135524
8.51301	0.0135524	0.0138584
8.5149	0.0138584	0.0140011
8.51679	0.0140011	0.0141259
8.51868	0.0141259	0.0142352
8.52057	0.0142352	0.0143308
8.52245	0.0143308	0.0144145
8.52434	0.0144145	0.0144876
8.52623	0.0144876	0.0145517
8.52812	0.0145517	0.0146077
8.53001	0.0146077	0.0147818
8.53189	0.0147818	0.014809
8.53378	0.014809	0.0148329
8.53567	0.0148329	0.0148538
8.53756	0.0148538	0.0148721
8.53945	0.0148721	0.0148881
8.54133	0.0148881	0.0149021
8.54322	0.0149021	0.0149143
8.54511	0.0149143	0.014925
8.547	0.014925	0.0149344
8.54889	0.0149344	0.0149426
8.55077	0.0149426	0.0149498
8.55266	0.0149498	0.014956
8.55455	0.014956	0.0149615
8.55644	0.0149615	0.0149663
8.55833	0.0149663	0.0149705
8.56021	0.0149705	0.0149742
8.5621	0.0149742	0.0151025
8.56399	0.0151025	0.0150896
8.56588	0.0150896	0.0150784
8.56777	0.0150784	0.0150686
8.56965	0.0150686	0.0150601
8.57154	0.0150601	0.0150525
8.57343	0.0150525	0.015296
8.57532	0.015296	0.015509
8.57721	0.015509	0.0156954
8.57909	0.0156954	0.0158584
8.58098	0.0158584	0.0160011
8.58287	0.0160011	0.016126
8.58476	0.016126	0.0162352
8.58665	0.0162352	0.0163308
8.58853	0.0163308	0.0164145
8.59042	0.0164145	0.0164877
8.59231	0.0164877	0.0165517
8.5942	0.0165517	0.0166077
8.59704	0.0166077	0.0167818
8.61497	0.0167818	0.0166841
8.61685	0.0166841	0.0167235
8.61874	0.0167235	0.0167581
8.62063	0.0167581	0.0167883
8.62252	0.0167883	0.0168148
8.62441	0.0168148	0.0165879
8.62629	0.0165879	0.0161395
8.62818	0.0161395	0.015122
8.63007	0.015122	0.0142318
8.63196	0.0142318	0.0133278
8.63385	0.0133278	0.0125368
8.63573	0.0125368	0.0118447
8.63762	0.0118447	0.0112391
8.63951	0.0112391	0.0109592
8.6414	0.0109592	0.0108393
8.64329	0.0108393	0.0107344
8.64517	0.0107344	0.0106426
8.64706	0.0106426	0.0105623
8.64895	0.0105623	0.010367
8.65084	0.010367	0.0101961
8.65273	0.0101961	0.0100466
8.65461	0.0100466	0.00991578
8.6565	0.00991578	0.00980131
8.65839	0.00980131	0.00982614
8.66028	0.00982614	0.00984788
8.66217	0.00984788	0.00986689
8.66405	0.00986689	0.00988353
8.66594	0.00988353	0.00977309
8.66783	0.00977309	0.00967645
8.66972	0.00967645	0.00959189
8.67161	0.00959189	0.00951791
8.67349	0.00951791	0.00945317
8.67538	0.00945317	0.00952152
8.67727	0.00952152	0.00958133
8.67916	0.00958133	0.00988366
8.68105	0.00988366	0.0101482
8.68293	0.0101482	0.0102547
8.68482	0.0102547	0.0103478
8.68671	0.0103478	0.0104294
8.6886	0.0104294	0.0105007
8.69049	0.0105007	0.0105631
8.69237	0.0105631	0.0106177
8.69426	0.0106177	0.0107905
8.69615	0.0107905	0.0109417
8.69804	0.0109417	0.011074
8.69993	0.011074	0.0110647
8.70181	0.0110647	0.0110566
8.7037	0.0110566	0.0110496
8.70559	0.0110496	0.0110434
8.70748	0.0110434	0.0110379
8.70937	0.0110379	0.0110332
8.71125	0.0110332	0.011154
8.71314	0.011154	0.0112598
8.71503	0.0112598	0.0113523
8.71692	0.0113523	0.0113083
8.71881	0.0113083	0.0112697
8.72069	0.0112697	0.011236
8.72258	0.011236	0.0112065
8.72447	0.0112065	0.0111807
8.72636	0.0111807	0.0114081
8.72825	0.0114081	0.0116071
8.73013	0.0116071	0.0119062
8.73202	0.0119062	0.0121679
8.73391	0.0121679	0.0122719
8.7358	0.0122719	0.012363
8.73769	0.012363	0.0124426
8.73957	0.0124426	0.0125123
8.74146	0.0125123	0.0125732
8.74335	0.0125732	0.0126266
8.74524	0.0126266	0.0126733
8.74713	0.0126733	0.0128391
8.74901	0.0128391	0.0129842
8.7509	0.0129842	0.0129862
8.75279	0.0129862	0.0129879
8.75468	0.0129879	0.0129894
8.75657	0.0129894	0.0129907
8.75845	0.0129907	0.0129919
8.76034	0.0129919	0.0129929
8.76223	0.0129929	0.0129938
8.76412	0.0129938	0.0131196
8.76601	0.0131196	0.0132296
8.76789	0.0132296	0.0132009
8.76978	0.0132009	0.0131758
8.77167	0.0131758	0.0131538
8.77356	0.0131538	0.0131346
8.77545	0.0131346	0.0131178
8.77733	0.0131178	0.0131031
8.77922	0.0131031	0.0130902
8.78111	0.0130902	0.0132039
8.783	0.0132039	0.0134284
8.78489	0.0134284	0.0136249
8.78677	0.0136249	0.0137968
8.78866	0.0137968	0.0139472
8.79055	0.0139472	0.0140788
8.79244	0.0140788	0.0141939
8.79433	0.0141939	0.0142947
8.79621	0.0142947	0.0143828
8.7981	0.0143828	0.014585
8.79999	0.014585	0.0146369
8.80188	0.0146369	0.0146823
8.80377	0.0146823	0.014722
8.80565	0.014722	0.0147567
8.80754	0.0147567	0.0147871
8.80943	0.0147871	0.0148137
8.81132	0.0148137	0.014837
8.81321	0.014837	0.0148574
8.81509	0.0148574	0.0150002
8.81698	0.0150002	0.0150002
8.81887	0.0150002	0.0150002
8.82076	0.0150002	0.0150001
8.82265	0.0150001	0.0150001
8.82453	0.0150001	0.0150001
8.82642	0.0150001	0.0150001
8.82831	0.0150001	0.0150001
8.8302	0.0150001	0.0150001
8.83209	0.0150001	0.0151251
8.83397	0.0151251	0.0151094
8.83586	0.0151094	0.0150958
8.83775	0.0150958	0.0150838
8.83964	0.0150838	0.0150733
8.84153	0.0150733	0.0150641
8.84341	0.0150641	0.0150561
8.8453	0.0150561	0.0152991
8.84719	0.0152991	0.0155117
8.84908	0.0155117	0.0156978
8.85097	0.0156978	0.0158605
8.85285	0.0158605	0.016003
8.85474	0.016003	0.0161276
8.85663	0.0161276	0.0162366
8.85852	0.0162366	0.0163321
8.86041	0.0163321	0.0164156
8.86229	0.0164156	0.0164886
8.86418	0.0164886	0.0165525
8.86607	0.0165525	0.0166085
8.86796	0.0166085	0.0166574
8.86985	0.0166574	0.0167002
8.87173	0.0167002	0.0167377
8.87362	0.0167377	0.0167705
8.87551	0.0167705	0.0167992
8.8774	0.0167992	0.0168243
8.87929	0.0168243	0.0168462
8.88117	0.0168462	0.0168655
8.88306	0.0168655	0.0168823
8.88495	0.0168823	0.016897
8.88684	0.016897	0.0169099
8.88873	0.0169099	0.0169211
8.89061	0.0169211	0.016931
8.8925	0.016931	0.0169396
8.89439	0.0169396	0.0169472
8.89628	0.0169472	0.0169538
8.89817	0.0169538	0.0169595
8.90005	0.0169595	0.0169646
8.90194	0.0169646	0.016969
8.90383	0.016969	0.0169729
8.90572	0.0169729	0.0169763
8.90761	0.0169763	0.0169793
8.90949	0.0169793	0.0169818
8.91138	0.0169818	0.0169841
8.91327	0.0169841	0.0169861
8.91516	0.0169861	0.0169878
8.91705	0.0169878	0.0172394
8.91893	0.0172394	0.0173344
8.92082	0.0173344	0.0175426
8.92271	0.0175426	0.0177248
8.94348	0.0177248	0.0176342
8.94537	0.0176342	0.0176799
8.94725	0.0176799	0.0177199
8.94914	0.0177199	0.0177549
8.95103	0.0177549	0.0177856
8.95292	0.0177856	0.0176874
8.95481	0.0176874	0.0173515
8.95669	0.0173515	0.0160575
8.95858	0.0160575	0.0149253
8.96047	0.0149253	0.0140597
8.96236	0.0140597	0.0135522
8.96425	0.0135522	0.0131082
8.96709	0.0131082	0.0128447
8.97652	0.0128447	0.0122391
8.97841	0.0122391	0.0118342
8.98029	0.0118342	0.0114799
8.98344	0.0114799	0.0110449
8.98627	0.0110449	0.0104143
8.98941	0.0104143	0.00986252
8.99224	0.00986252	0.00937971
8.99539	0.00937971	0.00895724
8.99822	0.00895724	0.00858759
9.00042	0.00858759	0.00851414
9.00325	0.00851414	0.00844987
9.00545	0.00844987	0.00826863
9.00828	0.00826863	0.00823505
9.01048	0.00823505	0.00808067
9.01236	0.00808067	0.00794559
9.01425	0.00794559	0.00770239
9.01645	0.00770239	0.00748959
9.01834	0.00748959	0.00730339
9.02023	0.00730339	0.00714047
9.02243	0.00714047	0.00699791
9.02431	0.00699791	0.00687317
9.0262	0.00687317	0.00676402
9.02809	0.00676402	0.00691852
9.02998	0.00691852	0.0069287
9.03187	0.0069287	0.00693762
9.03375	0.00693762	0.00694541
9.03564	0.00694541	0.00695224
9.03753	0.00695224	0.00708321
9.03942	0.00708321	0.00719781
9.04131	0.00719781	0.00729808
9.04319	0.00729808	0.00738582
9.04508	0.00738582	0.00746259
9.04697	0.00746259	0.00740477
9.04886	0.00740477	0.00735417
9.05075	0.00735417	0.0073099
9.05263	0.0073099	0.00727116
9.05452	0.00727116	0.00736227
9.05641	0.00736227	0.00744198
9.0583	0.00744198	0.00751173
9.06019	0.00751173	0.00782277
9.06207	0.00782277	0.00809492
9.06396	0.00809492	0.00820806
9.06585	0.00820806	0.00830705
9.06774	0.00830705	0.00839367
9.06963	0.00839367	0.00846946
9.07151	0.00846946	0.00853578
9.0734	0.00853578	0.0087188
9.07529	0.0087188	0.00887895
9.07718	0.00887895	0.00901908
9.07907	0.00901908	0.0091417
9.08095	0.0091417	0.00912398
9.08284	0.00912398	0.00910849
9.08473	0.00910849	0.00909493
9.08662	0.00909493	0.00908306
9.08851	0.00908306	0.00907268
9.09039	0.00907268	0.00918859
9.09228	0.00918859	0.00929002
9.09417	0.00929002	0.00937876
9.09606	0.00937876	0.00945642
9.09795	0.00945642	0.00939936
9.11116	0.00939936	0.00947444
9.11305	0.00947444	0.00966514
9.11494	0.00966514	0.00970699
9.11683	0.00970699	0.00961862
9.12784	0.00961862	0.00904129
9.131	0.00904129	0.00878613
9.13603	0.00878613	0.00893786
9.142	0.00893786	0.00857063
9.14703	0.00857063	0.0088743
9.15206	0.0088743	0.00901501
9.15709	0.00901501	0.00913814
9.15898	0.00913814	0.00874587
9.16307	0.00874587	0.00840264
9.16496	0.00840264	0.00810231
9.16904	0.00810231	0.00783952
9.17093	0.00783952	0.00760958
9.17502	0.00760958	0.00740838
9.17691	0.00740838	0.00735733
9.18005	0.00735733	0.00768766
9.18194	0.00768766	0.00747671
9.18508	0.00747671	0.00766712
9.18697	0.00766712	0.00745873
9.18885	0.00745873	0.00740139
9.19105	0.00740139	0.00722621
9.19294	0.00722621	0.00707293
9.19483	0.00707293	0.00693882
9.19703	0.00693882	0.00682146
9.19892	0.00682146	0.00671878
9.2008	0.00671878	0.00662893
9.20269	0.00662893	0.00680032
9.20458	0.00680032	0.00682528
9.20647	0.00682528	0.00697212
9.20836	0.00697212	0.0071006
9.21024	0.0071006	0.00721302
9.21309	0.00721302	0.0074364
9.22157	0.0074364	0.00738185
9.22346	0.00738185	0.00745911
9.22567	0.00745911	0.00740172
9.2307	0.00740172	0.00735151
9.23573	0.00735151	0.00768257
9.23762	0.00768257	0.00759725
9.24171	0.00759725	0.00739759
9.24359	0.00739759	0.00722289
9.24768	0.00722289	0.00707003
9.24957	0.00707003	0.00693628
9.25271	0.00693628	0.00719424
9.25556	0.00719424	0.00729496
9.26373	0.00729496	0.00700809
9.26657	0.00700809	0.00688208
9.2716	0.00688208	0.00714682
9.27758	0.00714682	0.00700347
9.28261	0.00700347	0.00750303
9.28764	0.00750303	0.00781515
9.29267	0.00781515	0.00808826
9.29456	0.00808826	0.00795223
9.29864	0.00795223	0.0077082
9.30053	0.0077082	0.00749467
9.30462	0.00749467	0.00730784
9.30651	0.00730784	0.00714436
9.31059	0.00714436	0.00700131
9.31248	0.00700131	0.00712615
9.31562	0.00712615	0.00736038
9.31751	0.00736038	0.00731533
9.32065	0.00731533	0.00740091
9.32254	0.00740091	0.0073508
9.32443	0.0073508	0.00730695
9.32663	0.00730695	0.00714358
9.32852	0.00714358	0.00700063
9.3304	0.00700063	0.00687555
9.3326	0.00687555	0.00676611
9.33449	0.00676611	0.00667034
9.33638	0.00667034	0.00658655
9.33827	0.00658655	0.00676323
9.34015	0.00676323	0.00691783
9.34204	0.00691783	0.0070531
9.34393	0.0070531	0.00704646
9.34582	0.00704646	0.00704065
9.34771	0.00704065	0.00703557
9.34959	0.00703557	0.00703112
9.35148	0.00703112	0.00715223
9.35337	0.00715223	0.0072582
9.35526	0.0072582	0.00735093
9.35715	0.00735093	0.00743206
9.35903	0.00743206	0.00750305
9.36092	0.00750305	0.00744017
9.36281	0.00744017	0.00738515
9.3647	0.00738515	0.007337
9.36659	0.007337	0.00729488
9.36847	0.00729488	0.00738302
9.37036	0.00738302	0.00771014
9.37225	0.00771014	0.00799637
9.37414	0.00799637	0.00824683
9.37603	0.00824683	0.00846597
9.37791	0.00846597	0.00853272
9.3798	0.00853272	0.00859113
9.38169	0.00859113	0.00864224
9.38358	0.00864224	0.00868696
9.38547	0.00868696	0.00872609
9.38735	0.00872609	0.00888533
9.38924	0.00888533	0.00902466
9.39113	0.00902466	0.00914658
9.39302	0.00914658	0.00925326
9.39491	0.00925326	0.0092216
9.39679	0.0092216	0.0091939
9.39868	0.0091939	0.00916966
9.40057	0.00916966	0.00914845
9.40246	0.00914845	0.0091299
9.40435	0.0091299	0.00923866
9.40623	0.00923866	0.00933383
9.40812	0.00933383	0.0094171
9.41001	0.0094171	0.00948996
9.4119	0.00948996	0.00967871
9.41379	0.00967871	0.00984387
9.41567	0.00984387	0.00998839
9.41756	0.00998839	0.0101148
9.41945	0.0101148	0.0102255
9.42134	0.0102255	0.0103223
9.42323	0.0103223	0.010532
9.42511	0.010532	0.0107155
9.427	0.0107155	0.0108761
9.42889	0.0108761	0.0108916
9.43078	0.0108916	0.0109051
9.43267	0.0109051	0.010917
9.43455	0.010917	0.0109274
9.43644	0.0109274	0.0109364
9.43833	0.0109364	0.0109444
9.44022	0.0109444	0.0110763
9.44211	0.0110763	0.0111918
9.44399	0.0111918	0.0111678
9.44588	0.0111678	0.0111468
9.44777	0.0111468	0.0111285
9.44966	0.0111285	0.0111124
9.45155	0.0111124	0.0110984
9.45343	0.0110984	0.0110861
9.45532	0.0110861	0.0112003
9.45721	0.0112003	0.0113003
9.4591	0.0113003	0.0116377
9.46099	0.0116377	0.011808
9.46287	0.011808	0.011957
9.46476	0.011957	0.0120874
9.46665	0.0120874	0.0122015
9.46854	0.0122015	0.0123013
9.47043	0.0123013	0.0123886
9.47231	0.0123886	0.012465
9.4742	0.012465	0.0126569
9.47609	0.0126569	0.0128248
9.47798	0.0128248	0.0128467
9.47987	0.0128467	0.0128659
9.48175	0.0128659	0.0128826
9.48364	0.0128826	0.0128973
9.48553	0.0128973	0.0129101
9.48742	0.0129101	0.0129214
9.48931	0.0129214	0.0129312
9.49119	0.0129312	0.0130648
9.49308	0.0130648	0.0131817
9.49497	0.0131817	0.013159
9.49686	0.013159	0.0131391
9.49875	0.0131391	0.0131217
9.50063	0.0131217	0.0131065
9.50252	0.0131065	0.0130932
9.50441	0.0130932	0.0130815
9.5063	0.0130815	0.0130714
9.50819	0.0130714	0.0131874
9.51007	0.0131874	0.013289
9.51196	0.013289	0.0132529
9.51385	0.0132529	0.0134713
9.51574	0.0134713	0.0136624
9.51763	0.0136624	0.0138296
9.51951	0.0138296	0.0139759
9.5214	0.0139759	0.0141039
9.52329	0.0141039	0.0142159
9.52518	0.0142159	0.0143139
9.52707	0.0143139	0.0145247
9.52895	0.0145247	0.0145841
9.53084	0.0145841	0.0146361
9.53273	0.0146361	0.0146816
9.53462	0.0146816	0.0147214
9.53651	0.0147214	0.0147562
9.53839	0.0147562	0.0147867
9.54028	0.0147867	0.0148133
9.54217	0.0148133	0.0148367
9.54406	0.0148367	0.0149821
9.54595	0.0149821	0.0149843
9.54783	0.0149843	0.0149863
9.54972	0.0149863	0.014988
9.55161	0.014988	0.0149895
9.5535	0.0149895	0.0149908
9.55539	0.0149908	0.014992
9.55727	0.014992	0.014993
9.55916	0.014993	0.0149938
9.56105	0.0149938	0.0151196
9.56294	0.0151196	0.0151047
9.56483	0.0151047	0.0150916
9.56671	0.0150916	0.0150801
9.5686	0.0150801	0.0150701
9.57049	0.0150701	0.0150613
9.57238	0.0150613	0.0150537
9.57427	0.0150537	0.015047
9.57615	0.015047	0.0152911
9.57804	0.0152911	0.0155047
9.57993	0.0155047	0.0156916
9.58182	0.0156916	0.0158552
9.58371	0.0158552	0.0159983
9.58559	0.0159983	0.0161235
9.58748	0.0161235	0.0162331
9.58937	0.0162331	0.0163289
9.59126	0.0163289	0.0164128
9.59315	0.0164128	0.0164862
9.59503	0.0164862	0.0165504
9.59692	0.0165504	0.0166066
9.59881	0.0166066	0.0166558
9.6007	0.0166558	0.0166988
9.60259	0.0166988	0.0167365
9.60447	0.0167365	0.0167694
9.60636	0.0167694	0.0167982
9.60825	0.0167982	0.0168235
9.61014	0.0168235	0.0168455
9.61203	0.0168455	0.0168648
9.61391	0.0168648	0.0168817
9.6158	0.0168817	0.0168965
9.61769	0.0168965	0.0169094
9.61958	0.0169094	0.0169208
9.62147	0.0169208	0.0169307
9.62335	0.0169307	0.0169393
9.62524	0.0169393	0.0169469
9.62713	0.0169469	0.0169536
9.62902	0.0169536	0.0169594
9.64979	0.0169594	0.0169644
9.65167	0.0169644	0.0170939
9.65356	0.0170939	0.0172071
9.65545	0.0172071	0.0173063
9.65734	0.0173063	0.017393
9.65923	0.017393	0.0173438
9.66111	0.0173438	0.0170509
9.663	0.0170509	0.0159195
9.66489	0.0159195	0.0148046
9.66678	0.0148046	0.013829
9.66867	0.013829	0.0132254
9.67055	0.0132254	0.0126972
9.67244	0.0126972	0.0122351
9.67433	0.0122351	0.0119557
9.67622	0.0119557	0.0117112
9.67811	0.0117112	0.0114973
9.67999	0.0114973	0.0111851
9.68188	0.0111851	0.010912
9.68377	0.010912	0.010673
9.68566	0.010673	0.0104639
9.68755	0.0104639	0.0102809
9.68943	0.0102809	0.0102458
9.69132	0.0102458	0.0102151
9.69321	0.0102151	0.0101882
9.6951	0.0101882	0.0101647
9.69699	0.0101647	0.0100191
9.69887	0.0100191	0.00989169
9.70076	0.00989169	0.00978022
9.70265	0.00978022	0.0096827
9.70454	0.0096827	0.00959736
9.70643	0.00959736	0.00964769
9.70831	0.00964769	0.00994173
9.7102	0.00994173	0.010199
9.71209	0.010199	0.0104241
9.71398	0.0104241	0.0104961
9.71587	0.0104961	0.0105591
9.71775	0.0105591	0.0106142
9.71964	0.0106142	0.0106624
9.72153	0.0106624	0.0107046
9.72342	0.0107046	0.0107416
9.72531	0.0107416	0.0108989
9.72719	0.0108989	0.0110365
9.72908	0.0110365	0.0111569
9.73097	0.0111569	0.0111373
9.73286	0.0111373	0.0111202
9.73475	0.0111202	0.0111051
9.73663	0.0111051	0.011092
9.73852	0.011092	0.0110805
9.74137	0.0110805	0.0111954
9.75363	0.0111954	0.011046
9.75551	0.011046	0.0110403
9.7574	0.0110403	0.0110352
9.75929	0.0110352	0.0110308
9.76243	0.0110308	0.010902
9.76432	0.010902	0.0104142
9.76746	0.0104142	0.0101124
9.76935	0.0101124	0.00972338
9.77124	0.00972338	0.00938296
9.77344	0.00938296	0.00896009
9.77532	0.00896009	0.00859008
9.77721	0.00859008	0.00826632
9.77941	0.00826632	0.00798303
9.7813	0.00798303	0.00773515
9.78319	0.00773515	0.00751825
9.78508	0.00751825	0.00757847
9.78696	0.00757847	0.00750616
9.78885	0.00750616	0.00744289
9.79074	0.00744289	0.00738753
9.79263	0.00738753	0.00733909
9.79452	0.00733909	0.0074217
9.7964	0.0074217	0.00749399
9.79829	0.00749399	0.00755724
9.80018	0.00755724	0.00761258
9.80207	0.00761258	0.00766101
9.80396	0.00766101	0.00757838
9.80584	0.00757838	0.00750609
9.80773	0.00750609	0.00744283
9.80962	0.00744283	0.00738747
9.81151	0.00738747	0.00746404
9.8134	0.00746404	0.00753103
9.81528	0.00753103	0.00758965
9.81717	0.00758965	0.00789095
9.81906	0.00789095	0.00815458
9.82095	0.00815458	0.00826025
9.82284	0.00826025	0.00835272
9.82472	0.00835272	0.00843363
9.82661	0.00843363	0.00850443
9.8285	0.00850443	0.00856637
9.83039	0.00856637	0.00874558
9.83228	0.00874558	0.00890238
9.83416	0.00890238	0.00903958
9.83605	0.00903958	0.00915963
9.83794	0.00915963	0.00913968
9.83983	0.00913968	0.00912222
9.84172	0.00912222	0.00910694
9.8436	0.00910694	0.00909357
9.84549	0.00909357	0.00908187
9.84738	0.00908187	0.00919664
9.84927	0.00919664	0.00929706
9.85116	0.00929706	0.00938493
9.85304	0.00938493	0.00946181
9.85493	0.00946181	0.00940408
9.85682	0.00940408	0.00960357
9.85871	0.00960357	0.00977813
9.8606	0.00977813	0.00993086
9.86248	0.00993086	0.0100645
9.86437	0.0100645	0.0101814
9.86626	0.0101814	0.0104088
9.86815	0.0104088	0.0106077
9.87004	0.0106077	0.0107817
9.87192	0.0107817	0.010809
9.87381	0.010809	0.0108329
9.8757	0.0108329	0.0108538
9.87759	0.0108538	0.010872
9.87948	0.010872	0.010888
9.88136	0.010888	0.010902
9.88325	0.010902	0.0110393
9.88514	0.0110393	0.0111594
9.88703	0.0111594	0.0112644
9.88892	0.0112644	0.0112314
9.8908	0.0112314	0.0112025
9.89269	0.0112025	0.0111772
9.89458	0.0111772	0.011155
9.89647	0.011155	0.0111356
9.89836	0.0111356	0.0111187
9.90024	0.0111187	0.0112288
9.90213	0.0112288	0.0113252
9.90402	0.0113252	0.0114096
9.90591	0.0114096	0.0116084
9.9078	0.0116084	0.0117823
9.90968	0.0117823	0.0119345
9.91157	0.0119345	0.0120677
9.91346	0.0120677	0.0121843
9.91535	0.0121843	0.0122862
9.91724	0.0122862	0.0123754
9.91912	0.0123754	0.0125785
9.92101	0.0125785	0.0127562
9.9229	0.0127562	0.0127867
9.92479	0.0127867	0.0128133
9.92668	0.0128133	0.0128367
9.92856	0.0128367	0.0128571
9.93045	0.0128571	0.012875
9.93234	0.012875	0.0128906
9.93423	0.0128906	0.0129043
9.93612	0.0129043	0.0130412
9.938	0.0130412	0.0131611
9.93989	0.0131611	0.0131409
9.94178	0.0131409	0.0131233
9.94367	0.0131233	0.0131079
9.94556	0.0131079	0.0130944
9.94744	0.0130944	0.0130826
9.94933	0.0130826	0.0130723
9.95122	0.0130723	0.0130633
9.95311	0.0130633	0.0131803
9.955	0.0131803	0.0131578
9.95688	0.0131578	0.0131381
9.95877	0.0131381	0.0131208
9.96066	0.0131208	0.0133557
9.96255	0.0133557	0.0135612
9.96444	0.0135612	0.0137411
9.96632	0.0137411	0.0138985
9.96821	0.0138985	0.0140361
9.9701	0.0140361	0.0142816
9.97199	0.0142816	0.0143714
9.97388	0.0143714	0.01445
9.97576	0.01445	0.0145187
9.97765	0.0145187	0.0145789
9.97954	0.0145789	0.0146315
9.98143	0.0146315	0.0146776
9.98332	0.0146776	0.0147179
9.9852	0.0147179	0.0147532
9.98709	0.0147532	0.014909
9.98898	0.014909	0.0149204
9.99087	0.0149204	0.0149303
9.99276	0.0149303	0.014939
9.99464	0.014939	0.0149467
9.99653	0.0149467	0.0149533
9.99842	0.0149533	0.0149592
10.0003	0.0149592	0.0149643
10.0022	0.0149643	0.0149687
10.0041	0.0149687	0.0150976
10.006	0.0150976	0.0150854
10.0079	0.0150854	0.0150748
10.0097	0.0150748	0.0150654
10.0116	0.0150654	0.0150572
10.0135	0.0150572	0.0150501
10.0154	0.0150501	0.0150438
10.0173	0.0150438	0.0150383
10.0192	0.0150383	0.0150335
10.0211	0.0150335	0.0151544
10.023	0.0151544	0.0153851
10.0249	0.0153851	0.0155869
10.0267	0.0155869	0.0157636
10.0286	0.0157636	0.0159181
10.0305	0.0159181	0.0160534
10.0324	0.0160534	0.0161717
10.0343	0.0161717	0.0162752
10.0362	0.0162752	0.0163658
10.0381	0.0163658	0.0164451
10.04	0.0164451	0.0165145
10.0418	0.0165145	0.0165751
10.0437	0.0165751	0.0166283
10.0456	0.0166283	0.0166747
10.0475	0.0166747	0.0167154
10.0494	0.0167154	0.016751
10.0513	0.016751	0.0167821
10.0532	0.0167821	0.0168093
10.0551	0.0168093	0.0168332
10.0569	0.0168332	0.016854
10.0588	0.016854	0.0168723
10.0607	0.0168723	0.0168882
10.0626	0.0168882	0.0169022
10.0645	0.0169022	0.0169144
10.0664	0.0169144	0.0169251
10.0683	0.0169251	0.0169345
10.0702	0.0169345	0.0169427
10.0721	0.0169427	0.0169498
10.0739	0.0169498	0.0169561
10.0758	0.0169561	0.0169616
10.0777	0.0169616	0.0169664
10.0796	0.0169664	0.0169706
10.0815	0.0169706	0.0169743
10.0843	0.0169743	0.0171025
10.1032	0.0171025	0.0170897
10.1051	0.0170897	0.0172035
10.107	0.0172035	0.017178
10.1089	0.017178	0.0172808
10.1108	0.0172808	0.0173707
10.1126	0.0173707	0.0173243
10.1145	0.0173243	0.0170338
10.1164	0.0170338	0.0159046
10.1183	0.0159046	0.0149165
10.1202	0.0149165	0.0140519
10.1221	0.0140519	0.0135454
10.124	0.0135454	0.0129773
10.1259	0.0129773	0.0124801
10.1277	0.0124801	0.0120451
10.1296	0.0120451	0.0116645
10.1315	0.0116645	0.0113314
10.1334	0.0113314	0.011165
10.1353	0.011165	0.0110194
10.1372	0.0110194	0.0108919
10.1391	0.0108919	0.0107804
10.141	0.0107804	0.0105579
10.1429	0.0105579	0.0103631
10.1447	0.0103631	0.0101928
10.1466	0.0101928	0.0100437
10.1485	0.0100437	0.0099132
10.1504	0.0099132	0.00992405
10.1523	0.00992405	0.00993354
10.1542	0.00993354	0.00994185
10.1561	0.00994185	0.00994912
10.158	0.00994912	0.00983048
10.1608	0.00983048	0.00985167
10.1721	0.00985167	0.00987021
10.174	0.00987021	0.0100114
10.1759	0.0100114	0.01001
10.1778	0.01001	0.00988375
10.1819	0.00988375	0.00939828
10.1838	0.00939828	0.0092235
10.1869	0.0092235	0.00919556
10.1888	0.00919556	0.00892111
10.1919	0.00892111	0.00880597
10.1938	0.00880597	0.00858023
10.1957	0.00858023	0.0083827
10.1979	0.0083827	0.00808486
10.1998	0.00808486	0.00782425
10.2017	0.00782425	0.00759622
10.2039	0.00759622	0.00739669
10.2058	0.00739669	0.00722211
10.2077	0.00722211	0.00706934
10.2098	0.00706934	0.00693567
10.2117	0.00693567	0.00706871
10.2136	0.00706871	0.00718512
10.2165	0.00718512	0.00741198
10.2243	0.00741198	0.00723548
10.2262	0.00723548	0.00720605
10.2313	0.00720605	0.00743029
10.2363	0.00743029	0.0077515
10.2413	0.0077515	0.00803257
10.2463	0.00803257	0.0082785
10.2482	0.0082785	0.00811868
10.2523	0.00811868	0.00785385
10.2542	0.00785385	0.00762212
10.2583	0.00762212	0.00741935
10.2602	0.00741935	0.00724193
10.2643	0.00724193	0.00708669
10.2662	0.00708669	0.00720085
10.2693	0.00720085	0.00742575
10.2712	0.00742575	0.00737253
10.2743	0.00737253	0.00745096
10.2762	0.00745096	0.00739459
10.2781	0.00739459	0.00734527
10.2803	0.00734527	0.00717711
10.2822	0.00717711	0.00702997
10.2841	0.00702997	0.00690122
10.2863	0.00690122	0.00678857
10.2882	0.00678857	0.00669
10.2901	0.00669	0.00660375
10.2919	0.00660375	0.00665328
10.2938	0.00665328	0.00669662
10.2957	0.00669662	0.00673454
10.2976	0.00673454	0.00676772
10.2995	0.00676772	0.00692176
10.3014	0.00692176	0.00705654
10.3033	0.00705654	0.00717447
10.3052	0.00717447	0.00727766
10.307	0.00727766	0.00736795
10.3089	0.00736795	0.00732196
10.3108	0.00732196	0.00728171
10.3127	0.00728171	0.0072465
10.3146	0.0072465	0.00721569
10.3165	0.00721569	0.00731372
10.3184	0.00731372	0.00739951
10.3203	0.00739951	0.00747457
10.3221	0.00747457	0.00754025
10.325	0.00754025	0.00784772
10.3344	0.00784772	0.00786675
10.3363	0.00786675	0.00800841
10.3382	0.00800841	0.00813236
10.3432	0.00813236	0.00836581
10.3451	0.00836581	0.00819508
10.3492	0.00819508	0.0079207
10.3511	0.0079207	0.00768061
10.3552	0.00768061	0.00747053
10.3571	0.00747053	0.00728672
10.3611	0.00728672	0.00712588
10.363	0.00712588	0.00723514
10.3662	0.00723514	0.00745575
10.3681	0.00745575	0.00739878
10.3712	0.00739878	0.00747393
10.3731	0.00747393	0.00741469
10.375	0.00741469	0.00723785
10.3772	0.00723785	0.00708312
10.3791	0.00708312	0.00694773
10.381	0.00694773	0.00682926
10.3832	0.00682926	0.0067256
10.385	0.0067256	0.0066349
10.3869	0.0066349	0.00655554
10.3891	0.00655554	0.0064861
10.391	0.0064861	0.00667534
10.3929	0.00667534	0.00671592
10.3948	0.00671592	0.00687643
10.3967	0.00687643	0.00689187
10.3986	0.00689187	0.00690539
10.4005	0.00690539	0.00704222
10.4023	0.00704222	0.00716194
10.4042	0.00716194	0.0072667
10.4061	0.0072667	0.00735836
10.408	0.00735836	0.00743856
10.4099	0.00743856	0.00738374
10.4118	0.00738374	0.00733577
10.4137	0.00733577	0.0072938
10.4156	0.0072938	0.00725708
10.4175	0.00725708	0.00734994
10.4193	0.00734994	0.0074312
10.4212	0.0074312	0.0075023
10.4231	0.0075023	0.00781451
10.425	0.00781451	0.0080877
10.4269	0.0080877	0.00820173
10.4288	0.00820173	0.00830152
10.4307	0.00830152	0.00838883
10.4326	0.00838883	0.00846522
10.4344	0.00846522	0.00853207
10.4363	0.00853207	0.00871556
10.4382	0.00871556	0.00887612
10.4401	0.00887612	0.0090166
10.442	0.0090166	0.00901453
10.4439	0.00901453	0.00901271
10.4458	0.00901271	0.00901112
10.4477	0.00901112	0.00900973
10.4495	0.00900973	0.00900851
10.4514	0.00900851	0.00913245
10.4533	0.00913245	0.00924089
10.4552	0.00924089	0.00933578
10.4571	0.00933578	0.00941881
10.459	0.00941881	0.00936646
10.4609	0.00936646	0.00932065
10.4628	0.00932065	0.00953057
10.4647	0.00953057	0.00971425
10.4665	0.00971425	0.00987496
10.4684	0.00987496	0.0100156
10.4703	0.0100156	0.0102636
10.4722	0.0102636	0.0104807
10.4741	0.0104807	0.0106706
10.476	0.0106706	0.0107118
10.4779	0.0107118	0.0107478
10.4798	0.0107478	0.0107793
10.4816	0.0107793	0.0108069
10.4835	0.0108069	0.010831
10.4854	0.010831	0.0108522
10.4873	0.0108522	0.0109956
10.4892	0.0109956	0.0111212
10.4911	0.0111212	0.011231
10.493	0.011231	0.0112022
10.4949	0.0112022	0.0111769
10.4967	0.0111769	0.0111548
10.4986	0.0111548	0.0111354
10.5005	0.0111354	0.0111185
10.5024	0.0111185	0.0111037
10.5043	0.0111037	0.0112157
10.5062	0.0112157	0.0113138
10.5081	0.0113138	0.0113995
10.51	0.0113995	0.0115996
10.5119	0.0115996	0.0117746
10.5137	0.0117746	0.0119278
10.5156	0.0119278	0.0120618
10.5175	0.0120618	0.0121791
10.5194	0.0121791	0.0122817
10.5213	0.0122817	0.0123715
10.5232	0.0123715	0.0125751
10.5251	0.0125751	0.0127532
10.527	0.0127532	0.012784
10.5288	0.012784	0.012811
10.5307	0.012811	0.0128346
10.5326	0.0128346	0.0128553
10.5345	0.0128553	0.0128734
10.5364	0.0128734	0.0128892
10.5383	0.0128892	0.0129031
10.5402	0.0129031	0.0130402
10.5421	0.0130402	0.0131602
10.5439	0.0131602	0.0131401
10.5458	0.0131401	0.0131226
10.5477	0.0131226	0.0131073
10.5496	0.0131073	0.0130939
10.5515	0.0130939	0.0130821
10.5534	0.0130821	0.0130719
10.5553	0.0130719	0.0130629
10.5572	0.0130629	0.01318
10.5591	0.01318	0.0132825
10.5609	0.0132825	0.0132472
10.5628	0.0132472	0.0132163
10.5647	0.0132163	0.0134393
10.5666	0.0134393	0.0136344
10.5685	0.0136344	0.0138051
10.5704	0.0138051	0.0139544
10.5723	0.0139544	0.0140851
10.5742	0.0140851	0.0141995
10.576	0.0141995	0.0144246
10.5779	0.0144246	0.0144965
10.5798	0.0144965	0.0145594
10.5817	0.0145594	0.0146145
10.5836	0.0146145	0.0146627
10.5855	0.0146627	0.0147048
10.5874	0.0147048	0.0147417
10.5893	0.0147417	0.014774
10.5911	0.014774	0.0148023
10.593	0.0148023	0.014952
10.5949	0.014952	0.014958
10.5968	0.014958	0.0149632
10.5987	0.0149632	0.0149678
10.6006	0.0149678	0.0149719
10.6025	0.0149719	0.0149754
10.6044	0.0149754	0.0149784
10.6063	0.0149784	0.0149811
10.6081	0.0149811	0.0149835
10.61	0.0149835	0.0151106
10.6119	0.0151106	0.0150967
10.6138	0.0150967	0.0150846
10.6157	0.0150846	0.0150741
10.6176	0.0150741	0.0150648
10.6195	0.0150648	0.0150567
10.6214	0.0150567	0.0150496
10.6232	0.0150496	0.0150434
10.6251	0.0150434	0.015038
10.627	0.015038	0.0151582
10.6289	0.0151582	0.0153885
10.6308	0.0153885	0.0155899
10.6327	0.0155899	0.0157662
10.6346	0.0157662	0.0159204
10.6365	0.0159204	0.0160553
10.6383	0.0160553	0.0161734
10.6402	0.0161734	0.0162767
10.6421	0.0162767	0.0163672
10.644	0.0163672	0.0164463
10.6459	0.0164463	0.0165155
10.6478	0.0165155	0.016576
10.6497	0.016576	0.016629
10.6516	0.016629	0.0166754
10.6535	0.0166754	0.016716
10.6553	0.016716	0.0167515
10.6572	0.0167515	0.0167825
10.6591	0.0167825	0.0168097
10.661	0.0168097	0.0168335
10.6629	0.0168335	0.0168543
10.6648	0.0168543	0.0168725
10.6667	0.0168725	0.0168885
10.6686	0.0168885	0.0169024
10.6704	0.0169024	0.0169146
10.6723	0.0169146	0.0169253
10.6742	0.0169253	0.0169346
10.6761	0.0169346	0.0169428
10.678	0.0169428	0.0168249
10.6799	0.0168249	0.0168468
10.6818	0.0168468	0.016866
10.6837	0.016866	0.0168827
10.6855	0.0168827	0.0168974
10.6874	0.0168974	0.0169102
10.6893	0.0169102	0.0169214
10.6912	0.0169214	0.0169313
10.6931	0.0169313	0.0169398
10.695	0.0169398	0.0169474
10.6969	0.0169474	0.0169539
10.6988	0.0169539	0.0172097
10.7007	0.0172097	0.0174335
10.7025	0.0174335	0.0176293
10.7044	0.0176293	0.0178006
10.7063	0.0178006	0.0179506
10.7082	0.0179506	0.0180817
10.7101	0.0180817	0.0181965
10.712	0.0181965	0.018172
10.7139	0.018172	0.0182755
10.7158	0.0182755	0.018366
10.7176	0.018366	0.0184453
10.7195	0.0184453	0.0185146
10.7412	0.0185146	0.0184503
10.7431	0.0184503	0.018519
10.745	0.018519	0.0185791
10.7469	0.0185791	0.0185067
10.7488	0.0185067	0.0185684
10.7507	0.0185684	0.0184973
10.7526	0.0184973	0.0181852
10.7545	0.0181852	0.017662
10.7563	0.017662	0.0167043
10.7582	0.0167043	0.0158662
10.7601	0.0158662	0.015133
10.762	0.015133	0.0144913
10.7639	0.0144913	0.0138049
10.7658	0.0138049	0.0132043
10.7677	0.0132043	0.0126788
10.7696	0.0126788	0.0122189
10.7715	0.0122189	0.0118166
10.7733	0.0118166	0.0115895
10.7752	0.0115895	0.0113908
10.7771	0.0113908	0.0112169
10.779	0.0112169	0.0110648
10.7809	0.0110648	0.0108067
10.7828	0.0108067	0.0105809
10.7847	0.0105809	0.0103833
10.7866	0.0103833	0.0102104
10.7884	0.0102104	0.0100591
10.7903	0.0100591	0.0101767
10.7922	0.0101767	0.0104046
10.7941	0.0104046	0.010604
10.796	0.010604	0.0106535
10.7979	0.0106535	0.0106968
10.7998	0.0106968	0.0107347
10.8017	0.0107347	0.0107679
10.8035	0.0107679	0.0107969
10.8054	0.0107969	0.0108223
10.8073	0.0108223	0.0109695
10.8092	0.0109695	0.0110983
10.8111	0.0110983	0.011211
10.813	0.011211	0.0111846
10.8149	0.0111846	0.0111616
10.8168	0.0111616	0.0111414
10.8187	0.0111414	0.0111237
10.8205	0.0111237	0.0111082
10.8224	0.0111082	0.0110947
10.8243	0.0110947	0.0112079
10.8262	0.0112079	0.0113069
10.8281	0.0113069	0.0113935
10.83	0.0113935	0.0113443
10.8319	0.0113443	0.0113013
10.8338	0.0113013	0.0112636
10.8356	0.0112636	0.0112307
10.8375	0.0112307	0.0114518
10.8394	0.0114518	0.0116454
10.8413	0.0116454	0.0118147
10.8432	0.0118147	0.0120879
10.8451	0.0120879	0.0123269
10.847	0.0123269	0.012411
10.8489	0.012411	0.0124846
10.8507	0.0124846	0.0125491
10.8526	0.0125491	0.0126054
10.8545	0.0126054	0.0126547
10.8564	0.0126547	0.0126979
10.8583	0.0126979	0.0127357
10.8602	0.0127357	0.0128937
10.8621	0.0128937	0.013032
10.864	0.013032	0.013028
10.8659	0.013028	0.0130245
10.8677	0.0130245	0.0130214
10.8696	0.0130214	0.0130188
10.8715	0.0130188	0.0130164
10.8734	0.0130164	0.0130144
10.8753	0.0130144	0.0130126
10.8772	0.0130126	0.013136
10.8791	0.013136	0.013244
10.881	0.013244	0.0132135
10.8828	0.0132135	0.0131868
10.8847	0.0131868	0.0131635
10.8866	0.0131635	0.013143
10.8885	0.013143	0.0131251
10.8904	0.0131251	0.0131095
10.8923	0.0131095	0.0133458
10.8942	0.0133458	0.0135526
10.8961	0.0135526	0.0138585
10.8979	0.0138585	0.0140012
10.8998	0.0140012	0.014126
10.9017	0.014126	0.0142353
10.9036	0.0142353	0.0143309
10.9055	0.0143309	0.0144145
10.9074	0.0144145	0.0144877
10.9093	0.0144877	0.0145517
10.9112	0.0145517	0.0146078
10.9131	0.0146078	0.0147818
10.9149	0.0147818	0.0148091
10.9168	0.0148091	0.0148329
10.9187	0.0148329	0.0148538
10.9367	0.0148538	0.0147471
10.9385	0.0147471	0.0147787
10.9404	0.0147787	0.0148064
10.9423	0.0148064	0.0148306
10.9442	0.0148306	0.0147268
10.9461	0.0147268	0.0145109
10.948	0.0145109	0.013572
10.9499	0.013572	0.0127505
10.9518	0.0127505	0.0120317
10.9536	0.0120317	0.0114028
10.9555	0.0114028	0.0109774
10.9574	0.0109774	0.0106052
10.9593	0.0106052	0.0102796
10.9612	0.0102796	0.00999463
10.9631	0.00999463	0.0097453
10.965	0.0097453	0.00940214
10.9669	0.00940214	0.00910187
10.9687	0.00910187	0.00883914
10.9706	0.00883914	0.00860924
10.9725	0.00860924	0.00853309
10.9744	0.00853309	0.00846645
10.9763	0.00846645	0.00865815
10.9782	0.00865815	0.00882588
10.9801	0.00882588	0.00897264
10.982	0.00897264	0.00897606
10.9839	0.00897606	0.00897905
10.9857	0.00897905	0.00898167
10.9876	0.00898167	0.00898396
10.9895	0.00898396	0.00898597
10.9914	0.00898597	0.00911272
10.9933	0.00911272	0.00922363
10.9952	0.00922363	0.00932068
10.9971	0.00932068	0.00940559
10.999	0.00940559	0.00935489
11.0008	0.00935489	0.00931053
11.0027	0.00931053	0.00927171
11.0046	0.00927171	0.00923775
11.0065	0.00923775	0.00920803
11.0084	0.00920803	0.00930703
11.0103	0.00930703	0.00939365
11.0122	0.00939365	0.00946944
11.0141	0.00946944	0.00953576
11.0159	0.00953576	0.00946879
11.0178	0.00946879	0.00966019
11.0197	0.00966019	0.00982767
11.0216	0.00982767	0.00997421
11.0235	0.00997421	0.0101024
11.0254	0.0101024	0.0102146
11.0273	0.0102146	0.0104378
11.0292	0.0104378	0.0106331
11.0311	0.0106331	0.0108039
11.0329	0.0108039	0.0108284
11.0348	0.0108284	0.0108499
11.0367	0.0108499	0.0108687
11.0386	0.0108687	0.0108851
11.0405	0.0108851	0.0108994
11.0424	0.0108994	0.010912
11.0443	0.010912	0.011048
11.0462	0.011048	0.011167
11.048	0.011167	0.0112711
11.0499	0.0112711	0.0112372
11.0518	0.0112372	0.0112076
11.0537	0.0112076	0.0111816
11.0556	0.0111816	0.0111589
11.0575	0.0111589	0.0111391
11.0594	0.0111391	0.0111217
11.0613	0.0111217	0.0112315
11.0631	0.0112315	0.0113275
11.065	0.0113275	0.0116616
11.0669	0.0116616	0.0118289
11.0688	0.0118289	0.0119753
11.0707	0.0119753	0.0121034
11.0726	0.0121034	0.0122154
11.0745	0.0122154	0.0123135
11.0764	0.0123135	0.0123993
11.0783	0.0123993	0.0124744
11.0801	0.0124744	0.0126651
11.082	0.0126651	0.012832
11.0839	0.012832	0.012853
11.0858	0.012853	0.0128714
11.0877	0.0128714	0.0128874
11.0896	0.0128874	0.0129015
11.0915	0.0129015	0.0129138
11.0934	0.0129138	0.0129246
11.0952	0.0129246	0.012934
11.0971	0.012934	0.0130673
11.099	0.0130673	0.0131839
11.1009	0.0131839	0.0131609
11.1028	0.0131609	0.0131408
11.1047	0.0131408	0.0131232
11.1066	0.0131232	0.0131078
11.1085	0.0131078	0.0130943
11.1103	0.0130943	0.0130825
11.1122	0.0130825	0.0130722
11.1141	0.0130722	0.0131882
11.116	0.0131882	0.0132897
11.1179	0.0132897	0.0132534
11.1198	0.0132534	0.0134718
11.1217	0.0134718	0.0136628
11.1236	0.0136628	0.0138299
11.1255	0.0138299	0.0139762
11.1273	0.0139762	0.0141042
11.1292	0.0141042	0.0142162
11.1311	0.0142162	0.0143141
11.133	0.0143141	0.0145249
11.1349	0.0145249	0.0145843
11.1368	0.0145843	0.0146362
11.1387	0.0146362	0.0146817
11.1406	0.0146817	0.0147215
11.1424	0.0147215	0.0147563
11.1443	0.0147563	0.0147868
11.1462	0.0147868	0.0148134
11.1481	0.0148134	0.0148367
11.15	0.0148367	0.0148571
11.1519	0.0148571	0.014875
11.1538	0.014875	0.0148906
11.1557	0.0148906	0.0149043
11.1575	0.0149043	0.0149163
11.1594	0.0149163	0.0149267
11.1613	0.0149267	0.0149359
11.1632	0.0149359	0.0149439
11.1651	0.0149439	0.0150759
11.167	0.0150759	0.0150664
11.1689	0.0150664	0.0150581
11.1708	0.0150581	0.0150509
11.1727	0.0150509	0.0150445
11.1745	0.0150445	0.0150389
11.1764	0.0150389	0.0150341
11.1783	0.0150341	0.0150298
11.1802	0.0150298	0.0150261
11.1821	0.0150261	0.0151478
11.184	0.0151478	0.0153793
11.1859	0.0153793	0.0155819
11.1878	0.0155819	0.0157592
11.1896	0.0157592	0.0159143
11.1915	0.0159143	0.01605
11.1934	0.01605	0.0161687
11.1953	0.0161687	0.0162727
11.1972	0.0162727	0.0163636
11.1991	0.0163636	0.0164431
11.201	0.0164431	0.0165127
11.2029	0.0165127	0.0165736
11.2047	0.0165736	0.0166269
11.2066	0.0166269	0.0166736
11.2085	0.0166736	0.0167144
11.2104	0.0167144	0.0167501
11.2123	0.0167501	0.0167813
11.2142	0.0167813	0.0168087
11.2161	0.0168087	0.0168326
11.218	0.0168326	0.0168535
11.2199	0.0168535	0.0168718
11.2217	0.0168718	0.0168878
11.2236	0.0168878	0.0169019
11.2255	0.0169019	0.0169141
11.2274	0.0169141	0.0169249
11.2293	0.0169249	0.0169342
11.2312	0.0169342	0.0169425
11.2331	0.0169425	0.0169497
11.235	0.0169497	0.016956
11.2368	0.016956	0.0169615
11.2387	0.0169615	0.0169663
11.2406	0.0169663	0.0169705
11.2425	0.0169705	0.0169742
11.2444	0.0169742	0.0169774
11.2463	0.0169774	0.0169802
11.2482	0.0169802	0.0169827
11.2501	0.0169827	0.0169849
11.2519	0.0169849	0.0169868
11.2538	0.0169868	0.0172384
11.2557	0.0172384	0.0174586
11.2576	0.0174586	0.0176513
11.2595	0.0176513	0.0178199
11.2614	0.0178199	0.0179674
11.2633	0.0179674	0.0180965
11.2652	0.0180965	0.0182094
11.2671	0.0182094	0.0183082
11.2689	0.0183082	0.0182697
11.2708	0.0182697	0.018361
11.2727	0.018361	0.0184409
11.2746	0.0184409	0.0185108
11.2765	0.0185108	0.0185719
11.2784	0.0185719	0.0186254
11.2803	0.0186254	0.0186722
11.2822	0.0186722	0.0187132
11.284	0.0187132	0.0187491
11.2859	0.0187491	0.0186554
11.2878	0.0186554	0.0186985
11.2897	0.0186985	0.0187362
11.2916	0.0187362	0.0187692
11.2935	0.0187692	0.018798
11.2954	0.018798	0.0188233
11.2973	0.0188233	0.0188454
11.2991	0.0188454	0.0188647
11.301	0.0188647	0.0188816
11.3029	0.0188816	0.0187714
11.3048	0.0187714	0.0188
11.3077	0.0188	0.01895
11.3275	0.01895	0.0188312
11.3294	0.0188312	0.0188523
11.3312	0.0188523	0.0188708
11.3331	0.0188708	0.0188869
11.335	0.0188869	0.0189011
11.3369	0.0189011	0.0187884
11.3388	0.0187884	0.0184399
11.3407	0.0184399	0.0178849
11.3426	0.0178849	0.0167743
11.3445	0.0167743	0.0158025
11.3463	0.0158025	0.0150772
11.3482	0.0150772	0.0144425
11.3501	0.0144425	0.0138872
11.352	0.0138872	0.0134013
11.3643	0.0134013	0.0128512
11.3662	0.0128512	0.0124948
11.3762	0.0124948	0.0115579
11.3813	0.0115579	0.0109882
11.3873	0.0109882	0.0103647
11.3932	0.0103647	0.00981907
11.3983	0.00981907	0.00996668
11.4033	0.00996668	0.00997085
11.4083	0.00997085	0.00997449
11.4102	0.00997449	0.00960268
11.4143	0.00960268	0.00915234
11.4162	0.00915234	0.0087583
11.4203	0.0087583	0.00841351
11.4222	0.00841351	0.00811182
11.4262	0.00811182	0.00784784
11.4281	0.00784784	0.00786686
11.4313	0.00786686	0.00800851
11.4332	0.00800851	0.00788244
11.4363	0.00788244	0.00789714
11.4382	0.00789714	0.00778499
11.4401	0.00778499	0.00768687
11.4423	0.00768687	0.00747601
11.4442	0.00747601	0.00729151
11.4461	0.00729151	0.00713007
11.4482	0.00713007	0.00698881
11.4501	0.00698881	0.00686521
11.452	0.00686521	0.00675706
11.4539	0.00675706	0.00678742
11.4558	0.00678742	0.006814
11.4577	0.006814	0.00683725
11.4596	0.00683725	0.00685759
11.4615	0.00685759	0.00700039
11.4634	0.00700039	0.00712534
11.4652	0.00712534	0.00723467
11.4671	0.00723467	0.00733034
11.469	0.00733034	0.00741405
11.4709	0.00741405	0.00736229
11.4728	0.00736229	0.007317
11.4747	0.007317	0.00727738
11.4766	0.00727738	0.0072427
11.4785	0.0072427	0.00733737
11.4803	0.00733737	0.0074202
11.4822	0.0074202	0.00749267
11.4841	0.00749267	0.00755609
11.486	0.00755609	0.00786157
11.4879	0.00786157	0.00800388
11.4898	0.00800388	0.00812839
11.4917	0.00812839	0.00823734
11.4936	0.00823734	0.00833267
11.4954	0.00833267	0.00841609
11.4973	0.00841609	0.00861408
11.4992	0.00861408	0.00878732
11.5011	0.00878732	0.0089389
11.503	0.0089389	0.00907154
11.5049	0.00907154	0.0090626
11.5068	0.0090626	0.00905477
11.5087	0.00905477	0.00904793
11.5106	0.00904793	0.00904193
11.5124	0.00904193	0.00903669
11.5143	0.00903669	0.00915711
11.5162	0.00915711	0.00926247
11.5181	0.00926247	0.00935466
11.52	0.00935466	0.00931032
11.5219	0.00931032	0.00927153
11.5238	0.00927153	0.00923759
11.5257	0.00923759	0.00920789
11.5275	0.00920789	0.00943191
11.5294	0.00943191	0.00962792
11.5313	0.00962792	0.00992443
11.5332	0.00992443	0.0101839
11.5351	0.0101839	0.0104109
11.537	0.0104109	0.0104845
11.5389	0.0104845	0.010549
11.5408	0.010549	0.0106053
11.5426	0.0106053	0.0106547
11.5445	0.0106547	0.0106978
11.5464	0.0106978	0.0107356
11.5483	0.0107356	0.0108937
11.5502	0.0108937	0.0110319
11.5521	0.0110319	0.011153
11.554	0.011153	0.0111338
11.5559	0.0111338	0.0111171
11.5578	0.0111171	0.0111025
11.5596	0.0111025	0.0110897
11.5615	0.0110897	0.0110784
11.5634	0.0110784	0.0110686
11.5653	0.0110686	0.0111851
11.5672	0.0111851	0.0112869
11.5691	0.0112869	0.0113761
11.571	0.0113761	0.0113291
11.5729	0.0113291	0.0112879
11.5747	0.0112879	0.0115019
11.5766	0.0115019	0.0116892
11.5785	0.0116892	0.011853
11.5804	0.011853	0.0119964
11.5823	0.0119964	0.0121219
11.5842	0.0121219	0.0123566
11.5861	0.0123566	0.012562
11.588	0.012562	0.0126168
11.5898	0.0126168	0.0126647
11.5917	0.0126647	0.0127066
11.5936	0.0127066	0.0127433
11.5955	0.0127433	0.0127754
11.5974	0.0127754	0.0128034
11.5993	0.0128034	0.012828
11.6012	0.012828	0.0129745
11.6031	0.0129745	0.0131027
11.605	0.0131027	0.0130899
11.6068	0.0130899	0.0130786
11.6087	0.0130786	0.0130688
11.6106	0.0130688	0.0130602
11.6125	0.0130602	0.0130527
11.6144	0.0130527	0.0130461
11.6163	0.0130461	0.0130403
11.6182	0.0130403	0.0131603
11.6201	0.0131603	0.0132652
11.6219	0.0132652	0.0132321
11.6238	0.0132321	0.0132031
11.6257	0.0132031	0.0131777
11.6276	0.0131777	0.0131555
11.6295	0.0131555	0.013386
11.6314	0.013386	0.0135878
11.6333	0.0135878	0.0137643
11.6352	0.0137643	0.0139188
11.637	0.0139188	0.0141789
11.6389	0.0141789	0.0142816
11.6408	0.0142816	0.0143714
11.6427	0.0143714	0.0144499
11.6446	0.0144499	0.0145187
11.6465	0.0145187	0.0145789
11.6484	0.0145789	0.0146315
11.6503	0.0146315	0.0146776
11.6522	0.0146776	0.0147179
11.654	0.0147179	0.0148781
11.6559	0.0148781	0.0148934
11.6578	0.0148934	0.0149067
11.6597	0.0149067	0.0149184
11.6616	0.0149184	0.0149286
11.6635	0.0149286	0.0149375
11.6654	0.0149375	0.0149453
11.6673	0.0149453	0.0149521
11.6691	0.0149521	0.0149581
11.671	0.0149581	0.0150884
11.6729	0.0150884	0.0150773
11.6748	0.0150773	0.0150676
11.6767	0.0150676	0.0150592
11.6786	0.0150592	0.0150518
11.6805	0.0150518	0.0150453
11.6824	0.0150453	0.0150397
11.6842	0.0150397	0.0150347
11.6861	0.0150347	0.0150304
11.688	0.0150304	0.0151516
11.6899	0.0151516	0.0151326
11.6918	0.0151326	0.015366
11.6937	0.015366	0.0155703
11.6956	0.0155703	0.015749
11.6975	0.015749	0.0159054
11.6994	0.0159054	0.0160422
11.7012	0.0160422	0.0161619
11.7031	0.0161619	0.0162667
11.705	0.0162667	0.0163583
11.7069	0.0163583	0.0164386
11.7088	0.0164386	0.0165087
11.7107	0.0165087	0.0165701
11.7126	0.0165701	0.0166239
11.7145	0.0166239	0.0166709
11.7163	0.0166709	0.016712
11.7182	0.016712	0.016748
11.7201	0.016748	0.0167795
11.722	0.0167795	0.0168071
11.7239	0.0168071	0.0168312
11.7258	0.0168312	0.0168523
11.7277	0.0168523	0.0168708
11.7296	0.0168708	0.0168869
11.7314	0.0168869	0.016901
11.7333	0.016901	0.0169134
11.7352	0.0169134	0.0169242
11.7371	0.0169242	0.0169337
11.739	0.0169337	0.016942
11.7409	0.016942	0.0169492
11.7428	0.0169492	0.0169556
11.7447	0.0169556	0.0169611
11.7466	0.0169611	0.016966
11.7484	0.016966	0.0169702
11.7503	0.0169702	0.016974
11.7522	0.016974	0.0169772
11.7541	0.0169772	0.0169801
11.756	0.0169801	0.0168576
11.7579	0.0168576	0.0168754
11.7598	0.0168754	0.0168909
11.7617	0.0168909	0.0169046
11.7635	0.0169046	0.0171665
11.7654	0.0171665	0.0173957
11.7673	0.0173957	0.0175962
11.7692	0.0175962	0.0177717
11.7711	0.0177717	0.0179252
11.773	0.0179252	0.0179346
11.7749	0.0179346	0.0180678
11.7768	0.0180678	0.0181843
11.7786	0.0181843	0.0182863
11.7805	0.0182863	0.0183755
11.7824	0.0183755	0.0184535
11.7843	0.0184535	0.0185218
11.7862	0.0185218	0.0185816
11.7881	0.0185816	0.0186339
11.79	0.0186339	0.0185547
11.7919	0.0185547	0.0186103
11.7938	0.0186103	0.018659
11.7956	0.018659	0.0187017
11.7975	0.0187017	0.018739
11.7994	0.018739	0.0187716
11.8013	0.0187716	0.0188001
11.8032	0.0188001	0.0188251
11.8051	0.0188251	0.018847
11.807	0.018847	0.0187411
11.8089	0.0187411	0.0187735
11.8107	0.0187735	0.0188018
11.8126	0.0188018	0.0188266
11.8145	0.0188266	0.0188482
11.8164	0.0188482	0.0188672
11.8183	0.0188672	0.0188838
11.8202	0.0188838	0.0188983
11.8221	0.0188983	0.018911
11.824	0.018911	0.0187972
11.8258	0.0187972	0.0188225
11.8277	0.0188225	0.0188447
11.8296	0.0188447	0.0188641
11.8315	0.0188641	0.0188811
11.8334	0.0188811	0.018896
11.8353	0.018896	0.018909
11.8372	0.018909	0.0189203
11.8391	0.0189203	0.0189303
11.841	0.0189303	0.018814
11.8428	0.018814	0.0189623
11.8447	0.0189623	0.019217
11.8466	0.019217	0.0194399
11.8485	0.0194399	0.0196349
11.8504	0.0196349	0.0198055
11.8523	0.0198055	0.0199548
11.8542	0.0199548	0.0200855
11.8561	0.0200855	0.0201998
11.8579	0.0201998	0.0201748
11.8598	0.0201748	0.020153
11.8617	0.020153	0.0202588
11.8636	0.0202588	0.0203515
11.8655	0.0203515	0.0204325
11.8674	0.0204325	0.0205035
11.8693	0.0205035	0.0205655
11.8712	0.0205655	0.0206199
11.873	0.0206199	0.0206674
11.8749	0.0206674	0.0205839
11.8768	0.0205839	0.020511
11.8787	0.020511	0.0205721
11.8806	0.0205721	0.0206256
11.8825	0.0206256	0.0206724
11.8844	0.0206724	0.0207133
11.8863	0.0207133	0.0207492
11.8882	0.0207492	0.0207805
11.89	0.0207805	0.020808
11.8919	0.020808	0.020707
11.8938	0.020707	0.0206186
11.8957	0.0206186	0.0206663
11.8976	0.0206663	0.020708
11.8995	0.020708	0.0207445
11.9014	0.0207445	0.0207764
11.9033	0.0207764	0.0208044
11.9051	0.0208044	0.0208288
11.907	0.0208288	0.0208502
11.9089	0.0208502	0.0207439
11.9108	0.0207439	0.0206509
11.9127	0.0206509	0.0206946
11.9146	0.0206946	0.0207328
11.9165	0.0207328	0.0207662
11.9184	0.0207662	0.0207954
11.9202	0.0207954	0.020821
11.9221	0.020821	0.0208433
11.924	0.0208433	0.0208629
11.9259	0.0208629	0.0207551
11.9278	0.0207551	0.0206607
11.9297	0.0206607	0.0208281
11.9316	0.0208281	0.0210996
11.9335	0.0210996	0.0213371
11.9354	0.0213371	0.021545
11.9372	0.021545	0.0217269
11.9391	0.0217269	0.021886
11.941	0.021886	0.0220253
11.9439	0.0220253	0.0221471
11.9665	0.0221471	0.0220037
11.9684	0.0220037	0.0220032
11.9703	0.0220032	0.0220028
11.9722	0.0220028	0.0220025
11.9741	0.0220025	0.0220022
11.9759	0.0220022	0.0218769
11.9778	0.0218769	0.0216423
11.9797	0.0216423	0.021312
11.9816	0.021312	0.020773
11.9835	0.020773	0.0193014
11.9854	0.0193014	0.0181387
11.9873	0.0181387	0.0173714
11.9892	0.0173714	0.0166999
11.991	0.0166999	0.0161125
11.9929	0.0161125	0.0154734
11.9948	0.0154734	0.0149142
11.9967	0.0149142	0.0144249
11.9986	0.0144249	0.0139968
12.0005	0.0139968	0.0136222
12.0024	0.0136222	0.0132944
12.0043	0.0132944	0.0131326
12.0062	0.0131326	0.0129911
12.008	0.0129911	0.0128672
12.0099	0.0128672	0.0126338
12.0118	0.0126338	0.0124296
12.0137	0.0124296	0.0122509
12.0156	0.0122509	0.0120945
12.0175	0.0120945	0.0119577
12.0194	0.0119577	0.011838
12.0213	0.011838	0.0118582
12.0231	0.0118582	0.0118759
12.025	0.0118759	0.0118915
12.0269	0.0118915	0.01178
12.0288	0.01178	0.0116825
12.0307	0.0116825	0.0115972
12.0326	0.0115972	0.0115226
12.0345	0.0115226	0.0117072
12.0364	0.0117072	0.0118688
12.0382	0.0118688	0.0120102
12.0401	0.0120102	0.0122589
12.042	0.0122589	0.0124766
12.0439	0.0124766	0.012542
12.0458	0.012542	0.0125993
12.0477	0.0125993	0.0126493
12.0496	0.0126493	0.0126932
12.0515	0.0126932	0.0127315
12.0534	0.0127315	0.0127651
12.0552	0.0127651	0.0127945
12.0571	0.0127945	0.0129451
12.059	0.0129451	0.013077
12.0609	0.013077	0.0130674
12.0628	0.0130674	0.013059
12.0647	0.013059	0.0130516
12.0666	0.0130516	0.0130451
12.0685	0.0130451	0.0130395
12.0703	0.0130395	0.0130346
12.0722	0.0130346	0.0130302
12.0741	0.0130302	0.0131515
12.076	0.0131515	0.0132575
12.0779	0.0132575	0.0132253
12.0798	0.0132253	0.0131972
12.0817	0.0131972	0.0131725
12.0836	0.0131725	0.013151
12.0854	0.013151	0.0131321
12.0873	0.0131321	0.0131156
12.0892	0.0131156	0.0133511
12.0911	0.0133511	0.0135572
12.093	0.0135572	0.0138626
12.0949	0.0138626	0.0140048
12.0968	0.0140048	0.0141292
12.0987	0.0141292	0.014238
12.1006	0.014238	0.0143333
12.1024	0.0143333	0.0144166
12.1043	0.0144166	0.0144895
12.1062	0.0144895	0.0145533
12.1081	0.0145533	0.0146092
12.11	0.0146092	0.014658
12.1119	0.014658	0.0147008
12.1138	0.0147008	0.0147382
12.1157	0.0147382	0.0147709
12.1175	0.0147709	0.0147995
12.1194	0.0147995	0.0148246
12.1213	0.0148246	0.0148465
12.1232	0.0148465	0.0148657
12.1251	0.0148657	0.0150075
12.127	0.0150075	0.0150066
12.1289	0.0150066	0.0150057
12.1308	0.0150057	0.015005
12.1326	0.015005	0.0150044
12.1345	0.0150044	0.0150038
12.1364	0.0150038	0.0150034
12.1383	0.0150034	0.0150029
12.1402	0.0150029	0.0150026
12.1421	0.0150026	0.0151273
12.144	0.0151273	0.0151113
12.1459	0.0151113	0.0150974
12.1478	0.0150974	0.0150852
12.1496	0.0150852	0.0150746
12.1515	0.0150746	0.0150653
12.1534	0.0150653	0.0153071
12.1553	0.0153071	0.0155187
12.1572	0.0155187	0.0157039
12.1591	0.0157039	0.0158659
12.161	0.0158659	0.0160077
12.1629	0.0160077	0.0161317
12.1647	0.0161317	0.0162402
12.1666	0.0162402	0.0163352
12.1685	0.0163352	0.0164183
12.1704	0.0164183	0.016491
12.1723	0.016491	0.0165546
12.1742	0.0165546	0.0166103
12.1761	0.0166103	0.016659
12.178	0.016659	0.0167016
12.1798	0.0167016	0.0167389
12.1817	0.0167389	0.0167716
12.1836	0.0167716	0.0168001
12.1855	0.0168001	0.0168251
12.1874	0.0168251	0.016847
12.1893	0.016847	0.0168661
12.1912	0.0168661	0.0168828
12.1931	0.0168828	0.0168975
12.195	0.0168975	0.0169103
12.1968	0.0169103	0.0169215
12.1987	0.0169215	0.0169313
12.2006	0.0169313	0.0169399
12.2025	0.0169399	0.0169474
12.2044	0.0169474	0.016954
12.2063	0.016954	0.0169597
12.2082	0.0169597	0.0169648
12.2101	0.0169648	0.0169692
12.2119	0.0169692	0.016973
12.2138	0.016973	0.0169764
12.2157	0.0169764	0.0169793
12.2176	0.0169793	0.0169819
12.2195	0.0169819	0.0169842
12.2214	0.0169842	0.0169862
12.2233	0.0169862	0.0172379
12.2252	0.0172379	0.0174582
12.227	0.0174582	0.0176509
12.2289	0.0176509	0.0176945
12.2308	0.0176945	0.0178577
12.2327	0.0178577	0.0180005
12.2346	0.0180005	0.0181254
12.2365	0.0181254	0.0182348
12.2384	0.0182348	0.0183304
12.2403	0.0183304	0.0184141
12.2422	0.0184141	0.0184873
12.244	0.0184873	0.0185514
12.2459	0.0185514	0.0184825
12.2478	0.0184825	0.0185472
12.2497	0.0185472	0.0186038
12.2516	0.0186038	0.0186533
12.2535	0.0186533	0.0186966
12.2554	0.0186966	0.0187346
12.2573	0.0187346	0.0187677
12.2591	0.0187677	0.0187968
12.261	0.0187968	0.0188222
12.2629	0.0188222	0.0187194
12.2648	0.0187194	0.0187545
12.2667	0.0187545	0.0187852
12.2686	0.0187852	0.018812
12.2705	0.018812	0.0188355
12.2724	0.0188355	0.0188561
12.2742	0.0188561	0.0188741
12.2761	0.0188741	0.0188898
12.278	0.0188898	0.0189036
12.2799	0.0189036	0.0187906
12.2818	0.0187906	0.0188168
12.2837	0.0188168	0.0188397
12.2856	0.0188397	0.0188597
12.2875	0.0188597	0.0188773
12.2894	0.0188773	0.0188926
12.2912	0.0188926	0.018906
12.2931	0.018906	0.0189178
12.295	0.0189178	0.0189281
12.2969	0.0189281	0.0188121
12.2988	0.0188121	0.0188355
12.3007	0.0188355	0.0188561
12.3026	0.0188561	0.0191241
12.3045	0.0191241	0.0193586
12.3063	0.0193586	0.0195638
12.3082	0.0195638	0.0197433
12.3101	0.0197433	0.0199004
12.312	0.0199004	0.0200378
12.3139	0.0200378	0.0200331
12.3158	0.0200331	0.020029
12.3177	0.020029	0.0201503
12.3196	0.0201503	0.0202565
12.3214	0.0202565	0.0203495
12.3233	0.0203495	0.0204308
12.3252	0.0204308	0.0205019
12.3271	0.0205019	0.0205642
12.329	0.0205642	0.0206187
12.3309	0.0206187	0.0205413
12.3328	0.0205413	0.0204737
12.3347	0.0204737	0.0205395
12.3366	0.0205395	0.020597
12.3384	0.020597	0.0206474
12.3403	0.0206474	0.0206915
12.3422	0.0206915	0.02073
12.3441	0.02073	0.0207638
12.346	0.0207638	0.0206683
12.3479	0.0206683	0.0205848
12.3498	0.0205848	0.0205117
12.3517	0.0205117	0.0205727
12.3535	0.0205727	0.0206261
12.3554	0.0206261	0.0206729
12.3573	0.0206729	0.0207138
12.3592	0.0207138	0.0207495
12.3611	0.0207495	0.0207808
12.363	0.0207808	0.0206832
12.3649	0.0206832	0.0205978
12.3668	0.0205978	0.0206481
12.3686	0.0206481	0.0206921
12.3705	0.0206921	0.0207306
12.3724	0.0207306	0.0207643
12.3743	0.0207643	0.0207937
12.3762	0.0207937	0.0208195
12.3781	0.0208195	0.0208421
12.38	0.0208421	0.0207368
12.3819	0.0207368	0.0206447
12.3838	0.0206447	0.0206891
12.3856	0.0206891	0.020728
12.3875	0.020728	0.020762
12.3894	0.020762	0.0210417
12.3913	0.0210417	0.0212865
12.3932	0.0212865	0.0215007
12.3951	0.0215007	0.0216881
12.397	0.0216881	0.0217271
12.3989	0.0217271	0.0217612
12.4007	0.0217612	0.0217911
12.4026	0.0217911	0.0219422
12.4045	0.0219422	0.0220744
12.4064	0.0220744	0.0221901
12.4083	0.0221901	0.0222913
12.4102	0.0222913	0.0223799
12.4121	0.0223799	0.0224574
12.414	0.0224574	0.0224003
12.4158	0.0224003	0.0223502
12.4177	0.0223502	0.0223064
12.4196	0.0223064	0.0223931
12.4215	0.0223931	0.022469
12.4234	0.022469	0.0225354
12.4253	0.0225354	0.0225934
12.4272	0.0225934	0.0226443
12.4291	0.0226443	0.0226887
12.431	0.0226887	0.0226026
12.4328	0.0226026	0.0225273
12.4347	0.0225273	0.0224614
12.4366	0.0224614	0.0225287
12.4385	0.0225287	0.0225876
12.4404	0.0225876	0.0226392
12.4423	0.0226392	0.0226843
12.4442	0.0226843	0.0227237
12.4461	0.0227237	0.0227583
12.4479	0.0227583	0.0226635
12.4498	0.0226635	0.0225806
12.4517	0.0225806	0.022508
12.4536	0.022508	0.0225695
12.4555	0.0225695	0.0226233
12.4574	0.0226233	0.0226704
12.4593	0.0226704	0.0227116
12.4612	0.0227116	0.0227476
12.463	0.0227476	0.0227792
12.4649	0.0227792	0.0226818
12.4668	0.0226818	0.0225966
12.4687	0.0225966	0.022522
12.4706	0.022522	0.0225817
12.4725	0.0225817	0.022634
12.4744	0.022634	0.0226798
12.4763	0.0226798	0.0227198
12.4782	0.0227198	0.0227548
12.48	0.0227548	0.0227855
12.4819	0.0227855	0.0226873
12.4838	0.0226873	0.0228514
12.4857	0.0228514	0.022995
12.4876	0.022995	0.0231206
12.4895	0.0231206	0.0233555
12.4914	0.0233555	0.0235611
12.4933	0.0235611	0.0237409
12.4951	0.0237409	0.0238983
12.497	0.0238983	0.024036
12.4989	0.024036	0.0240315
12.5008	0.0240315	0.0240276
12.5027	0.0240276	0.0240241
12.5046	0.0240241	0.0240211
12.5065	0.0240211	0.0241435
12.5084	0.0241435	0.0242505
12.5102	0.0242505	0.0243442
12.5121	0.0243442	0.0244262
12.514	0.0244262	0.0244979
12.5159	0.0244979	0.0244357
12.5178	0.0244357	0.0243812
12.5197	0.0243812	0.0243336
12.5216	0.0243336	0.0242919
12.5235	0.0242919	0.0243804
12.5254	0.0243804	0.0244578
12.5272	0.0244578	0.0245256
12.5291	0.0245256	0.0245849
12.531	0.0245849	0.0246368
12.5329	0.0246368	0.0245572
12.5348	0.0245572	0.0244875
12.5367	0.0244875	0.0244266
12.5386	0.0244266	0.0243733
12.5405	0.0243733	0.0244516
12.5423	0.0244516	0.0245202
12.5442	0.0245202	0.0245801
12.5461	0.0245801	0.0246326
12.548	0.0246326	0.0246785
12.5499	0.0246785	0.0245937
12.5518	0.0245937	0.0245195
12.5537	0.0245195	0.0244546
12.5556	0.0244546	0.0243977
12.5574	0.0243977	0.024473
12.5593	0.024473	0.0245389
12.5612	0.0245389	0.0245965
12.5631	0.0245965	0.024647
12.565	0.024647	0.0246911
12.5669	0.0246911	0.0246047
12.5688	0.0246047	0.0245291
12.5707	0.0245291	0.024463
12.5726	0.024463	0.0244051
12.5744	0.0244051	0.0244795
12.5763	0.0244795	0.0245445
12.5782	0.0245445	0.0246015
12.5801	0.0246015	0.0246513
12.582	0.0246513	0.0245699
12.5839	0.0245699	0.0244986
12.5858	0.0244986	0.0246863
12.5877	0.0246863	0.0248505
12.5895	0.0248505	0.0249942
12.5914	0.0249942	0.0251199
12.5933	0.0251199	0.0253549
12.5952	0.0253549	0.0255606
12.5971	0.0255606	0.0257405
12.599	0.0257405	0.0257729
12.6009	0.0257729	0.0258013
12.6028	0.0258013	0.0258262
12.6046	0.0258262	0.0258479
12.6065	0.0258479	0.0258669
12.6084	0.0258669	0.0260085
12.6103	0.0260085	0.0261325
12.6122	0.0261325	0.0262409
12.6141	0.0262409	0.0263358
12.616	0.0263358	0.0262938
12.6179	0.0262938	0.0262571
12.6198	0.0262571	0.026225
12.6216	0.026225	0.0261968
12.6235	0.0261968	0.0261722
12.6254	0.0261722	0.0262757
12.6273	0.0262757	0.0263662
12.6292	0.0263662	0.0264455
12.6311	0.0264455	0.0265148
12.633	0.0265148	0.0264504
12.6349	0.0264504	0.0263941
12.6367	0.0263941	0.0263449
12.6386	0.0263449	0.0263017
12.6405	0.0263017	0.026264
12.6424	0.026264	0.026356
12.6443	0.026356	0.0264365
12.6462	0.0264365	0.026507
12.6481	0.026507	0.0265686
12.65	0.0265686	0.0264975
12.6518	0.0264975	0.0264353
12.6537	0.0264353	0.0263809
12.6556	0.0263809	0.0263333
12.6575	0.0263333	0.0262916
12.6594	0.0262916	0.0263802
12.6613	0.0263802	0.0264577
12.6632	0.0264577	0.0265254
12.6651	0.0265254	0.0265848
12.667	0.0265848	0.0265117
12.6688	0.0265117	0.0264477
12.6707	0.0264477	0.0263917
12.6726	0.0263917	0.0263428
12.6745	0.0263428	0.0262999
12.6764	0.0262999	0.0263874
12.6783	0.0263874	0.026464
12.6802	0.026464	0.026531
12.6821	0.026531	0.0265896
12.6839	0.0265896	0.0265159
12.6858	0.0265159	0.0264514
12.6877	0.0264514	0.026395
12.6896	0.026395	0.0263456
12.6915	0.0263456	0.0263024
12.6934	0.0263024	0.0263896
12.6953	0.0263896	0.0264659
12.6972	0.0264659	0.0267827
12.699	0.0267827	0.0270598
12.7009	0.0270598	0.0271774
12.7028	0.0271774	0.0272802
12.7047	0.0272802	0.0273702
12.7066	0.0273702	0.0274489
12.7085	0.0274489	0.0275178
12.7104	0.0275178	0.0275781
12.7123	0.0275781	0.0277558
12.7142	0.0277558	0.0279113
12.716	0.0279113	0.0280474
12.7179	0.0280474	0.0280415
12.7198	0.0280415	0.0280363
12.7217	0.0280363	0.0280318
12.7236	0.0280318	0.0280278
12.7255	0.0280278	0.0280243
12.7274	0.0280243	0.0280213
12.7293	0.0280213	0.0281436
12.7311	0.0281436	0.0282507
12.733	0.0282507	0.0283443
12.7349	0.0283443	0.0283013
12.7368	0.0283013	0.0282636
12.7387	0.0282636	0.0282307
12.7406	0.0282307	0.0282018
12.7717	0.0282018	0.0280516
12.7736	0.0280516	0.0280452
12.7755	0.0280452	0.0280395
12.7774	0.0280395	0.0280346
12.7793	0.0280346	0.0281553
12.7812	0.0281553	0.0282608
12.7831	0.0282608	0.0283532
12.785	0.0283532	0.0283091
12.7868	0.0283091	0.0280204
12.7887	0.0280204	0.0275179
12.7906	0.0275179	0.0269532
12.7925	0.0269532	0.025209
12.7944	0.025209	0.0236829
12.7963	0.0236829	0.0223475
12.7982	0.0223475	0.0213041
12.8001	0.0213041	0.0203911
12.8019	0.0203911	0.0194672
12.8038	0.0194672	0.0186588
12.8057	0.0186588	0.0179514
12.8076	0.0179514	0.0173325
12.8095	0.0173325	0.0167909
12.8114	0.0167909	0.0163171
12.8133	0.0163171	0.0159024
12.8152	0.0159024	0.0157896
12.817	0.0157896	0.0158159
12.8189	0.0158159	0.0157139
12.8208	0.0157139	0.0156247
12.8227	0.0156247	0.0155466
12.8246	0.0155466	0.0154783
12.8265	0.0154783	0.0154185
12.8284	0.0154185	0.0153662
12.8303	0.0153662	0.0153204
12.8322	0.0153204	0.0152804
12.834	0.0152804	0.0153703
12.8359	0.0153703	0.015324
12.8378	0.015324	0.0152835
12.8397	0.0152835	0.0152481
12.8416	0.0152481	0.0152171
12.8435	0.0152171	0.0151899
12.8454	0.0151899	0.0151662
12.8473	0.0151662	0.0151454
12.8491	0.0151454	0.0151272
12.851	0.0151272	0.0152363
12.8529	0.0152363	0.0152068
12.8548	0.0152068	0.0151809
12.8567	0.0151809	0.0151583
12.8586	0.0151583	0.0151385
12.8605	0.0151385	0.0151212
12.8624	0.0151212	0.0151061
12.8652	0.0151061	0.0152178
12.8822	0.0152178	0.0151906
12.8841	0.0151906	0.0152918
12.886	0.0152918	0.0153803
12.8878	0.0153803	0.0154578
12.8897	0.0154578	0.0155255
12.8916	0.0155255	0.0153348
12.8935	0.0153348	0.014918
12.8954	0.014918	0.0140532
12.8973	0.0140532	0.0132966
12.8992	0.0132966	0.0126345
12.9011	0.0126345	0.0120552
12.903	0.0120552	0.0114233
12.9048	0.0114233	0.0108704
12.9067	0.0108704	0.0103866
12.9086	0.0103866	0.00996326
12.9105	0.00996326	0.00971785
12.9124	0.00971785	0.00950312
12.9143	0.00950312	0.00956523
12.9162	0.00956523	0.00961958
12.9181	0.00961958	0.00966713
12.9199	0.00966713	0.00958374
12.9218	0.00958374	0.00951077
12.9237	0.00951077	0.00944692
12.9256	0.00944692	0.00939106
12.9275	0.00939106	0.00934217
12.9294	0.00934217	0.0094244
12.9313	0.0094244	0.00949635
12.9435	0.00949635	0.00930931
12.9454	0.00930931	0.00927064
12.9473	0.00927064	0.00936181
12.9505	0.00936181	0.00931659
12.9533	0.00931659	0.00890201
12.9564	0.00890201	0.00853926
12.9593	0.00853926	0.00822185
12.9624	0.00822185	0.00794412
12.9643	0.00794412	0.0079511
12.9674	0.0079511	0.00795722
12.9693	0.00795722	0.00783756
12.9725	0.00783756	0.00785787
12.9744	0.00785787	0.00775063
12.9762	0.00775063	0.0076568
12.9784	0.0076568	0.0074497
12.9803	0.0074497	0.00726849
12.9822	0.00726849	0.00710993
12.9844	0.00710993	0.00697119
12.9863	0.00697119	0.00684979
12.9882	0.00684979	0.00674356
12.9904	0.00674356	0.00665062
12.9923	0.00665062	0.00681929
12.9942	0.00681929	0.00696688
12.9961	0.00696688	0.00709602
12.9979	0.00709602	0.00708401
12.9998	0.00708401	0.00707351
13.0017	0.00707351	0.00706432
13.0036	0.00706432	0.00705628
13.0055	0.00705628	0.00717425
13.0074	0.00717425	0.00727747
13.0093	0.00727747	0.00736778
13.0112	0.00736778	0.00744681
13.0131	0.00744681	0.00751596
13.0149	0.00751596	0.00745146
13.0168	0.00745146	0.00739503
13.0187	0.00739503	0.00734565
13.0206	0.00734565	0.00730244
13.0225	0.00730244	0.00738964
13.0244	0.00738964	0.00771593
13.0263	0.00771593	0.00800144
13.0282	0.00800144	0.00825126
13.03	0.00825126	0.00846985
13.0319	0.00846985	0.00853612
13.0338	0.00853612	0.0085941
13.0357	0.0085941	0.00864484
13.0376	0.00864484	0.00868924
13.0395	0.00868924	0.00872808
13.0414	0.00872808	0.00888707
13.0433	0.00888707	0.00902619
13.0451	0.00902619	0.00914791
13.047	0.00914791	0.00925442
13.0489	0.00925442	0.00922262
13.0508	0.00922262	0.00919479
13.0527	0.00919479	0.00917044
13.0546	0.00917044	0.00914914
13.0565	0.00914914	0.00913049
13.0584	0.00913049	0.00923918
13.0603	0.00923918	0.00933428
13.0621	0.00933428	0.0094175
13.064	0.0094175	0.00974031
13.0659	0.00974031	0.00989777
13.0678	0.00989777	0.0100355
13.0697	0.0100355	0.0101561
13.0716	0.0101561	0.0102616
13.0735	0.0102616	0.0103539
13.0754	0.0103539	0.0104347
13.0772	0.0104347	0.0106303
13.0791	0.0106303	0.0108015
13.081	0.0108015	0.0109513
13.0829	0.0109513	0.0109574
13.0848	0.0109574	0.0109627
13.0867	0.0109627	0.0109674
13.0886	0.0109674	0.0109715
13.0905	0.0109715	0.010975
13.0923	0.010975	0.0109782
13.0942	0.0109782	0.0111059
13.0961	0.0111059	0.0112177
13.098	0.0112177	0.0113154
13.0999	0.0113154	0.011276
13.1018	0.011276	0.0112415
13.1037	0.0112415	0.0112113
13.1056	0.0112113	0.0111849
13.1075	0.0111849	0.0111618
13.1093	0.0111618	0.0111416
13.1112	0.0111416	0.0113739
13.1131	0.0113739	0.0117021
13.115	0.0117021	0.0119894
13.1169	0.0119894	0.0121157
13.1188	0.0121157	0.0122262
13.1207	0.0122262	0.012323
13.1226	0.012323	0.0124076
13.1244	0.0124076	0.0124816
13.1263	0.0124816	0.0125464
13.1282	0.0125464	0.0126031
13.1301	0.0126031	0.0127777
13.132	0.0127777	0.0128055
13.1339	0.0128055	0.0128298
13.1358	0.0128298	0.0128511
13.1377	0.0128511	0.0128697
13.1395	0.0128697	0.012886
13.1414	0.012886	0.0129002
13.1433	0.0129002	0.0129127
13.1452	0.0129127	0.0130486
13.1471	0.0130486	0.0131675
13.149	0.0131675	0.0131466
13.1509	0.0131466	0.0131283
13.1528	0.0131283	0.0131122
13.1547	0.0131122	0.0130982
13.1565	0.0130982	0.0130859
13.1584	0.0130859	0.0130752
13.1603	0.0130752	0.0130658
13.1622	0.0130658	0.0131826
13.1641	0.0131826	0.0132847
13.166	0.0132847	0.0134992
13.1679	0.0134992	0.0136868
13.1698	0.0136868	0.0138509
13.1716	0.0138509	0.0139945
13.1735	0.0139945	0.0141202
13.1754	0.0141202	0.0142302
13.1773	0.0142302	0.0143264
13.1792	0.0143264	0.0144106
13.1811	0.0144106	0.0146093
13.183	0.0146093	0.0146581
13.1849	0.0146581	0.0147009
13.1867	0.0147009	0.0147383
13.1886	0.0147383	0.014771
13.1905	0.014771	0.0147996
13.1924	0.0147996	0.0148247
13.1943	0.0148247	0.0148466
13.1962	0.0148466	0.0148657
13.1981	0.0148657	0.0150075
13.2	0.0150075	0.0150066
13.2019	0.0150066	0.0150058
13.2037	0.0150058	0.015005
13.2056	0.015005	0.0150044
13.2075	0.0150044	0.0150039
13.2094	0.0150039	0.0150034
13.2113	0.0150034	0.015003
13.2132	0.015003	0.0150026
13.2151	0.0150026	0.0151273
13.217	0.0151273	0.0151114
13.2188	0.0151114	0.0150974
13.2207	0.0150974	0.0150853
13.2226	0.0150853	0.0150746
13.2245	0.0150746	0.0150653
13.2264	0.0150653	0.0150571
13.2453	0.0150571	0.01505
13.2472	0.01505	0.0151687
13.2491	0.0151687	0.0152726
13.2509	0.0152726	0.0153636
13.2528	0.0153636	0.0154431
13.2547	0.0154431	0.0152627
13.2566	0.0152627	0.0148549
13.2585	0.0148549	0.013998
13.2604	0.013998	0.0132483
13.2623	0.0132483	0.0125922
13.2642	0.0125922	0.0120182
13.266	0.0120182	0.0115159
13.2679	0.0115159	0.0109514
13.2698	0.0109514	0.0104575
13.2717	0.0104575	0.0100253
13.2736	0.0100253	0.00964715
13.2755	0.00964715	0.00944126
13.2774	0.00944126	0.0095111
13.2793	0.0095111	0.00957221
13.2811	0.00957221	0.00962569
13.283	0.00962569	0.00967247
13.2849	0.00967247	0.00958841
13.2868	0.00958841	0.00951486
13.2887	0.00951486	0.0094505
13.2906	0.0094505	0.00939419
13.2925	0.00939419	0.00934492
13.2944	0.00934492	0.0094268
13.2963	0.0094268	0.00949845
13.2981	0.00949845	0.00956114
13.3	0.00956114	0.009616
13.3019	0.009616	0.009539
13.3038	0.009539	0.00947162
13.3057	0.00947162	0.00941267
13.3076	0.00941267	0.00936109
13.3208	0.00936109	0.00931595
13.3227	0.00931595	0.00940146
13.3246	0.00940146	0.00947627
13.3265	0.00947627	0.00941674
13.3305	0.00941674	0.00898965
13.3324	0.00898965	0.00861594
13.3356	0.00861594	0.00866395
13.3375	0.00866395	0.00845595
13.3406	0.00845595	0.00839896
13.3425	0.00839896	0.00822409
13.3456	0.00822409	0.00819608
13.3475	0.00819608	0.00804657
13.3494	0.00804657	0.00791575
13.3516	0.00791575	0.00767628
13.3535	0.00767628	0.00746674
13.3554	0.00746674	0.0072834
13.3576	0.0072834	0.00712297
13.3595	0.00712297	0.0069826
13.3614	0.0069826	0.00685978
13.3633	0.00685978	0.0070023
13.3651	0.0070023	0.00712702
13.367	0.00712702	0.00723614
13.3689	0.00723614	0.00720662
13.3708	0.00720662	0.00718079
13.3727	0.00718079	0.00715819
13.3746	0.00715819	0.00713842
13.3765	0.00713842	0.00724612
13.3784	0.00724612	0.00734035
13.3802	0.00734035	0.00742281
13.3821	0.00742281	0.00749496
13.384	0.00749496	0.00755808
13.3859	0.00755808	0.00748832
13.3878	0.00748832	0.00742728
13.3897	0.00742728	0.00737387
13.3916	0.00737387	0.00732714
13.3935	0.00732714	0.00741125
13.3953	0.00741125	0.00773484
13.3972	0.00773484	0.00801798
13.3991	0.00801798	0.00826574
13.401	0.00826574	0.00848252
13.4029	0.00848252	0.0085472
13.4048	0.0085472	0.0086038
13.4067	0.0086038	0.00865333
13.4086	0.00865333	0.00869666
13.4105	0.00869666	0.00873458
13.4123	0.00873458	0.00889276
13.4142	0.00889276	0.00903116
13.4161	0.00903116	0.00915226
13.418	0.00915226	0.00925823
13.4199	0.00925823	0.00922595
13.4218	0.00922595	0.00919771
13.4237	0.00919771	0.00917299
13.4256	0.00917299	0.00915137
13.4274	0.00915137	0.00913245
13.4293	0.00913245	0.00924089
13.4312	0.00924089	0.00933578
13.4331	0.00933578	0.00941881
13.435	0.00941881	0.00961645
13.4369	0.00961645	0.0097894
13.4388	0.0097894	0.00994072
13.4407	0.00994072	0.0100731
13.4425	0.0100731	0.010189
13.4444	0.010189	0.0102904
13.4463	0.0102904	0.0105041
13.4482	0.0105041	0.0106911
13.4501	0.0106911	0.0108547
13.452	0.0108547	0.0108728
13.4539	0.0108728	0.0108887
13.4558	0.0108887	0.0109026
13.4577	0.0109026	0.0109148
13.4595	0.0109148	0.0109255
13.4614	0.0109255	0.0109348
13.4633	0.0109348	0.0110679
13.4652	0.0110679	0.0111844
13.4671	0.0111844	0.0112864
13.469	0.0112864	0.0112506
13.4709	0.0112506	0.0112193
13.4728	0.0112193	0.0111919
13.4746	0.0111919	0.0111679
13.4765	0.0111679	0.0111469
13.4784	0.0111469	0.0111285
13.4803	0.0111285	0.0112375
13.4822	0.0112375	0.0115828
13.4841	0.0115828	0.0118849
13.486	0.0118849	0.0120243
13.4879	0.0120243	0.0121463
13.4897	0.0121463	0.012253
13.4916	0.012253	0.0123464
13.4935	0.0123464	0.0124281
13.4954	0.0124281	0.0124996
13.4973	0.0124996	0.0125621
13.4992	0.0125621	0.0127418
13.5011	0.0127418	0.0128991
13.503	0.0128991	0.0129117
13.5049	0.0129117	0.0129228
13.5067	0.0129228	0.0129324
13.5086	0.0129324	0.0129409
13.5105	0.0129409	0.0129483
13.5124	0.0129483	0.0129547
13.5143	0.0129547	0.0129604
13.5162	0.0129604	0.0130903
13.5181	0.0130903	0.013204
13.52	0.013204	0.0131785
13.5218	0.0131785	0.0131562
13.5237	0.0131562	0.0131367
13.5256	0.0131367	0.0131196
13.5275	0.0131196	0.0131047
13.5294	0.0131047	0.0130916
13.5313	0.0130916	0.0130801
13.5332	0.0130801	0.0131951
13.5351	0.0131951	0.0132957
13.5369	0.0132957	0.0135088
13.5388	0.0135088	0.0136952
13.5407	0.0136952	0.0138583
13.5426	0.0138583	0.014001
13.5445	0.014001	0.0141259
13.5464	0.0141259	0.0142351
13.5483	0.0142351	0.0143307
13.5502	0.0143307	0.0144144
13.5521	0.0144144	0.0146126
13.5539	0.0146126	0.014661
13.5558	0.014661	0.0147034
13.5577	0.0147034	0.0147405
13.5596	0.0147405	0.0147729
13.5615	0.0147729	0.0148013
13.5634	0.0148013	0.0148261
13.5653	0.0148261	0.0148479
13.5672	0.0148479	0.0148669
13.569	0.0148669	0.0150085
13.5709	0.0150085	0.0150075
13.5728	0.0150075	0.0150065
13.5747	0.0150065	0.0150057
13.5766	0.0150057	0.015005
13.5785	0.015005	0.0150044
13.5804	0.0150044	0.0150038
13.5823	0.0150038	0.0150033
13.5841	0.0150033	0.0150029
13.586	0.0150029	0.0151276
13.5879	0.0151276	0.0151116
13.5898	0.0151116	0.0150977
13.5917	0.0150977	0.0150855
13.5936	0.0150855	0.0150748
13.5955	0.0150748	0.0150654
13.5974	0.0150654	0.0150572
13.5993	0.0150572	0.0150501
13.6011	0.0150501	0.0152938
13.603	0.0152938	0.0155071
13.6049	0.0155071	0.0156937
13.6068	0.0156937	0.015857
13.6087	0.015857	0.0159999
13.6106	0.0159999	0.0161249
13.6125	0.0161249	0.0162343
13.6144	0.0162343	0.01633
13.6162	0.01633	0.0164137
13.6181	0.0164137	0.016487
13.62	0.016487	0.0165511
13.6219	0.0165511	0.0166073
13.6238	0.0166073	0.0166563
13.6257	0.0166563	0.0166993
13.6276	0.0166993	0.0167369
13.6295	0.0167369	0.0167698
13.6313	0.0167698	0.0167986
13.6332	0.0167986	0.0168237
13.6351	0.0168237	0.0168458
13.637	0.0168458	0.016865
13.6389	0.016865	0.0168819
13.6408	0.0168819	0.0168967
13.6427	0.0168967	0.0169096
13.6446	0.0169096	0.0169209
13.6465	0.0169209	0.0169308
13.6483	0.0169308	0.0169394
13.6502	0.0169394	0.016947
13.6521	0.016947	0.0169536
13.654	0.0169536	0.0169594
13.6559	0.0169594	0.0169645
13.6578	0.0169645	0.0169689
13.6597	0.0169689	0.0169728
13.6616	0.0169728	0.0169762
13.6634	0.0169762	0.0169792
13.6653	0.0169792	0.0169818
13.6672	0.0169818	0.0169841
13.6691	0.0169841	0.0169861
13.671	0.0169861	0.0171128
13.6918	0.0171128	0.0170987
13.6937	0.0170987	0.0172114
13.6955	0.0172114	0.0173099
13.6974	0.0173099	0.0173962
13.6993	0.0173962	0.0174717
13.7012	0.0174717	0.0174127
13.7031	0.0174127	0.0171111
13.705	0.0171111	0.0158472
13.7069	0.0158472	0.0147413
13.7088	0.0147413	0.0140237
13.7106	0.0140237	0.0133957
13.7125	0.0133957	0.0128462
13.7144	0.0128462	0.0124905
13.7163	0.0124905	0.0121792
13.7182	0.0121792	0.0119068
13.7201	0.0119068	0.0116684
13.722	0.0116684	0.0113349
13.7239	0.0113349	0.011043
13.7257	0.011043	0.0107876
13.7276	0.0107876	0.0105642
13.7295	0.0105642	0.0103687
13.7314	0.0103687	0.0103226
13.7333	0.0103226	0.0102822
13.7352	0.0102822	0.010247
13.7371	0.010247	0.0102161
13.739	0.0102161	0.0100641
13.7409	0.0100641	0.00993107
13.7427	0.00993107	0.00981469
13.7446	0.00981469	0.00971285
13.7465	0.00971285	0.00962374
13.7484	0.00962374	0.00979578
13.7503	0.00979578	0.0100713
13.7522	0.0100713	0.0103124
13.7541	0.0103124	0.0105233
13.756	0.0105233	0.0105829
13.7578	0.0105829	0.0106351
13.7597	0.0106351	0.0106807
13.7616	0.0106807	0.0107206
13.7635	0.0107206	0.0107555
13.7654	0.0107555	0.0107861
13.7673	0.0107861	0.0109378
13.7692	0.0109378	0.0110706
13.7711	0.0110706	0.0111868
13.7729	0.0111868	0.0111634
13.7748	0.0111634	0.011143
13.7767	0.011143	0.0111251
13.7909	0.0111251	0.0109845
13.7928	0.0109845	0.0109864
13.7947	0.0109864	0.0109881
13.7965	0.0109881	0.0108646
13.7997	0.0108646	0.0107565
13.8016	0.0107565	0.010287
13.8047	0.010287	0.0100011
13.8066	0.0100011	0.00962595
13.8098	0.00962595	0.00942271
13.8116	0.00942271	0.00911987
13.8135	0.00911987	0.00885488
13.8157	0.00885488	0.00849802
13.8176	0.00849802	0.00818577
13.8195	0.00818577	0.00791255
13.8217	0.00791255	0.00767348
13.8236	0.00767348	0.0074643
13.8255	0.0074643	0.00753126
13.8274	0.00753126	0.00758985
13.8302	0.00758985	0.00776612
13.8381	0.00776612	0.00754535
13.84	0.00754535	0.00735218
13.845	0.00735218	0.00743316
13.85	0.00743316	0.00787901
13.855	0.00787901	0.00826914
13.8601	0.00826914	0.00848549
13.862	0.00848549	0.00817481
13.8661	0.00817481	0.00790296
13.8679	0.00790296	0.00766509
13.873	0.00766509	0.00745695
13.8831	0.00745695	0.00714983
13.8881	0.00714983	0.0073811
13.8941	0.0073811	0.00720846
13.9	0.00720846	0.00705741
13.9051	0.00705741	0.00755023
13.9101	0.00755023	0.00785645
13.9151	0.00785645	0.00812439
13.917	0.00812439	0.00798384
13.9211	0.00798384	0.00773586
13.923	0.00773586	0.00739388
13.9271	0.00739388	0.00721965
13.929	0.00721965	0.00706719
13.9331	0.00706719	0.00693379
13.9349	0.00693379	0.00694207
13.9381	0.00694207	0.00732431
13.94	0.00732431	0.00715877
13.95	0.00715877	0.00688892
13.9532	0.00688892	0.00702781
13.9592	0.00702781	0.00689933
13.9651	0.00689933	0.00678691
13.9702	0.00678691	0.00731355
13.9752	0.00731355	0.00764935
13.9802	0.00764935	0.00794318
13.9821	0.00794318	0.00782529
13.9862	0.00782529	0.00759712
13.9881	0.00759712	0.00739748
13.9922	0.00739748	0.0072228
13.9941	0.0072228	0.00706995
13.9982	0.00706995	0.0069362
14.0001	0.0069362	0.00706918
14.0032	0.00706918	0.00731053
14.0051	0.00731053	0.00727171
14.0082	0.00727171	0.00736275
14.0101	0.00736275	0.0073174
14.012	0.0073174	0.00727773
14.0142	0.00727773	0.00711801
14.0161	0.00711801	0.00697826
14.018	0.00697826	0.00673098
14.0202	0.00673098	0.0066396
14.0221	0.0066396	0.00655965
14.0239	0.00655965	0.0064897
14.0258	0.0064897	0.00667848
14.0277	0.00667848	0.00671867
14.0296	0.00671867	0.00675384
14.0315	0.00675384	0.00690961
14.0334	0.00690961	0.00704591
14.0438	0.00704591	0.00691517
14.0457	0.00691517	0.00692577
14.0479	0.00692577	0.00693505
14.0529	0.00693505	0.00694317
14.0579	0.00694317	0.00732527
14.0598	0.00732527	0.00728461
14.0639	0.00728461	0.00712404
14.0658	0.00712404	0.00698353
14.0699	0.00698353	0.00686059
14.0718	0.00686059	0.00675302
14.0749	0.00675302	0.00703389
14.0768	0.00703389	0.00702965
14.0799	0.00702965	0.00715094
14.0818	0.00715094	0.00713208
14.085	0.00713208	0.00724057
14.0869	0.00724057	0.00721049
14.0887	0.00721049	0.00718418
14.0909	0.00718418	0.00703616
14.0928	0.00703616	0.00690664
14.0947	0.00690664	0.00679331
14.0969	0.00679331	0.00669415
14.0988	0.00669415	0.00660738
14.1007	0.00660738	0.00653145
14.1026	0.00653145	0.00671502
14.1045	0.00671502	0.00687564
14.1064	0.00687564	0.00701619
14.1082	0.00701619	0.00713916
14.1101	0.00713916	0.00724677
14.112	0.00724677	0.00734092
14.1139	0.00734092	0.00729831
14.1158	0.00729831	0.00726102
14.1177	0.00726102	0.00722839
14.1196	0.00722839	0.00719984
14.1215	0.00719984	0.00729986
14.1234	0.00729986	0.00738738
14.1252	0.00738738	0.00746395
14.1271	0.00746395	0.00753096
14.129	0.00753096	0.00758959
14.1309	0.00758959	0.00751589
14.1328	0.00751589	0.0074514
14.1347	0.0074514	0.00764498
14.1366	0.00764498	0.00781435
14.1385	0.00781435	0.00796256
14.1403	0.00796256	0.00821724
14.1422	0.00821724	0.00844008
14.1441	0.00844008	0.00863507
14.146	0.00863507	0.00880569
14.1479	0.00880569	0.00882998
14.1498	0.00882998	0.00885123
14.1517	0.00885123	0.00886982
14.1536	0.00886982	0.0088861
14.1554	0.0088861	0.00890033
14.1573	0.00890033	0.00903779
14.1592	0.00903779	0.00915807
14.1611	0.00915807	0.00926331
14.163	0.00926331	0.0093554
14.1649	0.0093554	0.00931097
14.1668	0.00931097	0.0092721
14.1687	0.0092721	0.00923809
14.1706	0.00923809	0.00920832
14.1724	0.00920832	0.00918228
14.1743	0.00918228	0.0094095
14.1762	0.0094095	0.00973331
14.1781	0.00973331	0.0100166
14.18	0.0100166	0.0101396
14.1819	0.0101396	0.0102471
14.1838	0.0102471	0.0103412
14.1857	0.0103412	0.0104236
14.1875	0.0104236	0.0104956
14.1894	0.0104956	0.0105587
14.1913	0.0105587	0.0107388
14.1932	0.0107388	0.0108965
14.1951	0.0108965	0.0110344
14.197	0.0110344	0.0110301
14.1989	0.0110301	0.0110264
14.2008	0.0110264	0.0110231
14.2026	0.0110231	0.0110202
14.2045	0.0110202	0.0110177
14.2064	0.0110177	0.0110154
14.2083	0.0110154	0.0111385
14.2102	0.0111385	0.0112462
14.2121	0.0112462	0.0113404
14.214	0.0113404	0.0112979
14.2159	0.0112979	0.0112606
14.2178	0.0112606	0.0112281
14.2196	0.0112281	0.0111995
14.2215	0.0111995	0.0114246
14.2234	0.0114246	0.0116215
14.2253	0.0116215	0.0117938
14.2272	0.0117938	0.0120696
14.2291	0.0120696	0.0123109
14.231	0.0123109	0.012397
14.2329	0.012397	0.0124724
14.2347	0.0124724	0.0125384
14.2366	0.0125384	0.0125961
14.2385	0.0125961	0.0126466
14.2404	0.0126466	0.0126907
14.2423	0.0126907	0.0127294
14.2442	0.0127294	0.0128882
14.2461	0.0128882	0.0130272
14.248	0.0130272	0.0130238
14.2498	0.0130238	0.0130208
14.2517	0.0130208	0.0130182
14.2536	0.0130182	0.0130159
14.2555	0.0130159	0.0130139
14.2574	0.0130139	0.0130122
14.2593	0.0130122	0.0130107
14.2612	0.0130107	0.0131343
14.2631	0.0131343	0.0132425
14.265	0.0132425	0.0132122
14.2668	0.0132122	0.0131857
14.2687	0.0131857	0.0131625
14.2706	0.0131625	0.0131422
14.2725	0.0131422	0.0131244
14.2744	0.0131244	0.0131089
14.2763	0.0131089	0.0130952
14.2782	0.0130952	0.0133333
14.2801	0.0133333	0.0136667
14.2819	0.0136667	0.0138333
14.2838	0.0138333	0.0139792
14.2857	0.0139792	0.0141068
14.2876	0.0141068	0.0142184
14.2895	0.0142184	0.0143161
14.2914	0.0143161	0.0144016
14.2933	0.0144016	0.0144764
14.2952	0.0144764	0.0145419
14.297	0.0145419	0.0147241
14.2989	0.0147241	0.0147586
14.3008	0.0147586	0.0147888
14.3027	0.0147888	0.0148152
14.3046	0.0148152	0.0148383
14.3065	0.0148383	0.0148585
14.3084	0.0148585	0.0148762
14.3103	0.0148762	0.0148917
14.3122	0.0148917	0.0149052
14.314	0.0149052	0.0150421
14.3159	0.0150421	0.0150368
14.3178	0.0150368	0.0150322
14.3197	0.0150322	0.0150282
14.3216	0.0150282	0.0150246
14.3235	0.0150246	0.0150216
14.3254	0.0150216	0.0150189
14.3273	0.0150189	0.0150165
14.3291	0.0150165	0.0150144
14.331	0.0150144	0.0151376
14.3329	0.0151376	0.0151204
14.3348	0.0151204	0.0151054
14.3367	0.0151054	0.0150922
14.3386	0.0150922	0.0150807
14.3405	0.0150807	0.0153206
14.3424	0.0153206	0.0155305
14.3442	0.0155305	0.0157142
14.3461	0.0157142	0.0158749
14.348	0.0158749	0.0160156
14.3499	0.0160156	0.0161386
14.3518	0.0161386	0.0162463
14.3537	0.0162463	0.0163405
14.3556	0.0163405	0.0164229
14.3575	0.0164229	0.0164951
14.3594	0.0164951	0.0165582
14.3612	0.0165582	0.0166134
14.3631	0.0166134	0.0166617
14.365	0.0166617	0.016704
14.3669	0.016704	0.016741
14.3688	0.016741	0.0167734
14.3707	0.0167734	0.0168017
14.3726	0.0168017	0.0168265
14.3745	0.0168265	0.0168482
14.3763	0.0168482	0.0168672
14.3782	0.0168672	0.0168838
14.3801	0.0168838	0.0168983
14.382	0.0168983	0.016911
14.3839	0.016911	0.0169221
14.3858	0.0169221	0.0169319
14.3877	0.0169319	0.0169404
14.3896	0.0169404	0.0169478
14.3914	0.0169478	0.0169544
14.3933	0.0169544	0.0169601
14.3952	0.0169601	0.016965
14.3971	0.016965	0.0169694
14.399	0.0169694	0.0169732
14.4009	0.0169732	0.0169766
14.4028	0.0169766	0.0169795
14.4047	0.0169795	0.0169821
14.4066	0.0169821	0.0169843
14.4084	0.0169843	0.0169863
14.4103	0.0169863	0.016988
14.4122	0.016988	0.0172395
14.4141	0.0172395	0.0174596
14.416	0.0174596	0.0175271
14.4368	0.0175271	0.0174612
14.4386	0.0174612	0.0175286
14.4405	0.0175286	0.0175875
14.4424	0.0175875	0.0176391
14.4443	0.0176391	0.0176842
14.4462	0.0176842	0.0175987
14.4481	0.0175987	0.0173988
14.45	0.0173988	0.016099
14.4519	0.016099	0.0149616
14.4538	0.0149616	0.0139664
14.4556	0.0139664	0.0133456
14.467	0.0133456	0.0125524
14.4689	0.0125524	0.0119833
14.4707	0.0119833	0.0114854
14.4739	0.0114854	0.0109247
14.4767	0.0109247	0.0103092
14.4799	0.0103092	0.00977051
14.4827	0.00977051	0.0092992
14.4858	0.0092992	0.0088868
14.4887	0.0088868	0.00852595
14.4909	0.00852595	0.0084602
14.4937	0.0084602	0.00840268
14.4959	0.00840268	0.00822734
14.4997	0.00822734	0.00832392
14.5075	0.00832392	0.00803343
14.5258	0.00803343	0.00765425
14.5318	0.00765425	0.00744747
14.5378	0.00744747	0.00726654
14.5438	0.00726654	0.00710822
14.5488	0.00710822	0.00759469
14.5538	0.00759469	0.00789535
14.5588	0.00789535	0.00815843
14.5607	0.00815843	0.00801363
14.5648	0.00801363	0.00776193
14.5667	0.00776193	0.00754168
14.5708	0.00754168	0.00734897
14.5727	0.00734897	0.00718035
14.5768	0.00718035	0.00703281
14.5787	0.00703281	0.00715371
14.5818	0.00715371	0.00738449
14.5837	0.00738449	0.00733643
14.5868	0.00733643	0.00741938
14.5887	0.00741938	0.00736695
14.5906	0.00736695	0.00732108
14.5928	0.00732108	0.00715595
14.5947	0.00715595	0.00701145
14.5966	0.00701145	0.00688502
14.5988	0.00688502	0.00677439
14.6007	0.00677439	0.00667759
14.6026	0.00667759	0.00659289
14.6044	0.00659289	0.00676878
14.6063	0.00676878	0.00692268
14.6082	0.00692268	0.00705735
14.6101	0.00705735	0.00717518
14.612	0.00717518	0.00715328
14.6139	0.00715328	0.00713412
14.6158	0.00713412	0.00711735
14.6177	0.00711735	0.00710269
14.6195	0.00710269	0.00721485
14.6214	0.00721485	0.00731299
14.6233	0.00731299	0.00739887
14.6252	0.00739887	0.00747401
14.6271	0.00747401	0.00753976
14.629	0.00753976	0.00747229
14.6309	0.00747229	0.00741325
14.6328	0.00741325	0.00736159
14.6347	0.00736159	0.00731639
14.6365	0.00731639	0.00752684
14.6384	0.00752684	0.00783599
14.6403	0.00783599	0.00810649
14.6422	0.00810649	0.00834318
14.6441	0.00834318	0.00855028
14.646	0.00855028	0.00860649
14.6479	0.00860649	0.00865568
14.6498	0.00865568	0.00869872
14.6516	0.00869872	0.00873638
14.6535	0.00873638	0.00876933
14.6554	0.00876933	0.00892317
14.6573	0.00892317	0.00905777
14.6592	0.00905777	0.00917555
14.6611	0.00917555	0.0092786
14.663	0.0092786	0.00924378
14.6649	0.00924378	0.0092133
14.6667	0.0092133	0.00918664
14.6686	0.00918664	0.00916331
14.6705	0.00916331	0.0091429
14.6724	0.0091429	0.00925003
14.6743	0.00925003	0.00934378
14.6762	0.00934378	0.00942581
14.6781	0.00942581	0.00974758
14.68	0.00974758	0.00990413
14.6819	0.00990413	0.0100411
14.6837	0.0100411	0.010161
14.6856	0.010161	0.0102659
14.6875	0.0102659	0.0103576
14.6894	0.0103576	0.0104379
14.6913	0.0104379	0.0106332
14.6932	0.0106332	0.010804
14.6951	0.010804	0.0109535
14.697	0.0109535	0.0109593
14.6988	0.0109593	0.0109644
14.7007	0.0109644	0.0109689
14.7026	0.0109689	0.0109728
14.7045	0.0109728	0.0109762
14.7064	0.0109762	0.0109791
14.7083	0.0109791	0.0111067
14.7102	0.0111067	0.0112184
14.7121	0.0112184	0.0113161
14.7139	0.0113161	0.0112766
14.7158	0.0112766	0.011242
14.7177	0.011242	0.0112118
14.7196	0.0112118	0.0111853
14.7215	0.0111853	0.0111621
14.7234	0.0111621	0.0111419
14.7253	0.0111419	0.0113741
14.7272	0.0113741	0.0117024
14.7291	0.0117024	0.0119896
14.7309	0.0119896	0.0121159
14.7328	0.0121159	0.0122264
14.7347	0.0122264	0.0123231
14.7366	0.0123231	0.0124077
14.7385	0.0124077	0.0124817
14.7404	0.0124817	0.0125465
14.7423	0.0125465	0.0126032
14.7442	0.0126032	0.0127778
14.746	0.0127778	0.0129306
14.7479	0.0129306	0.0129393
14.7498	0.0129393	0.0129468
14.7517	0.0129468	0.0129535
14.7536	0.0129535	0.0129593
14.7555	0.0129593	0.0129644
14.7574	0.0129644	0.0129688
14.7593	0.0129688	0.0129727
14.7611	0.0129727	0.0131011
14.763	0.0131011	0.0132135
14.7649	0.0132135	0.0131868
14.7668	0.0131868	0.0131635
14.7687	0.0131635	0.013143
14.7706	0.013143	0.0131251
14.7725	0.0131251	0.0131095
14.7744	0.0131095	0.0130958
14.7763	0.0130958	0.0130838
14.7781	0.0130838	0.0131984
14.78	0.0131984	0.0135486
14.7819	0.0135486	0.01373
14.7838	0.01373	0.0138887
14.7857	0.0138887	0.0140276
14.7876	0.0140276	0.0141492
14.7895	0.0141492	0.0142555
14.7914	0.0142555	0.0143486
14.7932	0.0143486	0.01443
14.7951	0.01443	0.0145013
14.797	0.0145013	0.0146886
14.7989	0.0146886	0.0147275
14.8008	0.0147275	0.0147616
14.8027	0.0147616	0.0147914
14.8046	0.0147914	0.0148175
14.8065	0.0148175	0.0148403
14.8083	0.0148403	0.0148602
14.8102	0.0148602	0.0148777
14.8121	0.0148777	0.014893
14.814	0.014893	0.0150314
14.8159	0.0150314	0.0150275
14.8178	0.0150275	0.015024
14.8197	0.015024	0.015021
14.8216	0.015021	0.0150184
14.8235	0.0150184	0.0150161
14.8253	0.0150161	0.0150141
14.8272	0.0150141	0.0150123
14.8291	0.0150123	0.0150108
14.831	0.0150108	0.0151344
14.8329	0.0151344	0.0151176
14.8348	0.0151176	0.0151029
14.8367	0.0151029	0.0150901
14.8386	0.0150901	0.0150788
14.8404	0.0150788	0.0150689
14.8423	0.0150689	0.0153103
14.8442	0.0153103	0.0155215
14.8461	0.0155215	0.0157063
14.848	0.0157063	0.0157431
14.8499	0.0157431	0.0159002
14.8518	0.0159002	0.0160376
14.8537	0.0160376	0.0161579
14.8555	0.0161579	0.0162632
14.8574	0.0162632	0.0163553
14.8593	0.0163553	0.0164359
14.8612	0.0164359	0.0165064
14.8631	0.0165064	0.0165681
14.865	0.0165681	0.0166221
14.8669	0.0166221	0.0166693
14.8688	0.0166693	0.0167107
14.8707	0.0167107	0.0167468
14.8725	0.0167468	0.0167785
14.8744	0.0167785	0.0168062
14.8763	0.0168062	0.0168304
14.8782	0.0168304	0.0168516
14.8801	0.0168516	0.0168701
14.882	0.0168701	0.0168864
14.8839	0.0168864	0.0169006
14.8858	0.0169006	0.016913
14.8876	0.016913	0.0169239
14.8895	0.0169239	0.0169334
14.8914	0.0169334	0.0169417
14.8933	0.0169417	0.016949
14.8952	0.016949	0.0169554
14.8971	0.0169554	0.016961
14.899	0.016961	0.0169658
14.9009	0.0169658	0.0169701
14.9027	0.0169701	0.0169738
14.9046	0.0169738	0.0169771
14.9065	0.0169771	0.01698
14.9084	0.01698	0.0169825
14.9103	0.0169825	0.0169847
14.9122	0.0169847	0.0169866
14.9141	0.0169866	0.0172383
14.916	0.0172383	0.0173335
14.9179	0.0173335	0.0175418
14.9197	0.0175418	0.0177241
14.9216	0.0177241	0.0178836
14.9235	0.0178836	0.0180231
14.9254	0.0180231	0.0181452
14.9273	0.0181452	0.0182521
14.9292	0.0182521	0.0183456
14.9311	0.0183456	0.0184274
14.933	0.0184274	0.0183739
14.9348	0.0183739	0.0184522
14.9367	0.0184522	0.0185207
14.9386	0.0185207	0.0185806
14.9405	0.0185806	0.018633
14.9424	0.018633	0.0186789
14.9443	0.0186789	0.018719
14.9462	0.018719	0.0187541
14.9481	0.0187541	0.0187849
14.9499	0.0187849	0.0186868
14.9518	0.0186868	0.0187259
14.9537	0.0187259	0.0187602
14.9556	0.0187602	0.0187902
14.9575	0.0187902	0.0188164
14.9594	0.0188164	0.0188393
14.9613	0.0188393	0.0188594
14.9632	0.0188594	0.018877
14.9651	0.018877	0.0188924
14.9669	0.0188924	0.0187808
14.9688	0.0187808	0.0188082
14.9707	0.0188082	0.0188322
14.9726	0.0188322	0.0188532
14.9745	0.0188532	0.0188715
14.9764	0.0188715	0.0188876
14.9783	0.0188876	0.0189016
14.9802	0.0189016	0.0189139
14.982	0.0189139	0.0189247
14.9839	0.0189247	0.0188091
14.9858	0.0188091	0.018833
14.9877	0.018833	0.0188538
14.9896	0.0188538	0.0188721
14.9915	0.0188721	0.0188881
14.9934	0.0188881	0.0191521
14.9953	0.0191521	0.0193831
14.9971	0.0193831	0.0195852
14.999	0.0195852	0.019762
15.0009	0.019762	0.0197918
15.0028	0.0197918	0.0198178
15.0047	0.0198178	0.0199656
15.0066	0.0199656	0.0200949
15.0085	0.0200949	0.020208
15.0104	0.020208	0.020307
15.0123	0.020307	0.0203936
15.0141	0.0203936	0.0204694
15.016	0.0204694	0.0205358
15.0179	0.0205358	0.0204688
15.0198	0.0204688	0.0204102
15.0217	0.0204102	0.0204839
15.0236	0.0204839	0.0205484
15.0255	0.0205484	0.0206049
15.0274	0.0206049	0.0206543
15.0292	0.0206543	0.0206975
15.0311	0.0206975	0.0207353
15.033	0.0207353	0.0207684
15.0349	0.0207684	0.0206723
15.0368	0.0206723	0.0205883
15.0387	0.0205883	0.0206398
15.0406	0.0206398	0.0206848
15.0425	0.0206848	0.0207242
15.0443	0.0207242	0.0207587
15.0462	0.0207587	0.0207888
15.0481	0.0207888	0.0208152
15.05	0.0208152	0.0208383
15.0519	0.0208383	0.0207335
15.0538	0.0207335	0.0206418
15.0557	0.0206418	0.0206866
15.0576	0.0206866	0.0207258
15.0595	0.0207258	0.0207601
15.0613	0.0207601	0.0207901
15.0632	0.0207901	0.0208163
15.0651	0.0208163	0.0208393
15.067	0.0208393	0.0208593
15.0689	0.0208593	0.0207519
15.0708	0.0207519	0.0206579
15.0727	0.0206579	0.0207007
15.0746	0.0207007	0.0207381
15.0764	0.0207381	0.0207708
15.0783	0.0207708	0.0207995
15.0802	0.0207995	0.0210746
15.0821	0.0210746	0.0213152
15.084	0.0213152	0.0214008
15.0859	0.0214008	0.0214757
15.0878	0.0214757	0.0215413
15.0897	0.0215413	0.0215986
15.0915	0.0215986	0.0217738
15.0934	0.0217738	0.0219271
15.0953	0.0219271	0.0220612
15.0972	0.0220612	0.0221785
15.0991	0.0221785	0.0222812
15.101	0.0222812	0.0222461
15.1029	0.0222461	0.0222153
15.1048	0.0222153	0.0221884
15.1067	0.0221884	0.0222898
15.1085	0.0222898	0.0223786
15.1104	0.0223786	0.0224563
15.1123	0.0224563	0.0225242
15.1142	0.0225242	0.0225837
15.117	0.0225837	0.0227607
15.1406	0.0227607	0.0226657
15.1425	0.0226657	0.0227074
15.1444	0.0227074	0.022744
15.1463	0.022744	0.022776
15.1482	0.022776	0.022804
15.1501	0.022804	0.0228285
15.152	0.0228285	0.0225999
15.1539	0.0225999	0.02215
15.1557	0.02215	0.0216312
15.1576	0.0216312	0.0203023
15.1595	0.0203023	0.0191395
15.1614	0.0191395	0.0181221
15.1633	0.0181221	0.0173568
15.1652	0.0173568	0.0166872
15.1671	0.0166872	0.0161013
15.169	0.0161013	0.0154636
15.1708	0.0154636	0.0149057
15.1727	0.0149057	0.0144175
15.1746	0.0144175	0.0139903
15.1765	0.0139903	0.0136165
15.1784	0.0136165	0.0132894
15.1803	0.0132894	0.0131283
15.1822	0.0131283	0.0129872
15.1841	0.0129872	0.0128638
15.1859	0.0128638	0.0126308
15.1878	0.0126308	0.012427
15.1897	0.012427	0.0122486
15.1916	0.0122486	0.0120925
15.1935	0.0120925	0.011956
15.1954	0.011956	0.0118365
15.1973	0.0118365	0.0118569
15.1992	0.0118569	0.0118748
15.2011	0.0118748	0.0121404
15.2029	0.0121404	0.0122479
15.2048	0.0122479	0.0123419
15.2067	0.0123419	0.0124242
15.2086	0.0124242	0.0124961
15.2105	0.0124961	0.0125591
15.2124	0.0125591	0.0126142
15.2143	0.0126142	0.0126625
15.2162	0.0126625	0.0128296
15.218	0.0128296	0.0129759
15.2199	0.0129759	0.0129789
15.2218	0.0129789	0.0129816
15.2237	0.0129816	0.0129839
15.2256	0.0129839	0.0129859
15.2275	0.0129859	0.0129877
15.2294	0.0129877	0.0129892
15.2313	0.0129892	0.0129906
15.2331	0.0129906	0.0131167
15.235	0.0131167	0.0132271
15.2369	0.0132271	0.0131987
15.2388	0.0131987	0.0131739
15.2407	0.0131739	0.0131522
15.2426	0.0131522	0.0131331
15.2445	0.0131331	0.0131165
15.2464	0.0131165	0.0131019
15.2483	0.0131019	0.0130892
15.2501	0.0130892	0.013203
15.252	0.013203	0.0133027
15.2539	0.0133027	0.0132648
15.2558	0.0132648	0.0134817
15.2577	0.0134817	0.0136715
15.2596	0.0136715	0.0138376
15.2615	0.0138376	0.0139829
15.2634	0.0139829	0.01411
15.2652	0.01411	0.0142213
15.2671	0.0142213	0.0143186
15.269	0.0143186	0.0145288
15.2709	0.0145288	0.0145877
15.2728	0.0145877	0.0146392
15.2747	0.0146392	0.0146843
15.2766	0.0146843	0.0147238
15.2785	0.0147238	0.0147583
15.2803	0.0147583	0.0147885
15.2822	0.0147885	0.014815
15.2841	0.014815	0.0148381
15.286	0.0148381	0.0149833
15.2879	0.0149833	0.0149854
15.2898	0.0149854	0.0149872
15.2917	0.0149872	0.0149888
15.2936	0.0149888	0.0149902
15.2955	0.0149902	0.0149914
15.2973	0.0149914	0.0149925
15.2992	0.0149925	0.0149934
15.3011	0.0149934	0.0149943
15.303	0.0149943	0.01512
15.3049	0.01512	0.015105
15.3068	0.015105	0.0150919
15.3087	0.0150919	0.0150804
15.3106	0.0150804	0.0150703
15.3124	0.0150703	0.0150615
15.3143	0.0150615	0.0150538
15.3162	0.0150538	0.0150471
15.3181	0.0150471	0.0152912
15.32	0.0152912	0.0153798
15.3219	0.0153798	0.0155823
15.3238	0.0155823	0.0157596
15.3257	0.0157596	0.0159146
15.3275	0.0159146	0.0160503
15.3294	0.0160503	0.016169
15.3313	0.016169	0.0162729
15.3332	0.0162729	0.0163638
15.3351	0.0163638	0.0164433
15.337	0.0164433	0.0165129
15.3389	0.0165129	0.0165738
15.3408	0.0165738	0.016627
15.3427	0.016627	0.0166737
15.3445	0.0166737	0.0167145
15.3464	0.0167145	0.0167501
15.3483	0.0167501	0.0167814
15.3512	0.0167814	0.0169337
15.3691	0.0169337	0.016817
15.3757	0.016817	0.0165899
15.3776	0.0165899	0.0163911
15.3795	0.0163911	0.0159672
15.3814	0.0159672	0.0153463
15.3832	0.0153463	0.014553
15.3851	0.014553	0.0137339
15.387	0.0137339	0.0130172
15.3889	0.0130172	0.012265
15.3908	0.012265	0.0116069
15.3927	0.0116069	0.011031
15.3946	0.011031	0.0105272
15.3965	0.0105272	0.0102113
15.3983	0.0102113	0.00993485
15.4002	0.00993485	0.00994299
15.4021	0.00994299	0.00995012
15.404	0.00995012	0.00995635
15.4059	0.00995635	0.00983681
15.4078	0.00983681	0.00973221
15.4097	0.00973221	0.00964068
15.4116	0.00964068	0.00956059
15.4135	0.00956059	0.00949052
15.4153	0.00949052	0.0095542
15.4172	0.0095542	0.00960993
15.4191	0.00960993	0.00965869
15.421	0.00965869	0.00970135
15.4229	0.00970135	0.00961368
15.4248	0.00961368	0.00953697
15.4267	0.00953697	0.00946985
15.4286	0.00946985	0.00941112
15.4304	0.00941112	0.00935973
15.4323	0.00935973	0.00943976
15.4342	0.00943976	0.00950979
15.4361	0.00950979	0.00957107
15.438	0.00957107	0.00949968
15.4399	0.00949968	0.00968722
15.4418	0.00968722	0.00985132
15.4437	0.00985132	0.0099949
15.4465	0.0099949	0.0102455
15.4578	0.0102455	0.0100898
15.4597	0.0100898	0.0100786
15.4616	0.0100786	0.0100688
15.4635	0.0100688	0.00993519
15.4676	0.00993519	0.00944329
15.4695	0.00944329	0.00901288
15.4726	0.00901288	0.00901127
15.4745	0.00901127	0.00875986
15.4776	0.00875986	0.00866488
15.4795	0.00866488	0.00845677
15.4827	0.00845677	0.00839967
15.4846	0.00839967	0.00822471
15.4864	0.00822471	0.00807162
15.4886	0.00807162	0.00781267
15.4905	0.00781267	0.00758609
15.4924	0.00758609	0.00738782
15.4946	0.00738782	0.00721435
15.4965	0.00721435	0.00706255
15.4984	0.00706255	0.00692973
15.5003	0.00692973	0.00706352
15.5022	0.00706352	0.00718058
15.5041	0.00718058	0.007283
15.5059	0.007283	0.00724763
15.5078	0.00724763	0.00721667
15.5097	0.00721667	0.00718959
15.5116	0.00718959	0.00716589
15.5135	0.00716589	0.00727015
15.5154	0.00727015	0.00736138
15.5173	0.00736138	0.00744121
15.5192	0.00744121	0.00751106
15.521	0.00751106	0.00757218
15.5229	0.00757218	0.00750065
15.5248	0.00750065	0.00743807
15.5267	0.00743807	0.00738331
15.5286	0.00738331	0.0073354
15.5305	0.0073354	0.00741847
15.5324	0.00741847	0.00774116
15.5343	0.00774116	0.00802352
15.5361	0.00802352	0.00827058
15.538	0.00827058	0.00848675
15.5399	0.00848675	0.00855091
15.5418	0.00855091	0.00860705
15.5437	0.00860705	0.00865616
15.5456	0.00865616	0.00869914
15.5475	0.00869914	0.00873675
15.5494	0.00873675	0.00889466
15.5513	0.00889466	0.00903282
15.5531	0.00903282	0.00915372
15.555	0.00915372	0.0092595
15.5569	0.0092595	0.00922707
15.5588	0.00922707	0.00919868
15.5607	0.00919868	0.00917385
15.5626	0.00917385	0.00915212
15.5645	0.00915212	0.0091331
15.5664	0.0091331	0.00924146
15.5682	0.00924146	0.00933628
15.5815	0.00933628	0.00929424
15.5833	0.00929424	0.00950746
15.5852	0.00950746	0.00969403
15.5871	0.00969403	0.00973228
15.5912	0.00973228	0.00926574
15.5931	0.00926574	0.00910752
15.5962	0.00910752	0.00909408
15.5981	0.00909408	0.00883232
15.6013	0.00883232	0.00872828
15.6032	0.00872828	0.00851224
15.605	0.00851224	0.00832321
15.6072	0.00832321	0.00803281
15.6091	0.00803281	0.00777871
15.611	0.00777871	0.00755637
15.6132	0.00755637	0.00736182
15.6151	0.00736182	0.0071916
15.617	0.0071916	0.00691765
15.6192	0.00691765	0.00680294
15.6211	0.00680294	0.00695257
15.623	0.00695257	0.0069585
15.6249	0.0069585	0.00708869
15.6267	0.00708869	0.0070776
15.6286	0.0070776	0.0070679
15.6305	0.0070679	0.00718441
15.6324	0.00718441	0.00728636
15.6343	0.00728636	0.00737556
15.6362	0.00737556	0.00745362
15.6381	0.00745362	0.00752192
15.64	0.00752192	0.00745668
15.6418	0.00745668	0.00739959
15.6437	0.00739959	0.00734964
15.6456	0.00734964	0.00730594
15.6475	0.00730594	0.00739269
15.6494	0.00739269	0.00746861
15.6513	0.00746861	0.00753503
15.6532	0.00753503	0.00784315
15.6551	0.00784315	0.00811276
15.657	0.00811276	0.00822366
15.6588	0.00822366	0.0083207
15.6607	0.0083207	0.00840562
15.6626	0.00840562	0.00847991
15.6645	0.00847991	0.00854492
15.6664	0.00854492	0.00872681
15.6683	0.00872681	0.00888596
15.6702	0.00888596	0.00902521
15.6721	0.00902521	0.00914706
15.6739	0.00914706	0.00912868
15.6758	0.00912868	0.00911259
15.6777	0.00911259	0.00909852
15.6796	0.00909852	0.0090862
15.6815	0.0090862	0.00907543
15.6834	0.00907543	0.009191
15.6853	0.009191	0.00929212
15.6872	0.00929212	0.00938061
15.689	0.00938061	0.00945803
15.6909	0.00945803	0.00940078
15.6928	0.00940078	0.00960068
15.6947	0.00960068	0.00977559
15.6966	0.00977559	0.00992864
15.6985	0.00992864	0.0100626
15.7004	0.0100626	0.0101797
15.7023	0.0101797	0.0104073
15.7042	0.0104073	0.0106064
15.706	0.0106064	0.0107806
15.7079	0.0107806	0.010808
15.7098	0.010808	0.010832
15.7117	0.010832	0.010853
15.7136	0.010853	0.0108714
15.7155	0.0108714	0.0108874
15.7174	0.0108874	0.0109015
15.7193	0.0109015	0.0110388
15.7211	0.0110388	0.011159
15.723	0.011159	0.0112641
15.7249	0.0112641	0.0112311
15.7268	0.0112311	0.0112022
15.7287	0.0112022	0.0111769
15.7306	0.0111769	0.0111548
15.7325	0.0111548	0.0111355
15.7344	0.0111355	0.0111185
15.7362	0.0111185	0.0112287
15.7381	0.0112287	0.0113251
15.74	0.0113251	0.0116595
15.7419	0.0116595	0.011827
15.7438	0.011827	0.0119737
15.7457	0.0119737	0.012102
15.7476	0.012102	0.0122142
15.7495	0.0122142	0.0123124
15.7514	0.0123124	0.0123984
15.7532	0.0123984	0.0124736
15.7551	0.0124736	0.0126644
15.757	0.0126644	0.0128313
15.7589	0.0128313	0.0128524
15.7608	0.0128524	0.0128709
15.7627	0.0128709	0.012887
15.7646	0.012887	0.0129011
15.7665	0.0129011	0.0129135
15.7683	0.0129135	0.0129243
15.7702	0.0129243	0.0129338
15.7721	0.0129338	0.013067
15.774	0.013067	0.0131837
15.7769	0.0131837	0.0132857
15.791	0.0132857	0.01325
15.7929	0.01325	0.0132187
15.7948	0.0132187	0.0131914
15.7967	0.0131914	0.0131675
15.7986	0.0131675	0.0128965
15.8008	0.0128965	0.0120345
15.8026	0.0120345	0.0112802
15.8045	0.0112802	0.0106201
15.8067	0.0106201	0.0100426
15.8086	0.0100426	0.00953729
15.8105	0.00953729	0.00909513
15.8124	0.00909513	0.00895824
15.8152	0.00895824	0.00896346
15.8231	0.00896346	0.00859303
15.825	0.00859303	0.0082689
15.83	0.0082689	0.00836029
15.835	0.00836029	0.00869025
15.8401	0.00869025	0.00885397
15.8451	0.00885397	0.00899722
15.847	0.00899722	0.00862257
15.8511	0.00862257	0.00829475
15.853	0.00829475	0.0080079
15.8571	0.0080079	0.00775691
15.8589	0.00775691	0.0075373
15.863	0.0075373	0.00734514
15.8649	0.00734514	0.00730199
15.8681	0.00730199	0.00763924
15.8699	0.00763924	0.00743434
15.8731	0.00743434	0.00763005
15.875	0.00763005	0.00742629
15.8769	0.00742629	0.007373
15.8791	0.007373	0.00720138
15.8819	0.00720138	0.0071762
15.8898	0.0071762	0.00690418
15.8929	0.00690418	0.00691616
15.8989	0.00691616	0.00680164
15.9049	0.00680164	0.00670143
15.9099	0.00670143	0.00723875
15.9149	0.00723875	0.00758391
15.92	0.00758391	0.00788592
15.9219	0.00788592	0.00777518
15.9259	0.00777518	0.00755328
15.931	0.00755328	0.00773412
15.9411	0.00773412	0.00739235
15.9461	0.00739235	0.00759331
15.9521	0.00759331	0.00739415
15.958	0.00739415	0.00721988
15.9631	0.00721988	0.00769239
15.9681	0.00769239	0.00798084
15.9731	0.00798084	0.00823324
15.975	0.00823324	0.00807908
15.9791	0.00807908	0.0078192
15.981	0.0078192	0.0074668
15.9851	0.0074668	0.00728345
15.987	0.00728345	0.00712301
15.9911	0.00712301	0.00698264
15.9929	0.00698264	0.00698481
15.9961	0.00698481	0.00736171
15.998	0.00736171	0.00719149
16.0011	0.00719149	0.00741756
16.003	0.00741756	0.00736536
16.0049	0.00736536	0.00731969
16.0071	0.00731969	0.00715473
16.009	0.00715473	0.00688539
16.0109	0.00688539	0.00677471
16.0131	0.00677471	0.00667787
16.015	0.00667787	0.00659314
16.0168	0.00659314	0.00651899
16.0197	0.00651899	0.00682912
16.0275	0.00682912	0.00672548
16.0294	0.00672548	0.00675979
16.0345	0.00675979	0.00703982
16.0395	0.00703982	0.00740984
16.0445	0.00740984	0.00773361
16.0496	0.00773361	0.00801691
16.0514	0.00801691	0.00788979
16.0555	0.00788979	0.00765357
16.0574	0.00765357	0.00744687
16.0615	0.00744687	0.00726601
16.0634	0.00726601	0.00710776
16.0675	0.00710776	0.00696929
16.0694	0.00696929	0.00709813
16.0725	0.00709813	0.00733586
16.0744	0.00733586	0.00729388
16.0775	0.00729388	0.00738214
16.0794	0.00738214	0.00733438
16.0813	0.00733438	0.00729258
16.0835	0.00729258	0.00713101
16.0854	0.00713101	0.00698963
16.0873	0.00698963	0.00686593
16.0895	0.00686593	0.00675769
16.0914	0.00675769	0.00666297
16.0933	0.00666297	0.0065801
16.0952	0.0065801	0.00675759
16.097	0.00675759	0.00691289
16.0989	0.00691289	0.00692378
16.1008	0.00692378	0.0069333
16.1027	0.0069333	0.00694164
16.1046	0.00694164	0.00694893
16.1065	0.00694893	0.00708032
16.1084	0.00708032	0.00719528
16.1103	0.00719528	0.00729587
16.1121	0.00729587	0.00738388
16.114	0.00738388	0.0074609
16.1159	0.0074609	0.00740328
16.1178	0.00740328	0.00735287
16.1197	0.00735287	0.00730876
16.1216	0.00730876	0.00727017
16.1235	0.00727017	0.0073614
16.1254	0.0073614	0.00744122
16.1272	0.00744122	0.00776107
16.1291	0.00776107	0.00804094
16.131	0.00804094	0.00828582
16.1329	0.00828582	0.00837509
16.1348	0.00837509	0.0084532
16.1367	0.0084532	0.00852155
16.1386	0.00852155	0.00858136
16.1405	0.00858136	0.00863369
16.1424	0.00863369	0.00880448
16.1442	0.00880448	0.00895392
16.1461	0.00895392	0.00908468
16.148	0.00908468	0.00919909
16.1499	0.00919909	0.0091742
16.1518	0.0091742	0.00915243
16.1537	0.00915243	0.00913337
16.1556	0.00913337	0.0091167
16.1575	0.0091167	0.00910211
16.1593	0.00910211	0.00921435
16.1612	0.00921435	0.00931256
16.1631	0.00931256	0.00939849
16.165	0.00939849	0.00947368
16.1669	0.00947368	0.00941447
16.1688	0.00941447	0.00961266
16.1707	0.00961266	0.00978607
16.1726	0.00978607	0.00993781
16.1744	0.00993781	0.0100706
16.1763	0.0100706	0.0101868
16.1782	0.0101868	0.0104134
16.1801	0.0104134	0.0106117
16.182	0.0106117	0.0107853
16.1839	0.0107853	0.0108121
16.1858	0.0108121	0.0108356
16.1877	0.0108356	0.0108561
16.1896	0.0108561	0.0108741
16.1914	0.0108741	0.0108899
16.1933	0.0108899	0.0109036
16.1952	0.0109036	0.0110407
16.1971	0.0110407	0.0111606
16.199	0.0111606	0.0111405
16.2009	0.0111405	0.011123
16.2028	0.011123	0.0111076
16.2047	0.0111076	0.0110941
16.2065	0.0110941	0.0110824
16.2084	0.0110824	0.0110721
16.2103	0.0110721	0.0111881
16.2122	0.0111881	0.0112896
16.2141	0.0112896	0.0113784
16.216	0.0113784	0.0115811
16.2179	0.0115811	0.0117584
16.2198	0.0117584	0.0119136
16.2216	0.0119136	0.0120494
16.2235	0.0120494	0.0121682
16.2254	0.0121682	0.0122722
16.2273	0.0122722	0.0123632
16.2292	0.0123632	0.0125678
16.2311	0.0125678	0.0127468
16.233	0.0127468	0.0127785
16.2349	0.0127785	0.0128062
16.2368	0.0128062	0.0128304
16.2386	0.0128304	0.0128516
16.2405	0.0128516	0.0128701
16.2424	0.0128701	0.0128864
16.2443	0.0128864	0.0129006
16.2462	0.0129006	0.013038
16.2481	0.013038	0.0131582
16.25	0.0131582	0.0131385
16.2519	0.0131385	0.0131212
16.2537	0.0131212	0.013106
16.2556	0.013106	0.0130928
16.2575	0.0130928	0.0130812
16.2594	0.0130812	0.013071
16.2613	0.013071	0.0130621
16.2632	0.0130621	0.0131794
16.2651	0.0131794	0.013282
16.267	0.013282	0.0132467
16.2688	0.0132467	0.0132159
16.2707	0.0132159	0.0134389
16.2726	0.0134389	0.013634
16.2745	0.013634	0.0138048
16.2764	0.0138048	0.0139542
16.2783	0.0139542	0.0140849
16.2802	0.0140849	0.0141993
16.2821	0.0141993	0.0144244
16.284	0.0144244	0.0144963
16.2858	0.0144963	0.0145593
16.2877	0.0145593	0.0146144
16.2896	0.0146144	0.0146626
16.2915	0.0146626	0.0147048
16.2934	0.0147048	0.0147417
16.2953	0.0147417	0.014774
16.2972	0.014774	0.0148022
16.2991	0.0148022	0.0149519
16.3009	0.0149519	0.0149579
16.3028	0.0149579	0.0149632
16.3047	0.0149632	0.0149678
16.3066	0.0149678	0.0149718
16.3085	0.0149718	0.0149753
16.3104	0.0149753	0.0149784
16.3123	0.0149784	0.0149811
16.3142	0.0149811	0.0149835
16.316	0.0149835	0.0151105
16.3179	0.0151105	0.0150967
16.3198	0.0150967	0.0150846
16.3217	0.0150846	0.0150741
16.3236	0.0150741	0.0150648
16.3255	0.0150648	0.0150567
16.3274	0.0150567	0.0150496
16.3293	0.0150496	0.0150434
16.3312	0.0150434	0.015038
16.333	0.015038	0.0152832
16.3349	0.0152832	0.0154978
16.3368	0.0154978	0.0156856
16.3387	0.0156856	0.0158499
16.3406	0.0158499	0.0159937
16.3425	0.0159937	0.0161195
16.3444	0.0161195	0.0162295
16.3463	0.0162295	0.0163258
16.3651	0.0163258	0.0161601
16.367	0.0161601	0.0162651
16.3689	0.0162651	0.016232
16.3708	0.016232	0.016203
16.3727	0.016203	0.0161776
16.3746	0.0161776	0.0159054
16.3765	0.0159054	0.0154172
16.3784	0.0154172	0.0144901
16.3802	0.0144901	0.0136788
16.3821	0.0136788	0.012969
16.384	0.012969	0.0123478
16.3859	0.0123478	0.0116794
16.3878	0.0116794	0.0110944
16.3897	0.0110944	0.0105826
16.3916	0.0105826	0.0101348
16.3935	0.0101348	0.00986795
16.3953	0.00986795	0.00963446
16.3972	0.00963446	0.00968015
16.3991	0.00968015	0.00972013
16.401	0.00972013	0.00975511
16.4029	0.00975511	0.00966072
16.4048	0.00966072	0.00957813
16.4067	0.00957813	0.00950587
16.4086	0.00950587	0.00944263
16.4104	0.00944263	0.0093873
16.4227	0.0093873	0.00921389
16.4246	0.00921389	0.00918715
16.4265	0.00918715	0.00916376
16.4296	0.00916376	0.00914329
16.4325	0.00914329	0.00875038
16.4356	0.00875038	0.00840658
16.4384	0.00840658	0.00810576
16.4416	0.00810576	0.00784254
16.4435	0.00784254	0.00786222
16.4466	0.00786222	0.00787944
16.4485	0.00787944	0.00776951
16.4516	0.00776951	0.00779832
16.4535	0.00779832	0.00769853
16.4554	0.00769853	0.00761121
16.4576	0.00761121	0.00740981
16.4595	0.00740981	0.00723358
16.4614	0.00723358	0.00707939
16.4636	0.00707939	0.00694446
16.4655	0.00694446	0.0068264
16.4674	0.0068264	0.0067231
16.4696	0.0067231	0.00663271
16.4715	0.00663271	0.00680362
16.4733	0.00680362	0.00695317
16.4752	0.00695317	0.00708402
16.4771	0.00708402	0.00719852
16.479	0.00719852	0.0072987
16.4809	0.0072987	0.00726137
16.4828	0.00726137	0.0072287
16.4847	0.0072287	0.00720011
16.4866	0.00720011	0.00717509
16.4885	0.00717509	0.00727821
16.4903	0.00727821	0.00736843
16.4922	0.00736843	0.00744738
16.4941	0.00744738	0.00751645
16.496	0.00751645	0.0075769
16.4979	0.0075769	0.00750478
16.4998	0.00750478	0.00744169
16.5017	0.00744169	0.00738647
16.5036	0.00738647	0.00758817
16.5054	0.00758817	0.00776464
16.5073	0.00776464	0.00804406
16.5092	0.00804406	0.00828855
16.5111	0.00828855	0.00850249
16.513	0.00850249	0.00856467
16.5149	0.00856467	0.00861909
16.5168	0.00861909	0.0086667
16.5187	0.0086667	0.00870836
16.5205	0.00870836	0.00874482
16.5224	0.00874482	0.00890171
16.5243	0.00890171	0.009039
16.5262	0.009039	0.00915913
16.5281	0.00915913	0.00926423
16.53	0.00926423	0.0092312
16.5319	0.0092312	0.0092023
16.5338	0.0092023	0.00917702
16.5357	0.00917702	0.00915489
16.5375	0.00915489	0.00913553
16.5394	0.00913553	0.00924359
16.5413	0.00924359	0.00933814
16.5432	0.00933814	0.00967087
16.5451	0.00967087	0.00996201
16.547	0.00996201	0.0100918
16.5489	0.0100918	0.0102053
16.5508	0.0102053	0.0103046
16.5526	0.0103046	0.0103915
16.5545	0.0103915	0.0104676
16.5564	0.0104676	0.0105342
16.5583	0.0105342	0.0107174
16.5602	0.0107174	0.0108777
16.5621	0.0108777	0.011018
16.564	0.011018	0.0110157
16.5659	0.0110157	0.0110138
16.5677	0.0110138	0.0110121
16.5696	0.0110121	0.0110105
16.5715	0.0110105	0.0110092
16.5734	0.0110092	0.0110081
16.5753	0.0110081	0.0111321
16.5772	0.0111321	0.0112406
16.5791	0.0112406	0.0113355
16.581	0.0113355	0.0112935
16.5829	0.0112935	0.0112569
16.5847	0.0112569	0.0112247
16.5866	0.0112247	0.0111967
16.5895	0.0111967	0.0112971
16.6027	0.0112971	0.0112599
16.6046	0.0112599	0.0113524
16.6065	0.0113524	0.0114334
16.6083	0.0114334	0.0115042
16.6102	0.0115042	0.0114412
16.6124	0.0114412	0.010761
16.6143	0.010761	0.0101659
16.6162	0.0101659	0.00964517
16.6184	0.00964517	0.00918952
16.6203	0.00918952	0.00879083
16.6222	0.00879083	0.00844198
16.6244	0.00844198	0.00813673
16.6263	0.00813673	0.00786964
16.6282	0.00786964	0.00788593
16.63	0.00788593	0.00790019
16.6319	0.00790019	0.00778767
16.6338	0.00778767	0.00768921
16.6357	0.00768921	0.00760306
16.6376	0.00760306	0.00752767
16.6395	0.00752767	0.00758671
16.6414	0.00758671	0.00763837
16.6433	0.00763837	0.00768358
16.6451	0.00768358	0.00772313
16.647	0.00772313	0.00775774
16.6489	0.00775774	0.00766302
16.6508	0.00766302	0.00758014
16.6527	0.00758014	0.00750762
16.6546	0.00750762	0.00744417
16.6565	0.00744417	0.00751365
16.6584	0.00751365	0.00757444
16.6602	0.00757444	0.00787764
16.6621	0.00787764	0.00814293
16.664	0.00814293	0.00837506
16.6659	0.00837506	0.00845318
16.6678	0.00845318	0.00852153
16.6697	0.00852153	0.00858134
16.6716	0.00858134	0.00863367
16.6735	0.00863367	0.00867946
16.6754	0.00867946	0.00884453
16.6772	0.00884453	0.00898896
16.6791	0.00898896	0.00911534
16.681	0.00911534	0.00922592
16.6829	0.00922592	0.00919768
16.6848	0.00919768	0.00917297
16.6867	0.00917297	0.00915135
16.6886	0.00915135	0.00913243
16.6905	0.00913243	0.00911588
16.6923	0.00911588	0.00922639
16.6942	0.00922639	0.00932309
16.6961	0.00932309	0.00940771
16.698	0.00940771	0.00948174
16.6999	0.00948174	0.00967152
16.7018	0.00967152	0.00983758
16.7037	0.00983758	0.00998289
16.7056	0.00998289	0.01011
16.7074	0.01011	0.0102213
16.7093	0.0102213	0.0103186
16.7112	0.0103186	0.0105288
16.7131	0.0105288	0.0107127
16.715	0.0107127	0.0107486
16.7169	0.0107486	0.01078
16.7188	0.01078	0.0108075
16.7207	0.0108075	0.0108316
16.7226	0.0108316	0.0108526
16.7244	0.0108526	0.0108711
16.7263	0.0108711	0.0110122
16.7282	0.0110122	0.0111356
16.7301	0.0111356	0.0112437
16.732	0.0112437	0.0112132
16.7339	0.0112132	0.0111866
16.7358	0.0111866	0.0111633
16.7377	0.0111633	0.0111428
16.7395	0.0111428	0.011125
16.7414	0.011125	0.0111094
16.7433	0.0111094	0.0112207
16.7452	0.0112207	0.0113181
16.7471	0.0113181	0.0116533
16.749	0.0116533	0.0118217
16.7509	0.0118217	0.011969
16.7528	0.011969	0.0120978
16.7546	0.0120978	0.0122106
16.7565	0.0122106	0.0123093
16.7594	0.0123093	0.0125206
16.7726	0.0125206	0.0123305
16.7745	0.0123305	0.0122892
16.7764	0.0122892	0.0122531
16.7782	0.0122531	0.0123464
16.7801	0.0123464	0.0121781
16.7833	0.0121781	0.0115309
16.7852	0.0115309	0.0109645
16.7871	0.0109645	0.0104689
16.7893	0.0104689	0.00991033
16.7911	0.00991033	0.00942153
16.793	0.00942153	0.00899384
16.7952	0.00899384	0.00861961
16.7971	0.00861961	0.00829216
16.799	0.00829216	0.00800564
16.8009	0.00800564	0.00787993
16.8028	0.00787993	0.00776994
16.8047	0.00776994	0.0076737
16.8066	0.0076737	0.00758949
16.8169	0.00758949	0.0073908
16.8188	0.0073908	0.00734195
16.821	0.00734195	0.00729921
16.8261	0.00729921	0.0073868
16.8311	0.0073868	0.00771345
16.833	0.00771345	0.00749927
16.8371	0.00749927	0.00731186
16.839	0.00731186	0.00714788
16.843	0.00714788	0.0070044
16.8449	0.0070044	0.00687884
16.8481	0.00687884	0.00726899
16.85	0.00726899	0.00711036
16.8531	0.00711036	0.00734657
16.855	0.00734657	0.00717825
16.8581	0.00717825	0.00740597
16.86	0.00740597	0.00735522
16.8619	0.00735522	0.00731082
16.8641	0.00731082	0.00714696
16.866	0.00714696	0.00700359
16.8679	0.00700359	0.00687814
16.8701	0.00687814	0.00676838
16.872	0.00676838	0.00654733
16.8739	0.00654733	0.00647891
16.8758	0.00647891	0.00666905
16.8776	0.00666905	0.00671042
16.8795	0.00671042	0.00687161
16.8814	0.00687161	0.00701266
16.8833	0.00701266	0.00713608
16.8852	0.00713608	0.00724407
16.8871	0.00724407	0.00733856
16.889	0.00733856	0.00729624
16.8909	0.00729624	0.00725921
16.8927	0.00725921	0.00722681
16.8946	0.00722681	0.00719846
16.8965	0.00719846	0.00729865
16.8984	0.00729865	0.00738632
16.9003	0.00738632	0.00746303
16.9022	0.00746303	0.00753015
16.9041	0.00753015	0.00758888
16.906	0.00758888	0.00751527
16.9078	0.00751527	0.00770086
16.9097	0.00770086	0.00786325
16.9116	0.00786325	0.00800535
16.9135	0.00800535	0.00812968
16.9154	0.00812968	0.00836347
16.9173	0.00836347	0.00856803
16.9192	0.00856803	0.00874703
16.9211	0.00874703	0.00890365
16.923	0.00890365	0.00891569
16.9248	0.00891569	0.00892623
16.9267	0.00892623	0.00893545
16.9286	0.00893545	0.00894352
16.9305	0.00894352	0.00895058
16.9324	0.00895058	0.00908176
16.9343	0.00908176	0.00919654
16.9362	0.00919654	0.00929697
16.9381	0.00929697	0.00938485
16.9399	0.00938485	0.00933674
16.9418	0.00933674	0.00929465
16.9437	0.00929465	0.00925782
16.9456	0.00925782	0.00922559
16.9475	0.00922559	0.00944739
16.9494	0.00944739	0.00964147
16.9513	0.00964147	0.00993628
16.9532	0.00993628	0.0101942
16.955	0.0101942	0.01042
16.9569	0.01042	0.0104925
16.9588	0.0104925	0.0105559
16.9607	0.0105559	0.0106114
16.9626	0.0106114	0.01066
16.9645	0.01066	0.0107025
16.9664	0.0107025	0.0107397
16.9683	0.0107397	0.0108972
16.9702	0.0108972	0.0110351
16.972	0.0110351	0.0111557
16.9739	0.0111557	0.0111362
16.9758	0.0111362	0.0111192
16.9777	0.0111192	0.0111043
16.9796	0.0111043	0.0110913
16.9815	0.0110913	0.0110798
16.9834	0.0110798	0.0110699
16.9853	0.0110699	0.0111861
16.9871	0.0111861	0.0112879
16.989	0.0112879	0.0113769
16.9909	0.0113769	0.0113298
16.9928	0.0113298	0.0112885
16.9947	0.0112885	0.0115025
16.9966	0.0115025	0.0116897
16.9985	0.0116897	0.0118535
17.0004	0.0118535	0.0119968
17.0022	0.0119968	0.0121222
17.0041	0.0121222	0.0123569
17.006	0.0123569	0.0125623
17.0079	0.0125623	0.012617
17.0098	0.012617	0.0126649
17.0117	0.0126649	0.0127068
17.0136	0.0127068	0.0127434
17.0155	0.0127434	0.0127755
17.0174	0.0127755	0.0128036
17.0192	0.0128036	0.0128281
17.0211	0.0128281	0.0129746
17.023	0.0129746	0.0131028
17.0249	0.0131028	0.0130899
17.0268	0.0130899	0.0130787
17.0287	0.0130787	0.0130688
17.0306	0.0130688	0.0130602
17.0325	0.0130602	0.0130527
17.0343	0.0130527	0.0130461
17.0362	0.0130461	0.0130404
17.0381	0.0130404	0.0131603
17.04	0.0131603	0.0132653
17.0419	0.0132653	0.0132321
17.0438	0.0132321	0.0132031
17.0457	0.0132031	0.0131777
17.0476	0.0131777	0.0131555
17.0494	0.0131555	0.0131361
17.0513	0.0131361	0.0133691
17.0532	0.0133691	0.0135729
17.0551	0.0135729	0.0137513
17.057	0.0137513	0.0139074
17.0589	0.0139074	0.014044
17.0608	0.014044	0.0141635
17.0627	0.0141635	0.014268
17.0646	0.014268	0.0143595
17.0664	0.0143595	0.0144396
17.0683	0.0144396	0.0145096
17.0702	0.0145096	0.0145709
17.0721	0.0145709	0.0147496
17.074	0.0147496	0.0147809
17.0759	0.0147809	0.0148083
17.0778	0.0148083	0.0148322
17.0797	0.0148322	0.0148532
17.0815	0.0148532	0.0148716
17.0834	0.0148716	0.0148876
17.0853	0.0148876	0.0149017
17.0872	0.0149017	0.0149139
17.0891	0.0149139	0.0150497
17.091	0.0150497	0.0150435
17.0929	0.0150435	0.0150381
17.0948	0.0150381	0.0150333
17.0966	0.0150333	0.0150291
17.0985	0.0150291	0.0150255
17.1004	0.0150255	0.0150223
17.1023	0.0150223	0.0150195
17.1042	0.0150195	0.0150171
17.1061	0.0150171	0.0151399
17.108	0.0151399	0.0151224
17.1099	0.0151224	0.0151071
17.1118	0.0151071	0.0150937
17.1136	0.0150937	0.015332
17.1155	0.015332	0.0155405
17.1174	0.0155405	0.015723
17.1193	0.015723	0.0158826
17.1212	0.0158826	0.0160223
17.1231	0.0160223	0.0161445
17.125	0.0161445	0.0162514
17.1269	0.0162514	0.016345
17.1287	0.016345	0.0164269
17.1306	0.0164269	0.0164985
17.1325	0.0164985	0.0165612
17.1344	0.0165612	0.016616
17.1363	0.016616	0.016664
17.1382	0.016664	0.016706
17.1401	0.016706	0.0167428
17.142	0.0167428	0.0167749
17.1438	0.0167749	0.0168031
17.1457	0.0168031	0.0168277
17.1476	0.0168277	0.0168492
17.1495	0.0168492	0.0168681
17.1514	0.0168681	0.0168846
17.1533	0.0168846	0.016899
17.1731	0.016899	0.0167866
17.175	0.0167866	0.0166883
17.1769	0.0166883	0.0167273
17.1788	0.0167273	0.0167613
17.1807	0.0167613	0.0167912
17.1826	0.0167912	0.0165673
17.1844	0.0165673	0.0161214
17.1863	0.0161214	0.0151062
17.1882	0.0151062	0.0142179
17.1901	0.0142179	0.0134407
17.192	0.0134407	0.0126356
17.1939	0.0126356	0.0119311
17.1958	0.0119311	0.0113148
17.1977	0.0113148	0.0107754
17.1995	0.0107754	0.0105535
17.2014	0.0105535	0.0104843
17.2033	0.0104843	0.0104238
17.2052	0.0104238	0.0103708
17.2071	0.0103708	0.0103244
17.209	0.0103244	0.0101589
17.2109	0.0101589	0.010014
17.2128	0.010014	0.00988727
17.2146	0.00988727	0.00977636
17.2165	0.00977636	0.00967932
17.2184	0.00967932	0.0097194
17.2203	0.0097194	0.00975448
17.2222	0.00975448	0.00978517
17.2241	0.00978517	0.00981202
17.2364	0.00981202	0.00971052
17.2382	0.00971052	0.0097467
17.2401	0.0097467	0.00977836
17.2433	0.00977836	0.00968107
17.2461	0.00968107	0.00922093
17.2493	0.00922093	0.00881832
17.2521	0.00881832	0.00846603
17.2543	0.00846603	0.00840777
17.2571	0.00840777	0.0083568
17.2593	0.0083568	0.0081872
17.2621	0.0081872	0.0081638
17.2643	0.0081638	0.00801832
17.2662	0.00801832	0.00789103
17.2681	0.00789103	0.00765465
17.2703	0.00765465	0.00744782
17.2722	0.00744782	0.00726684
17.2741	0.00726684	0.00710849
17.2763	0.00710849	0.00696993
17.2782	0.00696993	0.00684869
17.2801	0.00684869	0.0067426
17.282	0.0067426	0.00677478
17.2838	0.00677478	0.00680293
17.2857	0.00680293	0.00682756
17.2876	0.00682756	0.00684912
17.2895	0.00684912	0.00699298
17.2914	0.00699298	0.00711885
17.2933	0.00711885	0.007229
17.2952	0.007229	0.00732537
17.2971	0.00732537	0.0074097
17.2989	0.0074097	0.00735849
17.3008	0.00735849	0.00731368
17.3027	0.00731368	0.00727447
17.3046	0.00727447	0.00724016
17.3065	0.00724016	0.00733514
17.3084	0.00733514	0.00741824
17.3103	0.00741824	0.00749096
17.3122	0.00749096	0.00755459
17.3141	0.00755459	0.00786027
17.3159	0.00786027	0.00800273
17.3178	0.00800273	0.00812739
17.3197	0.00812739	0.00823647
17.3216	0.00823647	0.00833191
17.3235	0.00833191	0.00841542
17.3254	0.00841542	0.00861349
17.3273	0.00861349	0.0087868
17.3292	0.0087868	0.00893845
17.331	0.00893845	0.00907115
17.3329	0.00907115	0.00906225
17.3348	0.00906225	0.00905447
17.3367	0.00905447	0.00904766
17.3386	0.00904766	0.0090417
17.3405	0.0090417	0.00903649
17.3424	0.00903649	0.00915693
17.3443	0.00915693	0.00926231
17.3461	0.00926231	0.00935452
17.348	0.00935452	0.00943521
17.3499	0.00943521	0.00938081
17.3518	0.00938081	0.00933321
17.3537	0.00933321	0.00954155
17.3556	0.00954155	0.00972386
17.3575	0.00972386	0.00988338
17.3594	0.00988338	0.010023
17.3613	0.010023	0.0102701
17.3631	0.0102701	0.0104863
17.365	0.0104863	0.0106755
17.3669	0.0106755	0.0107161
17.3688	0.0107161	0.0107516
17.3707	0.0107516	0.0107826
17.3726	0.0107826	0.0108098
17.3745	0.0108098	0.0108336
17.3764	0.0108336	0.0108544
17.3782	0.0108544	0.0109976
17.3801	0.0109976	0.0111229
17.382	0.0111229	0.0112325
17.3839	0.0112325	0.0112035
17.3858	0.0112035	0.011178
17.3877	0.011178	0.0111558
17.3896	0.0111558	0.0111363
17.3915	0.0111363	0.0111193
17.3933	0.0111193	0.0111044
17.3952	0.0111044	0.0112163
17.3971	0.0112163	0.0113143
17.399	0.0113143	0.0114
17.4009	0.0114	0.0116
17.4028	0.0116	0.011775
17.4047	0.011775	0.0119281
17.4066	0.0119281	0.0120621
17.4085	0.0120621	0.0121793
17.4103	0.0121793	0.0122819
17.4122	0.0122819	0.0123717
17.4141	0.0123717	0.0125752
17.416	0.0125752	0.0127533
17.4179	0.0127533	0.0127841
17.4198	0.0127841	0.0128111
17.4217	0.0128111	0.0128347
17.4236	0.0128347	0.0128554
17.4254	0.0128554	0.0128735
17.4273	0.0128735	0.0128893
17.4292	0.0128893	0.0129031
17.4311	0.0129031	0.0130402
17.433	0.0130402	0.0130352
17.4349	0.0130352	0.0130308
17.4368	0.0130308	0.013027
17.4387	0.013027	0.0130236
17.4405	0.0130236	0.0130206
17.4424	0.0130206	0.0130181
17.4443	0.0130181	0.0130158
17.4462	0.0130158	0.0131388
17.4481	0.0131388	0.0132465
17.45	0.0132465	0.0132157
17.4519	0.0132157	0.0131887
17.4538	0.0131887	0.0131651
17.4557	0.0131651	0.0133945
17.4575	0.0133945	0.0135952
17.4594	0.0135952	0.0137708
17.4613	0.0137708	0.0139244
17.4632	0.0139244	0.0140589
17.4651	0.0140589	0.0143015
17.467	0.0143015	0.0143888
17.4689	0.0143888	0.0144652
17.4708	0.0144652	0.0145321
17.4726	0.0145321	0.0145906
17.4745	0.0145906	0.0146417
17.4764	0.0146417	0.0146865
17.4783	0.0146865	0.0147257
17.4802	0.0147257	0.01476
17.4821	0.01476	0.014915
17.484	0.014915	0.0149256
17.4859	0.0149256	0.0149349
17.4877	0.0149349	0.014943
17.4896	0.014943	0.0149502
17.4915	0.0149502	0.0149564
17.4934	0.0149564	0.0149618
17.4953	0.0149618	0.0149666
17.4972	0.0149666	0.0149708
17.4991	0.0149708	0.0150994
17.501	0.0150994	0.015087
17.5029	0.015087	0.0150761
17.5057	0.0150761	0.0151916
17.5227	0.0151916	0.0151677
17.534	0.0151677	0.0142717
17.5359	0.0142717	0.0134877
17.5378	0.0134877	0.0128018
17.5409	0.0128018	0.0120766
17.5438	0.0120766	0.011317
17.5469	0.011317	0.0106524
17.5497	0.0106524	0.0100708
17.5529	0.0100708	0.00956196
17.5557	0.00956196	0.00911672
17.5579	0.00911672	0.00897713
17.5607	0.00897713	0.00885499
17.5629	0.00885499	0.00862311
17.5658	0.00862311	0.00854522
17.568	0.00854522	0.00835207
17.5698	0.00835207	0.00818306
17.5717	0.00818306	0.00791018
17.5739	0.00791018	0.00767141
17.5758	0.00767141	0.00746248
17.5777	0.00746248	0.00727967
17.5799	0.00727967	0.00711971
17.5818	0.00711971	0.00697975
17.5837	0.00697975	0.00685728
17.5856	0.00685728	0.00700012
17.5875	0.00700012	0.0071251
17.5894	0.0071251	0.00723446
17.5912	0.00723446	0.00733016
17.5931	0.00733016	0.00741389
17.595	0.00741389	0.00748715
17.5969	0.00748715	0.00742626
17.5988	0.00742626	0.00737297
17.6007	0.00737297	0.00732635
17.6026	0.00732635	0.00728556
17.6045	0.00728556	0.00737486
17.6063	0.00737486	0.00745301
17.6082	0.00745301	0.00752138
17.6101	0.00752138	0.00758121
17.612	0.00758121	0.00763356
17.6139	0.00763356	0.00755436
17.6158	0.00755436	0.00748506
17.6177	0.00748506	0.00767443
17.6196	0.00767443	0.00784013
17.6214	0.00784013	0.00798511
17.6233	0.00798511	0.00823697
17.6252	0.00823697	0.00845735
17.6271	0.00845735	0.00865018
17.629	0.00865018	0.00869391
17.6309	0.00869391	0.00873217
17.6328	0.00873217	0.00876565
17.6347	0.00876565	0.00879494
17.6366	0.00879494	0.00882057
17.6384	0.00882057	0.008968
17.6403	0.008968	0.009097
17.6422	0.009097	0.00920987
17.6441	0.00920987	0.00930864
17.646	0.00930864	0.00927006
17.6479	0.00927006	0.0092363
17.6498	0.0092363	0.00920676
17.6517	0.00920676	0.00918092
17.6535	0.00918092	0.0091583
17.6554	0.0091583	0.00926351
17.6573	0.00926351	0.00960557
17.6592	0.00960557	0.00990488
17.6611	0.00990488	0.0101668
17.663	0.0101668	0.0102709
17.6649	0.0102709	0.0103621
17.6668	0.0103621	0.0104418
17.6686	0.0104418	0.0105116
17.6705	0.0105116	0.0105726
17.6724	0.0105726	0.010626
17.6743	0.010626	0.0107978
17.6762	0.0107978	0.0109481
17.6781	0.0109481	0.0110796
17.68	0.0110796	0.0110696
17.6819	0.0110696	0.0110609
17.6838	0.0110609	0.0110533
17.6856	0.0110533	0.0110466
17.6875	0.0110466	0.0110408
17.6894	0.0110408	0.0110357
17.6913	0.0110357	0.0111562
17.6932	0.0111562	0.0112617
17.6951	0.0112617	0.011354
17.697	0.011354	0.0113097
17.6989	0.0113097	0.011271
17.7007	0.011271	0.0112371
17.7026	0.0112371	0.0112075
17.7045	0.0112075	0.0114316
17.7064	0.0114316	0.0116276
17.7083	0.0116276	0.0117992
17.7102	0.0117992	0.0120743
17.7121	0.0120743	0.012315
17.714	0.012315	0.0124006
17.7158	0.0124006	0.0124755
17.7177	0.0124755	0.0125411
17.7196	0.0125411	0.0125985
17.7215	0.0125985	0.0126486
17.7376	0.0126486	0.0125676
17.7394	0.0125676	0.0126216
17.7413	0.0126216	0.0126689
17.7432	0.0126689	0.0127103
17.7451	0.0127103	0.0126215
17.7473	0.0126215	0.0117938
17.7492	0.0117938	0.0110696
17.7511	0.0110696	0.0104359
17.7533	0.0104359	0.00988141
17.7552	0.00988141	0.00939623
17.7571	0.00939623	0.0089717
17.7589	0.0089717	0.00872524
17.7608	0.00872524	0.00850959
17.7627	0.00850959	0.00832089
17.7646	0.00832089	0.00815578
17.7665	0.00815578	0.0081363
17.7684	0.0081363	0.00811927
17.7703	0.00811927	0.00810436
17.7722	0.00810436	0.00809131
17.7741	0.00809131	0.0080799
17.7759	0.0080799	0.00794491
17.7778	0.00794491	0.00782679
17.7797	0.00782679	0.00772344
17.7816	0.00772344	0.00763301
17.7835	0.00763301	0.00767889
17.7854	0.00767889	0.00771903
17.7873	0.00771903	0.00775415
17.7892	0.00775415	0.00778488
17.791	0.00778488	0.00806177
17.7929	0.00806177	0.00817905
17.7948	0.00817905	0.00828167
17.7967	0.00828167	0.00837146
17.7986	0.00837146	0.00845002
17.8005	0.00845002	0.00851877
17.8024	0.00851877	0.00870392
17.8043	0.00870392	0.00886593
17.8061	0.00886593	0.00900769
17.808	0.00900769	0.00913173
17.8099	0.00913173	0.00911526
17.8118	0.00911526	0.00910085
17.8137	0.00910085	0.00908825
17.8156	0.00908825	0.00907722
17.8175	0.00907722	0.00906756
17.8194	0.00906756	0.00918412
17.8213	0.00918412	0.0092861
17.8231	0.0092861	0.00937534
17.825	0.00937534	0.00945342
17.8269	0.00945342	0.00939674
17.8288	0.00939674	0.00934715
17.8307	0.00934715	0.00955376
17.8326	0.00955376	0.00973454
17.8345	0.00973454	0.00989272
17.8364	0.00989272	0.0100311
17.8382	0.0100311	0.0102772
17.8401	0.0102772	0.0104926
17.842	0.0104926	0.010681
17.8439	0.010681	0.0107209
17.8458	0.0107209	0.0107558
17.8477	0.0107558	0.0107863
17.8496	0.0107863	0.010813
17.8515	0.010813	0.0108364
17.8533	0.0108364	0.0108568
17.8552	0.0108568	0.0109997
17.8571	0.0109997	0.0111248
17.859	0.0111248	0.0112342
17.8609	0.0112342	0.0112049
17.8628	0.0112049	0.0111793
17.8647	0.0111793	0.0111569
17.8666	0.0111569	0.0111373
17.8685	0.0111373	0.0111201
17.8703	0.0111201	0.0111051
17.8722	0.0111051	0.011217
17.8741	0.011217	0.0113148
17.876	0.0113148	0.0114005
17.8779	0.0114005	0.0116004
17.8798	0.0116004	0.0117754
17.8817	0.0117754	0.0119284
17.8836	0.0119284	0.0120624
17.8854	0.0120624	0.0121796
17.8873	0.0121796	0.0122821
17.8902	0.0122821	0.0124969
17.9034	0.0124969	0.0123098
17.9053	0.0123098	0.012271
17.9072	0.012271	0.0123622
17.9173	0.0123622	0.0114419
17.9182	0.0114419	0.0106367
17.9232	0.0106367	0.0100571
17.9292	0.0100571	0.00954994
17.9352	0.00954994	0.00910619
17.9402	0.00910619	0.00934292
17.9452	0.00934292	0.00942505
17.9503	0.00942505	0.00949692
17.9522	0.00949692	0.00918481
17.9562	0.00918481	0.00878671
17.9581	0.00878671	0.00843837
17.9622	0.00843837	0.00813357
17.9641	0.00813357	0.00786687
17.9682	0.00786687	0.00763351
17.9701	0.00763351	0.00767932
17.9732	0.00767932	0.00784441
17.9751	0.00784441	0.00773886
17.9783	0.00773886	0.0077715
17.9801	0.0077715	0.00767506
17.982	0.00767506	0.00759068
17.9842	0.00759068	0.00739184
17.9861	0.00739184	0.00721786
17.988	0.00721786	0.00706563
17.9902	0.00706563	0.00693242
17.9921	0.00693242	0.00681587
17.994	0.00681587	0.00658889
17.9959	0.00658889	0.00664028
17.9978	0.00664028	0.00668524
17.9996	0.00668524	0.00672458
18.0015	0.00672458	0.00688401
18.0034	0.00688401	0.00702351
18.0053	0.00702351	0.00714557
18.0072	0.00714557	0.00725237
18.0091	0.00725237	0.00734583
18.011	0.00734583	0.0073026
18.0129	0.0073026	0.00726477
18.0147	0.00726477	0.00723167
18.0166	0.00723167	0.00720272
18.0185	0.00720272	0.00730237
18.0204	0.00730237	0.00738958
18.0223	0.00738958	0.00746588
18.0242	0.00746588	0.00753265
18.0261	0.00753265	0.00759106
18.028	0.00759106	0.00776718
18.0298	0.00776718	0.00792128
18.0317	0.00792128	0.00805612
18.0336	0.00805612	0.00817411
18.0355	0.00817411	0.00827734
18.0374	0.00827734	0.00849267
18.0393	0.00849267	0.00868109
18.0412	0.00868109	0.00884595
18.0431	0.00884595	0.00899021
18.045	0.00899021	0.00899143
18.0468	0.00899143	0.0089925
18.0487	0.0089925	0.00899344
18.0506	0.00899344	0.00899426
18.0525	0.00899426	0.00899498
18.0544	0.00899498	0.0091206
18.0563	0.0091206	0.00923053
18.0582	0.00923053	0.00932671
18.0601	0.00932671	0.00941087
18.0619	0.00941087	0.00935951
18.0638	0.00935951	0.00931457
18.0657	0.00931457	0.00927525
18.0676	0.00927525	0.00924084
18.0695	0.00924084	0.00946074
18.0714	0.00946074	0.00965315
18.0733	0.00965315	0.0099465
18.0752	0.0099465	0.0102032
18.077	0.0102032	0.0104278
18.0789	0.0104278	0.0104993
18.0808	0.0104993	0.0105619
18.0827	0.0105619	0.0106167
18.0846	0.0106167	0.0106646
18.0865	0.0106646	0.0107065
18.0884	0.0107065	0.0107432
18.0903	0.0107432	0.0109003
18.0922	0.0109003	0.0110378
18.094	0.0110378	0.011158
18.0959	0.011158	0.0111383
18.0978	0.0111383	0.011121
18.0997	0.011121	0.0111059
18.1016	0.0111059	0.0110926
18.1035	0.0110926	0.0110811
18.1054	0.0110811	0.0110709
18.1073	0.0110709	0.0111871
18.1091	0.0111871	0.0112887
18.111	0.0112887	0.0113776
18.1129	0.0113776	0.0113304
18.1148	0.0113304	0.0112891
18.1167	0.0112891	0.011503
18.1186	0.011503	0.0116901
18.1205	0.0116901	0.0118538
18.1224	0.0118538	0.0119971
18.1242	0.0119971	0.0121225
18.1261	0.0121225	0.0123572
18.128	0.0123572	0.0125625
18.1299	0.0125625	0.0126172
18.1318	0.0126172	0.012665
18.1337	0.012665	0.0127069
18.1356	0.0127069	0.0127435
18.1375	0.0127435	0.0127756
18.1394	0.0127756	0.0128037
18.1412	0.0128037	0.0128282
18.1431	0.0128282	0.0129747
18.145	0.0129747	0.0131028
18.1469	0.0131028	0.01309
18.1488	0.01309	0.0130787
18.1507	0.0130787	0.0130689
18.1526	0.0130689	0.0130603
18.1545	0.0130603	0.0130527
18.1563	0.0130527	0.0130462
18.1582	0.0130462	0.0130404
18.1601	0.0130404	0.0131603
18.162	0.0131603	0.0132653
18.1639	0.0132653	0.0132321
18.1658	0.0132321	0.0132031
18.1677	0.0132031	0.0131777
18.1696	0.0131777	0.0131555
18.1714	0.0131555	0.0133861
18.1733	0.0133861	0.0135878
18.1752	0.0135878	0.0137643
18.1771	0.0137643	0.0139188
18.179	0.0139188	0.0141789
18.1809	0.0141789	0.0142816
18.1828	0.0142816	0.0143714
18.1847	0.0143714	0.01445
18.1866	0.01445	0.0145187
18.1884	0.0145187	0.0145789
18.1903	0.0145789	0.0146315
18.1922	0.0146315	0.0146776
18.1941	0.0146776	0.0147179
18.196	0.0147179	0.0147531
18.1979	0.0147531	0.014784
18.1998	0.014784	0.014811
18.2017	0.014811	0.0148346
18.2035	0.0148346	0.0148553
18.2054	0.0148553	0.0148734
18.2073	0.0148734	0.0148892
18.2092	0.0148892	0.0149031
18.2111	0.0149031	0.0150402
18.213	0.0150402	0.0150352
18.2149	0.0150352	0.0150308
18.2168	0.0150308	0.0150269
18.2186	0.0150269	0.0150235
18.2205	0.0150235	0.0150206
18.2224	0.0150206	0.015018
18.2243	0.015018	0.0150158
18.2262	0.0150158	0.0150138
18.2281	0.0150138	0.0151371
18.23	0.0151371	0.0151199
18.2319	0.0151199	0.0151049
18.2338	0.0151049	0.0153418
18.2356	0.0153418	0.0155491
18.2375	0.0155491	0.0157305
18.2394	0.0157305	0.0158892
18.2413	0.0158892	0.016028
18.2432	0.016028	0.0161495
18.2451	0.0161495	0.0162558
18.247	0.0162558	0.0163488
18.2489	0.0163488	0.0164302
18.2507	0.0164302	0.0165015
18.2526	0.0165015	0.0165638
18.2545	0.0165638	0.0166183
18.2564	0.0166183	0.016666
18.2583	0.016666	0.0167078
18.2602	0.0167078	0.0167443
18.2621	0.0167443	0.0167763
18.264	0.0167763	0.0168042
18.2658	0.0168042	0.0168287
18.2677	0.0168287	0.0168501
18.2696	0.0168501	0.0168688
18.2715	0.0168688	0.0168852
18.2734	0.0168852	0.0168996
18.2753	0.0168996	0.0169121
18.2772	0.0169121	0.0169231
18.2791	0.0169231	0.0169327
18.281	0.0169327	0.0169411
18.2828	0.0169411	0.0169485
18.2847	0.0169485	0.0169549
18.2866	0.0169549	0.0169606
18.2885	0.0169606	0.0169655
18.2904	0.0169655	0.0169698
18.2923	0.0169698	0.0169736
18.2942	0.0169736	0.0169769
18.2961	0.0169769	0.0169798
18.2979	0.0169798	0.0169823
18.2998	0.0169823	0.0169845
18.3017	0.0169845	0.0169864
18.3036	0.0169864	0.0169881
18.3055	0.0169881	0.0172396
18.3074	0.0172396	0.0174597
18.3093	0.0174597	0.0176522
18.3112	0.0176522	0.0178207
18.313	0.0178207	0.0179681
18.3149	0.0179681	0.0179721
18.3168	0.0179721	0.0181006
18.3187	0.0181006	0.018213
18.3206	0.018213	0.0183114
18.3225	0.0183114	0.0183975
18.3244	0.0183975	0.0184728
18.3263	0.0184728	0.0185387
18.3282	0.0185387	0.0185963
18.33	0.0185963	0.0186468
18.3319	0.0186468	0.0185659
18.3338	0.0185659	0.0186202
18.3357	0.0186202	0.0186677
18.3376	0.0186677	0.0187092
18.3395	0.0187092	0.0187456
18.3414	0.0187456	0.0187774
18.3433	0.0187774	0.0188052
18.3451	0.0188052	0.0188295
18.347	0.0188295	0.0188509
18.3489	0.0188509	0.0187445
18.3508	0.0187445	0.0187764
18.3527	0.0187764	0.0188044
18.3546	0.0188044	0.0188288
18.3565	0.0188288	0.0188502
18.3584	0.0188502	0.0188689
18.3602	0.0188689	0.0188853
18.3621	0.0188853	0.0188997
18.364	0.0188997	0.0189122
18.3659	0.0189122	0.0187982
18.3678	0.0187982	0.0188234
18.3697	0.0188234	0.0188455
18.3716	0.0188455	0.0188648
18.3735	0.0188648	0.0188817
18.3754	0.0188817	0.0188965
18.3772	0.0188965	0.0189094
18.3791	0.0189094	0.0189207
18.381	0.0189207	0.0189307
18.3829	0.0189307	0.0188143
18.3848	0.0188143	0.0189625
18.3867	0.0189625	0.0192172
18.3886	0.0192172	0.0194401
18.3905	0.0194401	0.0196351
18.3923	0.0196351	0.0198057
18.3942	0.0198057	0.019955
18.3961	0.019955	0.0200856
18.398	0.0200856	0.0201999
18.3999	0.0201999	0.0201749
18.4018	0.0201749	0.020153
18.4037	0.020153	0.0202589
18.4056	0.0202589	0.0203515
18.4074	0.0203515	0.0204326
18.4093	0.0204326	0.0205035
18.4112	0.0205035	0.0205656
18.4131	0.0205656	0.0206199
18.415	0.0206199	0.0206674
18.4169	0.0206674	0.020584
18.4188	0.020584	0.020511
18.4207	0.020511	0.0205721
18.4226	0.0205721	0.0206256
18.4244	0.0206256	0.0206724
18.4263	0.0206724	0.0207133
18.4282	0.0207133	0.0207492
18.4301	0.0207492	0.0207805
18.432	0.0207805	0.020683
18.4339	0.020683	0.0205976
18.4358	0.0205976	0.0205229
18.4377	0.0205229	0.0205825
18.4395	0.0205825	0.0206347
18.4414	0.0206347	0.0206804
18.4433	0.0206804	0.0207203
18.4452	0.0207203	0.0207553
18.4471	0.0207553	0.0207859
18.449	0.0207859	0.0206876
18.4509	0.0206876	0.0206017
18.4528	0.0206017	0.0206515
18.4546	0.0206515	0.020695
18.4565	0.020695	0.0207332
18.4584	0.0207332	0.0207665
18.4603	0.0207665	0.0207957
18.4622	0.0207957	0.0208212
18.4641	0.0208212	0.0208436
18.466	0.0208436	0.0207381
18.4679	0.0207381	0.0206459
18.4698	0.0206459	0.0206901
18.4716	0.0206901	0.0209789
18.4735	0.0209789	0.0212315
18.4754	0.0212315	0.0214526
18.4773	0.0214526	0.021646
18.4792	0.021646	0.0218152
18.4811	0.0218152	0.0219633
18.483	0.0219633	0.0219679
18.4849	0.0219679	0.0219719
18.4867	0.0219719	0.0219754
18.4886	0.0219754	0.0221035
18.4905	0.0221035	0.0222156
18.4924	0.0222156	0.0223136
18.4943	0.0223136	0.0223994
18.4962	0.0223994	0.0224745
18.4981	0.0224745	0.0225402
18.5	0.0225402	0.0224727
18.5018	0.0224727	0.0224136
18.5037	0.0224136	0.0223619
18.5056	0.0223619	0.0224416
18.5075	0.0224416	0.0225114
18.5094	0.0225114	0.0225725
18.5113	0.0225725	0.0226259
18.5132	0.0226259	0.0226727
18.5151	0.0226727	0.0227136
18.517	0.0227136	0.0226244
18.5188	0.0226244	0.0225464
18.5207	0.0225464	0.0224781
18.5226	0.0224781	0.0225433
18.5245	0.0225433	0.0226004
18.5264	0.0226004	0.0226503
18.5283	0.0226503	0.022694
18.5302	0.022694	0.0227323
18.5321	0.0227323	0.0227658
18.5349	0.0227658	0.022795
18.5585	0.022795	0.0226957
18.5604	0.0226957	0.0227337
18.5632	0.0227337	0.022892
18.5746	0.022892	0.0210305
18.5755	0.0210305	0.0194017
18.5774	0.0194017	0.0182265
18.5793	0.0182265	0.0171982
18.5824	0.0171982	0.0161734
18.5852	0.0161734	0.0149017
18.5874	0.0149017	0.014039
18.5903	0.014039	0.0132841
18.5925	0.0132841	0.0124986
18.5953	0.0124986	0.0119363
18.5975	0.0119363	0.0113192
18.5994	0.0113192	0.0107793
18.6013	0.0107793	0.0101819
18.6035	0.0101819	0.00965918
18.6054	0.00965918	0.00920178
18.6072	0.00920178	0.00880156
18.6094	0.00880156	0.00845136
18.6113	0.00845136	0.00814494
18.6132	0.00814494	0.00787683
18.6151	0.00787683	0.00789222
18.617	0.00789222	0.00778069
18.6189	0.00778069	0.00768311
18.6208	0.00768311	0.00759772
18.6227	0.00759772	0.007523
18.6245	0.007523	0.00758263
18.6264	0.00758263	0.0076348
18.6283	0.0076348	0.00768045
18.6302	0.00768045	0.00772039
18.6321	0.00772039	0.00775534
18.634	0.00775534	0.00766092
18.6359	0.00766092	0.00757831
18.6378	0.00757831	0.00750602
18.6396	0.00750602	0.00744277
18.6415	0.00744277	0.00751242
18.6434	0.00751242	0.00757337
18.6453	0.00757337	0.0076267
18.6472	0.0076267	0.00792336
18.6491	0.00792336	0.00818294
18.651	0.00818294	0.00828507
18.6529	0.00828507	0.00837444
18.6548	0.00837444	0.00845263
18.6566	0.00845263	0.00852105
18.6585	0.00852105	0.00858092
18.6604	0.00858092	0.0087583
18.6623	0.0087583	0.00891352
18.6642	0.00891352	0.00904933
18.6661	0.00904933	0.00916816
18.668	0.00916816	0.00914714
18.6699	0.00914714	0.00912875
18.6717	0.00912875	0.00911265
18.6736	0.00911265	0.00909857
18.6755	0.00909857	0.00908625
18.6774	0.00908625	0.00920047
18.6793	0.00920047	0.00930041
18.6812	0.00930041	0.00938786
18.6831	0.00938786	0.00946437
18.685	0.00946437	0.00940633
18.6868	0.00940633	0.00960554
18.6887	0.00960554	0.00977984
18.6906	0.00977984	0.00993236
18.6925	0.00993236	0.0100658
18.6944	0.0100658	0.0101826
18.6963	0.0101826	0.0104098
18.6982	0.0104098	0.0106085
18.7001	0.0106085	0.0107825
18.702	0.0107825	0.0108097
18.7038	0.0108097	0.0108335
18.7057	0.0108335	0.0108543
18.7076	0.0108543	0.0108725
18.7095	0.0108725	0.0108884
18.7114	0.0108884	0.0109024
18.7133	0.0109024	0.0110396
18.7152	0.0110396	0.0111596
18.7171	0.0111596	0.0112647
18.7189	0.0112647	0.0112316
18.7208	0.0112316	0.0112026
18.7227	0.0112026	0.0111773
18.7246	0.0111773	0.0111551
18.7265	0.0111551	0.0111358
18.7284	0.0111358	0.0111188
18.7303	0.0111188	0.0112289
18.7322	0.0112289	0.0113253
18.734	0.0113253	0.0116597
18.7359	0.0116597	0.0118272
18.7378	0.0118272	0.0119738
18.7397	0.0119738	0.0121021
18.7416	0.0121021	0.0122143
18.7435	0.0122143	0.0123125
18.7454	0.0123125	0.0123985
18.7473	0.0123985	0.0124736
18.7492	0.0124736	0.0126644
18.751	0.0126644	0.0128314
18.7529	0.0128314	0.0128525
18.7548	0.0128525	0.0128709
18.7567	0.0128709	0.012887
18.7586	0.012887	0.0129012
18.7605	0.0129012	0.0129135
18.7624	0.0129135	0.0129243
18.7643	0.0129243	0.0129338
18.7661	0.0129338	0.0130671
18.768	0.0130671	0.0131837
18.7699	0.0131837	0.0131607
18.7718	0.0131607	0.0131406
18.7737	0.0131406	0.013123
18.7756	0.013123	0.0131077
18.7775	0.0131077	0.0130942
18.7794	0.0130942	0.0130824
18.7812	0.0130824	0.0130721
18.7831	0.0130721	0.0131881
18.785	0.0131881	0.0132896
18.7869	0.0132896	0.0132534
18.7888	0.0132534	0.0134717
18.7907	0.0134717	0.0136628
18.7926	0.0136628	0.0138299
18.7945	0.0138299	0.0139762
18.7964	0.0139762	0.0141042
18.7982	0.0141042	0.0142161
18.8001	0.0142161	0.0143141
18.802	0.0143141	0.0145249
18.819	0.0145249	0.0143342
18.82	0.0143342	0.0140425
18.8218	0.0140425	0.0139122
18.8237	0.0139122	0.0137981
18.8256	0.0137981	0.0136984
18.8275	0.0136984	0.0133611
18.8297	0.0133611	0.0124409
18.8316	0.0124409	0.0116358
18.8335	0.0116358	0.0109313
18.8354	0.0109313	0.0105649
18.8373	0.0105649	0.0102443
18.8391	0.0102443	0.00996377
18.841	0.00996377	0.0097183
18.8429	0.0097183	0.00937851
18.8448	0.00937851	0.0090812
18.8467	0.0090812	0.00882104
18.8486	0.00882104	0.00859341
18.8505	0.00859341	0.00851924
18.8524	0.00851924	0.00845433
18.8542	0.00845433	0.00839754
18.8561	0.00839754	0.00834785
18.858	0.00834785	0.00830437
18.8599	0.00830437	0.00814132
18.8618	0.00814132	0.00799866
18.8637	0.00799866	0.00787382
18.8656	0.00787382	0.0077646
18.8675	0.0077646	0.00791902
18.8694	0.00791902	0.00817914
18.8712	0.00817914	0.00840675
18.8731	0.00840675	0.00860591
18.875	0.00860591	0.00878017
18.8769	0.00878017	0.00880764
18.8788	0.00880764	0.00883169
18.8807	0.00883169	0.00885273
18.8826	0.00885273	0.00887114
18.8845	0.00887114	0.00888724
18.8863	0.00888724	0.00902634
18.8882	0.00902634	0.00914805
18.8901	0.00914805	0.00925454
18.892	0.00925454	0.00934772
18.8939	0.00934772	0.00930426
18.8958	0.00930426	0.00926622
18.8977	0.00926622	0.00923294
18.8996	0.00923294	0.00920383
18.9014	0.00920383	0.00917835
18.9033	0.00917835	0.00928105
18.9052	0.00928105	0.00937092
18.9071	0.00937092	0.00969956
18.909	0.00969956	0.00986211
18.9109	0.00986211	0.0100043
18.9128	0.0100043	0.0101288
18.9147	0.0101288	0.0102377
18.9166	0.0102377	0.010333
18.9184	0.010333	0.0104164
18.9203	0.0104164	0.0106143
18.9222	0.0106143	0.0107875
18.9241	0.0107875	0.0109391
18.926	0.0109391	0.0109467
18.9279	0.0109467	0.0109534
18.9298	0.0109534	0.0109592
18.9317	0.0109592	0.0109643
18.9335	0.0109643	0.0109688
18.9354	0.0109688	0.0109727
18.9373	0.0109727	0.0111011
18.9392	0.0111011	0.0112134
18.9411	0.0112134	0.0113118
18.943	0.0113118	0.0112728
18.9449	0.0112728	0.0112387
18.9468	0.0112387	0.0112089
18.9486	0.0112089	0.0111827
18.9505	0.0111827	0.0111599
18.9524	0.0111599	0.0111399
18.9543	0.0111399	0.0113724
18.9562	0.0113724	0.0117009
18.9581	0.0117009	0.0119883
18.96	0.0119883	0.0121147
18.9619	0.0121147	0.0122254
18.9638	0.0122254	0.0123222
18.9656	0.0123222	0.0124069
18.9675	0.0124069	0.0124811
18.9694	0.0124811	0.0125459
18.9713	0.0125459	0.0126027
18.9732	0.0126027	0.0127774
18.9751	0.0127774	0.0129302
18.977	0.0129302	0.0129389
18.9789	0.0129389	0.0129465
18.9807	0.0129465	0.0129532
18.9826	0.0129532	0.0129591
18.9845	0.0129591	0.0129642
18.9864	0.0129642	0.0129687
18.9883	0.0129687	0.0129726
18.9902	0.0129726	0.013101
18.9921	0.013101	0.0132134
18.994	0.0132134	0.0131867
18.9958	0.0131867	0.0131634
18.9977	0.0131634	0.0131429
18.9996	0.0131429	0.0131251
19.0015	0.0131251	0.0131094
19.0034	0.0131094	0.0130958
19.0053	0.0130958	0.0130838
19.0072	0.0130838	0.0131983
19.0091	0.0131983	0.0135485
19.011	0.0135485	0.01373
19.0128	0.01373	0.0138887
19.0147	0.0138887	0.0140276
19.0166	0.0140276	0.0141492
19.0185	0.0141492	0.0142555
19.0204	0.0142555	0.0143486
19.0223	0.0143486	0.01443
19.0242	0.01443	0.0145013
19.0261	0.0145013	0.0146886
19.0279	0.0146886	0.0147275
19.0298	0.0147275	0.0147616
19.0317	0.0147616	0.0147914
19.0336	0.0147914	0.0148175
19.0355	0.0148175	0.0148403
19.0374	0.0148403	0.0148602
19.0393	0.0148602	0.0148777
19.0412	0.0148777	0.014893
19.043	0.014893	0.0150314
19.0449	0.0150314	0.0150275
19.0468	0.0150275	0.015024
19.0487	0.015024	0.015021
19.0506	0.015021	0.0150184
19.0525	0.0150184	0.0150161
19.0544	0.0150161	0.0150141
19.0563	0.0150141	0.0150123
19.0582	0.0150123	0.0150108
19.06	0.0150108	0.0151344
19.0619	0.0151344	0.0151176
19.0638	0.0151176	0.0151029
19.0657	0.0151029	0.0150901
19.0676	0.0150901	0.0150788
19.0695	0.0150788	0.0150689
19.0714	0.0150689	0.0150603
19.0733	0.0150603	0.0153028
19.0751	0.0153028	0.0155149
19.077	0.0155149	0.0157006
19.0789	0.0157006	0.015863
19.0808	0.015863	0.0160051
19.0827	0.0160051	0.0161295
19.0846	0.0161295	0.0162383
19.0865	0.0162383	0.0163335
19.0884	0.0163335	0.0164168
19.0902	0.0164168	0.0164897
19.0921	0.0164897	0.0165535
19.094	0.0165535	0.0166093
19.0959	0.0166093	0.0166581
19.0978	0.0166581	0.0167009
19.0997	0.0167009	0.0167383
19.1016	0.0167383	0.016771
19.1035	0.016771	0.0167996
19.1054	0.0167996	0.0168247
19.1072	0.0168247	0.0168466
19.1091	0.0168466	0.0168658
19.111	0.0168658	0.0168825
19.1129	0.0168825	0.0168972
19.1148	0.0168972	0.0169101
19.1167	0.0169101	0.0169213
19.1186	0.0169213	0.0169311
19.1205	0.0169311	0.0169397
19.1223	0.0169397	0.0169473
19.1242	0.0169473	0.0169539
19.1261	0.0169539	0.0169596
19.128	0.0169596	0.0169647
19.1299	0.0169647	0.0169691
19.1318	0.0169691	0.016973
19.1337	0.016973	0.0169763
19.1356	0.0169763	0.0169793
19.1374	0.0169793	0.0169819
19.1393	0.0169819	0.0169841
19.1412	0.0169841	0.0169861
19.1431	0.0169861	0.0172379
19.145	0.0172379	0.0173331
19.1469	0.0173331	0.0174165
19.1488	0.0174165	0.0176144
19.1507	0.0176144	0.0177876
19.1526	0.0177876	0.0179392
19.1544	0.0179392	0.0180718
19.1563	0.0180718	0.0181878
19.1582	0.0181878	0.0182893
19.1601	0.0182893	0.0183782
19.162	0.0183782	0.0183309
19.1639	0.0183309	0.0184145
19.1658	0.0184145	0.0184877
19.1677	0.0184877	0.0185517
19.1695	0.0185517	0.0186078
19.1714	0.0186078	0.0186568
19.1733	0.0186568	0.0186997
19.1752	0.0186997	0.0187372
19.1771	0.0187372	0.0187701
19.179	0.0187701	0.0186738
19.1809	0.0186738	0.0187146
19.1828	0.0187146	0.0187503
19.1846	0.0187503	0.0187815
19.1865	0.0187815	0.0188088
19.1884	0.0188088	0.0188327
19.1903	0.0188327	0.0188536
19.1922	0.0188536	0.0188719
19.1941	0.0188719	0.0188879
19.196	0.0188879	0.0187769
19.1979	0.0187769	0.0188048
19.1998	0.0188048	0.0188292
19.2016	0.0188292	0.0188506
19.2035	0.0188506	0.0188692
19.2054	0.0188692	0.0188856
19.2073	0.0188856	0.0188999
19.2092	0.0188999	0.0189124
19.2111	0.0189124	0.0189233
19.213	0.0189233	0.0188079
19.2149	0.0188079	0.0188319
19.2167	0.0188319	0.0188529
19.2186	0.0188529	0.0188713
19.2205	0.0188713	0.0188874
19.2224	0.0188874	0.0191515
19.2243	0.0191515	0.0193825
19.2262	0.0193825	0.0195847
19.2281	0.0195847	0.0197616
19.23	0.0197616	0.0197914
19.2318	0.0197914	0.0198175
19.2337	0.0198175	0.0199653
19.2356	0.0199653	0.0200946
19.2375	0.0200946	0.0202078
19.2394	0.0202078	0.0203068
19.2413	0.0203068	0.0203935
19.2432	0.0203935	0.0204693
19.2451	0.0204693	0.0205356
19.247	0.0205356	0.0204687
19.2488	0.0204687	0.0204101
19.2507	0.0204101	0.0204838
19.2526	0.0204838	0.0205484
19.2545	0.0205484	0.0206048
19.2564	0.0206048	0.0206542
19.2583	0.0206542	0.0206974
19.2602	0.0206974	0.0207353
19.2621	0.0207353	0.0207683
19.2639	0.0207683	0.0206723
19.2658	0.0206723	0.0205883
19.2677	0.0205883	0.0206397
19.2696	0.0206397	0.0206848
19.2715	0.0206848	0.0207242
19.2734	0.0207242	0.0207586
19.2753	0.0207586	0.0207888
19.2772	0.0207888	0.0208152
19.279	0.0208152	0.0208383
19.2809	0.0208383	0.0207335
19.2828	0.0207335	0.0206418
19.2847	0.0206418	0.0206866
19.2866	0.0206866	0.0207258
19.2885	0.0207258	0.0207601
19.2904	0.0207601	0.02079
19.2923	0.02079	0.0208163
19.2942	0.0208163	0.0208393
19.296	0.0208393	0.0208593
19.2979	0.0208593	0.0207519
19.2998	0.0207519	0.0206579
19.3017	0.0206579	0.0207007
19.3036	0.0207007	0.0207381
19.3055	0.0207381	0.0207708
19.3074	0.0207708	0.0207995
19.3093	0.0207995	0.0210746
19.3111	0.0210746	0.0213152
19.313	0.0213152	0.0215258
19.3149	0.0215258	0.0215851
19.3168	0.0215851	0.021637
19.3187	0.021637	0.0216823
19.3206	0.0216823	0.021847
19.3225	0.021847	0.0219912
19.3244	0.0219912	0.0221173
19.3262	0.0221173	0.0222276
19.3281	0.0222276	0.0223242
19.33	0.0223242	0.0224086
19.3319	0.0224086	0.0223576
19.3338	0.0223576	0.0223129
19.3357	0.0223129	0.0222738
19.3376	0.0222738	0.0223645
19.3395	0.0223645	0.022444
19.3414	0.022444	0.0225135
19.3432	0.0225135	0.0225743
19.3451	0.0225743	0.0226275
19.347	0.0226275	0.0226741
19.3489	0.0226741	0.0225898
19.3508	0.0225898	0.0225161
19.3527	0.0225161	0.0224516
19.3546	0.0224516	0.0225201
19.3565	0.0225201	0.0225801
19.3583	0.0225801	0.0226326
19.3602	0.0226326	0.0226785
19.3621	0.0226785	0.0227187
19.364	0.0227187	0.0227539
19.3659	0.0227539	0.0226596
19.3678	0.0226596	0.0225772
19.3697	0.0225772	0.022505
19.3716	0.022505	0.0225669
19.3734	0.0225669	0.022621
19.3753	0.022621	0.0226684
19.3772	0.0226684	0.0227099
19.3791	0.0227099	0.0227461
19.381	0.0227461	0.0226529
19.3829	0.0226529	0.0225713
19.3848	0.0225713	0.0224998
19.3867	0.0224998	0.0224374
19.3886	0.0224374	0.0225077
19.3904	0.0225077	0.0225692
19.3923	0.0225692	0.0226231
19.3942	0.0226231	0.0226702
19.3961	0.0226702	0.0227114
19.398	0.0227114	0.0226225
19.3999	0.0226225	0.0225447
19.4018	0.0225447	0.0224766
19.4037	0.0224766	0.022667
19.4055	0.022667	0.0229586
19.4074	0.0229586	0.0232138
19.4093	0.0232138	0.0234371
19.4112	0.0234371	0.0236324
19.4131	0.0236324	0.0238034
19.415	0.0238034	0.023828
19.4169	0.023828	0.0238495
19.4188	0.0238495	0.0238683
19.4206	0.0238683	0.0238848
19.4225	0.0238848	0.0240242
19.4244	0.0240242	0.0241461
19.4263	0.0241461	0.0242529
19.4282	0.0242529	0.0243463
19.4301	0.0243463	0.024428
19.432	0.024428	0.0243745
19.4339	0.0243745	0.0243277
19.4358	0.0243277	0.0242867
19.4376	0.0242867	0.0242509
19.4395	0.0242509	0.0243445
19.4414	0.0243445	0.0244264
19.4433	0.0244264	0.0244981
19.4452	0.0244981	0.0245609
19.4471	0.0245609	0.0246158
19.449	0.0246158	0.0245388
19.4509	0.0245388	0.0244714
19.4527	0.0244714	0.0244125
19.4546	0.0244125	0.0243609
19.4565	0.0243609	0.0244408
19.4584	0.0244408	0.0245107
19.4603	0.0245107	0.0245719
19.4622	0.0245719	0.0246254
19.4641	0.0246254	0.0246722
19.466	0.0246722	0.0245882
19.4678	0.0245882	0.0245147
19.4707	0.0245147	0.0245753
19.4962	0.0245753	0.0245034
19.4981	0.0245034	0.0245655
19.4999	0.0245655	0.0244948
19.5018	0.0244948	0.024433
19.5037	0.024433	0.0243788
19.5056	0.0243788	0.0243315
19.5075	0.0243315	0.024415
19.5094	0.024415	0.0242382
19.5113	0.0242382	0.0238334
19.5132	0.0238334	0.0232292
19.515	0.0232292	0.0218256
19.5169	0.0218256	0.0204724
19.5188	0.0204724	0.0192883
19.5207	0.0192883	0.0182523
19.5226	0.0182523	0.0173457
19.5245	0.0173457	0.0165525
19.5264	0.0165525	0.0158585
19.5283	0.0158585	0.0153762
19.5302	0.0153762	0.0149541
19.532	0.0149541	0.0148349
19.5339	0.0148349	0.0146055
19.5358	0.0146055	0.0144048
19.5377	0.0144048	0.0142292
19.5396	0.0142292	0.0140756
19.5415	0.0140756	0.0139411
19.5434	0.0139411	0.0138235
19.5453	0.0138235	0.0137205
19.5471	0.0137205	0.0137555
19.549	0.0137555	0.013786
19.5509	0.013786	0.0136878
19.5528	0.0136878	0.0136018
19.5547	0.0136018	0.0135266
19.5566	0.0135266	0.0134608
19.5585	0.0134608	0.0134032
19.5604	0.0134032	0.0133528
19.5622	0.0133528	0.0133087
19.5641	0.0133087	0.0133951
19.566	0.0133951	0.0134707
19.5679	0.0134707	0.0134119
19.5698	0.0134119	0.0133604
19.5717	0.0133604	0.0133153
19.5736	0.0133153	0.0132759
19.5755	0.0132759	0.0132414
19.5774	0.0132414	0.0132112
19.5792	0.0132112	0.0131848
19.5811	0.0131848	0.0132867
19.583	0.0132867	0.0133759
19.5849	0.0133759	0.0133289
19.5868	0.0133289	0.0135378
19.5887	0.0135378	0.0137206
19.5906	0.0137206	0.0138805
19.5925	0.0138805	0.0140204
19.5943	0.0140204	0.0141429
19.5962	0.0141429	0.01425
19.5981	0.01425	0.0143438
19.6	0.0143438	0.0145508
19.6019	0.0145508	0.0146069
19.6038	0.0146069	0.0146561
19.6057	0.0146561	0.0146991
19.6076	0.0146991	0.0147367
19.6094	0.0147367	0.0147696
19.6113	0.0147696	0.0147984
19.6132	0.0147984	0.0148236
19.6151	0.0148236	0.0148456
19.617	0.0148456	0.0148649
19.6189	0.0148649	0.0148818
19.6208	0.0148818	0.0148966
19.6227	0.0148966	0.0149095
19.6246	0.0149095	0.0149208
19.6264	0.0149208	0.0149307
19.6283	0.0149307	0.0149394
19.6302	0.0149394	0.014947
19.6321	0.014947	0.0150786
19.634	0.0150786	0.0150688
19.6359	0.0150688	0.0150602
19.6378	0.0150602	0.0150526
19.6397	0.0150526	0.0150461
19.6415	0.0150461	0.0150403
19.6434	0.0150403	0.0150353
19.6453	0.0150353	0.0150309
19.6472	0.0150309	0.015027
19.6491	0.015027	0.0151486
19.651	0.0151486	0.01538
19.6529	0.01538	0.0155825
19.6548	0.0155825	0.0157597
19.6566	0.0157597	0.0159148
19.6585	0.0159148	0.0160504
19.6604	0.0160504	0.0161691
19.6623	0.0161691	0.016273
19.6642	0.016273	0.0163638
19.6661	0.0163638	0.0164434
19.668	0.0164434	0.0165129
19.6699	0.0165129	0.0165738
19.6718	0.0165738	0.0166271
19.6736	0.0166271	0.0166737
19.6755	0.0166737	0.0167145
19.6774	0.0167145	0.0167502
19.6793	0.0167502	0.0167814
19.6812	0.0167814	0.0168087
19.6831	0.0168087	0.0168326
19.685	0.0168326	0.0168536
19.6869	0.0168536	0.0168719
19.6887	0.0168719	0.0168879
19.6906	0.0168879	0.0169019
19.6925	0.0169019	0.0169142
19.6944	0.0169142	0.0169249
19.6963	0.0169249	0.0169343
19.6982	0.0169343	0.0169425
19.7001	0.0169425	0.0169497
19.702	0.0169497	0.016956
19.7038	0.016956	0.0169615
19.7057	0.0169615	0.0169663
19.7076	0.0169663	0.0169705
19.7095	0.0169705	0.0169742
19.7114	0.0169742	0.0169774
19.7133	0.0169774	0.0169802
19.7152	0.0169802	0.0169827
19.7171	0.0169827	0.0169849
19.719	0.0169849	0.0169868
19.7208	0.0169868	0.0172384
19.7227	0.0172384	0.0174586
19.7246	0.0174586	0.0176513
19.7265	0.0176513	0.0178199
19.7284	0.0178199	0.0179674
19.7303	0.0179674	0.0180965
19.7322	0.0180965	0.0182094
19.7341	0.0182094	0.0183082
19.7359	0.0183082	0.0182697
19.7378	0.0182697	0.018361
19.7397	0.018361	0.0184409
19.7416	0.0184409	0.0185108
19.7435	0.0185108	0.0185719
19.7454	0.0185719	0.0186254
19.7473	0.0186254	0.0186722
19.7492	0.0186722	0.0187132
19.751	0.0187132	0.0187491
19.7529	0.0187491	0.0186554
19.7548	0.0186554	0.0186985
19.7567	0.0186985	0.0187362
19.7586	0.0187362	0.0187692
19.7605	0.0187692	0.018798
19.7624	0.018798	0.0188233
19.7643	0.0188233	0.0188454
19.7662	0.0188454	0.0188647
19.768	0.0188647	0.0188816
19.7699	0.0188816	0.0187714
19.7718	0.0187714	0.0188
19.7737	0.0188	0.018825
19.7756	0.018825	0.0188469
19.7775	0.0188469	0.018866
19.7794	0.018866	0.0188827
19.7813	0.0188827	0.0188974
19.7831	0.0188974	0.0189102
19.785	0.0189102	0.0189214
19.7869	0.0189214	0.0188063
19.7888	0.0188063	0.0188305
19.7907	0.0188305	0.0188517
19.7926	0.0188517	0.0188702
19.7945	0.0188702	0.0188864
19.7964	0.0188864	0.0189006
19.7982	0.0189006	0.0189131
19.8001	0.0189131	0.0191739
19.802	0.0191739	0.0194022
19.8039	0.0194022	0.0194769
19.8058	0.0194769	0.0195423
19.8077	0.0195423	0.0197245
19.8096	0.0197245	0.0198839
19.8115	0.0198839	0.0200234
19.8134	0.0200234	0.0201455
19.8152	0.0201455	0.0202523
19.8171	0.0202523	0.0203458
19.819	0.0203458	0.0204276
19.8209	0.0204276	0.0203741
19.8228	0.0203741	0.0203274
19.8247	0.0203274	0.0204114
19.8266	0.0204114	0.020485
19.8285	0.020485	0.0205494
19.8303	0.0205494	0.0206057
19.8322	0.0206057	0.020655
19.8341	0.020655	0.0206981
19.836	0.0206981	0.0207359
19.8379	0.0207359	0.0206439
19.8398	0.0206439	0.0205634
19.8417	0.0205634	0.020618
19.8436	0.020618	0.0206657
19.8454	0.0206657	0.0207075
19.8473	0.0207075	0.0207441
19.8492	0.0207441	0.0207761
19.8511	0.0207761	0.020804
19.853	0.020804	0.0207035
19.8549	0.0207035	0.0206156
19.8568	0.0206156	0.0205386
19.8587	0.0205386	0.0205963
19.8606	0.0205963	0.0206468
19.8624	0.0206468	0.0206909
19.8643	0.0206909	0.0207296
19.8662	0.0207296	0.0207634
19.8681	0.0207634	0.0207929
19.87	0.0207929	0.0206938
19.8719	0.0206938	0.0206071
19.8738	0.0206071	0.0206562
19.8757	0.0206562	0.0206992
19.8775	0.0206992	0.0207368
19.8804	0.0207368	0.0208947
19.903	0.0208947	0.0209078
19.9049	0.0209078	0.0209194
19.9068	0.0209194	0.0209294
19.9087	0.0209294	0.0210633
19.9106	0.0210633	0.0211804
19.9125	0.0211804	0.0212828
19.9144	0.0212828	0.0212475
19.9162	0.0212475	0.0209665
19.9181	0.0209665	0.0204707
19.92	0.0204707	0.0191619
19.9219	0.0191619	0.0178916
19.9238	0.0178916	0.0167802
19.9257	0.0167802	0.0160577
19.9276	0.0160577	0.0154255
19.9295	0.0154255	0.0148723
19.9314	0.0148723	0.0143882
19.9332	0.0143882	0.0140897
19.9351	0.0140897	0.0138285
19.937	0.0138285	0.0135999
19.9389	0.0135999	0.0132749
19.9408	0.0132749	0.0129906
19.9427	0.0129906	0.0127417
19.9446	0.0127417	0.012524
19.9465	0.012524	0.0123335
19.9483	0.0123335	0.0121668
19.9502	0.0121668	0.012146
19.9521	0.012146	0.0121277
19.954	0.0121277	0.0121118
19.9559	0.0121118	0.0119728
19.9578	0.0119728	0.0118512
19.9597	0.0118512	0.0117448
19.9616	0.0117448	0.0116517
19.9634	0.0116517	0.0115702
19.9653	0.0115702	0.011499
19.9672	0.011499	0.0115616
19.9691	0.0115616	0.0116164
19.971	0.0116164	0.0115393
19.9729	0.0115393	0.0117219
19.9748	0.0117219	0.0118817
19.9767	0.0118817	0.0120215
19.9786	0.0120215	0.0121438
19.9804	0.0121438	0.0122508
19.9823	0.0122508	0.0123445
19.9842	0.0123445	0.0125514
19.9861	0.0125514	0.0127325
19.988	0.0127325	0.0127659
19.9899	0.0127659	0.0127952
19.9918	0.0127952	0.0128208
19.9937	0.0128208	0.0128432
19.9955	0.0128432	0.0128628
19.9974	0.0128628	0.0128799
19.9993	0.0128799	0.0128949
